# Resource object code (Python 3)
# Created by: object code
# Created by: The Resource Compiler for Qt version 6.8.2
# WARNING! All changes made in this file will be lost!

from PySide6 import QtCore

qt_resource_data = b"\
\x00\x00[\xfb\
\x89\
PNG\x0d\x0a\x1a\x0a\x00\x00\x00\x0dIHDR\x00\
\x00\x02\x00\x00\x00\x02\x00\x08\x06\x00\x00\x00\xf4x\xd4\xfa\
\x00\x00\x00\x04sBIT\x08\x08\x08\x08|\x08d\x88\
\x00\x00\x00\x09pHYs\x00\x00\x0e\xc4\x00\x00\x0e\xc4\
\x01\x95+\x0e\x1b\x00\x00\x00\x19tEXtSof\
tware\x00www.inksca\
pe.org\x9b\xee<\x1a\x00\x00 \x00ID\
ATx\x9c\xec\xddw\x9c]u\x99\xf8\xf1\xcf\xf7\xdc\
2}&S\xd2\x0b\x09-\x94\xd0\x03H\x11\x8di\x08\
\xa2\xa2\x82\xbb\xca\xa2?Q\x14\x95\x04\xd4uw-k\
\xd4]E\x84\x85$\x80.*\x16t\xd5 \xa04\x09\
\x09D\x11B\x87 \x90\x84\x14\xd2\xc8\xa4Oo\xb7\x9d\
\xef\xef\x8f\x9b\x89)3\x99v\xeey\xce\xb9\xf7y\xbf\
^y\x91L\xee=\xcf3a\xee\xf9>\xe7[\x0dJ\
)\xa5\xb0\x16\xc3\x13\xd7\x8f!c\x87\xe3d\xea\xc0\xd4\
\xe1R\x0b\xb6\x16\x9cZ\x8c\xad\x05[\xb7\xf7\xf7\x06K\
\x19\x10\x07\xc0P\x9d\xbd\x081\xa0|\xef%;0$\
\xf6~\xbd\x05\xc8\x00\x16C\x13.\x19\x0c\x0d\xc0\x1e\xac\
\xd9\x03\xee\x1e0{\xc0f\xbff\xd8\x85q\xea\xcd\x8c\
\xf9;\xfc\xfdWP\x85\xc4H'\xa0\x94R~\xb1\xcb\
>?\x8aL|\x12nf\x22\x8e\x99\x88e\x220\x11\
\x98\x04L\x00\x8a\x04\xd3\xebI'\xb0\x11k6b\xec\
&\xac\xdd\x88c6\x81\xb3\x09Rk\xcc\x8c\xdb\xf7H\
'\xa8\xc2K\x0b\x00\xa5T\xde\xb1\x8b\xe6\xc5\xa9k>\
\x86\x8c{\x06\x86\x13\xb0\xf6D0g\x81\x1d!\x9d\x9b\
\xa7\x0c\x8dX\xb3\x12\xcbK8\xf6\x0d\xacY\x89\x1b{\
\xc5\xcc\xbe\xa9]:5\x15|Z\x00(\xa5B\xcd.\
\xfb|9I\xe7,\x22\xcey\xc0iXN\x06\x8e\xa4\
p\xefo\x19\xe0-\x0c+\xb0\xe6\x19p\x9f\xa1\xb1\xf6\
es\xf9\xbc\xa4tb*X\x0a\xf5\x03\xa2\x94\x0a)\
\xfb\xe8u\xa31\x99\xa9D\x9c\xf3\xb0\x9c\x0f\xf6L\xba\
\xc7\xe2UoR\x18\xfe\x8ek\x9e\xc6\xf0\x12N\xfa\xaf\
f\xfa\xed\x9b\xa4\x93R\xb2\xb4\x00PJ\x05\x9a]\xfc\
\xb9\x11\x98\xf8l\x1cfa\xb9\x80\xecX\xbd\x1a2\xbb\
\x0e\x9c%`\x17SR\xfc\x849\xff\xc6V\xe9\x8c\x94\
\xbf\xb4\x00PJ\x05\x8a]tY\x84\xaa\xd1\xa7b\xec\
\x0c\x8cs\x09\xd8s\x00G:\xaf<\x97\xc1\xb0\x02\xcc\
R,\x0f\xf1t\xf5r3o\x9e+\x9d\x94\xca--\
\x00\x94R\xe2\xec\xb2\xeb\x86\x91\xb6\xef\x07\xf7\x2203\
\x81\x1a\xe9\x9c\x0a\x9b\xd9\x09v1p/\xd1\x96\xc5f\
\xda/\xba\xa43R\xde\xd3\x02@)%\xc2>xu\
)\xf1\xa2\xe9D\xcc\xbf`y?\xc1[\x82\xa7\xb2:\
\x80'\xc0\xdcC4u\x9f\x99vG\x9btB\xca\x1b\
Z\x00(\xa5|c\x17\x7f\xa5\x8cH\xf2\x12\xe0r,\
\xef\x05\x8a\xa5sR\x03\xd2\x86\xe5!\x8c\xf9\x03e\xce\
#\xe6\xdc[:\xa5\x13R\x83\xa7\x05\x80R*\xa7\xec\
\xbcy\x0e\xe77N\xc7\xbaW\x81\xb9\x04(\x95\xceI\
y\xc14c\xf9\x1d\x11\xf7.3}\xe1\xf3\xd2\xd9\xa8\
\x81\xd3\x02@)\x95\x13v\xd9\xe7G\x91\x8a|\x02c\
>\x03\x1c%\x9d\x8f\xca\xa9UX\xfbKl\xea\xe7f\
\xf6\x8fwJ'\xa3\xfaG\x0b\x00\xa5\x94g\xec\xa2\xcb\
\x22\xd4\x8cy/\xd6~\x1a\xb8\x18\x88J\xe7\xa4|\x95\
\xc4\xf0'\xe0.\x9e\xaayLW\x12\x04\x9b\x16\x00J\
\xa9!\xb3K\xbfP\x8bu\xae\xc1\x9a\xcfb\x18'\x9d\
\x8f\x0a\x84\xf5\xc0|\xa2\xe9\x9f\xeb\xc4\xc1`\xd2\x02@\
)5hv\xe9\xf5G\xe2\xbas1\xf6*\xa0L:\
\x1f\x15H-X\xf3\x0b\x22\xe9\xff\xd1\xdd\x07\x83E\x0b\
\x00\xa5\xd4\x80\xd9\xc5s\xce\xc0a.\xf01 \x22\x9d\
\x8f\x0a\x05\x17x\x04\xeb\xde`f\xdd\xf6\xb4t2J\
\x0b\x00\xa5T?\xd9y\xf3\x1c\xcek\xbc\x14\xecW\x80\
wH\xe7\xa3\xc2\xcc<\x0d|\xd7\xcc\x9c\xbfX:\x93\
B\xa6\x05\x80R\xaaOv\xe9\xb53\xb0\xfc\x00\xcc\xe9\
\xd2\xb9\xa8\xbc\xf2,\xae\xfd\x9e\x99\xbd\xf0A\xe9D\x0a\
\x91\x16\x00J\xa9^e\x1b~\xe7\xfb`\xa7J\xe7\xa2\
\xf2\x99}\x06\x97\xefk!\xe0/-\x00\x94R\x87\xb0\
K\xe6\x9e\x0f\xf6\xbf\x80wI\xe7\xa2\x0a\x88e9\xd6\
\xde\xa0\x85\x80?\xb4\x00PJ\xedc\x17\xcf=\x9b\x88\
\xbdq\xef\xb1\xbbJ\xc9\xb0,\xc1\xb8_63o{\
M:\x95|\xa6\x05\x80R\x0a\xfb\xd8\x17\xc7`\x9co\
\x01\x9fF\x8f\xdeU\xc1\xe0\x02\xbf!\x9a\xfe\xaa\x99v\
\xc7v\xe9d\xf2\x91\x16\x00J\x150\xbb\xfc\xfa\x12\xda\
\xd2s0\xe6\xeb@\x85t>J\xf5\xa0\x1d\xb8\x89h\
\xcb\x0dz,\xb1\xb7\xb4\x00P\xaa@\xd9\xc5\xd7^\x82\
c\xe6\x03\x93\xa4sQ\xaaov\x0b8\xdf`\xc6\xfc\
\xbb\x8d\xc1Jg\x93\x0f\xb4\x00P\xaa\xc0\xd8G\xaf=\
\x85\x88\xb9\x0d8_:\x17\xa5\x06\xe1\xafD\xccg\xcd\
{\xe6\xbf)\x9dH\xd8i\x01\xa0T\x81\xb0\xcb>Y\
L\xba\xf2\xdf\x81\xff\x00\xe2\xd2\xf9(5\x04)\x8c\xf9\
\x1f\x92\xee\xb7\xccE\x0b\x13\xd2\xc9\x84\x95\x16\x00J\x15\
\x80\xbd\xcb\xfa\xee\x04\x8e\x97\xceE)\x0f\xad\xc5u?\
gf\xdf\xf6\x84t\x22a\xa4\x05\x80Ry\xcc.\xb9\
\xba\x0a[\xf2\x1d\x8c\xfd\x22:\xbb_\xe5'\x0b\xfc\x1a\
\x93\xb9\xde\xcc\xb8}\x8ft2a\xa2\x05\x80Ry\xca\
.\xbd\xee\x83X\xf7v`\x8ct.J\xf9`\x1b\x96\
/\x98Y\x0b\xee\x97N$,\xb4\x00P*\xcf\xd8G\
\xae\xad$f~\x08\x5c-\x9d\x8bR\x02\xee\xa6\xa4\xf8\
\x0b\xe6\xfc\x1b[\xa5\x13\x09:-\x00\x94\xca#v\xf1\
\xdc\xb3q\xdc_\x839Z:\x97\x82\xe3\xc4 \x12\x03\
\xc0\x8d\x94\x00\x16\x93l\xc5\xb8)\xd9\xbc\x0a\x91a#\
\xd8+\xcd\x8c\x85\x7f\x93N%\xc8\xb4\x00P*\x0f\xd8\
e\xf3\xa2\xa4\xf6|\x19c\xbe\x0b\xc4\xa4\xf3\x09\xb5x\
\x05\x94\xd4@q\x0d\xc4+!V\x0a\xf1r\x88\x95\xfd\
\xe3W\xbc\x0c\x9c8\x18\x07\xa2\xc5}^\xd2\xb5\x00\x16\
\xd7\xb5\xb8\xae\x8b\x9bIbS\x09l\xaa\x1d\x12\xad\xd8\
\xce\xdd\xd0\xb9\x1b'\xd9B$\xd1@4\xd1\x80\x93j\
\xc9\xf9\xb7\x9a\xe72\x18s\x13\x0d\xd5\xffi.\x9f\x97\
\x94N&\x88\xb4\x00P*\xe4\xec\x9f\xaf\x9bH\xd4\xbd\
\x1b]\xd7\xdf\x7f\xb12\xa8\x18\x0b\xe5\xa3\xa1dx\xb6\
\xc1/\xa9\xcd6\xfa\x11\x99\x15\x92\x16H\xbb{\x7fe\
 \x95N\x93\xe9\xd8C\xa4kO\xb6(\xe8\xdaE\xb4\
\xb3\x9eX\xfbV\x9ct\xbbH\x8e!\xf5\x02&s\x85\
\x99q\xfb\x1a\xe9D\x82F\x0b\x00\xa5B\xcc.\x9d\xf3\
\x09,\x0b\xd1m|{a\xa0l\x04T\x8e\x87\xf21\
P\xbe\xb7\xd1/\xaa\x92N\xac\xdfR\x19H\xee\xfd\x95\
\xc8d{\x13\x22\xc9\x96l1\xd0\xb1\x95X\xc76b\
\xed[\x88v\xee\x00\xdd \xaf7\xed\x18\xbe`f,\
\xf8\xa5t\x22A\xa2\x05\x80R!d\x1f\xb9\xb6\x88\x98\
Y\x80N\xf4;\x90\x89@\xc5\x18\x18v$T\x1d\x09\
\xd5Gg\xbb\xef\xf3H*\x03]\x19\xe8Jg\x7f\xdf\
\xcd\xb8\x09\xe2\xad\x1b\x89\xb7n \xde\xf6\x16\xf1\xd6\xb7\
t\xfe\xc1\xa1\xee\xa6,\xf2Ys\xee-\x9d\xd2\x89\x04\
\x81\x16\x00J\x85\x8c]v\xed8\xd2\xe6\x1e\xe0\x1d\xd2\
\xb9\x883\x0eTN\x80\xba\x13\xa0f2T\x8c\x07'\
\x22\x9d\x95o2.t\xa6\xa13\x05)\xf7\xc0\xbf3\
6C\xac}\x0bE\xcdoR\xd4\xbc\x9ax\xdbF\xb0\
n\x8f\xd7),\xf6e\x5c\xfb\x113\xfb\xb6\x0d\xd2\x99\
H\xd3\x02@\xa9\x10\xb1\x8b\xe7^\x80c\x17\x01#\xa5\
s\x11\x13/\xcf>\xd9\xd7L\x86\xe1S\xb2\x13\xf5\x14\
\xe9\xbd\xc5@G*[\x18\x1c\xcc\xb8\x09\x8aZ\xd6Q\
\xdc\xf8:EM+\x89$\x9b\xfcO28\xf6\x80\xf9\
\xb8\x999\x7f\xb1t\x22\x92\xb4\x00P*\x04\xac\xc5\xb0\
d\xce\x1c\x0c?\xa4\x10g\xf9\x17\xd7\xc0\xc8Sa\xe4\
i\xd9\xf1|\xbdu\x1dVW\x1a\xdaS\x90H\xf7\xf6\
\x0aK\xac\xfdmJ\xf6\xbcBI\xc3\x0a\x22\x89\x82\xdc\
@\xcfb\xcc\x8d<U\xfd53o^Av\x8d\xe8\
\xa7H\xa9\x80\xb3\xcb>_N*\xfas\x0c\x1f\x91\xce\
\xc5WE\xc3`\xe4)0\xe2T\x186\x09\xbd]\x0d\
\x5c\xda\xcd\x16\x02\x1d)\xb0\x87\x99\x1f\x18\xed\xdcN\xc9\
\x9e\x15\x94\xec~\x81hb\xb7\x7f\x09\x06\x82}\x80h\
\xe6\xe3f\xda\x1dm\xd2\x99\xf8M?QJ\x05\x98}\
\xf4\xba\xd1D\xdd\x07\xb1\x9c!\x9d\x8b/\x22E0\xea\
t\x18}\x966\xfa\x1erm\xb6\x10hOv\xefI\
\xd0\x1bK\xbcm#\xa5\xbb\x9e\xa7d\xf7K\x18\xb7P\
\x0e\xda3\xaf\x01\xef33\xe7o\x96\xce\xc4O\xfa\xe9\
R*\xa0\xec\xe29Spx\x18\x98 \x9dK\xceU\
\x8e\x87\xd1g\xc2\xa83\xb3\x1b\xef\xa8\x9c\xb0{\x0b\x81\
\xb6>\x0b\x010n\x8a\xe2\xc67(\xdd\xb5\x9c\xa2\xe6\
7\xfdIPV=\x8es\x89\x99~\xeb\xcb\xd2\x89\xf8\
E\x0b\x00\xa5\x02\xc8.\xbdv\x06\xd6\xf9\x03\xd8\xf0,\
X\x1f\xa8h1\x8c\x9a\x0ac\xcf\x81\x8aq\xd2\xd9\x14\
\x14\xd7f{\x03\xda\xfa\x18\x1a\xe8\x16\xeb\xa8\xa7t\xe7\
rJv\xbf\x88\x93\xc9\xeb\x15tm\x18\xf3\xcff\xc6\
\xfc\x87\xa4\x13\xf1\x83\x16\x00J\x05\x8c]r\xed\xa7\xc0\
\xfc\x98|\x9d\xec\x17\xaf\x84q\xe7\xc1\xf8\x0b\xf4i_\
X\xc6Bk\x22;G\xa0?\x8c\x9b\xa0t\xd7\xb3\x94\
\xd7\xff\x85H\xb2!\xa7\xb9\x09\xca\x80\xb9\xce\xcc\x9c\x7f\
\x9bt\x22\xb9\xa6\x05\x80R\x01a-\x86\xa5s\xbe\x05\
|K:\x97\x9c\xa8\x18\x0b\x13\xa6e\xc7\xf8M\xe1\xac\
\xd5\x0f\x83T\x06\x9a\x13\xd9\xdd\x06\xfb\xc5Z\x8a\x9bW\
R\xbe\xf5\xb1\xec\xfe\x02\xf9\xc8\x9a\x05,\xaf\xbe>\x9f\
W\x08h\x01\xa0T\x00\xd8E\x97E\xa8\x1e\xfds\xe0\
_\xa4s\xf1\x5c\xedqp\xc4t\xa89V:\x13\xd5\
\x87\x8e\x14\xb4$\xfa\x9e\x1f\xb0\xbf\xa2\x96u\x94\xd7?\
NQ\xf3\xca\xdc%&\xe77Dk>i\xa6\xcd\xeb\
uAe\x98i\x01\xa0\x940\xbbh^\x9ca\x0d\xbf\
\xc9\xbbe~\xc3\x8e\x84\xa3.\x82\xeac\xa43Q\x03\
\xe0\xdal\x11\xd0\xdfa\x81n\xf1\xb6\x8d\x94\xd7/\xa1\
\xb8\xf1\xf5\xdc$&\xe7!\xa2-\x97\x99i\xbf\xe8\x92\
N\xc4kZ\x00(%h\xef\x9e\xfe\xbf\x07> \x9d\
\x8bg\xaa&\xc2\xa4YPw\xa2t&j\x08\xba\xd2\
\xd0\xdc\x95\x9d'0\x10\xf1\xd6\xb7\xa8x\xfb\x11\x8aZ\
\xd6\xe6&1\x19\xcb\x88\xa6\xdf\x9fo{\x05h\x01\xa0\
\x94\x10\xbb\xf8+e8\xc9?\x023\xa4s\xf1D\xc5\
88\xfab\xa8=A:\x13\xe5\x11\xd7f\xe7\x06t\
\x0e\xe2L\xa1\xa2\xe6\xd5Tny\x98X{\xde,\xad\
\x7f\x8a\x94\xbd\xd8\x5c\xb4\xb0E:\x11\xafh\x01\xa0\x94\
\x00\xbb\xe4\xea*l\xf1#\x18\xce\x95\xcee\xc8be\
p\xe4l\x18\xf7\xce\xec\xe1<*\xeft\xa6\xa0)\xd1\
\xbf%\x83\x07\xb2\x94\xecy\x95\xca\xcd\x7f$\x92l\xcc\
Ej\xfe2\xbcD$v\xa1\x99vs^l\x97\xa8\
\x05\x80R>\xb3K\xbfP\x8bu\x1e\x03s\xbat.\
Cb\x220\xfe|8\xf2\xa2\xec\x9a~\x95\xd7\xd2.\
4v\x1ez\xea`\x7f\x187Iy\xfd\x13\x94o[\
\x9a\x07G\x14\x9b\xd70\xcc43\xe6\xef\x90\xced\xa8\
\xb4\x00P\xcaGv\xc9\xd5UP\xb2\x14\xecT\xe9\x5c\
\x86d\xf8\x148\xf6R(\xa9\x93\xceD\xf9\xc8\x92\x9d\
 \xd8\x9e\x1c\xdc\xfb#\x89&*\xde~\x88\xd2\xdd/\
\xee\xbdZX\x99\xd70\xe9if\xc6\xed\xa1>EI\
\x0b\x00\xa5|b\x1f\xbc\xba\x94\xe2\xe2G\x81wJ\xe7\
2hEUp\xdce0\xfc$\xe9L\x94\xa0\xce4\
4u\x0e\xbe\x09\x8f\xb7\xacc\xd8\x86\xdf\x13\xed\xda\xe9\
i^>[A\xd4\x99f\xa6\xdd\x1a\xdas\x95\xb5\x00\
P\xca\x07v\xd1\xbc8\xd5\x0d\x7f\x02.\x94\xceep\
Lv\xcb\xdec?\x98=\xb0G\x15\xbcT\x06\x1a:\
\x07\xbeJ\xa0\x9bqSTl}\x94\xf2mO\x80\x0d\
\xe9^;\x96\xe5\xc4\xd2\xb3\xc3\xba:@\x0b\x00\xa5r\
\xcc\xbexu\x8c\xc6\xe2\xfb\x80\xf7I\xe72(\xe5\xa3\
\xe1\xf8\x7f\xca.\xefSj?\x19\x9b-\x02R\xfd\xdd\
A\xb0\x07\xb1\xf6\xad\x0c\xdb\xf0[b\xed[\xbcK\xcc\
_K\x89\xb6\x5c\x12\xc6}\x02\xb4\x00P*\x87\xb2;\
\xfc\x8d\xfa\x0d\x98\x8fJ\xe72`&\x92]\xcf?q\
&8\xbau\xaf\xea\x99%;\x1c\xd09\x84\xbd\xf2\x8c\
\xcdPV\xff\x04\x15\xf5\x7f\xc6\xb8C\xa8&\xe4\xfc\x89\
h\xcdG\xc2\xb6c\xa0\xae\xd9Q*G\xac\xc5P=\
\xea\xaeP6\xfe%\xb50\xf5Z8\xf2Bm\xfc\xd5\
a\x19\xa0\xba\x04\xca\xe3\x83\xbf\x865\x11\xda\xc6\xced\
\xd7\x89\xffJ\xaat\x8cg\xb9\xf9\xe8\x03\xa4\x1b~i\
\xe7\xcd\x0bU\x9b\xaa=\x00J\xe5\x88]z\xed\x7fc\
\xcd\xd7\xa4\xf3\x18\xb0\xd1gf'\xfa\xe9X\xbf\x1a\xa0\
\xb6dv\x95\xc0P\x187E\xe5\x96\x07)\xdb\xfe$\
\xa1[)`\xec\xcdf\xc6\xc2\xafH\xa7\xd1_Z\x00\
(\x95\x03{\x8f\xf4\xfd\x99t\x1e\x03\x12-\x81\xe3/\
\x87\x91\xe1\xde\x9e@\xc9\xeaHA\x93\x07\xa3\xe1E\xcd\
\xab\x19\xf6\xd6o\x88$\xc3\xb6\xf1\x9e\xb96,G\x09\
k\x01\xa0\x94\xc7\xec\x92\xeb\xde\x0d\xeeb`\x08\x9d\xa2\
>\xab>\x1a\xa6\x5c\x99]\xe6\xa7\xd4\x10\x0du\x99`\
7'\xd5B\xf5\xfa\xbb)j^\xe3I^>\xc9`\
\xcd\x87\xcc\xac\xf9\x0fH'\xd2\x17-\x00\x94\xf2\x90]\
z\xed\x09X\xf340L:\x97~\x1b{.\x1c\xf7\
\x91\xec\xa4?\xa5<\xd2\x95\xce\xee\x1c8\xe4N|\xeb\
R\xb1\xf51*\xea\x1f\x1d\xcc^\xc4RZ\xb1\xce\x05\
f\xd6\xad+\xa4\x139\x1c-\x00\x94\xf2\x88}\xf4\xba\
\xd1D\xdcg\x81\x09\xd2\xb9\xf4K\xa4\x08N\xf8g\x18\
y\x9at&*Ou\xa5\xb3\xcb\x04\xbdP\xdc\xf8:\
\xc3\xd6\xff\x1a'\xe3\xd1\x05s\xaf\x1e7\xfa\x0e3\xfb\
\x7f\x02\xbb\xbeQ\x0b\x00\xa5<`\x97}\xbe\x9ct\xe4\
\xaf\xa1\xd9\xdf\xbft8\x9c|Uv\x8d\xbfR9\xd4\
\xb9\xb7'\xc0\x0b\xd1\xae\x9d\xd4\xac\xbd\x8bh\xc76o\
.\x98{+()\xbe\xc0\x9c\x7fc\xabt\x22=\x09\
\xd5\x92\x05\xa5\x82\xc8Z\x0c\xe9\xe8\xcfB\xd3\xf8\x0f\x9f\
\x02g}E\x1b\x7f\xe5\x8b\x92(T{tVT\xba\
x\x04\xbbN\xbc\x9e\xae\x9aS\xbc\xb9`\xee\x9dJg\
\xe7\xaf\xad\x0d\xe6\xc3v \x93R*L\xec\x929_\
\x01~(\x9dG\xbfLx\x17\x1cs)\x18\xfd\xe8+\
\x7f\xb5\xa7\xa0\xd9\xb3\xbd\xf2,\x15o/\xa6b\xeb\x9f\
\xbd\xba`\xae}\xc3\xcc\x5c\xf0\xdf\xd2I\x1cL\xef\x02\
J\x0d\x81]:g\x1a\x96\xc7\x80\xa8t.\x87e\x9c\
\xec>\xfe\xe3\xdf%\x9d\x89*`-\x89\xec^\x01^\
)\xdd\xf5,U\x1b\x16al\xe0w\x0ft1\x5cl\
f,xT:\x91\xfdi\x01\xa0\xd4 \xd9\xc5_\x1a\
\x8f\x93y\x11\xec\x08\xe9\x5c\x0e+\x12\x87)\x9f\xc8v\
\xfd+%\xac\xa9+\xbbW\x80W\x8aZ\xde\xa4f\xcd\
]\x98L\xe0\xb7\xe2o\xc0u\xa7\x9a\xd9\xb7m\x90N\
\xa4\x9b\x16\x00J\x0dB\xf6\x80\x9f\x92e`\xcf\x93\xce\
\xe5\xb0\xe2\x95p\xeag\xa02\x1c\x0b\x13Tah\xe8\
\xcc\xae\x10\xf0J\xac\xa3\x9e\x9a5\xffK$\x11\xf8\x93\
yWP\x169\xd7\x9c{K \x962\xe8$@\xa5\
\x06\xa3\xb1\xf8\xb6\xc07\xfe\xc550u\xae6\xfe*\
p\xaa\x8b!\xe6a\xeb\x93*\x1d\xc3\xee\x13\xae#]\
<\xdc\xbb\x8b\xe6\xc6\xa9\xb4\xb9\xb7H'\xd1M{\x00\
\x94\x1a \xfb\xd8\xdc+0\xf6n\xe9<\x0e\xabt\x04\
\x9c\xf1\x05(\x0a\xcf~D\xaa\xb0d\x5c\xd8\xd5\x01\xae\
\x87{\xfb8\xa9VjW\xdfA\xac\xa3\xde\xbb\x8b\xe6\
\x82\xb5\xff\xcf\xccZ\xf8\x0b\xe94\xb4\x00Pj\x00\xec\
\xe2/N\xc2qV\x00\x95\xd2\xb9\xf4\xaal\x14\x9c\xfe\
y\xdd\xd6W\x05^2\x03{:\xbc=\xf2\xc7Iw\
P\xb3\xfa\xc7\xc4\xdb7yxU\xcfu\x101\xa7\x9b\
\xf7\xcc\x7fS2\x09\x1d\x02P\xaa\x9f\xec\xbcy\x0e\x8e\
\xf3s\x82\xdc\xf8W\x8e\x87\xa9s\xb4\xf1W\xa1\x10\x8f\
@\xa5\xc7\x87N\xba\xd1R\x1a\x8e\xbf\x86d\xc5\x91\xde\
^\xd8[\xa5\xb8\xf67\xf6\xc5\xabc\x92Ih\x01\xa0\
T\x7f\x9d\xd7\xf0M \xb8\xeb\xe8\x86\x1d\x09\xa7\x7f\x11\
be\xd2\x99(\xd5oeq(\xf5\xb8\x19t#%\
\xec9\xee\x1a\x12\x95\xc7x{a/Y\xce\xa0\xa9\xe4\
\x1b\x92)\xe8\x10\x80R\xfd`\x97\xce=\x13k\x9f\x06\
D+\xf6^U\x8c\xdd\xdb\xf8\x97Jg\xa2\xd4\x80Y\
`w;\xa4\x5co\xafk\xdc$\xb5\xab\x7fL\xbcu\
\xbd\xb7\x17\xf6\x8e\x8bk\xa6\x99\xd9\xf3\x9f\x94\x08\xae=\
\x00J\xf5\xc1.\xfb|9\xd6\xfe\x86\xa06\xfe\xe5c\
\xe0\xf4/h\xe3\xafB\xcb\x00\xd5%\xdeoPi\x9d\
8\x0d\x93?C\xaa,\xb0+a\x1c\x1c\xfb\x0b\xfb\xc8\
\xb5\x22\xc3\x8aZ\x00(\xd5\x97T\xf46 \x98}\x89\
\xa5\xc3\xe1\xb4k\xb4\xdb_\x85^\xd4\x81*\x8f\xe7\x03\
@\xf7p\xc0\xe7H\x97\x8c\xf2\xfe\xe2\xde\x98D\xcc\x88\
,\x0d\xd4!\x00\xa5\x0e\xc3.\x9d\xfb>\xac}P:\
\x8f\x1e\x15Wg'\xfc\x15\xd7Hg\xa2\x94g\xbc\xde\
)\xb0\x9b\x93j\xa5n\xe5\x02\xa2];\xbd\xbf\xb8\x17\
,\x1f2\xb3\x16\xdc\xefgH-\x00\x94\xea\x85}\xea\
\xab\x15tv\xbe\x01f\xbct.\x87\x88W\xc2\x99\xd7\
AI\xadt&Jy\xca\xda\xec\xfe\x00i\x8f\xe7\x03\
\x00D\x92\x0d\xd4\xbdq+\x91d\xb3\xf7\x17\x1f\xba\xed\
$R'\x98\xf7\xfd\xa8\xd1\xaf\x80:\x04\xa0To:\
\xbbn\x08d\xe3\xef\xc4\xe0\x94\xab\xb4\xf1Wy\xc9\x18\
\x18\xe6\xd1\xf1\xc1\x07\xcb\xc4k\xd83\xf9\x1a\xdcHI\
n\x02\x0c\xcd(\x8ab\xdf\xf33\xa0\xf6\x00(\xd5\x03\
\xbb\xe4\xdaw\x80y\x9a\xa0\x15\xc9\xc6\xc0I\x9f\x82\x11\
'Kg\xa2TNy}r\xe0\xfe\x8a\x9aWR\xfb\
\xe6O\xc0\xe6\xa0\x9bah\x5c0\xef23\xe7?\xe5\
G\xb0`\xdd\xdc\x94\x0a\x00\xfb\xc8\xb5E`~F\x10\
?\x1f\xc7\x5c\xaa\x8d\xbf*\x08\x15E\xd9\x89\x81\xb9\x90\
\xa8:\x81\xa6\x89\x97\xe7\xe6\xe2C\xe3\x80\xfdi\xf6\x1e\
\xe4K0\xa5\xd4\x01\xa2\xe6\xeb\xc0\x09\xd2i\x1cb\xec\
y0!\xb8\xfb\x10)\xe5%C\xf6\xd0\xa0\x5cuS\
w\x8c8\x87\xb6\xd1\xef\xc9\xd1\xd5\x87d2q\xf3U\
?\x02\xe9\x10\x80R\xfb\xb1\x8b\xe7L\xc1\xe1% .\
\x9d\xcb\x01\xeaN\x84S>\x0dFkvUXr9\
\x14\x80\xb5\xd4\xac\xbb\x8b\xe2\x86\xbf\xe7(\xc0\xa0u\x11\
1\xa7\xe6\xfa\xac\x00\xbd\x9b(\xb5?\x87\x05\x04\xad\xf1\
/\x1d\x0eS\xfeE\x1b\x7fU\x90*\x8a \x92\xab\x1f\
}ch<\xea\x8a \xee\x11PL\xc6\xfd\xb1\xb5\xb9\
}H\xd7;\x8aR{\xd9%s?\x0cL\x93\xce\xe3\
\x00\x918\x9c|\x15D\x039kY\xa9\x9c3\xc0\xb0\
\x1c\x8e\x88[\xa7\x88\x86c\xaf\x0a\xe0\xca\x00\xf3n\x96\
\xcc\xfdH.#h\x01\xa0\x14`\x17\xcd\x8b\x83{\x83\
t\x1e\x878\xe1cP>Z:\x0b\xa5D\x15E\xa1\
8\x9a\xbb\xeb\xa7\x8bG\xd0t\xd4\xc7\x09\xdc\xa8\xb8\xb1\
?\xb0\xcb>\x99\xa3E\x91Z\x00(\x95U\xd3\xf0e\
0GK\xa7q\x80\x09\xd3`\xe4i\xd2Y(\x15\x08\
UE\xde\x9f\x15\xb0\xbf\xae\xea\x93h\x1b3=w\x01\
\x06g\x12\x99\xca9\xb9\xbax\xc0\xca\x1d\xa5\xfcg\x97\
\xce\x1d\x89\xb5k\x00\x91\x039zT}t\xf6\x80\x1f\
\x1d\xf7Wj\x9f\xb6dvR`\xceX\x97\xda7\x7f\
DQ\xf3\x9a\x1c\x06\x19\xb0V\xa2\xe9c\xcd\xb4;\xb6\
{}a\xbd\xbb(\x057\x10\xa4\xc6?Z\x02'^\
\xa1\x8d\xbfR\x07)\x8b\xe7no\x00\x00\x8cC\xe3Q\
W\xe2\xc6*r\x18d\xc0*H\xc5\xe6\xe5\xe2\xc2z\
\x87Q\x05\xcd.\x9es\x06\xd6^)\x9d\xc7\x01\x8e\xff\
h\xf6\xa0\x1f\xa5\xd4\x01\x0cP\x91\xe35:n\xac\x82\
\xc6\xa3>F\xa0:\xc8\x8d\xfd\xb4]<g\x8a\xd7\x97\
\xd5\x02@\x156\x87\x1b\x08\xd2\xe7`\xcc;t\xdc_\
\xa9\xc3(\x89A<\x92\xdb\x18\x89\xaa\x13h\x1fqn\
n\x83\x0cL\x04\x87\x9b\xbd\xbehpn|J\xf9\xcc\
.\x99{>0C:\x8f}Jja\xf2\x87\xa4\xb3\
P*\xf0*}\xd8(\xb7\xe5\x88\x0f\x92.\x19\x99\xfb\
@\xfd7\xcb.\x9d\xe3\xe92e-\x00T\x01\xb3\xff\
%\x9d\xc1>\xc6\x81)WB\xc4\x97-\xc0\x95\x0a\xb5\
x$\xb7\xcb\x02\x01\xac\x13\xa7\xf1\xe8+\xb1N\x8e\xbb\
\x1b\x06\xc2\x9a\xefzy9-\x00TA\xb2\x8f];\
\x0b\x08\xce\xc6\xfa\x13gB\xd5D\xe9,\x94\x0a\x0d?\
z\x01R\xa5\xe3h\x1bsa\xee\x03\xf5\x9b=\xcf.\
\xfe\xa2g\x07\x18h\x01\xa0\x0a\x931\xdf\x96Na\x9f\
\xd2\x110i\xa6t\x16J\x85J\xd4\xc9\xce\x07\xc8\xb5\
\xd613H\x95\x8e\xcb}\xa0\xfe2\x8eg\xbd\x00Z\
\x00\xa8\x82c\x97\xce}\x1f\xf0\x0e\xe9<\x80\xec\xce&\
'\xfc38>\xdc\xc9\x94\xca3\xb9^\x11\x00\x80q\
h:\xf2\xa3\xc1Y\x96k8\xd7>6\xc7\x93\x1d\x8b\
\x02\xf2\x1d)\xe5\x0fk1X\xfb\x9f\xd2y\xec3\xee\
|\x18v\xa4t\x16J\x85R\xd4\x81\x92\x1c\xcf\x05\x00\
H\x95M\xa0m\xe4\x05\xb9\x0f\xd4\x7f\xdf\xf1\xe2\x22Z\
\x00\xa8\xc2\xb2d\xee%\xc0\x99\xd2i\x00PT\x05G\
],\x9d\x85R\xa1V\xe1\xd3\xbc\xd9\xd6\xf1\x17\x93)\
\xaa\xf5'X_\x0c\xe7\xda\xa5s\x87<n\xa8\x05\x80\
*,\xc6~E:\x85}\x8e\xff\xa8\x9e\xf2\xa7\xd4\x10\
\xf9\xd5\x0b`\x9d8M\x93.\xcf}\xa0\xfe\xb2\xf6\x9b\
C\xbd\x84\x16\x00\xaa`\xd8\xa5s\xcf\x04\xde)\x9d\x07\
\x00\xc3\xa7@\xdd\x89\xd2Y(\x95\x17\xca}\xea\x05H\
T\x1dGW\xcd)\xfe\x04\xeb\xdb;\xed\xe2\xb9g\x0f\
\xe5\x02Z\x00\xa8\x02b\xffU:\x03\x00\x9c\x08\x1c\xf3\
\x01\xe9,\x94\xca\x1b1\x07\x8a|Z\xae\xdf<\xe1\x03\
\xd8\xa0L\xdau\x98;\xb4\xb7+U\x00\xec\x9f\xaf\x9b\
\x88\xe5R\xe9<\x00\x18\xff\xae\xec\xd2?\xa5\x94g\xca\
\xfcX\x11\x00d\x8aji\x1f\xf5n\x7f\x82\xf5\xc9^\
f\x97\xcc\x9d0\xd8wk\x01\xa0\x0aC\xc4^\x0f\xf8\
0R\xd8\x87x9L\x9a%\x9d\x85Ry\xa78\x9a\
\xe3\x93\x02\xf7\xd3:v&\x99x\x95?\xc1\x0e/\x8a\
\xb5_\x18\xec\x9b\xb5\x00Py\xcf>tM5\xc6~\
J:\x0f ;\xeb_'\xfe)\x95\x13~\xf5\x02X\
\xa7\x88\xd6q\x01Y\xc1c\xb8\xda.\xfb|\xf9`\xde\
\xaa\x05\x80\xca\x7f\xf1\xe8\xd5\xc0\xa0> \x9e*\x1f\x93\
=\xedO)\x95\x13\xa51p|:\xc5\xb7\xa3\xee,\
Re\xe3\xfd\x09vx\xc3H\xc7>9\x987j\x01\
\xa0\xf2\x9a\x9d7\xcf\xc1\x98\xcfJ\xe7\x01d\x9f\xfe\x83\
\xb2\x9b\x98Ry\xc8\x90-\x02\xfc\x09fh\x19\x1f\x90\
^\x00\xdc\xb9v\xde\xbc\x01\xdf\x5c\xf4n\xa4\xf2\xdb\xb9\
{f\x00\x93\xa4\xd3\xa0r<\x0c\xd7e\x7fJ\xe5\x9a\
o\x05\x00\x90\xa8:\x9ed\xe5Q\xfe\x05\xec\x959z\
\xef\xbdn@\xb4\x00Py\xce|F:\x03\x00\x8ez\
\x1f\xd9\xe7\x13\xa5T.E\x9d\xecq\xc1~i\x09\xcc\
\x5c\x00s\xd5@\xdf\xa2\x05\x80\xca[v\xd9\x97\xeb0\
\x5c\x22\x9d\x07\xc3\x8e\x84\xda\xe3\xa4\xb3P\xaa`\x94\xf9\
\xd8\x0b\x90\xac8\x8aD\xe51\xfe\x05\xec\xdd\x07\xed#\
\xd7\x0e\x1f\xc8\x1b\xb4\x00P\xf9+\x9d\xfc\x7f\x80O{\
\x84\x1d\xc6Q\x17Ig\xa0TA)\xf6q2 d\
\xcf\x09\x08\x808Q\xf3\xb1\x81\xbcA\x0b\x00\x95\xc7\xcc\
\xff\x93\xce\x80\xeac\xb2\xbf\x94R\xbe1@\x89\x9f\xbd\
\x00\xe5\x93HT\x05\xa0\x97o\x80\xc3\x00Z\x00\xa8\xbc\
d\x97\x5c\xf7n\xe0x\xe9<\x988\xe0y9J)\
\x0f\x94\xfa\xbc\xedW\xdb\x98 |\xd6\xedI\xf6\xb1/\
N\xed\xef\xab\xb5\x00Py\xca\x95\xdf\xf8\xa7|4\xd4\
N\x96\xceB\xa9\x82\x14\x8b\xf8\xb73 @\xa2\xf2\x18\
\x92eG\xf8\x17\xb07\xc6\xe9w/\x80\x16\x00*\xef\
\xd8\xe5\xd7\x97\x00\x1f\x94\xce\x83\x09\xd3\xd0\x99\xffJ\xc9\
\xf1s\x18\x00\xa0}\xf4\xbb\xfc\x0d\xd8#\xf3\xcf{\xef\
\x81}\xd2\x02@\xe5\x9fv\xf7\x22\xa0B4\x87x\x05\
\x8c:]4\x05\xa5\x0a]\x89\xcf\xc3\x00\x9d5\xa7\x91\
\x89\xd7\xf8\x1b\xf4\x10\xb6\x8a\xb6\xcc\x85\xfdy\xa5\x16\x00\
*\x0f\xd9\xcb\xa53`\xc2\xbb (G\x86*U\xa0\
\xfc\xde\x13\x00\xe3\xd0>\xfa\x02\x1f\x03\xf6\x96\x07\x1f\xe9\
\xcf\xcb\xb4\x00Py\xc5>xu) \xbb&'\x12\
\x87\xb1\xe7\x89\xa6\xa0\x94\xca\xf2\xbb\x17\xa0}\xf89\xb8\
\x11\xf1\x03\xbf.\xe9\xcf0\x80\x16\x00*\xbf\x94\x94\x5c\
\x02\x94\x89\xe60\xea\x0c\x88\x95\x8a\xa6\xa0\x94\xca*\xf6\
\xb9#\xceF\x8a\xe9\x1c\xde\xef\x89\xf8\xb9RA{\xa6\
\xcfs\xc7\xb5\x00P\xf9\xc5\x22\xdf\xfd?\xf6\x1c\xe9\x0c\
\x94R{E\x0c\xc4|n\xe9:\x86\x9f\xebo\xc0\x9e\
]\xd6\xd7\x0b\xb4\x00Py#{&\xb6}\xafh\x12\
\xe5c\xa02\x00K\x81\x94R\xfb\x14\xfb<\x0c\x90*\
\x1dC\xaal\x82\xbfA\x0f\xf5~\xbb\xec\x93\xc5\x87{\
\x81\x16\x00*\x7fdb\x17\x03\xb2\x83oc\x03Q\xf9\
+\xa5\xf6\xe3w\x01\x00\xd0>B\xbc'\xb0\x82T\xd5\
a\x87\x01\xb4\x00P\xf9\xc3\xba\xb2\x9b\xee;\xb1\xec\xf8\
\xbfR*Pb\x11\x88\xf8\xdc\xdau\xd6\x9d\x81u\x84\
\x8f\x221\xee\x87\x0f\xf7\xd7Z\x00\xa8\xbc`-\x06\xcc\
l\xd1$F\x9e\xaa\x93\xff\x94\x0a\xa8b?\x97\x03\x02\
\xd6)\xa2\xb3\xf64\x7f\x83\x1e\xc2\xcc\xce\xde\x1b{\xa6\
\x05\x80\xca\x0f\x8f\xcd9\x1d\x18)\x9a\xc3\xe8\xb3D\xc3\
+\xa5zW$0\x0c\xd01\x5c\xfc\x9e0\x92%\xd7\
\x9d\xd2\xdb_j\x01\xa0\xf2\x83#<\xf9/^\x09\xd5\
G\x8b\xa6\xa0\x94\xea]Q\xc4\xff\x8d\xb9\x93\x15G\x92\
\x89W\xfb\x1c\xf5`\x99^{F\xb5\x00Py\xc2\xe9\
\xd7\xd6\x9793\xf2\x140\xfaqR*\xa8\x8c\xc9\xce\
\x05\xf09*]5\xbd>\x80\xfb\x94B\xefC\xa3z\
\xc7R\xa1g\x1f\xba\xa6\x1a\xec\xd9\xa2I\x8c\x94\x1e\xeb\
SJ\xf5\xa5\xc8\xf7\x02\x80\x00\xcc\x03\xe0\xbc\xec\x12\xe9\
Ci\x01\xa0\xc2\xaf(6\x13\x10\x18\xe1\xeb\x8e_\x09\
UG\x8a\x85WJ\xf5\x8f\xc4<\x80d\xf9\x11d\x8a\
D\x0f\x08\x8a\x93\x89\xbd\xbb\xa7\xbf\xd0\x02@\x85\x9f\xa5\
\xcf-/sj\xe4i\xd9\xfeE\xa5T\xa0\xc5\x22\x12\
\x1fUCg\xcd\xa9~\x07=\x90u{\x1c\x06\xd0\x02\
@\x85\x9f\xe1\x9d\xa2\xf1G\x08\x7f\xb8\x95R\xfdb\xf0\
\xf9t\xc0\xbd\xbaj\xa5\xef\x11\xa6\xc7\x87$-\x00T\
\xa8\xd9e_\xae\x03\x8e\x11K V\x0aU\x13\xc5\xc2\
+\xa5\x06F\xa2\x00H\x96N\xc0\x8dU\xf8\x1f\xf8\x1f\
\x8e\xb5K\xe7\x1e\xb2LZ\x0b\x00\x15n\x99\xcc\xf9\xf8\
\xbf\xba\xe7\x1fj\x8e\xd3\xd9\xffJ\x85\x88D\x01\x801\
$\xaa\x8e\x13\x08\xbc\x1fk\xdfq\xf0\x97\xf4\xce\xa5\xc2\
\xcd\xba\xe7\x89\xc6\xaf;A4\xbcRj`\xe2B\xad\
^\xd7\xb0\xe3e\x02w3\xe6\x90\xc3\x09\xb4\x00P!\
g\x05\x0b\x00\x035\x93\xe5\xc2+\xa5\x06\xcc\x08\x1c\x0f\
\x0cd{\x00${\x0b\xad=\xe4\xa42-\x00Th\
\xd9G\xae-\x02s\xbaX\x02\x15c\xb3K\x00\x95R\
\xa1\xe2\xff\x86@\xe0F\xcbH\x96\x8d\xf7?\xf0?\x9c\
i\x17\xcd\x8b\xef\xff\x05-\x00Tx\xc5\x9c3\x01\xb9\
\xe3\xb6\xb4\xfb_\xa9P\x12\x99\x07\x00$d\x87\x01\x8a\
\xa9\xdds\xc0r\x04-\x00T\x88\xb9\xb2\x07nk\xf7\
\xbfR\xa1$V\x00T\x0a\xdf3\x5c\x0e\x18\x06\xd0\x02\
@\x85\x98#\xb7\xc7\xa6\x89@\xe5\x04\xb1\xf0J\xa9\xc1\
\x8b:2K\x87Re\x13\xb0NL \xf2>\x07\xac\
\x04\xd0\x02@\x85\x98\x95;e\xa3b\x1cD\xe2}\xbf\
N)\x15HQ\x81\xd6\xcf:QR\xa2\xf3\x00\xcc\x01\
\xf7L-\x00T(e'\x00\x0an\x004l\x92X\
h\xa5\xd4\xd0IL\x04\x04H\x96\x8b\xde;\x8e\xb1\xcb\
\xaf/\xe9\xfe\x83\x16\x00*\x9cb\x9c\x00\xc8\xf5\xa5i\
\x01\xa0T\xa8I\xf4\x00\x00$+D\x0f\x0e\x8b\xd0\x9e\
\xde\xb7#\x91\x16\x00*\x9c\x8c9Y4~\x95\x16\x00\
J\x85\x99\xc4^\x00\x00\xc9\x8aIHn^\x8a5S\
\xba\x7f\xab\x05\x80\x0a){\x92X\xe8\x92\x1a(\xaa\x12\
\x0b\xaf\x94\x1a:\xa9!\x007ZF\xbad\x84Lp\
\x00c\xf6\xdd;\xb5\x00P\xe1\xe4\x0a\xf6\x00\xe8\xec\x7f\
\xa5B\xcf1\xd9_\x12D'\x02Z\xb4\x07@\x85\x9c\
A\xae\x07\xa0|\x8cXh\xa5\x94w\x22B-`\xaa\
T\xf2\x1eb\xb5\x07@\x85\x97]ru\x150J,\
\x01-\x00\x94\xca\x0bQ\xa9\x1e\x80\xd2\xd12\x81\x01\x0c\
\xe3\xecC\xd7T\x83\x16\x00*\x8cl\xa9\xec\x0c<-\
\x00\x94\xca\x0bR=\x00\xe9\x92\xb12\x81\xbb\x15\xc7\x8f\
\x06-\x00T(\xb9r\x05@\xa4(;\x09P)\x15\
zRK\x013\xf1*\xdch\x99Lp\x00\xdc#@\
\x0b\x00\x15F\xc6L\x14\x8b]1\x16\xd1%<J)\
\xcfH\x15\x00 <\x0c`\xcdD\xd0\x02@\x85\x91e\
\xa2X\xec2\xc1\x0f\xadR\xcaSRC\x00\x00\xe9\x12\
\xd1\x89\x80\xda\x03\xa0B\xca\xb8\x13\xc5b\x97\x0e\x17\x0b\
\xad\x94\xf2VD\xb03/]R'\x17\x1c3\x11\xb4\
\x00P\xa1\xe4\xc8\xcd\x01\xd0\xf1\x7f\xa5\xf2\x8aT\x11\x90\
\x89\xd7\xca\x04\xce\x9a\x08Z\x00\xa8P\xb2\x13\xc5B\x97\
\x88~h\x95R\x1es\xa4&\x02\x16\x89>LL\x02\
-\x00T\xc8\xd8G\xaf\xaf\x01*\xc4\x12(\xd6\x1e\x00\
\xa5\xf2\x89T\x0f@\xbaX\xf4a\xa2\xcc.\xfbr\x9d\
\x16\x00*\x5cLJn\x13\xedH\x11\xc4J\xc5\xc2+\
\xa5\xbc'\xb5\x1d\xb0u\x8ad\x97\x02\xa62\xe3\xa2r\
\xd1\x95\x1a\x04'R\x07V&\xb6v\xff\xf7)\x91\xcc\
\xb0\xfe\xed\x16\xde\xde\xd1FkG\x92T\xdaR^\x1a\
eDu)\x93\xc6V0\xbc\xba\xa4\xef\x8b\x84Pk\
{\x92uo\xb7\xb0cO\x07-\xed)\xb0\x96\x8a\xb2\
8\xa3jK9j|%\x95eq\xe9\x14sbw\
S\x17\x1b\xb6\xb6\xb0\xab\xb1\x93\x96\xf6\x14\xb1\xa8\xa1\xa2\
4\xce\x98\x11e\x1c=\xae\x8a\xe2\x22\xa1\x13w\x06@\
r%@\xa6\xa8\x16'\xdd.\x14\xdd\xad\xd5\x02@\x85\
\x8c\x95k\x85u\x02`\x8f\xd2i\x97'^\xd8\xca\x92\
\xe7\xb6\xf0\xda\xba\x06\xd2i\xb7\xd7\xd7\x8e\x1d^\xc6\x05\
g\x8c\xe1\xe2\xf3\x8f`T]\xb8{S\xda:R<\
\xba|3O<\xbf\x95\xb5[\x9a\xb1\xb6\xe7\xc2\xd4\x18\
\xc3\xd1\xe3+\x99v\xe68\xde{\xeex*B^\x0c\
\xecl\xe8\xe4\xe1\xa76\xf1\x97\x17\xb7\xb2ug\xef\x8d\
W4\xe20\xe5\xe8\x1af\x9c=\x8e\xe9g\x8d#&\
\xb9\xe8\xfe0DW\x02\x14\xd7\x12k\xdf,\x13\xdcP\
\xab;\x9a\xa8P\xb1K\xe7^\x85\xb5?\x15\x09>\xf6\
\x5c8\xfe\xa3\x22\xa1\x83\xc8Zx\xf2\xe5z\xee\xfa\xe3\
*\xb6\xee\x1a\xd8SL4\xe20\xfb\xdc\xf1|\xf2\x92\
\xe3\xa8\xae,\xcaQ\x86\xb9\x91N\xbb,~f\x0b?\
\x7f`5M\xad\x89\x01\xbd\xb7\xa4(\xcae3\x8f\xe2\
\xa3\xb3\x8f\xa6H\xea<\xdaAjmO\xf2\xfb\xc7\xd6\
q\xdf\x13o\x91L\xf5^\xe4\xf5dxu\x09W\x5c\
t,\xef=o\x02\x8eT\x9f{/:\xd3\xd0\xd8)\
\x13\xbbj\xe3\xbd\x94\xedxR&8\xf6\xf3\xe1\xfa\x09\
T\x05o\xde\x95g\xcf\x04f\x8a\x04\xaf;\x0ej\x8e\
\x15\x09\x1d4\xcd\xadI\xbev\xfb\xb3\xdc\xb3d=\xad\
\x1d\xa9\x01\xbf\xdf\xb5\x96\xb5\x9b\x9by\xe4\xa9\xcd\x1c1\
\xa6\x82\xf1#\xcbs\x90\xa5\xf76\xd6\xb7r\xfdMO\
\xf3\xd8\xb3[\xe8Jf\x06\xfc\xfet\xc6\xe5\xd55{\
x\xe2\x85\xad\x9crl\x1d5!)~^xc'\
_\xba\xf9i^^\xbd\x9b\x8c;\xf0!\xb8\x8e\xae4\
\xcf\xbe\xb6\x83\x97W\xef\xe6\xec)#()\x0eN\xe7\
\xb3\xebf\x8b\x00\x09\xf1\xb6\xcd\x14\xb5\xae\x93\x09\x0e\xcf\
j\x01\xa0Be\xde\x15g\xbf\x1f\xc3y\x22\xc1G\x9c\
\x0cU\xb2\xe7\x10\x05\xc1\x86\xad-|\xe5\xd6\xe5\xac\xdf\
\xd22\xe4k\xa5\xd2.\x7fyq+\x00'\x1fS\x87\
\x09\xd6\xc3\xe1\x01^xc'_\xbb\xed9\xf64w\
\x0d\xf9Zm\x1d)\x96>\xb7\x85\xf1\xa3*8b\xb4\
\xdc\xa2\x96\xfex\xf8o\x9b\xf8\xfe]/\x0f\xaa\xe09\
\xd8\xae\xc6N\x9exa+'\x1fSK\xdd\xb0b\x0f\
\xb2\x1b:\xd7\xc2 jXO\xc4:\xb6Q\xdc\xbcR\
&8\xce\xdf\x839(\xa3To\x0cr\xdbg\xc5$\
\x0f\xef\x08\x86-;\xda\xb8\xfe\xe6\xa7\xd9\xbe\xbb\xc3\xb3\
kZ\x0b\xbfz\xe8M\xee~\xf8M\xcf\xae\xe9\xb5\xe7\
^\xdb\xc1\xd7o\x7f\x8e\xf6N\xefZ\x8a\xaeD\x86\xef\
\xdc\xf9\x22O\xbd\xb2\xcd\xb3kz\xedw\x8f\xae\xe5\x96\
\xdf\xbc:\xa8\xa7\xfe\xde\xeci\xee\xe2_o]\xce\x86\
\xadC/ \xbd 9\x22\xe1\x8a\xdeSl\xad\x16\x00\
*l\xe4&\x01\x16x\x01\xd0\xda\x91\xe2\x9bw<O\
[\x8e\x1e\x97\xee~\xf8M\x96\xed\xed\x0d\x08\x92-\xdb\
\xdb\xf8\xde]/\xe3z\xd8\x08v\xb3\xd6\xf2\xfd\xbb^\
f\xcd\xe6&\xcf\xaf=T\xcf\xbf\xbe\x93\xbb\x1eX\x9d\
\x93kwt\xa5\xf9\xc6\xed\xcf\x0dx\x0eE.\x88\x16\
\x00\xa2'\x02\xa2\x05\x80\x0a\x1b[%\x16\xba\xc0\x0b\x80\
\x9b\x7f\xb5\x82\xb7w\xb4\xe5\xec\xfa\xd6\xc2\xcdw\xaf\xf0\
\xb4wa\xa8\xd2i\x97o\xfe\xe8yO\x9f\xfc\x0f\x96\
He\xf8\xee\x9d/\x0exb].\xedj\xec\xe4\xbf\
~\xfabN\x8a\x9en;\x1a:\xb9\xf1\x97\xaf\xe4\xec\
\xfa\xfd%9\xec$\x5c\x00\xd4h\x01\xa0\xc2Fn\xd6\
T\x01\xee2U$\x00\x00 \x00IDAT\x17\x00\
\xaf\xad\xdb\xc3S+r\xdfU\xdd\x95\xc8\xe4\xec\xa9s\
0\x1exrcN\x8b\x9en\xdbvw\xf0\xc7eo\
\xe5<N\x7f\xfd\xe2\x81\xd5tt\xe5~f\xdc\xf3\xaf\
\xef\xe4\xa5U\xbbr\x1e\xe7p\x0cr\x07|\xbbQ\xd1\
\xc9\xaf\xc5Z\x00\xa8p1Fn\x11u$\xdc\xeb\xb7\
\x07\xcbZ\xb8\xf3^\xff&*-{a+k77\
\xfb\x16\xaf7\x1d]i~\xf3\xe75\xbe\xc5\xfb\xed\xa3\
kimO\xfa\x16\xaf7\x1b\xeb[Y\xf2\xdc\xdb\xbe\
\xc5\xfb\xc9}+{\xddC\xc17R\xbb\x01Fb2\
\x81\xb3\xe2Z\x00\xa8p\xb1\x82=\x00Np\x96.\xf9\
\xe9\x8d\xb7\x1aX\xb5\xa1\xd1\xb7x\xd6Z\xee{|\xbd\
o\xf1z\xf3\xd8\xb3[hn\xf5\xafAn\xedH\xb1\
\xf8\x99-\xbe\xc5\xeb\xcd\xbd\x8f\xaf\xcfi\xd7\xff\xc1\xd6\
mif\xc5\x9a=\xbe\xc5\xeb\x89T\x0f\x80\x95\xbd\xa7\
\x14i\x01\xa0\xc2F\xee1\xdc\x14\xe6\xaa\xd9e/\xf8\
?1\xef\xa9\x15\xdbI\x1dfGA?H|\xdfO\
\x08\xc4\xdc_\xc6\xb5<\xf9\xb2\xff\xab\x12$\xfe\xad\x83\
A\xb2\x00\xb0\xda\x03\xa0B\xc6\x08\x16\x00\x05\xda\x03\xf0\
\xca\xea\xdd\xbe\xc7\xecL\xa4Y\xf5\x96\x7f\xbd\x0e\x07\xeb\
\xe8J\xb3\xda\xc7^\x8fnk77\x8b\x0e\x03\xac\xd9\
\xd4\x94\xd3\x09\x8f\xbdy9\x00\xf3\x00$X'\x22\x18\
\xddh\x01\xa0BFr\x08\xa0\x00{\x00\x12\xa9\x0c[\
|\x98\x04\xd7\x93\xb5[\xe4\xe6\x01l\xaco\xf5t\xed\
{\x7fYkyKp}\xfc:\xa1\xb9\x17\xdb\xf7t\
\xc8\xce\x7f\x10\x5c\x09\x90-\x02D\xe8\x10\x80\x0a\x1d\x99\
\x1e\x00\x13\x91]/$d\xfb\xee\x0e\xb1\x09Z\xdb\x06\
x\xbe\x80\xa7\xb1w\xcb\xc5\xae\xdf%\xb7\x0cR\xf2\xfb\
\xde\xb6G\xee\xfb\x16\xfdd\x1b\xb1\x9eE\xed\x01P\xa1\
#\xd3\x03 W\xa5\x8bj\x97\xda$\x1dD\xba\xa2\xff\
\x11\xbb@\xbfo\x1f\x96\xfe\xf5\x1a[\xf0\xdf\x5c\xb2\x00\
\xb0r=\x8b\xda\x03\xa0BGx\xbdPa\x11\xed\xf4\
\x10\x0c^\xa0\xdf6F\xf0;\x17m\x84\x05c\x0b\xb2\
Z\x00\xa8\xb0\x91\x19(t\x87~\x10J\x18\x95\x95\xc8\
M|,\xdc\xd8rk\xc3\x0b\xf5\xfb\x96d\x5c\xb1\x9e\
\x8f\xa4\x16\x00*ld\x0a\x00\x9b\xc9\xee\x88S`F\
\xd5\x96\x89\x9d\xdf>v\xb8\xdc\xce\x8b\xa3\x05c\x8f\x11\
\xfd\xbeK\xe5b\xd7\xc9\xc5\x96\xfdd\x0b=\x5c\x18\x12\
Z\x00\xa8p1\xc8\x9d\x1eb\xe5\xc6(\xa5\xc4c\x0e\
\x13F\xc9lWz\xcc\x84a\x22q\x01&\x8d\xa9$\
\x1a\xf5\xff\xf6\xe88\x86#\xc7V\xfa\x1e\xb7\xdb1\xe3\
e\xfe\xcd\xc7\x0c/\xa3\xbcT\xb0\x07@\xb0\x020R\
\xbd\x8bV\x0b\x00\x156V\xa8\x07\x00\x0av\x18\xe0\x8c\
\xe3\x87\xfb\x1e\xb3\xb48\xcaq\x13\xe5\x0a\x80\xe2\xa2\x08\
'\x1cY\xed{\xdc\xc9G\x0c\x13m\x08\x8f\x99PE\
E\x99\xff\x0bm$~\xc6\xf6'\xd5\xfeg\x1b\x7f\xb1\
\xeaC\x87\x00T\xd8\x18\xc1\x1e\x80\xc2,\x00\xde=u\
\xac\xef1/8}\x8c\xc8\x13\xf8\xfe\xa6\x09|\xdf\xef\
9\xd3\xff\x98\xfbs\x1c\xc3\xbb\xcf\x18\xe3{\xdci\xc2\
\xdf\xb7\x1c\xd1^E\xed\x01P!c\xac`\x0f@\xe1\
\x0d\x01\x00\x1c?\xa9\x9a\xd3&\xd7\xf9\x16\xcf\x18\xc3\xa5\
\xd3&\xf9\x16\xaf7\xb3\xce\x19\xcf\xf0\xea\x12\xdf\xe2U\
\x95\xc7\x99u\xcex\xdf\xe2\xf5\xe6\xc3\xd3\x8f$\x1a\xf1\
\xafi8nb5'\x1d]\xeb[\xbc\x9e\xc8\xf5\x00\
\x08\xdeS\xac\xd5\x1e\x00\x152V\xb0\x00\xc8\xc8u>\
H\xbb\xea\xd2\xe3}[\x9e6\xfb\x9c\xf1\x1c5\xbe\xca\
\x9f`\x87Q\x14\x8b\xf0\xf1\x8b\x8e\xf1-\xde\x15\x17\x1d\
\x1b\x88\x99\xf0\xe3F\x96\xf3\xde\xf3&\xf8\x16\xcf\xcf\x9f\
\xad^\x09U\x00\xc6\x15\xdd\xfdP{\x00T\xd8\x98.\
\xb1\xd0)\xb9]\xd2\xa4\x1d7\xb1\xda\x97.\xf1\xd2\xe2\
(\x9f\xb8dr\xce\xe3\xf4\xd7{\xcf;\x82I>L\
\xca\x1b?\xb2\x9cK.\x98\x98\xf38\xfd\xf5/\xef\x9b\
L\x85\x0fs\x11\xce?u\xb4\xaf\xbdK=\xb1V\xae\
\x07\xc0I\xc9l\xb3\xbd\x97\x16\x00*d\x0cMb\xb1\
\x93\x85[\x00\x00\x5c\x7f\xc5)9m\x0c\x8d1\xfc\xc7\
\xa7N\xf7\xb5\xdb\xbd/\x11\xc7\xf0\xddk\xce\xa2\xaa<\
w\x13\xe3J\x8b\xa3|\xeb\xb3g\x8a\xcfy\xd8_M\
e\x11\xdf\xf8\xccT\x229\x5c\x02:nd9_\xb9\
\xf2\xd4\x9c]\xbf\xbf$\xcf\x9ct\xd2\x92\xf7\x14\xd3\x18\
\x9c\x9f8\xa5\xfaG\xee\xe0\xf0\x02\xee\x01\x00()\x8a\
\xe6\xb41\xfc\xf4\xa5\xc7s\xce\xc9\xa3rr\xed\xa1\x18\
UW\xca7>=5'\xe3\xe2\x8ec\xf8\xc6\xa7\xa7\
2qL\x85\xe7\xd7\x1e\xaa3\x8e\x1f\xce\xe7>rb\
N\xae]^\x1a\xe3\xbb\x9f?Kv\xe9\xdf^\x92\xdb\
{\xc8\x16\x00\xec\xd1\x02@\x85\x8b\xc5\xff\xb3i\xbb\x15\
x\x01\x00\xd9\xc6p\xc1\xbf\xbd\x93\x09\xa3\xbck\xb0\x1c\
\xc7\xf0\xe9KO\xe0\xa3\xb3\x8e\xf6\xec\x9a^;\xed\xb8\
:~x\xfd9TUxW\xfc\x94\x16G\xf9\xf6\xe7\
\xce\xe4\xac)#<\xbb\xa6\xd7.}\xcf\x91|\xe9\x8a\
S<\xed\x9d\x18]W\xca\xad_9\x9f\xf1#e\xf6\
\x978\x98\xc0\xa1\x8f\xfb\x08\x17\x00\xbb\xb5\x00Pa\xa3\
=\x00\xc2\xc6\x0e/c\xc1W\xcf\xe7\xec\x93F\x0e\xf9\
ZU\x15qn\xb8\xf6\x1d\xfc\xd3\xec\xe06\xfe\xddN\
:\xba\x96\x05_}\xa7'\xc3 G\x8c\xae\xe0\xf6\xff\
\xb8 \x90=\x1e\x07\xbb\xe8\xfc#\xb8q\xee9\xd4T\
\x0e\xfd\x1c\xae3\x8e\x1f\xce\xed\xffqA\xa0z<\x0a\
\xb9\x07\xa00\x8f8S\xa15\xef\xca\xb3'\x03\x1f\x10\
\x09^6\x12\x86O\x11\x09\x1d4\xf1X\x84\xe9g\x8d\
c\xcaQ5\xbc\xb5\xb5\x85\xc6\x96\x81\xad\x90(\x8aG\
\xb8l\xc6Q\xfc\xe7g\xa6r\xc4\xe8\xe04\x06}\xa9\
,\x8bs\xc9\x05G0fx\x19\xab74\xd1\x99\x18\
\xd82\xae\xaa\xf28\xffr\xf1d\xbe\xfa\x89\xd3\xa8\xf6\
\xa0A\xf5\xcb\xc8\xdaR.\xb9`\x12\xa5%1Vo\
l$\x95\x1e\xd8\xc8\xf9\xf8\x91\xe5\xcc\xfd\xd8\xc9\x5c\xf5\
\xc1\x13(\x8e\x07\xab\xd9I\xb9 u\x08bI\xe3\xab\
\xc4\xdb6\xcb\x04\xb7\xdc#\xbd\xf8B\xa9\x01\xb1\x8b\xaf\
\xbd\x04\xc7< \x12\xbc\xeeD8\xf5j\x91\xd0A\xe6\
\xba\x96\xa7_\xdd\xce\xe3\xcf\xbd\xcd\xcb\xabw\xd1\xd1\xcb\
\xdd\xd4\x18\xc3Q\xe3*\xb9\xe0\xf41\x5cx\xeexj\
\xaa\x8a}\xce\xd4[]\x89\x0cO\xbc\xf06O\xbc\xb0\
\x957\xd67\xf4\xda(F\xa3\x0e'\x1eY\xc3\xbb\xa7\
\x8ea\xc6\xd9\xe3()\x92;p\xc7\x0b\x8d-\x09\x16\
?\xb3\x85'_\xaag\xed\x96fl/\x8f\xd0%E\
QN\x9b\x5c\xc7\xf4\xb3\xc7q\xfei\xa3s:\xa1p\
(\xdaS\xd0,\xb4\xb6\xa8z\xed\xcf)iX!\x13\
\xdc\xd8\xcb\x82\xf9\x7fD\xa9^\xd8\xc7\xe7\x9c\x8b\xcb\xd3\
\x22\xc1\xcb\xc7\xc0;\xfeM$tXd\x5c\xcb\xa6m\
\xad\xd4\xefj\xa7\xb95\xbb\xc69\x1e\x8f0\xb2\xa6\x84\
Ic+}YZ&!\x91\xcc\xb0\xb1\xbe\x95\xfa\xdd\
\xedt\xec=\xd7\xbe\xa48\xca\x98\xe1\xa5L\x1c]I\
qQ\xb0\x9ez\xbd\xd2\xd6\x91bC}\x0b\xdb\xf7t\
\x92Lfw\xca\xac,\x8f3\xa6\xae\x94#\xc6T\xf8\
\xba\xa1\xd0`\xb5&\xa0Uh9\xfe\xf0\xd7o\x22\xd6\
\xbeE&\xb8\xe1=\xe1.EU\xe1\xb1\x99\xdd t\
3\xed\x94\x9b~\x10\x16\x91\xbd\x87\xd9H\x1eh#\xa1\
(\x1ea\xf2\xc4aL\x16<\xbf@Byi\x8c\x93\
\x8e\xae\xe5\xa4\xe0O\xe1\xe8UFp\x0e@$!x\
O\xb1\xaeN\x02T!\x13\x89\xed\x14\x8b\x9dI\xe8D\
@\xa5\xf2\x8c\xd4*\x00\xe3&p\xd2\x1d2\xc1\x01\xa2\
\xee.-\x00T\xa8\x98i\xb76\x81i\x16K@{\
\x01\x94\xca+R=\x00\xd1.\xd1{I\x17\xef\xbec\
\x87\x16\x00*|\x8c\xdd(\x16\xbb\xb3A,\xb4R\xca\
{\x19\xa1\xad\x00E\xbb\xffa\xa31X-\x00T\xf8\
X6\x8a\xc5\x96\xad\xda\x95R\x1e\x93\x1a\x02\x90\x1d\xff\
7\x1b\x00\xb4\x00P!\x94\xfd\xe1\x15\xd1\xb1K,\xb4\
R\xca[\x92\x13\x00\xa3\x09\xb9MM1\xd9\x87(-\
\x00T\xf8X\xc1!\x80\xb6z\xb1\xd0J)o\x0dp\
?#O\xc5\xda\xb7\xca\x05\xdf;\x8c\xaa\x05\x80\x0a\x1f\
#8\x04\xd0\xb6Mv\xefP\xa5\x94g\xa4\xc6\xff\xc1\
\x12\xed\xd8&\x15\x1c\x5c\x1d\x02Pae\x04\x87\x002\
I\xe8\x14\xec\xbaSJyF\xaa\x07 \x92l\xc2\xc9\
t\xca\x04\x07 \xa3\x05\x80\x0a\xa9\xa4\xbbQ4\xbe\x0e\
\x03(\x95\x17\xa4z\x00b\x1d\xc2\xf7\x90\xb4\xd9\x04Z\
\x00\xa8\x102\x17-l\x01\xe4\x06\xd0\xda\x04\xbb\xee\x94\
R\x9e\x91\xea\x01\x88\xca\x16\x00\xbb\xcdE\x0bw\x81\x16\
\x00*\xac\xac\xf9\xbbXl\xed\x01P*/H\xad\x02\
\x88I\x8e\xff\xc3\xab\xdd\xbf\xd1\x02@\x85\x93\x83\x5c\x01\
\xd0\xbcQ,\xb4R\xca\x1b\x19+\xb7\x07@\xac}\x93\
L`\x00\xcck\xdd\xbf\xd3\x02@\x85\x94\xfbZ\xdf\xaf\
\xc9\x91D3t5\x89\x85WJ\x0d]:#\x13\xd7\
I\xb5\x12\xed\x92\x9cH\xecj\x01\xa0\xc2\xce\x91+\x00\
\x00\x9a\xdf\x12\x0d\xaf\x94\x1a\x9a\x94\xd0\xf8\x7f\xbcU\xf8\
\xdea\xed\xbe\xdeS-\x00T8\x0d\xeb\x5c\x05\x08\x9d\
\xe2\x0d4\xc9\xadDTJ\x0d\x9d\x5c\x01 z\xef\xc8\
\x90H\xae\xec\xfe\x83\x16\x00*\x94\xcc\xd4;S\xc0j\
\xb1\x04\x9a\xb4\x07@\xa90\x93\x1a\x02\x88\xb7\x89\xde;\
\xd6\x99K\xee\xdcw\x06\xb1\x16\x00*\xcc\xe4\x86\x01\xda\
\xea!\x93\x10\x0b\xaf\x94\x1a<\x8b\xcc\x12@\xe3\xa6\x88\
u\xbc\xed\x7f\xe0n\xf6\xc0{\xa6\x16\x00*\xbc\x0c/\
\x8b\xc5\xb6\xae\xae\x06P*\xa4\xd2n\xb6\x08\xf0[\xac\
m\x13\xc6\x15\xeaz\x00\xc0\xbc\xb2\xff\x9f\xb4\x00P\xe1\
e\xedr\xd1\xf8\x0dkD\xc3+\xa5\x06'%\xd4\x06\
\x17\xb5\xbc)\x13\xb8\x9b\xe5\xa9\xfd\xff\xa8\x05\x80\x0a\xaf\
\xea\xc4K@G\x9f\xaf\xcb\x95\xdd+\xfb~\x8dR*\
p\x92B\x05@q\xd3*\x99\xc0Y)\x92\x9d/\xee\
\xff\x05-\x00Th\xed\x9d\x08\xf8\x92X\x02m\xdb\xb2\
{\x02(\xa5BE\xa2\x00pRm\xb2\xe3\xff\xf0\xf2\
\xfe\x13\x00A\x0b\x00\x15~O\xcb\x85\xb6\xb0G\xb4\xa2\
WJ\x0d\x90ke&\x00\x167\xaf\x92=J\xdc\xd8\
\xa7\x0e\xfe\x92\x16\x00*\xdc\x8c\x11,\x00\x80\xddZ\x00\
(\x15&b\xe3\xff\xb2\xdd\xff\xe0\x1ez\xaf\xd4\x02@\
\x85[W\xf2i@hK\x0f\xa0a5X\xc9Y\xbd\
J\xa9\x81HJ\xdc-\xac\x95\x9f\x00\x18K?s\xf0\
\x97\xb4\x00P\xa1f\xde\xf7\xa3F@\xee\x93\x95\xee\xd2\
]\x01\x95\x0a\x11\x89\xf1\xffx\xfbF\x9cT\x9b\xff\x81\
\xf7\xb1\xeb\xcc\xb4;\xb6\x1f\xfcU-\x00T\xf8Y\xf3\
\xa4h\xfc\x1d\xaf\xf4\xfd\x1a\xa5\x948\x8bL\x01P\xb2\
[\xfa\x1ea\xfe\xd6\xd3W\xb5\x00P\xe1g\xdc\xc7D\
\xe3\xef\x5c\x91\xdd\x18H)\x15h\xc9\x8c\xc0<<k\
)n\x5c\xe1s\xd0\x83\x18\xb3\xb8\xa7/k\x01\xa0\xc2\
/\xc5R %\x16?\xd9\x06\x8d\xeb\xc4\xc2+\xa5\xfa\
'\x99\xf6?f\xbcu=\x91\xa4\xe8r\xe1\x0c\xa4\x97\
\xf6\xf4\x17Z\x00\xa8\xd03\x17-l\x01dw\x05\xd4\
a\x00\xa5\x02/!\xd1\xfd\xdf |o\xb0<gf\
\xdc\xbe\xa7\xa7\xbf\xd2\x02@\xe5\x07k\xff,\x1a\x7f\xe7\
\xab\xba\x1a@\xa9\x00\xb3V`\xfc\xdfZ\x8a\x1b\xff\xee\
s\xd0\x838<\xda\xfb_)\x95\x0f\xdc\xde\x7f\xc8}\
\x91j\x87\x86\xb5\xa2)(\xa5z'\xf1\xf4_\xd4\xb2\
\x96H\xb2\xc5\xff\xc0\xfbs\xdd^\x1f\x8e\xb4\x00P\xf9\
a\xf6\xc2\xbf\x03[Es\xa8\x7fN4\xbcR\xaaw\
]\x02\xe3\xff\xa5\xbb\x9f\xf7?\xe8\x81v\xb3\xbc\xae\xd7\
SS\xb5\x00Py\xc1\x18,\xd0\xe3LW\xdf\xecz\
5;!P)\x158\x09\x9f\x0b\x00'\xd3Iq\xc3\
\xab\xfe\x06=\x98\xe1Q3o^\xafK\x94\xb4\x00P\
y\xc4>,\x1a\xde\xcd\xc0\xf6\x17\xfb~\x9dR\xcaW\
\xc9\x0cd|^\xfeW\xb2\xfbE\x8c\x9b\xf47\xe8\xc1\
\x5c\xfb\xc8\xe1\xfeZ\x0b\x00\x95?\xba\x12\x8f\x02\xb2\x8f\
\xe0[\x97\x93\xddnD)\x15\x14\x22\xdd\xff\xbb\x0e\xd9\
y\xd7o]\xa49\xecC\x91\x16\x00*o\x98K\xee\
\xec\xc0\xf2\x90h\x12\xed;tk`\xa5\x02\xc6\xef\x02\
 \xd6\xbe\x99X\xbb\xec\x94$0\x8f\xec]\x22\xdd+\
-\x00T\xbeY$\x9d\x00[\xc5+\x7f\xa5\xd4^\x19\
\xd7\xff\xe3\x7f\xcbv\x06\xe1\x1e`\x7f\xdf\xd7+\xb4\x00\
P\xf9%\xd6\xf2g0\xa2\xdbn\xb1\xe3\x15\x9d\x0c\xa8\
T@t\xfa=\xf9/\xddA\xc9\xee\x97\xfc\x0dz\xa8\
\x0e\xdcx\x9fs\xa2\xb4\x00Py\xc5L\xfbE\x17\xc6\
>(\x9a\x84\x9b\x82\xb7\x9f\x12MA)\x95\xd5\xe9\xf3\
&\xe1\xa5;\x9f\xc6\xb8\x09\x7f\x83\x1e\xc2>hf\xdf\
\xd4\xde\xd7\xab\xb4\x00P\xf9'c\xe5\x87\x01\xde\xfe[\
\xb6\x10PJ\x89I\xbb\x90\xf2\xb1\xfb\xdf\xb8\x19\xcav\
\xf4x\xf0\x9e\xdf\xfau\x0f\xd4\x02@\xe5\x9f\xe6\xda\xc5\
@\x83h\x0e\xc96\xd8&\xbe\x09\x88R\x05\xcd\xef\xa7\
\xff\x92=/J\x1f\xfc\x03\xd0JY\xb4_[\xa3k\
\x01\xa0\xf2\x8e\xb9|^\x12\xf8\xa3t\x1el\xfa\x8b\xc0\
\xd9\xa3J\xa9n~\x8f\xff\x97\xed\xf8\xab\xbf\x01{b\
\xf8\x939\xf7\x96\xce\xfe\xbcT\x0b\x00\x95\x9f\x1c~&\
\x9d\x02\x1d;a\xf7\x1b\xd2Y(U\x90\x92\x19\x7fg\
\xff\x175\xaf\x0c\xc0\xd2?\xc0\xb5?\xed\xefK\xb5\x00\
Py\xc9L_\xb0\x1ck\xe5[\xdf\x8d=\x1e\xc3\xad\
\x94\xca1\xbf\xbb\xff+\xea\x1f\xf77`\xcf\xd63s\
\xe1\x93\xfd}\xb1\x16\x00*\x7f\x19\xfa]\x09\xe7L\xf3\
\x06\xd8\xb3J:\x0b\xa5\x0a\x8a\xc5\xdf\xee\xff\xa2\xe65\
\xc4[\xd6\xf9\x17\xb07\x86;\xf7\x9e\x8b\xd2/Z\x00\
\xa8\xfce\xdc\xbb\x81.\xe94X\xff0\xba=\xb0R\
\xfe\xe9L\x81\xeb\xe3G\xaeb\xab\xeci\xe4{\xa5I\
;w\x0f\xe4\x0dZ\x00\xa8\xbcef\xdc\xbe\x07\xcc\xfd\
\xd2y\xd0\xb2\x05v\xc9\x8fF(U(:|\xec\xfe\
/j^I\xbcu\xbd\x7f\x01{\xf7's\xe1\xad\xdb\
\x06\xf2\x06-\x00T~3\xf6'\xd2)\x00\xd9^\x00\
]\x11\xa0T\xce\xa5\xdc\xec\x04@\xbfTl\x09\xc4\xd3\
?`\x06|\xaf\xd3\x02@\xe5\xb7\xe9\x0b\xfe\x02\xac\x95\
N\x83\xb6z\xd8)|6\xb8R\x05\xc0\xcf\xa7\xff\xe2\
\xc6\xd7\x88\xb7o\xf2/`\xaf\xec\x16\x1a\xeb\x07<\xe3\
X\x0b\x00\x95\xd7\xb2\x13b\xcc\x8f\xa4\xf3\x00\xe0\xadG\
\xc0\xfa\xf8h\xa2T\x81\xb1\xd6\xc7\xd9\xff\xd6\xa5\xe2\xed\
G|\x0a\xd6\x07c~d.\xbfg\xc07\x17-\x00\
T\xfe+)\xfa)\xd0$\x9d\x06\xed;`\x8b\x9e\x11\
\xa0T\xaet\xf88\xf9\xafl\xe7rb\x1d\xf5\xfe\x04\
;\xbcv\xc8\xdc9\x987j\x01\xa0\xf2\x9e9\xff\xc6\
V,\x83\xfa\x80xn\xc3\xa3\x90\xea\xf3\x8c\x0e\xa5\xd4\
 \xb4\xfb\xf4\xf4\xef\xa4;\x82\xf3\xf4\x8f\xf9Iv\xc2\
\xf3\xc0i\x01\xa0\x0aC$\xb2\x00HJ\xa7A\xaa\x03\
\xd6\x07\xe5\xc6\xa1T\xfe\xe8J\xfb\xb7\xf3_\xc5\xd6G\
q\xd2\x81(\xe43\x18g\xe1`\xdf\xac\x05\x80*\x08\
f\xfa-[\x81\xdfK\xe7\x01\xc0\xd6\xe5\xd9I\x81J\
)\xcf\xb4\xf9T\xdeG;wP\xba# Cy\x96\
{\xcc\x8c[\xde\x1a\xec\xdb\xb5\x00P\x05\xc4\xfd!A\
\xd8\x91\xc7\xba\xb0F~{\x02\xa5\xf2E*\xe3\xdf\xd2\
\xbf\xaaM\x7f\xc4\x04e2\xaf5\xb7\x0e\xe5\xedZ\x00\
\xa8\x82af\xde\xf6\x1a\x10\x88\x0d\xbbiX\x03;^\
\x91\xceB\xa9\xbc\xd0\xea\xd3\xd3\x7fq\xe3k\x145\xaf\
\xf4'X\x9f\xec_\xcc\xec\xf9\xcf\x0d\xe5\x0aZ\x00\xa8\
\x02cn\x92\xce`\x9f7\xef\xcd\xce\x09PJ\x0dZ\
\xca\xcd\x8e\xff\xe7\x9a\xc9tQ\xb5\xf1\x0f\xb9\x0f\xd4_\
\xc6\xb9y\xa8\x97\xd0\x02@\x15\x143s\xfeb\xb0\xcf\
H\xe7\x01@\xb2\x15\xd6\xfeI:\x0b\xa5B\xad5\xe1\
O\x9c\xca\xcd\x0f\x10I\xca\xaf&\x06\xc0\xf0\x12\xd3\xe7\
?<\xd4\xcbh\x01\xa0\x0a\x8f\xe1?\xa5S\xd8\xa7\xfe\
9hxS:\x0b\xa5B)\xed\xd3\xd3\x7f\xbcu=\
e;\x97\xe7>P\x7f\x19\xf7\x9b\x039\xf5\xaf7Z\
\x00\xa8\x82cf,\x5c\x0a\xf6/\xd2ydYX\xf5\
;\xc8\xc8\xafPT*lZ|x\xfa7n\x9aa\
\x1b\x16\x11\x84\xf9\xc3Y\xf6\x193\xfd\xb6?{q%\
-\x00T\x81r\xbe)\x9d\xc1>\x9d\x0d\xf0\x96'\x9f\
g\xa5\x0a\x86_c\xff\xe5\xf5\x8b\x89vn\xcf}\xa0\
\xfe\xb2\xc6\xb3{\x97\x16\x00\xaa \x99\x99\xf3\x9f\xc2\xb2\
D:\x8f}6/\x83F\xf93\x8b\x94\x0a\x0b?\x9e\
\xfec\xed\x9b)\xaf\x0f\xc6\xc2\xa1\xbd\x9e2\xb3\x16x\
\x96\x90\x16\x00\xaa\x80\xb9_#(\xfdz\xd6\xc2\xeb\xbf\
\xd6U\x01J\xf5C\x22\x03\x89\x1c?\xfd\x1b7A\xf5\
\xba_\x05g\xcd?\x80\xb5\xdf\xf0\xf2rZ\x00\xa8\x82\
ef\xdd\xf6\x22\x98\xe0\xec\xcb\x9bh\xca\xce\x07PJ\
\x1d\x96\x1fO\xff\xc36\xdcC\xb4kW\xee\x03\xf5\x97\
e\x89\x99\xb5\xf0\xaf^^R\x0b\x00U\xd8\x8c\xfbU\
\xc0\x87\x91\xc4~\xda\xf9*l{A:\x0b\xa5\x02\xab\
#\x95\xdd\xf9/\x97J\x1aVP\xb2;P\x9fCw\
o\x8f\xa5\xa7\xb4\x00P\x05\xcd\xccX\xb8\x12\x02rR\
`\xb7\xd5\xf7@G\x80\x9e<\x94\x0a\x08K\xee\xd7\xfd\
G\x92MTm\x08\xc6\xb1!\xfb\x18\xee\xca\xf6Xz\
K\x0b\x00\xa52\x91o\x02\x83:N3'2\x09x\
\xfdnp\x83\xd31\xa1T\x10\xb4% \x93\xc3Y;\
\xc6f\xa8^\xfb\x0b\x9ct\xa0\xe6\xe2\xb4\x92vr\xb2\
w\x89\x16\x00\xaa\xe0\x99\x0boi\xc0\xf2]\xe9<\x0e\
\xd0\xb2)\xbbU\xb0R\x0a\xc8n\xfa\x93\xeb\x13\xff*\
7\xdfO\xbcmCn\x83\x0c\xdcw\xcc\x85\xb7n\xcb\
\xc5\x85\xb5\x00P\x0a Vs;\xf0\xbat\x1a\x07\xd8\
\xba\x1c\xb6\x06c\xd7b\xa5\xa4\xb5$r\xbbd\xa7d\
\xcf\x8b\x94m\xff[\x0e#\x0c\xcazRva\xae.\
\xae\x05\x80R\x80\x996/\x8d\xb1\xd7K\xe7q\x887\
\xff\x00-\x9b\xa5\xb3PJTg:\xb7\x9b\xfe\xc4:\
\xea\x19\xf6V\xc0\xc6\xfd\x01\xac\xf9\x92\xb9ha\xcef\
=h\x01\xa0\xd4^\xd9-\x82\x09\xce\xb2@\xc8\xce\x03\
\xf8\xfb\xcf \xd9&\x9d\x89R\x22\xac\x85\x96\xae\xdc]\
\xdfIwP\xbd\xe6g\x187`\xdbq\x1b\xf3\x84\x99\
5\xff\x81\x5c\x86\xd0\x02@\xa9\xfdY\xae\x03:\xa5\xd3\
8@W\x13\xbc\xfeK\x08\xd2\x86$J\xf9\xa4%\x99\
\xc3\x89\x7f\xd6\xa5z\xdd\xaf\x88&v\xe7(\xc0\xa0%\
\xb0\xe6\x8b\xb9\x0e\xa2\x05\x80R\xfb1\xb3\x16\xac\x05\xf3\
\x1d\xe9<\x0e\xd1\xb0\x06V-\x92\xceB)_%3\
\xd0\x9e\xc3\x07\xf3\xaa\xcd\xf7Q\xd4\xbc*w\x01\x06\xcb\
\xda\xef\x99\x99\xb7\xe6<1-\x00\x94:X\xb4\xfa&\
\xb0/K\xa7q\x88\xfaga\xc3c\xd2Y(\xe5\x0b\
k\xa1)\x87]\xff\xe5\xdb\x1e\x0f\xe2\xa4?\x80\xd5\xa4\
\xf9\x81\x1f\x81\xb4\x00P\xea f\xda\xbc4\x19>\x05\
\xa4\xa4s9\xc4\xfaGt\xa7@U\x10Z\x12\xd9\xa5\
\x7f\xb9P\xd2\xb0\x82\xca-\x0f\xe6\xe6\xe2C\xe3b\xdd\
O\xe7r\xe2\xdf\xfe\xb4\x00P\xaa\x07\xe6\xc2\x85\xaf\x02\
\xf3\xa5\xf38\x94\x85U\xbf\xcd\x0e\x09(\x95\xa7\x12\x19\
h\xcfQ\xf9\x1dk\xdf\xcc\xb0\xf5\xbf\xc9v1\x04\x8d\
5\xb7\x99Y\xb7=\xedW8-\x00T\xc1\xb0\x0d\x8b\
\xaal\xfd\x1f\x8e\xb3\xdb\x16\x9d`7=T\xdd\xe7\x1b\
\xba\xba\xbe\x05\xac\xcf}f\x03\xe4f\xe0\xb5\x9fC{\
\x80\xce(W\xca#n\x0e\xbb\xfe\xa3];\xa9}\xf3\
\x7f\x837\xe3?k3\xa5E\x9e\x9e\xf6\xd7\x17\xe3g\
0\xa5\xfcd\xb7.\x9a\x8c\x13\xbd\x04\xb8\x18\xec\xd9@\
\xc9A/I\x00/cx\x08c\x1f2#?\xf2\xf7\
C\xae\xb1t\xce4,\x8f\x13\xc4\xcfJ\xbc\x02\xa6\xce\
\x81\xd2\x11\xd2\x99(\xe5\x99\xc6.\xe8\xcc\xc1\xd3\x7f$\
\xd1D\xdd\xaa\xf9D\x12\x0d\xde_\xdc\x0b\xd6| \xd7\
\xcb\xfe\x0e\x16\xbc\x9b\x9aRCd\xeb\xef;\x1fc\xbf\
\x0d\xbcg\x80o}\x16k\xe7\x991\x1fY|\xc0\xf5\
\x96\xcc\xbd\x03\xec5\xdee\xe8\xa1\xe2a0u.\x14\
\xd7Hg\xa2\xd4\x90\xb5\xa7\xa09\x07O\xffN\xaa\x95\
\xba\x95\x0b\x88v\xed\xf4\xfe\xe2\xde\xb8\xcb\xcc\x5cp\x95\
\xdfAu\x08@\xe5\x0d\xbbsQ\xb9\xddv\xef]\x18\
\xfb$\x03o\xfc\x01\xde\x811\x8f\xdam\xf7\xdec\xdf\
\xbe\xafv\xdfW\xa3\xcd_\x02\xf3\x9ag\x89z\xa9\xab\
\x09^\xbe\x03\x12-\xd2\x99(5$i77\x1b\xfe\
8\xe9v\xeaV\xdd\x16\xe4\xc6\x7f=%\xc5\xd7I\x04\
\xd6\x1e\x00\x95\x17\xec\xb6\xfb'\x82\xfbg\xe08\x8f.\
\xb9\x05c.2\xa3>\xf4:\x80]<g\x0a\x0e/\
\x00\xc5\x1e]\xdf[\xe5c\xe0\x8c/B\xacL:\x13\
\xa5\x06\xccZ\xd8\xd5\xe1\xfd\xac\x7f\x93\xe9\xa2n\xd5\xed\
\xc4\xda\x03\xbb\x9dv\x1a\xec;\xcd\xcc\x85\xcfJ\x04\xd7\
\x1e\x00\x15zv\xc7\xfdG\x81\xfb4\xde5\xfe\x00\xe3\
\xb1\xf6I\xbb\xed\xfe\xb3\x00\xcc\xec\x05\xaf\x83\xcd\xc9\x91\
\x9c\x9eh\xab\x87W~\x0c\xa9@\x1dc\xaaT\xbf4\
\xe5`\xc9\x9f\x93\xe9\xa4v\xf5\x8f\x83\xdc\xf8\x03\xcc\x93\
j\xfcA\x0b\x00\x15rv\xcb\xa2\x1a\x5cw10&\
\x07\x97\xaf\x06\xf7\xb1\xee\x22\x80\xa7ko\x06\x1e\xcfA\
\x1co\xb4l\x86\x17o\x85D\xb3t&J\xf5[[\
\xd2\xfbI\x7fN\xba\x83\x9aU?\x0a\xe2\xd1\xbe\xfb{\
\x8a\xc6m7H&\xa0\x05\x80\x0a\xb7X\xe4\xa7\xc0Q\
9\x8cP\xd5]\x04\x98y\xf3\x5c\x9c\xc8'\x80=9\
\x8c74\xed;\xe0\xa5\xdb\xb2s\x03\x94\x0a\xb8D:\
\xbb\xe1\x8f\x97\x9cT\x0b\xb5\xab\x16\x12o\xdf\xe4\xed\x85\
=e\x9aq2W\x98\xcb\xef\x11=\xe0C\x0b\x00\x15\
Z\xb6\xfe\xdeK\xb1\x5c\xeaC\xa8l\x11\xb0\xfd\x0fg\
\x9b\xe9\xb7l\xc5\xf2\x19r{4\xf9\xd0t\xec\xcc\xf6\
\x04t\x04\xee\x80\x13\xa5\xf6I\xbb\xd9%\x7f^\x8a$\
\x1b\xa8[9\x9fXG\xbd\xb7\x17\xf6\x9a\xe1\xb3f\xfa\
\xed\xe2\x15\x8a\x16\x00*\x94\xac\x9d\xe7`\xf8\x9e\x8f!\
\xab\xb0f\xb1\xddv\xffYf\xd6\x82\xfb1\xf6\x7f|\
\x8c=p]\x8d\xf0\xd2\x02\xdd,H\x05\x92k\xa1\xa1\
3\xfb_\xafD\xbbvR\xb7r>\xd1\xae\x80\x17\xbe\
\xd6,03\xe6\xff^:\x0d\xd0\x02@\x85\xd5\xb6\x93\
g\xe1\xed\xa4\xbf\xfe\xd87\x1c@\xc3\xf6\x7f\xc3\xb2\xc4\
\xe7\xf8\x03\x93h\x86\x17\xe7C\xe3:\xe9L\x94\xda\xc7\
\x02\x8d\x9d\xdeN\xfa\x8b\xb7m\xa4n\xe5\x02\x22\x89\xa0\
\x0f}\xd9gh\xaa\xfeW\xe9,\xbai\x01\xa0\xc2\xc9\
\xb1\x1f\x14\x8a\x5c\x05\xeec\x5c\xf0\xd1\xa9\xd8\xe4\x15X\
\xde\x16\xca\xa3\x7fR\x1d\xf0\xca\x1d\xb0\xedE\xe9L\x94\
\x02\xa0\xa93\xbb\xd7\xbfW\x8a\x1b^\xa5v\xd5m8\
\xa9V\xef.\x9a\x1b\xdbq\xa2\x97\x99\xcb\xe7\x05f\x1f\
b\xdd\x07@\x85\x8e\xb5\xd6\xb0\xfd\xbe\xcd\xc08\xc14\
\x9a1v6o\xfc\xd5\xe2\x9a'\x81\x22\xc1\x5c\xfa\xc1\
\xc0\x91\x17f\x7f)%\xa49\x01\xed\x1e6\x7fe;\
\xfeJ\xd5\xa6\xfb\x83y\xb0\xcf\x81R\x18;\xdd\xccX\
\x18\xa8\xf3\x87\xb5\x07@\x85\xcf\xce?\x1e\x89l\xe3\x0f\
P\x05\xe6QNx\x0f\x18;W8\x97~\xb0\xf0\xd6\
\x9fa\xe5\xff\x81\x15\x9dx\xac\x0aTk\xd2\xc3\xc6\xdf\
\xbaTm\xbc\x87\xaa\x8d\xf7\x85\xa1\xf1\x07\xcc\x97\x82\xd6\
\xf8\x83\x16\x00*\x8c2\xeeX\xe9\x14\x00\xb0\x0c\x03\xf7\
1\xa6\xbck\x05\x96\x9fI\xa7\xd3/\xf5\xcf\xed\xdd0\
\xa8]:\x13U@:R\xd0\xea\xd1r?'\xddA\
\xed\x9b\xffK\xd9\x8e\xa7\xbc\xb9`\xee\xfd\x9f\x999\xff\
6\xe9$z\xa2\x05\x80\x0a\x1f\x87\xd1\xd2)\xec\xa7\x0a\
k\x16s\xdc\x99\xbf\x04\xe3\xdb9\xdeC\xd2\xb0\x06\x9e\
\xbd\x11\x9a\xc5W!\xa9\x02\xd0\x91\xf2\xeex\xdfX\xfb\
V\x86\xbf~\x13E\xcd\xab\xbd\xb9`\xaeY\x9e\xa7\xab\
\xeb3\xd2i\xf4F\x0b\x00\x15>\xf6\x90c}\xa5U\
\x11/}\x80#\xa6|\x1bX#\x9dL\xbf$\x9a\xb2\
\xcb\x04\xb7>#\x9d\x89\xcac^6\xfe%{^\xa4\
n\xe5\xadD\x12\xc1\xdd\x87\xeb\x00\x86\x8d8\xe6\xfd\xe6\
\x92;\x03\xbb?\xb7\x16\x00*\x84\x9c\x1d\xd2\x19\x1c\xc2\
2\x8c\x8a\x9a{\x18u\xf4\x7f\x80\x09\xec\xb1c\x07p\
\xd3\xb0\xeaw\xf0\xc6\xaf\xc1\xcd\xc1\x01\xec\xaa\xa0y\xd6\
\xf8[\x97\xca-\x0fR\xbd\xeen\x8c\x1b\x98\x09\xf4}\
0\xcdd\xb8\xc4\xcc\x98\x1f\xbc{\xd5~\xb4\x00P\xe1\
\xe3f\x82\xba\xbbM\x15uc\xef\xa2f\xd47\x81\x1c\
\x1cl\x9a#\xdb^\x80\x17\x17BgH\x9e\xacT\xe0\
y\xd5\xf8G\x12\xd9\x9d\xfd\xca\xeb\x97\x0e\xfdb\xfeI\
a\xed\x87\xb3\x07\x88\x05\x9b.\x03T\xa1cw\xfd\xa9\
\x82tz7\x10\x97\xce\xa5G\x86&6\xae\xbc\x91\xd6\
]\xffE\x98\x8a\xecH\x11\x1c\xfbA\x18{\xaet&\
*\xc4\xda\x93\xd9\xe5~CU\xb2g\x05U\x1b\x7f\x8f\
\x93\x0el\x0fzO,\x98O\x9a\x99\xf3\x7f%\x9dH\
\x7fh\x01\xa0B\xc9n\xbbo)\xd8\xe9\xd2y\x1cF\
3\xeb_\xfc?:\xdb\xaf\x91Nd\xc0F\x9c\x02\xc7\
\xff\x13\xc4J\xa53Q!\xd3\x92\xc8\x9e\xee7\x14&\
\xd3\xc5\xb0\x8d\x7f\xa0d\xf7\x0b\xde$\xe5'k\xbfe\
f-\xfc\x8et\x1a\xfd\x15\x9e\xa7\x13\xa5\xf6gyX\
:\x85>Tq\xd4\xd4\x8fQT\xf2\x07\xe9D\x06l\
\xe7\xab\xf0\xdc\x0ft\x0ba5 M]Co\xfc\xe3\
m\x9b\x18\xfe\xda\x0f\xc3\xd9\xf8c\x7f\xc2\xcc\x85\xdf\x95\
\xceb \xb4\x00P\xe1\x14\xb3\xbf\x03<>H\xd4s\
U\x1c{\xe6\x0c\xe2%\x7f\x92Nd\xc0\xba\x9a\xe0\xe5\
\xdb`\xed\x1f!\x13\x96\x89WJ\x82\xdd{\xb0O\xc7\
\x10\xe6\x91\x1a7E\xe5\x96\x07\xa9[y+\xd1D\xc0\
\x0f\xf3\xe9\x89\xe5\x0f4n\xbf\xc6\x98\x00\x9f\x12\xda\x03\
\x1d\x02P\xa1e\xb7\xdd{\x07\x10\xfc.vk\x9bx\
\xf3\xb9\x17H'fJ\xa72(%\xb5p\xdc\xe5P\
\xeb\xf7\xd9K*\xe8\xd2n\xb6\xf1\x1f\xca\xc1>\xf1\xd6\
\xf5\x0c\xdb\xf0{\xa2\x9d\x81\x9e0\x7f8\x7f\xa2\xba\xeb\
23\xf5\xce\xd0-\xa5\xd1\x02@\x85\x96\xad\x7f\xb0\x0e\
\x93\x5c\x0d\xd4J\xe7\xd2'c\x9bX\xf5\xcc\xeb\xa4S\
\xe7K\xa72h#O\xcd\x16\x02\xb12\xe9LT\x00\
$3C;\xd2\xd7\xc9tR\xf1\xf6\x9f)\xdb\xf1d\
H\xb6\xf3\xed\xd1R\xa2-\x97\x98i\xbf\x08\xcf\xaa\x9f\
\xfdh\x01\xa0B\xcdn\xbb\xf7b\xe0A\xc2\xf0\xb3l\
m3\xab\x97\xaf\x22\x93~\x87t*\x83\x16\xaf\x80\xc9\
\x1f\x86\x91\xa7Ig\xa2\x04\xb5\xa7\xa0y\x08M^I\
\xc3\x0a\xaa6\xde\x8b\x93j\xf1.)\xdf\xd9g\x88f\
f\x99iw\xb4Ig2X\xc1\xbfi*\xd5\x07\xbb\
\xed\xdeo\x02\xe1\x98y\x9b\xce\xb4\xb0\xee\xd9\xf5\xa4\xd3\
\xe1nA\xab\x8f\x81c/\x85\x8a`\x1c\xcb\xa0\xfca\
-4%\xa0s\x90\x9d\xdd\xd1\xae\x9dTn\xba\x9f\xe2\
\xa6\x95\xde&\xe6\xbf\x15$R\xef1\xef\xfbQ\xa3t\
\x22C\xa1\x05\x80\x0a=\xfb\xda\xbf\xcf\xa2b\xc2\xc3\x14\
\x8d\x8cJ\xe7\xd2/\x99d\x17k^\xd8L&}\xac\
t*Cb\x0c\x8c\x9a\x0a\xc7| \xdb3\xa0\xf2Z\
*\x03\x8d]\x83\x1b\xefw\xd2\x1dTl}\x94\xb2\x1d\
\x7f\x03;\x84\x09\x03\xc1\xf0\x02\x99\xc8\x85\xe6\xc2[\x1a\
\xa4\x13\x19\xaa\x88t\x02J\x0d\x85}\xed\xdfg\xe1\xf0\
G\x92\xcdE8Q\x88\x96K\xa7\xd47'\x12\xa5f\
D5\x8d\xdb_\xc1\xda \x1dl4pm\xf5\xff8\
O\xa0r\x02\x18]X\x94\x8f:S\x83\x1c\xef\xb7.\
\xa5\xbb\x9e\xa1f\xed\xcf(jY\x0b\xe1\x9a$\xdf\x93\
\xbf\x91\xb2\x17\x9a\xf7\xceo\x92N\xc4\x0b\xda\x03\xa0B\
k_\xe3\xbf\xff\xe1@e\x13\xa0x\xa4`V\x03\x90\
lL\xb3\xee\xefO\xe3\xf2.\xe9T<Q:\x02\x8e\
\xba\x08F\x9c\x9a\xed\x1dP\xa1\x97\xb1\xd9\xb1\xfe\xae\xf4\
@\xdfi)n\xf8;\x95o?B\xb43\xa8;w\
\x0f\xd82\xa2\xe9\xf7\x87y\xcc\xff`\xfa)U\xa1\xd4\
c\xe3\xdf-LE@\xdb\xfa\x0e\xde\xde\xfaW\xd2\xf6\
\xbd\xd2\xa9x\xa6l\x14\x1c\xf9^\x18y\x0az\x8b\x09\
\xaf\xcet\xb6\xf1\x1f\xe8S\x7fQ\xf3\x9bTny\x90\
X\xfb\x96\xdc$&\xe3!\xa2-\x97\x85u\xb6\x7fo\
\xf4\xd3\xa9B\xe7\xb0\x8d\x7f\xb7\xd2qP\x12\x82\xde\xf5\
L\x174\xbf\xd6\xcc\xce\xae'I\xbb\x97H\xa7\xe3\xa9\
\xf210i\xb6\x16\x02!3\xd8\xa7\xfe\xa2\xe67\xa9\
\xd8\xf20\xf1\xf6M\xb9IL\x8a\xe5w\xd4t]\x19\
\xc6u\xfe}\xd19\x00*T\xfa\xd5\xf8\x03\xa4Z\x08\
\xc5\x9c\x00'\x0a\xe9\xf6bJ2\xa3\xe8\xcc<\x84k\
O\x90N\xc93\xc9V\xd8\xb9\x02\xf6\xac\x86xyv\
\x88@\x87\x06\x02\xad=\x09\x0d\x03\x99\xe8g-\xc5M\
o0l\xc3o\xa9\xa8\x7f\x8cH\xaa9\xa7\xf9\xf9\xcf\
\xfe\x84\xe5\xb5\x9f2\x1f\xbb9#\x9dI.\xe8\xa7Q\
\x85F\xbf\x1b\xff\xfd\x85\xa1'\xa0k\x07\xb4o\x06C\
3\xbb\x12w\x91\xca\xcc%\x1f\xb7\xe9.\xa9\x85\x09\xef\
\x821\xe7@$\x98\x079\x16\xaaD\x06Z\xba \xd5\
\xcf\x86\xdf\xb8i\x8a\x1b^\xa1\xa2~i>\x8d\xf1\xef\
\xcf\x02\xdfa\xc6\x82o\x87m{\xdf\x81\xd0\x02@\x85\
\xc2\xa0\x1a\xffnA/\x022Ihz5\xfb{C\
3\x8d\xa9\x1b\xe8L\xfd'\x0c\xe2{\x0d\x83X\x19\x8c\
=\x07\xc6_\x00EU\xd2\xd9\x14\xb4\x8c\x85\xd6D\xff\
\xf7\xf1w2\x9d\x94\xec~\x9e\xf2\xfa\xc7\x89$\xf3\xed\
i\x7f\x9f$\xd6\x5cef\xcd\xff\xb5t\x22\xb9\xa6\x05\
\x80\x0a\xbc!5\xfe\xdd\x82>1\xb0q\x05\xb8{\xef\
\xc2\x86f\x9a\x13_\xa6\xdd\xfd\x1e\xd8\x11\xb2\x89\xe5\x90\
\x13\xcbn/<\xf6\x1c\x18v\x94t6\x05%c\xb3\
'\xf7u$\xfb\xb70/\xde\xfa\x16\xa5\xbb\x9e\xa5d\
\xcf+\x187\x8f\x0f\x8724b\x9d\x0f\x99\x99\xb7\xfe\
E:\x15?h\x01\xa0\x02\xcd\x93\xc6\xbf[\x90{\x02\
\x9a\xde\x80L\xc7?\xfelh\xa6\xdd\xfd\x14\xcd]\xdf\
\x03&\x8b\xe5\xe5\x97\xd2\x110\xe6\xec\xec/\xddT(\
g\xdc\xbd\x0d\x7f{\xaa\xef\xed\xf7\x9dL'\xc5{^\
\xa1l\xc7\xdf\x88u\xd4\xfb\x93\xa0\xac\x0d\xe0\x5clf\
\xde\xbaJ:\x11\xbfh\x01\xa0\x02\xcb\xd3\xc6\xbf[P\
\x8b\x80\x965p\xf0\x04*C3I\xf72\xf6t}\
\x03\xcb\x052\x89\xf9\xcc\x89\xc0\xf0\x93`\xf4\xd9P;\
\x19\x8c\xceS\xf6B\xc6f'\xf8\xf5\xd5\xf0\x1b\x9b!\
\xde\xf2&\xa5\xbb\x9e\xa7\xb8\xf15\x8c;\xe0\x0d\x00\xc2\
\xea9\x8c\xf9\x80\x991?\xb4G\x12\x0e\x86\x16\x00*\
\x90\xeck\xff>\x0b\xc3\x9f\x80b\xcf/\x1e\xc4\xe1\x80\
\xd6\xb5\x90\xecas1C3d.\xa1>\xf1I\xe0\
S~\xa7%*Z\x02\xc3\xa7d\x0f\x1e\xaa=N\x8b\
\x81AHe\xb2\x8d~g\xea0]\xfd\xd6\x12o\xdb\
@I\xc3\x0aJ\xf6\xbc\x8c\x93j\xf53\xc5 \xb8\x9b\
\xb2\xc8g\xcd\xb9\xb7tJ'\xe27-\x00T\xe0\xe4\
\xe4\xc9\xff`A\xeb\x09h^\x09\xe9\xf6\x9e\xff\xce\xd0\
\x0cf6\xf5\x1d\x93\xc1\xfe\x98|\x9d\x1cx8\xb1\xb2\
\xec\x0e\x83#O\x85\xea\xa3\xb4\x188\x0c\x0bt\xa5\xb2\
\x0d\x7f\xb2\xb7\xc5k\xd6\xa5\xa8u=\xc5\x0d+(i\
X\x81\x93\xca\x9b\xcd\xed\x06\x22\x8d\xb5\xdf0\xb3\x16\xfe\
@:\x11)Z\x00\xa8@\xf1\xa5\xf1\xef\x16\xa4\x22`\
\xffI\x80=\xe9.\x02\xb6w\xa6\xb0\xee\xbdX&\xfa\
\x96[\xd0D\xe2P5\x09\x86\x9f\x98\x1d.(\xae\x91\
\xce(\x10R\x19\xe8Hg\x9f\xf6{\xda\xbd\xcfI\xb5\
R\xd4\xbc\x9a\xe2\xa6\xd7)jz\x13'Sp\x0f\xbc\
\xfb\xab\xc7\xe123}\xc1r\xe9D$i\x01\xa0\x02\
\xc3\xd7\xc6\xbf[\x10\x86\x03\xdc44\xbe\xd2\xf7\xeb\xba\
\x8b\x80\x9d\xc9\xf5\xa4S\xbf\x05f\xe4<\xb70(\x1b\
\x05u\xc7C\xcd\xe4la\x10\xf5~\xd4(\xa8Rn\
\xf6i\xbf#\x0d\x99\x83\xd6\xf0\x1b7A\xbcu\x03E\
\xcdoR\xdc\xbc\x8ah\xc76\x99$\x83\xe7)2\xce\
\xe5\xe6\xc2[\x0b\xfe\x1fD\x0b\x00\x15\x08\x22\x8d\x7f7\
\xe9\x9e\x80\xc4\x1eh{\xab\x7f\xaf\xed.\x02\xdeX\xf7\
\x225c\xfe\x1bk\xbf\x8a~\x8e\xff\xc1\x18(\x1d\x09\
\x95\xe3a\xd8\x91\xd9_e\xa3\xa4\xb3\xf2T2\x93\xdd\
\xa6\xb7+}\xe0\x8e}\x91d\x0b\xb1\x8e-\xc4[\xdf\
\x22\xde\xfa\x16\xb1\xb6M\x18\x9b\x97\x1b\xd8\x0d\xc5\x9dT\
w}1\x1f\xb7\xf5\x1d\x0c\xbdq(q\xa2\x8d\x7f7\
\xc9\x9e\x80\xd6\xf5\x90\x1c\xc0\xd1\xe2{\x8b\x00s\xe2\xf7\
\x9f\xb3\x8f\xcd\xb9\x14\xc3O\x80\xda\x9c\xe5\x17vE\xc3\
\xb2\x05A\xf9\x18\xa8\x18\x93\xfdoI](\x8e.\xb6\
6\xfb\x94\x9f\xccd\x7f%2`]K4\xb1\x9bX\
\xc7V\xa2\x9d\xdb\x88ul#\xd6\xbe\x89H\x22/N\
\xa8\xcd\x0dC#\xd8\xab\xcd\x8c\x85\x7f\x90N%H\xb4\
\x00P\x03f\xed\xb2(;\xf6\x9c\x81\xeb\x8c\xc5\xb8c\
\xc0)\xc3\xb8\xbb\xb0f\x07\x11\xbb\xc6\x8c\xf8\xc8\xda~\
_+\x08\x8d\x7f7\x89\x9e\x007\x05M\x7f\x07\xdb\xdf\
\xcd\xd7\xf7\xda\xbf\x08X:w$.?\xc7\xe4L\x90\
\x88b\x00\x00\x1b`IDAT\xd1\x89\x82\xb9\xe6\xc4\
\xa0|t\xb6\x18(\xad\xcbnS\x5c\x5c\x93\xfd\xaf\xd0\
>\x04\xae\xcd>\xd1\xa7\xddl\xa3\x9fNt`\xdbw\
\x13I\xec!\x92\xd8C\xb4k\x17\xb1\x8ez\xa2\x9d\xdb\
\xf3{3\x1e\xcf\xd9gp\xed\xc7\xcd\xec\xdb6Hg\
\x124Z\x00\xa8~\xb1\xf6\x7fc\xec\xa8\xfb\x10\xd6|\
\x08cga\x19v\x98\x97\xaf\xc3\x9a\x871\xf67f\
\xf4\x87_\xe8\xf5\x9aAj\xfc\xbb\xf9\xdd\x13\xd0\xb1\x19\
:\x07\xb9\xf4x\xff\x22\xc0bX2g\x0e\x86\x1f\x00\
E\x9e\xe6Xh\x9cX\xb6\x10\xe8.\x06be\x10/\
\xcb\xfe7V\x0e\xb1\xd2\xec\xef\x9dhv\xa9\x22d\x7f\
\xdf\xc3\xf9\x06\x96\xeeu\xf7\x16k\xc1u3\xb8\x99\x0c\
6\x9d\xc0\xa6\xbb\xb0\xc96H4c\xdbwa\xba\xf6\
\xe0\xa4Z\x89&\xf6\x10I4h#?ti\xe0\xbf\
i\xdc\xf6]s\xf9=:\x16\xd2\x03-\x00\xd4aY\
k\x0d;\xee\xfbg,\xdf\x03\x8e\x18\xf8\x05X\x82c\
\xbedF}\xe8\xf5\x03\xbe\x1c\xc4\xc6\xbf\x9b_E@\
\xba\x03ZV\xf6\xbd%\xdb\xe1\xecW\x04\x00\xd8'\xae\
?\x91L\xe6\xff\x80\x93=\xcaR\x0dT\xb4\x18\xeb\xc4\
1\xc9\x16\xe9L\x0a\xd9\x06\x8c\xf3q3\xe3\xd6g\xa4\
\x13\x092-\x00T\xaf\xec\xb6E\xc3!\xf2s\xe0\xe2\
!^*\x85\xb1\xff\xc9\xc8\xd7o4f\x9e\x1b\xe8\xc6\
\xbf[\xae\x8b\x00\xebf\xd7\xfe{\xb1\x14\xeb\xe0\x22`\
\xf9\xf5%\xb4\xbb7\x83\xfd\x1c\xfa\x19W\x05\xc7\xfe\x04\
\xb7\xe8z3\xfb\xa6^6\xd6P\xdd\xf4\xe6\xa0zd\
\xb7/\x9a\x84\x1bY\x8c\xe1\x18\xcf.j\xb8\x9f]\xaf\
\xdc\x85\x93^\x14\xe8\xc6\xbf[\xae\xe6\x04X\x0bm\xeb\
!\xd9\xe8\xdd5\x0f*\x02\x00\xec\xe2\xb9\x17\xe0\xd8;\
)\x84\xb3\x04\x942l\xc4\x9a\xcf\x99\x99\xf3\x17K\xa7\
\x12\x16Z\x00\xa8C\xd8\xb7\xef\x1dG\x84\xe5\xc0x\xcf\
/\x9en\xc9\xd0\xbc&\xd2\xbf3\xc8\x84\xb5&a\xd8\
8\x186\xf0\x91\x8f\xde\xb9\xd0\xb6\x01\x12\x03\x98\xf5\xdf\
_\x86f\xac}\x97\x99\xf2\x83W\xbb\xbf\x94\xed\x0d\xc8\
\xfc\x1b\xf05 \xe6}P\xa5\xc4\xb9\xc0O))\xfe\
\x8a9\xff\xc6\x82\xdb\xc7x(\xb4\x00P\x07\xb0\xf5\x0f\
\x96b\x92\xcf\x03'\xe6,H\xaa\x19Z\xd6\x91\xfd\xdc\
\x06Tk\x12\xda\xf6\x1e\x842z4\xd4x\xb0\xfdl\
&\x91}\xf2\xefm\xcb_ol\xc6$N3'\xde\
r@\x85a\x1f\xbd\xf6\x14\x22\xceO\xc1N\xcdep\
\xa5\xfce^\xc3\xe53f\xf6\xfc\xe7\xfa~\xad:X\
\xf0\x17\xc2*\x7f\x99\xe4M\xe4\xb2\xf1\x07\x88UA\xe5\
\xd1\x04\xf6\xc7o\xff\xc6\x1f`\xdb6\xa8\x7f%\xbba\
\xcf`X\x17:\xb7A\xf3\xeb\xb9n\xfc\x01&`\x8b\
~|\xf0\x17\xcd\x85\x0b_%Z}\x0e\x96\xeb\x00\x1d\
\x1bUa\xd7\x05|\x9b\xc6\xea\xa9\xda\xf8\x0f\x9e\xf6\x00\
\xa8}l\xfd\xfdg`\xdc\xe7\xf1\xabe\x0ebO\xc0\
\xc1\x8d\xff\xfe*cPY\x01E\xc3!>\x0c\x22\x87\
\xd9r\xd6\xdalc\x9fj\x82\xc4\xae\xecv\xbf~\xb2\
\xee,s\xd2\x8dKz\xfc\xabG\xaf?\x9a\x88{+\
\xd8\xa1N\xeeTJ\xc2\xa3\x98\xcc\x5c3\xe3\xf65\xd2\
\x89\x84\x9d\x16\x00j\x1f\xbb\xed\xde?\x01\xef\xf75h\
\xaa\x19Z\xd6\x12\x889\x01\x87k\xfc\xbbU\xc4\xa0|\
\xefPz\xa4\x08\x22\xa5\xe0\xc4\xb3\xeb\xc0\xad\x05\x9b\xca\
n\xee\x93j\xcf\xfe^\xcesf\xca\x0d\xef8\xdc\x0b\
\xeccs\xa6c\xcc-`O\xf2+)\xa5\x86`-\
\xd6|\xdd\xcc\x9a\x7f\x8ft\x22\xf9B\x0b\x00\x05\x80\xdd\
u\xefh\xd2\xbc\x8dD\xbf|\x10z\x02\xfa\xd3\xf8w\
\xab\x8cAY\x08\xe6\xd3\xb9\xf6ds\xf2\x0f^;\xdc\
K\xec\xb2yQ2\x0d\x9f\xc2\xf2_\xc0p\x9f2S\
j \x9a\xb0\xf6\x06\xd2\xdcj.Z\x98\x90N&\x9f\
\x04t\x10V\xf9.\xc3\xc5H\xfd<\xec\x9b\x13 T\
\x8f\x0e\xa4\xf1\x07hIA[\x08\xce\x12\x89\x98\xf7\xf5\
\xf5\x123m^\xda\xccXp'\x89\xd4d\xacY@\
v\xf74\xa5\x82\xc0\x05\xee\xc6MN6\xb3\x16\xfe@\
\x1b\x7f\xefi\x01\xa0\xba\xc9\x8e\x07\xc7\xaa\xa0\xf2\x18|\
/\x02\x06\xda\xf8\xef{_\x08\x8a\x00\xdb\xff\xff\xa7\xe6\
}?j4\xb3\xe6\xcf\xc5\xe54\x0c\x0f\xe62-\xa5\
\xfa\xe1\x11\x8c9\xcd\xcc\x5cp\xa5\x99\xfd\xe3\x9d\xd2\xc9\
\xe4+\x1d\x02P\x00\xd8m\xf7n\x02&H\xe7\xe1\xeb\
\x9c\x80\xc16\xfe\xfb\xdb\x7fN@\xd0\x18:\xcd\x897\
\x94\x0e\xe6\xad\xf6\xd1kO!j\xbe\x8e\xe52\xaf\xd3\
R\xaaw\xe6i\xac\xfbu3k\xe1_\xa53)\x04\
Z\x00\xa8\xec~\xff\xdb\xef\xeb$(\x87\xc8\xf8Q\x04\
x\xd1\xf8w\x0br\x11\xd0e\x87\x99\xa9?h\x1e\xec\
\xdb\xed\xd2\xeb\xce\xc1\xba\xdf\x01fx\x98\x95R\x07\xb2\
,\xc7\xba\xdf4\xb3o{B:\x95B\xa2\x05\x80\xc2\
nYTC42\xc8E\xee9\x92\xcb\x89\x81-)\
h\xf7\xb8\xfb>\xa8\x13\x03\xad{\x829\xe9\xc6UC\
\xbe\xcc\x92\xb9\xe7\x83\xfd\x0e0\xcd\x83\xac\x94\xea\xf6,\
\xae\xfd\x9e\x99\xbdP\x87\x9d\x04h\x01\xa0\xb0\x0d\x8b\xaa\
HD\x9a\xa4\xf38D.z\x02\xbc|\xf2?X\x10\
{\x02\x9c\xcc\xb1\xe6\x84\x1f\xae\xf5\xearv\xe9\xb53\
\xb0\xe6_\x81\x99\xe8\xfdC\x0d\xdeR07\xe9\xbe\xfd\
\xb2\xf4\x03\xac\x00\xb0\xdb\xeem\x07\x065^\x9cS^\
\x16\x01\xb9l\xfc\xbb\x05\xad\x080\xc5\x15\xe6\xc4ym\
^_\xd6.\xf9\xe2I\xe0|\x11\xb8\x128\xcc\x8eH\
J\xed\x93\xc2\xf0G\x8c\xbd\xc9L_\xf8\xbct2J\
\x0b\x00\xb5\x97\xddv\xef[\xc0$\xe9<z\x94j\x82\
\x96\xf5\x0ci8\xc0\x8f\xc6\xbf[p\x86\x03\xda\xcc\x94\
\x1b*r\x19\xc0.\x9d;\x12k\xaf\x01\xae\x05jr\
\x19K\x85V+\xd6\xfc\x1c\xc3\xcdf\xe6\xfc\xcd\xd2\xc9\
\xa8\x7f\xd0\x02@\x01`\xb7\xdd\xfb[\xe0\x9f\xa4\xf3\xe8\
\xd5Pz\x02\xfcl\xfc\xbb\x05\xa1'\xc0\xb2\xd4\x9ct\
\xc3L_B=\xf5\xd5\x0a:;\xaf\x02s\x0dp\xac\
\x1f1U\xd0\xd9uX\xe7\xc7\xa4\xdd\x9f\x98\x8b\x16\xb6\
Hg\xa3\x0e\xa5\x05\x80\x02\xc0\xd6\xff\xe1\x0a\x8c\xb9[\
:\x8f\xc3\x1aL\x11 \xd1\xf8w\x13/\x02\xcc\xf5f\
\xca\xf7o\xf5;\xaa]<\xe7\x0c\x1c\xae\x06\xae \x88\
\xc3J*\x97\x12\x18\x1e\x00{'\xd3\x17>nL\x10\
\xf6\xf8V\xbd\xd1\x02@\x01`\xdf\xbe\xaf\x96\x88\xdd\x0e\
D\xa5s9\xac\x81\x0c\x07H6\xfe\xdd*\xe2P.\
\xf4O\xea\xf1\x04\xc0\x81\xb2K\xae\xae\xc2\x14\x7f\x14\xcb\
5\xc0\xa9Ry(_\xac\xc6\xda_\x90\xe6.s\xd1\
\xc2]\xd2\xc9\xa8\xfe\xd1\x02 \x8f\xcd\xbejQM&\
V<\xc3\xbav\xbc\xc5\x8c5\xd8*\x0cM\xc0Vc\
\xcc\xa6tW\xe6\xf1\xbf\xfc\xe2\xd2}\xb3\xff\xed\xf6{\
\x7f\x8d\xe5\xe3\x82)\xf7O\x7fz\x02\x82\xd0\xf8w\x13\
\xe9\x090\x8b\xcd\x94\xef_\xe8s\xd0^\xd9\xc5s\xcf\
\xc6q\xaf\x02\xf3at\xae@\xbeh\x02\xee\xc3\xe1g\
f\xfa\x82\xe5\xd2\xc9\xa8\x81\xd3\x02 \xcf\xbc\xfb\xf3\x8b\
\xca#\xe9\xf8\xa70\xe6#\xc0\xb9@\xe40/O\x83\
y\xcaX\xbb\xa8\x04\xe7\x97\x0f|\xabs<N\xe4\xef\
@\xdc\x9fl\x87\xe0p=\x01Aj\xfc\xbb\xf9\xdb\x13\
\xe0b\xdcs\xcc\x897\x06n\xa6\xb5]tY\x84\xea\
1\xe7`\xb9\x0cc?\x06\xd4I\xe7\xa4\x06\xa4\x03x\
\x02k~E\xda}@\xf7\xe7\x0f7-\x00\xf2\xc4\xbc\
y\xff\xbf\xbd;\x0f\x92\xa3\xbc\xcf8\xfe\xbc=\xb3\xab\
\x03I\x18$N\x1f\xc1\xc2\x80\xcd! \xf8(\x1c\xc0\
H+\x04v\x02\xd8\x7f\xd8\xc69\x5c\xe0\x80d\xc4\x11\
\xa82\x94\x8fJ\x95\x9c\xa3\xc0\x8e\x0b\xc7\xc2G\x19C\
\x85\x22\xe5\xc4\x05\x01t\xd8rp\xd9\x02\xdb@\x9c\xc4\
r\xb0\xd0\xca\x06\x84 \x10$V\xd2\xde\xd7\xec\xcct\
\xbf\xf9c5\xa0\x95vW\xb3\xbb\xfd\xf6\xfb\xf6\xcc\xf7\
S\xa5ZI3\xf3\xf6\xaf\x0a\xb4\xcf\xb3\xefLw\xaf\
\x89\x9e\xdcu\xee*k\xf4\xb7\x92\x16Nc\x89\x0ec\
\xf4\xc5\xc7\xd6\xd8\xc5\x91\x8d\xbf\x94\xf6|N\x8cW\x02\
B\x0c\xff\x9a\xecJ\xc0=\xe6\xcc;Weq\xa0\x99\
\xb0\x9bn\x9a\xa5\x82V(2\x1f\x97t\xa5\xa4\x05\xbe\
g\xc2\xb8\x86%\xfdL2\x0f)iy\xd8\x5c\xfa\xb5\
A\xdf\x03!\x1d\x14\x80\x06p\xf1\xea\x1f\x1d_\x88\xab\
\xdf\x97\xb4l\xa6k\x19\xa3\xc7~pK|\xf4\xc2#\
\xed\xfbR\x18\xcd\xbd\x03K@\xc8\xe1_\xe3\xbe\x04\xb4\
+\xae~\xc0\x9c\x9d\xafo\xd2\xf6\xe9[\xe7h \xbe\
L\x91>\xa2D\x97\xc9\xe8m\xbegjr\xaf\xc9\xea\
\xdfe\xcc\x8fU\x1a\xfe\xb1\xb9\xfc\x9e!\xdf\x03!}\
\x14\x80\x9ck\xbb\xee\x91S\x15\x15\x1e\x93tRZk\
\x16\x22\xbdt\xef\x0d\xb1y\xfbB\x9b\xda\x9aNUz\
\xa4]\xbf\x1b-\x00y\xb0\xa0uDG\x14\xd3\xbf\xef\
\x82\xd1k2\x85?2\xa7\xff\xfd\xff\xa6\xbev\xc6\xec\
Oo],\xc5\xcbeu\xb9F\xaf:\x18\xc6}*\
\x1aW,\xa3gd\xf5C%\xda\xa8\x15k\x7f\xc3'\
\xf8\x1b\x1f\x05 \xc7\xda\xae{\xe4T\x99\xc2\xe32:\
1\xed\xb5\xe7\xcf\xd1\xc07\xaf\x8b\xe7\xbd\xf5\xe8\x9c|\
\x0f(uK;\xb7I\x89\x83{\x07\xa4\xca\xf4J\xc9\
e:a\xeer\xc9\xfc\x8d\xd2\xfb7\xf8\xbc\x12}\xd8\
,\xb9sgJ\xeb\x05\xc3>\xbez\x9e\xaa\xc56I\
+$]$\xe9tq+\xf3\x99Jd\xed\xefd\xcc\
/e\xa2\xc74\xbb\xf5g\xe6\x82\xaf\xf6\xfb\x1e\x0a\xd9\
\xa2\x00\xe4\x94\xcb\xf0\xaf9f\x81\xf4\xb5\xabc\xe5\xa6\
\x04\xf4\xbf&\xbd\xf2\xa2dC\x9dw4\xfc\xcd%w\
\xffJ\x92l\xfb\x17\xae\x90\xb5\xf7i\xa6\x1f\x84\xb3\xe6\
AUg\xad2\xe7\xae\x09\xef~\x0e\x0e\xd8'o\x9f\
\xaf\xd2\xf0\x07d\xcd\x05\x92\xce\x93\xcc\x85\x92=\xd2\xf7\
\x5c\x81\xab\xc8h\xab\x12\xf3\x94\xa4'\x15U7\x9b\xe5\
\xdf\x0a\xeb\x06`\xc8\x1c\x05 \x87\xb2\x08\xff\x9a\x5c\x95\
\x00k\xa5\xce\xedRGg\x80%`l\xf8\xd7\xd8\xf6\
[\x8f\x96\x9d\xf5eI\xd7j\xaa\xd7\xd47zV\xc6\
|\xde\x9c~\xc7\xa6\x14\x07\xcd\x1d\xfb\xeb\x95-\xea\x9c\
\xf3\x87\x8a\xf4A\xc9\x9e+\xe9,\x8d\xee\x12\x84\x7f6\
\x8b\x1beI\xbf\x97\xf4\xac\x8c~#k\x9f\xd6Q#\
[\xcc{\xefI\xf9\x16\x98\xc8;\x0a@\xced\x19\xfe\
5\xb9*\x01\xd5\x01i\xcfv\xa9\xbb\x14P\x09\x18?\
\xfc\x0fd\xdbo;^I\xf4IE\xd1\x1f\xcb\xda\x0f\
i\xe2\xf0zY\xd2&\xd9d\x9d\xce\xfc\xeaOy\x9f\
v|\xf6\xf15E\xc5\xbd\xefP\x5c=C\x919O\
F\xa7\xcb\xea\x0cI\xefQc}\xdf\xdb-\xa9]\xd6\
l\x97\xd1\x16%\xb6]\xad}\xedf\xe9\xfd%\xdf\x83\
!|\x8d\xf4\x0f\xa1\xe1\xf9\x08\xff\x9a\x5c\x95\x80\xbe\xe7\
\xa5\x81n\xa9{$\x80\x12p\xf8\xf0?\x98m_3\
O\xf1\xf0;U\xd0\xdbd\xa3c%; \x99\xd7U\
\xb0\xaf\x99\xf7\xdc\xf9\xb2\xc3a\x1b\x9e\xddt\xd3,\xb5\
\x16\xdf*U\x17Kf\xff/\xbbX\xd2bY\x9d(\
\xe9\x04\xdf3\x1e\xa4$i\x97\xa4\x9d\x92v\xca\xda\x9d\
R4\xfa5*\xed0\x97\xdc\xd3\xeby>\xe4\x18\x05\
 '|\x86\x7fMnJ\xc0H\x974\xf0\xa24\x92\
x.\x01S\x0f\x7f\xf8e\x9f\xbc}\xbe\x86J\xc7\xcb\
\xd8\x852\xd1\x22\xc9.\x94\xb4P\xb2\x0be\xcd\x22\xc9\
,\x92\xec\x02I\xb3e4g\xf4E\xf6H\xc9D\xb2\
jU\xa4#\xc6,\x98hPFeIv\xffU8\
%kJ\x92\x1d\x96Q\xbf\xac\xdd'\xa3\xbd\x92\xe9\x94\
\xd49\xfa\xd5tJ\x95N\x95\xa3\xd7\xb9\x89\x0e\x5c\xa2\
\x00\xe4@\x08\xe1_\x93\x8b\x12\x90\xc4R\xcf\xff\x8c\x06\
\xbf\xb7\x12@\xf8\x03\x08\xdbd\x97\x89E\x00B\x0a\x7f\
I\x1a\x1a\x91\x9e\xfa]\xa4\xf3O\xb3Z0\xc7\xf74\
\x130\x91T\xe9\x93\x92\xb2T4RKA*\xc5Y\
\x0e@\xf8\x03\x08\x1e\x05 `\xa1\x85\x7fM.J@\
uH\xaa\xee\xbf\x18^\xa6%\x80\xf0\x07\x90\x0f\x14\x80\
@\x85\x1a\xfe5\xc1\x97\x80xht\x17\xa0&\x93\x12\
@\xf8\x03\xc8\x0f\x0a@\x80B\x0f\xff\x9a\xa0K@<\
2z\x89\xe0\x03\xb9-\x01}\x92%\xfc\x01\xe4\x06\x05\
 0y\x09\xff\x9a`K@\xb5_\xaa\x8cs\x86\x94\
\x9b\x12\xd0'\xd9K\x09\x7f\x00yB\x01\x08H\xde\xc2\
\xbf&\xc8\x12P\xee\x19\xbd(\xd0x\xd2-\x01\x84?\
\x80\x5c\xa2\x00\x04\x22\xaf\xe1_\x13\x5c\x09\x18\xd9'\xc5\
\xc3\x13?\x9eN\x09 \xfc\x01\xe4\x16\x05 \x00y\x0f\
\xff\x9a\xa0J\xc0\xd0\xffI\xb6:\xf9sfV\x02\x08\
\x7f\x00\xb9F\x01\xf0\xacQ\xc2\xbf&\x88\x12\x10\x97\xa4\
\xe1]\xf5=wz%\x80\xf0\x07\x90{\x14\x00\x8f\x1a\
-\xfck\xbc\x97\x80\x91\xbdcO\x01<\x9c\xa9\x95\x00\
\xc2\x1f@C\xa0\x00x\xd2\xa8\xe1_\xe3\xad\x04X+\
\x0d\xec\x94\xec\x14\xb7\xf5\xeb+\x01\x84?\x80\x86A\x01\
\xf0\xa0\xd1\xc3\xbf\xc6K\x09\x18\xe9\x90\xca\xdd\xd3{\xed\
\xe4%\x80\xf0\x07\xd0P(\x00\x19k\x96\xf0\xaf\xc9\xb4\
\x04$\xe5\xd1\xbb\x00\xce\xe4\xc6?\xe3\x97\x00\xc2\x1f@\
\xc3\xa1\x00d\xa8\xd9\xc2\xbf&\x9b\x12\x90H\xfd/\x8c\
^\x01p\xa6\xc6\x96\x00\xc2\x1f@C\xa2\x00dd\xc5\
\xca\x8d\xef\xb6\x91i\xba\xf0\xaf\x19-\x01\xd2Yo/\
i\xd1\x82b\xba\x8b[+\x0d\xbc4\xfe\x95\xff\xa6\xab\
h\xa4bT\xd5H\xf5Rs\xc9\xddO\xa7\xb70\x00\
\x84!\xf2=@3X\xb1r\xe3\xbbc\x93l\x96t\
\x82\xefY|\xda\xdb\x17\xe9\x86{Z\xf5\xcc\x0b\x83\xe9\
-j\x13i`\x87T\xeeJo\xcd\x9a\xd9\x85\xa2\x8e\
\x9f\xb7\xda\xda5\xfc;\x01\xd0p\xf8\xc6\xe6X\xdbu\
\x8f\x9c\x1a+\xf9\x99\x9a<\xfc\xdf\x10\xb5\xe8s\x0f\xcc\
\xd2\x8e\x97;f\xbeVuP\xeam\x1f\xbd\xec\xaf3\
\xf6*\xb5\x8f|\xce\xe1\x01\x00\xc0\x0b\xe3{\x80F\xc6\
O\xfe\x13K\xca]\xba\xf7\xea]Z\xfc\xce\xe3\xa5\x96\
#5\xa5\xff\x15\x93\x11ih\xf7\xe8\xf9\xfe\xd9\xa8\xc8\
\x98s\xcc\x19wl\xcf\xea\x80\x00\xe0\x1a;\x00\x8e\x10\
\xfe\x933-G\xe9\xda{\xe7k\xe7\x8b/K=\xdb\
\xa4\xa1W\xa5J\xff\xc4\x9f\xe0\x8fK\xd2p\x87\xd4\xff\
\xbc\xd4\xf3l\x96\xe1/I-\xb2\xba+\xcb\x03\x02\x80\
k\xec\x008@\xf8\xd7gp\xa0GsL\xb7\xee\xfd\
\xcbN->\xa6\xf2\xe6\x03Q\x8bdZ\xa4(\x1a=\
\xb5/\xaeH\x9a\xc1\xa9}iI\xf4^\xb3\xe4\xce-\
\xbe\xc7\x00\x804\xb0\x03\x902\xde\xf3\xaf\xdf\xec9\xf3\
\xb4o\xa0\xa0k\xef[\xa8\x9d{[\xde| \xa9H\
\xf1\x90T\x19\x90\xe2\xb2\x82\x08\x7fI\x8a\xf4g\xbeG\
\x00\x80\xb4P\x00R\xd4\xac\xe7\xf9OW\xa1PT\xa1\
\xd02~\x09\x08\x92\xb9\xc2\xf7\x04\x00\x90\x16\x0a@J\
V\xac\xdc\xf8nE\x85'\x08\xff\xa9\x99\xd5:[\x92\
rR\x02\xec\xc9\xf6\xd9\xdbN\xf6=\x05\x00\xa4\x81\x02\
\x90\x02\xb6\xfd\xa7\xafP|\xf3\xa2@\xb9(\x01Q\xe1\
\x14\xdf#\x00@\x1a(\x003\xc4\xb6\xff\xccD\xd1\xd8\
\x8bQ\x06_\x02\x12\xfe;\x03h\x0c\x14\x80\x19`\xdb\
\x7f\xe6\x0e.\x00R\xe0% \xb2\xc7\xfa\x1e\x01\x00\xd2\
@\x01\x98&\xb6\xfd\xd3\x91\xd8d\xdc\xbf\x0f\xb6\x04$\
\xc6\xe5e\x07\x01 3\x14\x80i`\xdb?=I\x12\
O\xf8X\x90% \xb2\xbb}\x8f\x00\x00i\xa0\x00L\
\x11\xdb\xfe\xe9J\xe2\xea\xa4\x8f\x07W\x02\x12\xfb\x9a\xef\
\x11\x00 \x0d\x14\x80)`\xdb?}\xe5\xf2\xc8a\x9f\
\x13N\x090]\xda7\xf7\x19\xcfC\x00@*(\x00\
ub\xdb?}\x89MT\xa9\x96\xebzn\x10%\xc0\
\xda\x1f\x9b\xa5k&\xdf\xb2\x00\x80\x9c\xa0\x00\xd4\x81m\
\x7f7\xca\xa5\xa1\x89o\xfe3\x0e\xef% 2\xeb\xfc\
\x1c\x18\x00\xd2G\x018\x0cn\xec\xe3\x86\x9544\xd4\
?\xe5\xd7\xf9+\x01\xe6E\xb5\xefx4\xe3\x83\x02\x80\
3\x87\x9e\x84\x8d7\xb4]\xf7\xc8\xa9\xd6\x98\xcd\xfc\xe4\
\x9f\xbe\xd2\xf0\x80J\xc3\x83\xd3z\xedP9\xd2O\xdb\
g\xeb\xc2\xd3Ft\xd4\x11\xe3\x9fF\xe8\xc0J\xb3\xf4\
\x9e\xf6\xac\x0e\x06\x00\xae\xb1\x030\x01\xb6\xfd\xdd\x89\x93\
X\x83\xfd\xbd3Z#\xe3\x9d\x80\xf5\xe6\xcc;\x1f\xce\
\xe2@\x00\x90\x15\x0a\xc08\xd8\xf6w\xc7\xca\xaa\xbfw\
\x9f\x12;\xf1\xf9\xff\xf5\xda7P\xd0\xd5\xdf[Tq\
\x5c\x02v\xc8\x8c|\xc6\xe5\x01\x00\xc0\x07\x0a\xc0A\x08\
\x7f\xb7\xfaz\xbb\xea:\xf5\xaf^=CQ\xcb'\xbe\
\xbdh\xdf\xcb\xfb\x8a/\xa5\xb6h\x8d\xd1k\xb2\xf1e\
\xe6\x8c\xafw\xa5\xbe6\x00xF\x018\x00\xe7\xf9\xbb\
\xd5\xd7\xd7\xa9\x91\xd2\xf4\xde\xf7\x9fL\xb9\x12-\xfa\xd8\
\xdac\xb5\xa7?\xfa\xaf\x14\x97\xdd*\xd9\x0f\x9a\xb3\xfe\
\xe1\xc5\x14\xd7\x04\x80`P\x00\xf6\xe3<\x7f\xb7\xfa\xfa\
:\xa7\xfd\xa1\xbfz\xc4\x89y\xe7\xf2\xaf\x9e\xd0\x93\xa8\
\xf0w\x92\xea\xbb\xb8\xc0x\x8cb\x19}CG\xcc\xfe\
\x809\xe3+\xaf\xa47!\x00\x84\xc5\xf8\x1e \x04\x84\
\xbf[\xae\xc3\x7f\x0c\xab\xcfl\xbd\xe3\x95'e\x0b\x7f\
-\xab\xab$\xd5\xfb\x01\x81D\xd2\xa3J\xec\x97\xcd\x92\
\xaf<\xebpB\x00\x08B\xd3\x17\x00\xc2\xdf\xadL\xc3\
\x7fTGk\xdc\xbax\xcb\xc6UC\xb6\xfd\xd6\xa3e\
g]*\x99?\x91\xec\xfb%\x9d(i\xee\xfe\xe7\x95\
d\xecnYm\x911?R\xb5\xba\xc9\x9c\xfd\xb5=\
Y\x0e\x0a\x00>5u\x01 \xfc\xdd\xf2\x10\xfe\x92$\
#\xb3z\xeb\xba\x1b\xbf3\xdec\xf6\xf7\xb7\xcf\xd7\xf0\
\xdc\x829w\x0d\xb7\xf5\x05\xd0\xd4\x9a\xb6\x00\x10\xfen\
\xf9\x0a\xff\xfd\x9exv\xddMK}\x1d\x1c\x00\xf2\xa0\
)\x0b\x00\xe1\xef\x96\xe7\xf0\x97\xa4jA\xd5c\x9eY\
w+?\xe5\x03\xc0\x04\x9a\xee,\x00\xc2\xdf\xad\x00\xc2\
_\x92\x8aUSX\xe6{\x08\x00\x08YS\x15\x00\xc2\
\xdf\xad@\xc2_\x92d\x14\x9d\xe4{\x06\x00\x08Y\xd3\
\x14\x00\xc2\xdf\xad\x90\xc2_\x92\x8c,\x17s\x02\x80I\
4E\x01 \xfc\xdd\x0a-\xfc%\xc9J\x0b}\xcf\x00\
\x00!k\xf8\x02@\xf8\xbb\x15b\xf8K\x92\x91:}\
\xcf\x00\x00!k\xe8\x02@\xf8\xbb\x15j\xf8K\x92\x95\
\xd9\xed{\x06\x00\x08Y\xc3\x16\x00\xc2\xdf\xad\x90\xc3_\
\x92\xac\x92\x97}\xcf\x00\x00!k\xc8\x02@\xf8\xbb\x15\
z\xf8K\xaa\x16m\xbc\xd9\xf7\x10\x00\x10\xb2\x86+\x00\
\x84\xbf[9\x08\x7fIz\x92\x8b\x00\x01\xc0\xe4\x1a\xaa\
\x00\x10\xfen\xe5$\xfc%c\xfe\xcd\xf7\x08\x00\x10\xba\
\x86)\x00\x84\xbf[\xb9\x09\x7f\xa9\xa3\xb5\xda\xf2O\xbe\
\x87\x00\x80\xd05D\x01 \xfc\xdd\xcaQ\xf8\xcbJ_\
\xda\xb2q\xd5\x90\xef9\x00 t\xb9/\x00\x84\xbf[\
y\x0a\x7fc\xcc\xe3\xdb\xce\xe9\xe4\xa7\x7f\x00\xa8C\xae\
\xef\x06H\xf8\xbb\x95\xa7\xf0\x97\xf4\x92M\xe2\xf3\xb7m\
\xb8\xa5\xc3\xf7 \x00\x90\x07\xb9\xdd\x01 \xfc\xdd\xcaU\
\xf8[\xbd\x1e\x19s\x19\xe1\x0f\x00\xf5+\xfa\x1e`:\
\x08\x7f\xb7r\x15\xfeRG\x94\x98\xe5\xbf]\x7f\xe3\xf3\
\xbe\x07\x01\x80<\xc9\xdd[\x00\x84\xbf[\xb9\x0b\xff\xd8\
\xb4\xfdv\xe3\x8d\xed\xbe\x07\x01\x80\xbc\xc9U\x01 \xfc\
\xdd\x22\xfc\x01\xa0y\xe4\xa6\x00\x10\xfen\x11\xfe\x00\xd0\
\x5crQ\x00\x08\x7f\xb7\x08\x7f\x00h>\xc1\x17\x00\xc2\
\xdf-\xc2\x1f\x00\x9aS\xd0\x05\x80\xf0w\x8b\xf0\x07\x80\
\xe6\x15l\x01 \xfc\xdd\x22\xfc\x01\xa0\xb9\x05Y\x00\x08\
\x7f\xb7\x08\x7f\x00@p\x05\x80\xf0w\x8b\xf0\x07\x00H\
\x81\x15\x00\xc2\xdf-\xc2\x1f\x00P\x13L\x01 \xfc\xdd\
\x22\xfc\x01\x00\x07\x0a\xa2\x00\x10\xfen\x11\xfe\x00\x80\x83\
y/\x00\x84\xbf[\x84?\x00`<^\x0b\x00\xe1\xef\
\x16\xe1\x0f\x00\x98\x88\xb7\x02@\xf8\xbbE\xf8\x03\x00&\
\xe3\xa5\x00\x10\xfen\x11\xfe\x00\x80\xc3\xc9\xbc\x00\x10\xfe\
n\x11\xfe\x00\x80zdZ\x00\x08\x7f\xb7\x08\x7f\x00@\
\xbd2+\x00\x84\xbf[\x84?\x00`*2)\x00\x84\
\xbf[\x84?\x00`\xaa\x9c\x17\x00\xc2\xdf-\xc2\x1f\x00\
0\x1dN\x0b\x00\xe1\xef\x16\xe1\x0f\x00\x98.g\x05\x80\
\xf0w\x8b\xf0\x07\x00\xcc\x84\x93\x02@\xf8\xbbE\xf8\x03\
\x00f*\xf5\x02@\xf8\xbbE\xf8\x03\x00\xd2\x90j\x01\
 \xfc\xdd\x22\xfc\x01\x00iI\xad\x00\x10\xfen\x11\xfe\
\x00\x804\xa5R\x00\x08\x7f\xb7\x08\x7f\x00@\xdaf\x5c\
\x00\x08\x7f\xb7\x08\x7f\x00\x80\x0b3*\x00\x84\xbf[\x84\
?\x00\xc0\x95i\x17\x00\xc2\xdf-\xc2\x1f\x00\xe0Rq\
:/Zz\xfd\xfa\xd3\x94\xe8qI'\xa4<\x0fD\
\xf8\x03\x00\xdc\x9b\xf2\x0e\xc0\xb2\xcfn|\xabI\xe2\xa7\
d\xcc\x1f\xb8\x18\xa8\xd9\x11\xfe\x00\x80,DSy\xf2\
\xf2\x95\x0f\x1ei\x92d\x13\xe1\xef\x06\xe1\x0f\x00\xc8J\
\xdd\x05\xe0\xfc[\x1f\x9cc\xcd\xac\x1f\xcah\x89\xcb\x81\
\x9a\x15\xe1\x0f\x00\xc8R\x9d\x05\xc0\x9a\xb9C\xb3\xbe/\
\xe9\x02\xa7\xd34)\xc2\x1f\x00\x90\xb5\xba\x0a@\xdb\xaa\
\x0d7K\xfa\x98\xe3Y\x9a\x12\xe1\x0f\x00\xf0\xe1\xb0\x1f\
\x02l\xbb~\xfd\x12%\xfaOI\xb33\x98\xa7\xa9\x10\
\xfe\x00\x00_&\xdd\x01\xb8x\xf5\x83\xf3\x94\xe8A\x11\
\xfe\xa9#\xfc\x01\x00>MZ\x00\x0aq\xebW$\x9d\
\x96\xd1,M\x83\xf0\x07\x00\xf86\xe1[\x00\xcb?\xbb\
\xfe\x5ck\xf5\xdf\x92\x0a\x19\xce\xd3\xf0\x08\x7f\x00@\x08\
&\xd8\x01\xb0\xc6Z\xfd\xa3\x08\xffT\x11\xfe\x00\x80P\
\x8c[\x00\x96}v\xe3\x9fK\xba(\xe3Y\x1a\x1a\xe1\
\x0f\x00\x08\xc9!o\x01\x9c\xb7\xf2\xbb-o1\xc7\xef\
\x90\xf4\x0e\x0f\xf34$\xc2\x1f\x00\x10\x9aCv\x00\x8e\
2\xc7}J\x84\x7fj\x08\x7f\x00@\x88\x0e*\x00\xd6\
$\xd2m~Fi<\x84?\x00 Tc\x0a\xc0\xf2\
\x95\x1b>bd\xce\xf45L#!\xfc\x01\x00!\x1b\
S\x00\xac\xd1M\xbe\x06i$\x84?\x00 to|\
\x08\xf0\xc3\xd7l:\xa6\xdcZ\xd9%\xa9\xe8q\x9e\xdc\
\xcb[\xf8'\xd6.k_\x7f\xf3v\xdf\x83\x00\x00\xb2\
\xf5\xc6\x0e@\xa5\xb5z\x95\x08\xff\x19!\xfc\x01\x00y\
\xf1F\x01\xb0J>\xe5s\x90\xbc#\xfc\x01\x00yb\
$\xe9\xe2k\x1f~[\xa1P|Eu\xdc\x1d\x10\x87\
\x22\xfc\x01\x00y\x13IRTlY*\xc2\x7fZ\x08\
\x7f\x00@\x1e\x8d\xbe\x05`\xed\x85\x9e\xe7\xc8%\xc2\x1f\
\x00\x90W\x91$\x19\xe9C\xbe\x07\xc9\x1b\xc2\x1f\x00\x90\
g\xa6\xed\xda\xf5\xc7\xa9\xa0\xd7}\x0f\x92'\x84?\x00\
 \xef\x22c\xecY\xbe\x87\xc8\x13\xc2\x1f\x00\xd0\x08\xa2\
$2\xef\xf2=D^\x10\xfe\x00\x80F\x11\x19\xe9\x14\
\xdfC\xe4\x01\xe1\x0f\x00h$\x91\xb1b\x07\xe00\x08\
\x7f\x00@\xa3\x89\xac\xd1\xdb}\x0f\x112\xc2\x1f\x00\xd0\
\x88\x22I\xf3|\x0f\x11*\xc2\x1f\x00\xd0\xa8\x22I\xf3\
}\x0f\x11\x22\xc2\x1f\x00\xd0\xc8\xd8\x01\x18\x07\xe1\x0f\x00\
ht\x91\xa4\xb9\xbe\x87\x08\x09\xe1\x0f\x00h\x06\x91\xa4\
\x11\xdfC\x84\x82\xf0\x07\x004\x8b\xc8\x1a\x0d\xf8\x1e\x22\
\x04\x84?\x00\xa0\x99D\xc6R\x00\x08\x7f\x00@\xb3\x89\
\xa4\xe6.\x00\x84?\x00\xa0\x19E2\xea\xf0=\x84/\
\x84?\x00\xa0YE\xc6j\x87\xef!| \xfc\x01\x00\
\xcd,\xb2\xd2\x0b\xbe\x87\xc8\x1a\xe1\x0f\x00hv\x91\x95\
m\xaa\x02@\xf8\x03\x00 E\x05\x15~\xef{\x88\xac\
\x10\xfe\x00\x00\x8c2\x925m\xab6\xec\x96t\x9c\xef\
a\x5c\x22\xfc\x01\x00xS$\x19+\xe9\x97\xbe\x07q\
\x89\xf0\x07\x00`\xacH\x92\x8c\xcc/|\x0f\xe2J_\
/\xe1\x0f\x00\xc0\xc1\x8a\x92d#\xfbs%\xbeGI\
\x97\xb5V}\xbd\xfb422\xec{\x94z\x11\xfe\x00\
\x80\xcc\x98\xd1/\xd6\xb4\xad\xda\xf0\x82\xa4\x93\xbdN\x93\
\x16k\xd5\xd3\xb3W\xe5r\xc9\xf7$\xf5\x22\xfc\x01\x00\
\x99\x8aF\xbf\x18k\xac\xf9\x81\xdfQ\xd2a\x93D\xdd\
={\x08\x7f\x00\x00&\x11\xbd\xf1\xbbb\xf5\xfb\x1e\xe7\
HE\x9c\xc4\xea\xee\xe9P\xa5\x9c\x9b;\x1c\x13\xfe\x00\
\x00/\xcc\x81\x7fh[\xb5\xfe\x19Ig{\x9aeF\
\xaa\xd5\x8az{\xf6(\x8ec\xdf\xa3\xd4\x8b\xf0\x07\x00\
x\x13\x8d\xf9\x93\xb5\xdf\xf34\xc7\x8c\x94\xcb%uw\
u\x10\xfe\x00\x00\xd4iL\x01\x88\xcbG\xde'\xe9u\
O\xb3L\xcb\xf0\xf0\x80z\xba\xf7\xc8\xda\xdc\x9c\xc6@\
\xf8\x03\x00\xbc\x1bS\x00\x9e\xb8\x7fiIV\xdf\xf65\
\xcc\x94X\xab\x81\xfen\xf5\xf7u\xf9\x9ed*\x08\x7f\
\x00@\x10\xa2\x83\xff\xa2\x18\x8f|K\xd2\x80\x87Y\xea\
f\x93D=={54\xd4\xef{\x94\xa9 \xfc\x01\
\x00\xc18\xa4\x00<v\xdf'\xba\x8c5\xdf\xf01L\
=*\x95\x11uv\xee\xce\xd3i~\x12\xe1\x0f\x00\x08\
\xcc!\x05@\x92\xa2\xe1YwHz5\xe3Y\x0ek\
x\xa8_=]{\x94$\xb9\xf9\xb0\x9fD\xf8\x03\x00\
\x024n\x01\xf8\xc9?_:(\xd9\xdb\xb2\x1ef\x22\
6I\xd4\xd3\xbbW\xfd\xfd\xdd\xb2\xb2\xbe\xc7\x99\x0a\xc2\
\x1f\x00\x10$3\xd9\x83m\xab\xd6o\x96\xb44\xa3Y\
\xc6U.\x97\xd4\xd7\xdb\x99\xb7\x9f\xfa%\xc2\x1f\x00\x10\
\xb0qw\x00j\x92H\xd7\xcb\xd3\x07\x02\xad\xb5\xea\xef\
\xebROw\xee\xb6\xfc%\xc2\x1f\x00\x10\xb8I\x0b\xc0\
\xe3\xdf\xb9\xf29Y\xdd\x98\xd505\x95\xca\x88\xba:\
_\xd7\xf0p\xd0'#L\x84\xf0\x07\x00\x04o\xd2\xb7\
\x00j\x96\xaf\x5c\xf7\x805\xe6/\x5c\x0f\x93\xd8D\x83\
\x03\xbd*\x0d\xf5\xe7\xeb\x9d\xfe7\x11\xfe\x00\x80\x5c\x98\
t\x07\xa0\xa6Z,\xaf\x96\xf4\xbc\xcbA\x86\x87\xfa\xd5\
\xb9w\x97\x86\x09\x7f\x00\x00\x9c\xabk\x07@\x92\x96\xad\
|\xf4dc\xa2\xa7$\x1d\x97\xe6\x00\xe5rI\x03\x03\
\xdd\xaaV*i.\x9b5\xc2\x1f\x00\x90+u\x17\x00\
Ij\xbbn\xc3\xfb\x14\xd9\xcd\x92\xe6\xcd\xf4\xc0\xe5r\
I\x83\x03\xbd\xaaTrs\xeb\xde\x89\x10\xfe\x00\x80\xdc\
\x99R\x01\x90\xa4e+7\xae0&\xf9\xa1\xa4\x96\xe9\
\x1cp\xa44\xa8\xc1\xa1~U+\xe5\xe9\xbc<4\x84\
?\x00 \x97\xa6\x5c\x00$\xe9\xc2\xcf<tKK\xb1\
\xe5\xeb\xc6\xd4\xf7\xf2j\xb5\xa2RiP\xa5\xe1\xc1<\
\x9e\xd27\x91WM\x12_\xb2u\xc3-\xcf\xf9\x1e\x04\
\x00\x80\xa9\x9aV\x01\x90\xa4\xf7\xff\xe9\xfd\x9f.\x16[\
\xbf7{\xf6\x9cVc\xc6~\x960IbU*e\
U*%\x8d\x94\x86\x15\xc7\xd5\x19\x0f\x1a\x98\xed\xd6F\
\x97m[\x7fCp\x97K\x06\x00\xa0\x1e\xd3.\x00\x92\
t\xe6\x15w\xbf\xd7D\xfaQ\x14\x15\x8e\x8d\xa2H\xd6\
Z%6\x91M\x92\xb4\xe6\x0b\x8f\xd5\xafZ\x93\xd6\xcb\
\xb7l\x5c\xb5\xcf\xf7(\x00\x00LW]\xa7\x01Nd\
\xdb\x86\x9b~]($\x17$I\xf2\x5c\xb5ZQ\x1c\
W\x1b;\xfc\xa5\x87\xe6\xb5V\x96\x11\xfe\x00\x80\xbc\x9b\
\xd1\x0e@\xcd\xf9\x1f\xbfk\xce`\xb9\xf5Nk\xec\xcd\
i\xac\x17\x1c\xab\x921\xfa\xfc\xd6u7\x05{\x9bd\
\x00\x00\xa6\x22\x95\x02P\xb3\xe4\xca\xb5\x9f\xb6\xc6|K\
)\x9c&\x18\x0e\xf3\x5c\x22sU\xfb\xba\x1b\x9e\xf1=\
\x09\x00\x00i\x99\xd1[\x00\x07\xdb\xba\xfe\xe6\x07\x22c\
\xce\x93\xb49\xcdu=\xa9Z\xe9\x1bfh\xf8<\xc2\
\x1f\x00\xd0hR\xdd\x018\xd0\x92+\xd7^nM\xb4\
V\xb2'\xb9:\x86C?\xb7I\xe1\xe6m\x1bVo\
\xf5=\x08\x00\x00.8+\x00\x92t\xde\xe5\xdf\x9d[\
.T\xbe \xe9\xaf$;\xdf\xe5\xb1R\xf2\xa2\x95\xf9\
\xe2\xb6u7>\xe8{\x10\x00\x00\x5crZ\x00j\xde\
\xf5\xe1\xb5\x0b\xe6\xce2\xd7X\xe9vI'fq\xcc\
)\xfa\xad\xb1\xf6\xae\xa3{\xbb\xfe\xe5\x89'\xd64\xdc\
E\x0b\x00\x008X&\x05\xa0\xe6\xfc\x8f\xdf5g\xb0\
\xd2z\xb5dWZ\xe9\x9c,\x8f=\x8e\x8a\x91\x1eK\
d\xef\xde\xb6\xee\xe6\x9fx\x9e\x05\x00\x80LeZ\x00\
\x0et\xceG\xbf~Rl[>)\xa3k${Z\
F\x87M\x8c\xd5\x7f\xc8\xe8!\x99\xe2\xbfn}\xf4\xfa\
=\x19\x1d\x17\x00\x80\xa0x+\x00\x07:\xfb\xf2o\x9e\
a#\xfb!\x19]d\xa5\x8b$\x9d\x90\xd2\xd2VF\
\xdb\xad\xd5\xcfe\xf5\x0b\xd9\xf8\x89m\x1bn\xe9Hi\
m\x00\x00r+\x88\x02p\xb03?\xba\xf6dc\xa3\
\xd3\x8c\xb1\xa7XkO\x911\xa7HZ$\xe9-\x1a\
\xbd\xc6\xc0\x11\xfb\x7f\xf5\xc8hPV\x83\x92\xed52\
\xafZi\x87\xb1\xe6\x85\xc4\xd8\x1d\xb3\xe2\xd6m\x5c\xb5\
\x0f\x00\x80C\xfd?\x80R\xe7\xe3\xe5T\x0d\xcd\x00\x00\
\x00\x00IEND\xaeB`\x82\
\x00\x04\x94\x03\
\xff\
\xd8\xff\xe0\x00\x10JFIF\x00\x01\x01\x00\x00\x01\x00\
\x01\x00\x00\xff\xdb\x00\x84\x00\x06\x04\x05\x06\x05\x04\x06\x06\
\x05\x06\x07\x07\x06\x08\x0a\x10\x0a\x0a\x09\x09\x0a\x14\x0e\x0f\
\x0c\x10\x17\x14\x18\x18\x17\x14\x16\x16\x1a\x1d%\x1f\x1a\x1b\
#\x1c\x16\x16 , #&')*)\x19\x1f-\
0-(0%()(\x01\x07\x07\x07\x0a\x08\x0a\x13\
\x0a\x0a\x13(\x1a\x16\x1a(((((((((\
((((((((((((((((\
((((((((((((((((\
(((((((((\xff\xc2\x00\x11\x08\x048\
\x07\x80\x03\x01\x22\x00\x02\x11\x01\x03\x11\x01\xff\xc4\x005\
\x00\x00\x02\x03\x01\x01\x01\x01\x01\x00\x00\x00\x00\x00\x00\x00\
\x00\x02\x03\x00\x01\x04\x05\x06\x07\x08\x09\x01\x01\x01\x01\x01\
\x01\x01\x01\x00\x00\x00\x00\x00\x00\x00\x00\x00\x00\x01\x02\x03\
\x04\x05\x06\xff\xda\x00\x0c\x03\x01\x00\x02\x10\x03\x10\x00\x00\
\x00\xfc\xbd;|\x9e\xdc\xd5\xbb\x0c\x8du\x9bJ\xf79\
\xbb9\x9d8S\xf0W>\xddNc)5z/'\
\xd0\xdf.`\xb2\xb3\xd6\x8b\xb2\x9b\x9eM\xd5M\x16\x9c\
\xa6j\xa6h\xbc\xb9C\xaf$\xe8}.o{|}\
\x87\xb2\xd1\xef\xbd\xdf\x9d\xf9\xd7/\xe8?\x0f\x9e\x9e\xf8\
x\xdf9\xc7\xea}G\xa5\xf1\xcdX\xf4\xfd;\xc9\xf2\
9\xb9\x9e\x93\x8e\x011\x8bn6c\xafg\x8b\x19`\
\xb5N\x94\x99\x8d\x9b\xe7\xbb\x9bn\x9b\xca\xf5\x86u\x18\
\x93\x1c\xa0\x962\x0d\x0c0P\xd2XK\xd0\xe8\xf9\xf6\
o\x9b\x87\x7f(\xb2\xa2\x9b-\xfc\xb3Gl\xe6\xee1\
\x9a\xf6\xcd\xad\x99\x99\xd3\xccH`\xa9\xef/]\xd3\x8f\
\x8e\xcf\xafu\xca\x03\xd4y\x8e\x93\x87\x9f\xd5yO'\
\xb1\xdd\x1e\x9f\x06\xb6\xfa\x9f\x12^\x8e\x0e\xc0)\xf2\xfa\
w\xe2\xe8c\x5c\xd7U\x8dkB\xedt-v\x03\xd7\
\xd1\x97\x98d\xcb\x12\x1a\xf2A\x8d\x15V\xdfi\xfa\x87\
\xaf\x9b\xe3\xdfW\xf1\xbf\x16\xf6\xfc\xefy\xf34d\xe7\
\xe8,yS\xe5\xf6h\x1c\xec\xc7M\x0aLWA\x0b\
\x1c\x03\xbd3UE\xb9r\x97\x18\x9c\x8e\xd7a]\x8c\
\xbb\xbb^g\xd2\xf4\xe5\x97\x93\xd3\xcd\xa2\x22\xa7=\xf6\
9\xef.\x9c\xdd\xbb\xcfuzb\xd5\xb1R\xab\x0c\x5c\
\xdfYx+x\xbc\xad\x1e]\xa0\xd8f\xf5\xb9MU\
\xca\xde\xb2\x9bQB6+83-u\x8d\x10\xca\x8e\
\xcf*\x98\x95@jv\x9a4\xa4\xac\x0d\x19\xb4\x05\xbb\
\x99z\xe7\xd6F+f\xc3bf\xd7\xa36\xa0:\x18\
\xba\xbb\xe4\x0d\xea\xe3\xeb\xc7\x9e\xbcZ\xf9\xf6'qN\
o\xa7\x81\x01\x9a*\xe8\x22o25\x0c\xd6h\xc9*\
\xee\xa2\x96\xac\xfbo=\x9a\xf0\x1fO?m\xbc\xd6o\
\x8e\xa5\x88\x0d\xe8\xf1t\xa7O\x00f\xb1\xda3:k\
F\xde~\x8d\xf2\xea)a\xaef9\x937\xd0\xae{\
c\xa1\xa3\x82\x15\xbf\x031gwy/=5\xbb\x9d\
\xd0F\xd0;XFN\xa7.k>m\x89\xc7\x5c\x8e\
oA{9\xea\xfby<\xb73\xdcy_7\xbf\x00\
m\xc7\x8fA9\x15a\xae\xe94\xe7-\xe64\xe9\xce\
F*\x1a\x92\xdc\xa8R\xedcY\x91;\xbc\xb4\x0d\xcf\
O\x02\x9b4\x1as\xd1\xdf\xd5\xe6\x9f\xd3\x87K\x96\xa9\
\x9e\x90\x86\xa6\xfa8\xb4\xe1e\xe4\x92\x95\xe8\x0b\xd4U\
\xc6\xe7b\xd4K\x9b\x96r\xcb*\xb2\xa5PRU\x8b\
\xa2\x93C\x00\xe5\xa3\x0a\xa25t%\xc5(\x92K\xbb\
4\xe7]\xd5\x81\x04\xba\xacWs\xabj[\xa9\xaf\x17\
O\x95\xbed\x85\x86+hJ\xba^\x9f\x84}\xfc\x99\
\xcc#^\x92wpw\xf3|\xdf7S\x9f\xe1\xfaf\
53\xa5\x1a\xe9\xa1\xad\xa8\x02;<\x08\xb4\xa5F\x84\
:A\xd5\x82n]jF5M\xa4\xd8d\xad0\x9f\
\xba\xfa\x1f\xb0z|e\xf9\xdf\x97\xe5\xfd\xdf.\xf9\x0b\
\xe5x\xfe\x97C\x93A\xe4\xf7[\x02\x96\xb4&\x10\xfa\
<\xc9J\x5c\xb3\xb8\xaeN\x8e\xbci2\xf3\xd5\x81E\
\x00%P\x12\x98\xa2\xde\xce}r\xc2\xcc\xfe\x95\xaf?\
\xd5\xc5V3\x1fEv9\xb86\xd9\x83\xd9\xf1x\xba\
\x9e\x87\xcdu8\x99\xd3\xed\x076\xf0\xd5\x85\x9e\xc6\xae\
'\xa1g\x8f\x93\xd0\xf9\xb6\x84F\xe6\x8c\x17\x17\xa7\xce\
YE\x13_\x9b\x9d:\xd1\x09u\x01\x1d\x9c\xc3\x95\xa5\
\x9cV\xf2U\x8fEh0\x02\xaa\xa5K\xd1\xc01:\
i\xc7\xba\xcc}NS\x86o\xcd\xa7|}\x0e\x0c\x83\
\xd3\x8e\x9e'K\x9b\x9e\x99u\xcc\xdc\xbd)\xad8&\
\xae\xaaKk\x91d\x12Z\xb2\x1b\x92z\x22u\x19\xcf\
\xea\xeb\x8b\xb6\xa9\xfd<\xefE\xe0\xae\x96.-\xe3\xb6\
\xec\xfay\x19\xdfco;\xa5\xbe\x0fr[\xbeF\xd4\
\x8d\xcbur\x18\xba\x159\xf2\xbf%e\xc7]K\xc7\
s{vq\xdb\xa9\xa7w #\xbb\x8dWp\xd1S\
\xc5\x1e\x87\xdc\xe5\xdc\xd3\xd63\x9f\x9e\xd1\x9e\x9d\xfc\x17\
\xa7\x5c\xfc>\x7fK\xcc\xf3\xfd\x0eiz~\x1ad5\
6t\xa9b\x90\xd7\xd5\x97\x93},W&\x22\xb5\xab\
0.\xc0\x8b\xa9\x09 \x85\x08J*\x81I\xad\x17^\
\xeb\xc9\xef\x8f:i\xac\xf5\xd9~\xab\xca\xf4\xf3\xf2X\
\x15\xcb\xd3`P]\xd4]\x0a\x037\x8eR\xd6 t\
rK@\x07*\xa1\xadN\x84\xc1\x92\x00f\xb9o\xa5\
\x91[\xe6\xd4k\xc7.\xfc\xe9)Y\x9e\xf5\xd6]\x19\
N\xdd[\xb9[n\x19\xdc\xe3v\xbbq\xe7r7s\
\xf1\xae\xcf\x19\x1b1\xd3b\x11\xd1\xe9\xc9z\xb7q\xf7\
\x8fF\x8eB\x0d\xb8\x81x\xe8\x82\xec\xf1V\x94u\xc7\
\xafI\xfc\xb7\xf7\xe1\x8cN\xf8\xf7[\x90j\xb9\xa5\x08\
y\xec\xa5\x08\xe4\xc4`>\xc5~\x95\xf3\x9f\xa5{\xf9\
1~g\xd1\xe3>\x87\xcag\x99\xd3\xc2\xf0\xfdkL\
\x9e_]I\x22\x10\x91$\x95!\x81\x08\x88%\xc1\xb0\
\x8a\xe5\x0d\xc0\x89cR\xcb\xa9O\xa1\x14\xdb\xaf\x09\xeb\
\x1e\xd3\xc2zN\x06\xb1\xd8\x991\xcdz\x5c]\x1f'\
c\xf2\x0c\xc7^\xbe?_\xc2\xdf/?\x1c\x9e}\xa3\
\xf2\xe8\x96\xfdG\x94\xd3\xae}\xbe6\x1d\x01\xe3\xebb\
TJ9F\xb4gXc\xb12i[\x92\xd9\xcfd\
\xbb1\xf6\xf3\xdc\xe4\xf4\x5c\xee\xa6\xf9r\xb9\xbe\xf3\xc0\
MG\x13s\xbe]\xb93UV\xe1\x17T\xba3\xd5\
\x8d\xa5\x19\xde_1\xbd<\xfd\x8c\xfc\xfd(\xd5\xdd\xb5\
:\x5c\x8e\x8fN^s.\xcc>oqJ%\x80\xe0\
J\x9a\xb3\xa0\xca\xb9oR\x87SOs\xce\xf4\xb5\xc3\
\xad9i\xdf>\x97\x18Q\x8e\xc6\xaa\x99\xe9\xd0\xc5\x09\
6\xf6\xbc\xe7o|:\xa7\x95\xdd|\xfa\x1d\xceM\xce\
\xbcy2\xe3\xaby\xca\x9c\xfd-\xbc\x87\x9d\x1d\xa8W\
S0\xbd7\x80\x06\xb1\xb3G1\xd7:o)\xdc\xe8\
\xe9\xf1\xb4\x5cw\xd5\xcf\xe9\xf4\xe1\xf3\xed\xb8g\x97\xea\
m\xdf\xc3=c\xd6W\x9a\x0ds\xf5%\xe5\x1e\x9e\x8b\
\x95\x88Z\x00\xf4(\x97\x92\xae\xaa&\x8f\x9f\xd7\x97\x1c\
W\xf7\xba7>-^\xc3\x9e\xd2U\xd6\xab\x8cY\xfd\
\x5c\xd7?\x19\x97\xd2a\xe7\xdf\x95\x06\xf3\xd5\x81)l\
\xe0\x9bG\x1c\xb9\xdf\x95\xb9cU \xd2\xcdt\xb0X\
\xb5\xaa\x90\x86\x06\x1d\x8d#6\xf3\xe5\xc9\x12i\xaab\
\xca^\x8e5Ma\x89\xe8e\x9a@\x95gV\xc5\x05\
8\x03J\xa8\xf5\xe7\xb8Q\xc6*\x0c\xac\x0e\xae\x1e\xb7\
Nx\xba|>\xbe\xf9\xf7\xfc\x9eL\xf9\xb7\xd5\xe7\x1e\
:\x9bS\xd1\xde1tm\xa5\xf1\x9b\x9f5\x80\x93V\
\xac\xc6\xc1\xa8\xb9\xa6J\x22U\x08\xdd\xfc\xfc\xcb\xae\xf2\
\xbe3\xc6+-Y\xad\xf6W\xbe\xf2\xbf\xb2\xba\xf9\xfd\
\x17\xc2>\x8b\xf9\xeb\xdf\xf2y<\x99\xc1\xf3}\x10\x0d\
\xbc\xef\x1f\xbc\xa0\xb6\x15$$\x85\x12IV`H\xe5\
U\x9asIe\xd4\x09\xa6\x00\xc3^b \x962\xc1\
\x8cL\xb6\xda\xa3\xa0\xbc\xa3c\x0d\x1d\x8dc\x90\x1a3\
\xe3\xa45\xd9\xabW.Y\xd7\xe5\x09\xc0\xd1F\xafZ\
\x01=\x07\x1b\x7f6\xe1m!\x9bCs\x98SzS\
;\xb34M\xc34\xd1\xe8\xb9\x05.#\xb6s\x8c\xea\
\xe7\xe4\x8bZ\xaa\xf5/*\xbaX\xa5K\xd3\xa1\x0dt\
\xa0t\xe5\xa5\x86-\x88\xc5\x95\x8f4\x8d\xc6\xe4\x02*\
\xf4s\xc3;\xdb\x9d2m\xad\xcd@\xdc\xb5\xedr\xd5\
Z\xe6\xce\x97=s[\xb3\xa4P\xf4da\xa7=B\
\x09@aB]i\x07\xa3\x97V\xb9k\x1emk\x1d\
$\xe2\xa9M2\xf3\xd3-]\xcd\xd6\xbc\x92\xa4\x92#\
\x92c\x96\xab\x1b\xa3;\xd9\xd6a\xd0\xe9\xc1\x06\xfb\xd7\
8\xf1\xbb\x9f-\x96\xc7\xcf\xef\xab9k\xfb\x1c\xfdW\
\x1c\x85\x13\xb3\xbc\xe67c5d\x89\xdc\xd9\xe7\xba}\
8v\x9b\xce\xd5\xd3\xcd\x9f7t\x17\x97\xb7N\xedc\
\x94\xbd\xb9\xe31eFz\xf5\xb3q\x07;\xd2\x8d&\
\xd2p\xf4\xb9y\xdeq\xb9\x8e\xd5.\x88C\x0b&(\
5\xddY*\xe2\xc7&\xd2\x14\x19t$e\x920e\
\x0a\x90\xb9DJ+\x0a\x95\x08\x17\x14c\x04\xa6G\xa5\
Q\x16\xb3a\xde\xe2k!\xaf\x1dM\x0fs\x8bh\xd5\
\x92.\x84N\xb3v+\xa8\xaa{\xf4\xf3{y\xd3\xd8\
\xe2\xccl\xf0u\x11\x8da\xd7\x9c\xf5\x9d\x18\xf4gU\
wx\x95\x9d\x1c\x0aR\x94\xea\xcbLVn\xec\x95Q\
\x18\xb3\x1b\xb8;\xfd\xb8}\x7f\xef\xf8\xbc\x17\xab\xe6|\
{\xcd\xea\xf3\x1dq\xca\xc2u\xf2\xbe\xe0\x81Il\x18\
\xba\x86\x05\x17Z3\xa40\x8a\xf55I\xa5\xeav\xb3\
\x81\xaa\x19\xb2\xa1\xa80\x94^\xec\x17a\xc7*^\xb7\
#\xb9\xc5\x10\xc1\x91\xbb\x0c\x1b5z/*U\x17g\
*\x8a\xadc\x16#\x0dL\xb1\xa0}\x14\xe3\xc6\xa9_\
\x11\xd43\xe6\xecr\x12\x98\xb7\xcb\x11\xe82\xeb8{\
\x5c~\xd5\xcf\x00%gFAr\x9d\x9ek4\xe5\x8b\
\x94\xcbF%\xba\xa6Po\xe7\xd9\xd7\xd1\xe7\xcaSW\
a\xf5\xc8G\xa5\xf3\xe8\x99g\x03 \xa4\xba5\x09b\
XmQ\x9e\xae\x15.\xa6\x9e\xa2\x14\x19g@\xcd\xd8\
`F\xae\xd3\x11$`\xdd$b\xcd,F,\x97\x08\
\xeaR<V!\x12\xe0\xd3\xcf\x09r\x94\xc2@\xa0\xc1\
\xe9 %\x5c\x0c\xd3\xb5\x1f\xd6\xc2\xce\xben\x99s\xe6\
\xb9\xed\x98\x84\xf3{}\x01\xe3\xb7\x93W\xb4Fu\xe4\
\xdf\xad\x93\xaf&I)C\x12t\xb2\xfbL_\x0c\xe2\
\xcf\xbc\xf5\xb3\xf3\xba\x9b\xc3\x9f\xcf\xab\xcf\xb1\xaf\x8c\xbd\
c\xa0\x1c\xb7J\xf2\xe5f\xcfM\xd9\xe0\xe7\xa0U\x8c\
\xa6i1w6\xd6*:Z\x90\x8a\x12\x04\xd0\xa2\x02\
\xea\x0c\xac56\xc5N\xcf\x19%\xd5M^\xec\x1a\x0c\
\xf6@[\x17I;<xJu\xa9\x22\xfa6st\
\x89\x80\xbd\x06\x99\xc5\xbak\x005R\xdb\xb3\xb2\xd9T\
)%z\xe6\xbc\xff\x00P9\x15\xa3-\x8c\xcf\xb3\x9e\
c\xad\xe9\xf1rK\xa3\xc9\xc7}}\x9e*\xa5vV\
n\x97W#\xab\xc6\xdf,\xc3\xa5<\xbd\x03G\xd09\
\xc1\xd6\xc0e\xad93\xa7R\x8dG]\xef\xe9\xcd\xff\
\x00s\xf8\xdf\xecoW\xce\xf4?\x95\xff\x00A~\x5c\
\xef\xe1O\x87\xecy\xef\x1f\xd6E\x90y}\x92C\x06\
\xae\x89.\xa2\xeaBI\xd6\x9a\xc0+\xbb\x9fO\xc7\xc0\
\xce\x9cF\xacq\xd8e\x9c.1d\xbb\x11\xe1{u\
\x9c\x06]C\x895':fG\x82.\x14Q9\x0b\
\xdd\xce\x85\x14\x86\xdc4\xca\xe9{\x8f\x9d7\x5c\x96\x9e\
\xa7'=\x0a\xe5KTVB`\x1b\xb0\xcaK\x07 \
\x90\xa0\xd7b\x96\x19*KUmU\x83D\xaam\x0b\
=9\xcb\xdb\x96\x5c\xe8\xc4\xc4+{\xdet\xd7\xd2d\
\xe2\xec\xb7\x15z\xc7/\x90\x9b\xb2\xcc\x22\xafy\xce\x16\
\xaaYW\x16\xa4\xb2Y\x92\x08\xdc\x01\xb4\x0b.\x8aB\
[\xaa\x82\xe8B\xb0\x22I\x09$$\x84U\x1d \xc9\
\x09$$\x96U\xf41j.I\x9dI!,\xdc\x8a\
\xe9'F\xf9\xb8h/3\xa5\x82\xb8P\x13^\x97/\
\x105\x8dh\xc0\x5c\xfb\xe9\xcd\x06Z\xb6\xa9\xadJU\
#w\xe1\x91\xa6\xb2\xd6\xa4\x92\xa5\xb3\x09c\x0a\x08\xda\
X\xa5\xd3\x91)\x85J\xbb\x824A\xd0\x98\xc5Q\x8c\
\x85\x15B\xea\xe04c\x15\xa5 \xb0\x86\xc7\xa2\x98-\
\x83vl\xc1\xa9 Sd\xa1\x08\x80\x91\xa0\xd4\xed\x5c\
\xf2^\x98\xa3:X.{\x9c\x1d\xa9\xb0\xeb>\x9b\x17\
\x97rf\xb2\x96\x8e\xbb^\x7f\xd1\xfb/\x15\xbdh\xf3\
C\xa7\x9c\x0d\x8e\xc1\xbe!\x99\xda1\xd7>\xac&z\
\x8eB\xbb^\x9f/-\xbbTcWO\x9b\x9e\x84\x8d\
r\xe1*\xe9F\xb97l\xe5\xd1J\x95\x8e\x8aS$\
\xa2BI\xab~^\x87\xab\xc9\xf4\x7f\xd7?\x06\xfb\xc7\
O\x9b\xf1o\x8d\xfb\x1f\x9f{|\xfe_\x91\xd1\xe7\xfc\
\x7f\xd0n\xe6\x9e\xa9\xbcTc\x9dT\xbb\x92\xa8\x8a\x97\
\x0c\x95M5\x8d\xce\xf7\xd9\x8a\xdc\xa8%\x5c\x96\xae\xc4\
b\xae\x167\x09%\x0db\xb7\xeb/\xe7\xd43\xe8F\
\x89]\xcf\xdb\x9d(N\xe6\x93\x18\x05\xc8$!\xb3\xbf\
\xd4\xf2\xee\xed\xe7\xce\x9fM\xc3\xc6\xd4~\x9b\x01\xe7^\
%\x8e\xb40\x0b\x94EU\x1d\x92\xc4\xe5 \x0e\x81\x8b\
\xa7\xca\x1b\x19A\xa63\xcb\xa5\x92\x9815\x0d\x08\xad\
\xfa\xce\x09\xd4\xe5E=\x16\xaeX\xb8U9+\xe9=\
'\xcd\xebOi\xe63\xfb&\xbcE}/\x8b\x1ej\
7\x06r\xe5\x0d-=\x04\x8c\x1a\x81\x17O\x9d\xaey\
\xee;=\x1f\x92\x84\xa8TT&\x0b\x92\xc6/\xd7y\
\x9dg4\xba\xce\xa4\x91$\x90\x92BYunqf\
\xedsl\xcaa\xdb^C\xdf\xb2\xe76\x98z\xe7m\
\xca\x09\x06I\xba[\x15(\xa4\xd3\x9e\x8f\xc3\xeey\xdd\
8yrzy\xfa\x1f\x99\xaa\x96I,\xa9$\xac\xb1\
\xa51vt\xbbb\xca\xb7)$rha@\x82\xee\
,j\xc6\xaceU\xdd\x07R\xe1tbHT\xb4R\
\xcdYHnh\xcbT\xbc\xf9\xaf-n\xe7\x90\x97t\
2\xe8P\xcb!J\x94\xd8\x8a\xab\xdf\xcf\xb4\xba\x13]\
\x19\xc7z*=v-\xae\x9a\xca\xba\xbd\x86z|\x1e\
~}\xa9]8\xf8\x9c^s\x9d\xc7\xe8\x809\x5c\xba\
\x93\xdb\xb99\x19\xbd'<\xe6/Z\xf9\xf4mt}\
\xd7o?\xccY\xa3\xa0\xd3\x15\xda\xcf\xdb\xcb\xca\xce(\
\xe5\xe8\xec\xe1\xad]97n|\x1b\xce,\xfag\x9b\
\xd1\xb3\x9b\xa1\x13h\x0e\x81\xa79]~fw\xa7\xad\
\xcb\xedz\xfc\x7f\xac~\x89\xc7v>_\xe5O\x1d\xec\
<\x87\xd0\xbeZng\xc8\xfb|HU\xcf\xb3\x12\xd4\
\xd9rH\x86\x06Q\xea\xc9\xa9\xaaad_\xa5\xe0V\
\xb1\xb7\x93\xab&wW\x0eP\xadyG\xa1\x80T\xba\
\x966\xae\xc5\xdd\x1a\xb17\xd3\xb9\xe6i\xcdR\x81\xca\
Z\x95qs\xb9\xc2\x96\xaa\xca\xc9'v\xce\x04\xd6\x80\
\xc5m\x97\xe8\x9c\x8f8\x9e\xbev'\xa3\xcb\xc7Q`\
\xed\xce\xb2\x84\xd1Y\xfa\x8b\xfaO^\x1f%_`9\
\xf4\xe6\x903=\x007b\xa2\xf4\x1eu\xb7\x1by\xbd\
\xcei\x96\xa8\xb3\xb1\xeasl\xd6\x84\xb0\x17\xe7\xedG\
\x0eK\xd4\xa6\x05D\x84+$\xb2\xa7K\xa3\xae|/\
u\xe6\xb4\xdc\xfa\x89\xf3\x13\xbd\xbb\x1c\x9f}\xeb\x9b\xf8\
\x8d}{\xe4\x98\xc1\xa8\x87)WU-\xaa,m\xe6\
g\xa4\xc0`4\x09\xd2\xe7j8\xb2D 2\x95P\
\x86$\x90\x85^\x8bY\xe6t6\xe0\xdf\x0c\xfc\xfdx\
1\xda\xb5g\xd16\xfe\x9e\x1d=<\xef\x1d(\xd70\
Q+;\xb0\xb0\x9a\xa5\x9a\xe6\x97\x99\xd9\xb3\xd3\xdc\xe9\
\xe6q\xbb\xf8}w\x0b\x9d\xdf_)\x93\xdb\xf2y\xfa\
<\xf4\xeca\xcfL\x87U6\xc5\xdc\x8b\xba\x89uP\
&\xa1\x85T\x89.\xa2\xddB*TI$Y$\x1a\
\x03\x08V\x09\x08N\xd1\xb1\x90\xd6\xe5\x81P\x88T\xc7\
V\xaea\x0c\xb5.\x89*Yd$U]\x12\xee\x15\
\xa71\xa0\xbbF5.\xf7\x1b\xad\xaex\xb7`\xef\xf4\
\xe7_q\xfc\xff\x00\xa7\xbf\x87\xf47\xe7\xc2[\xa6\x1c\
=4q\xf5\xf4\xf0+6t\xefE\xe6zv\x1f\x9c\
\xeere\x9d\xce\x03\xb1\xb5E\xb6\xdd\x18\x97\xd0\xb3,\
\x1b\x8a\xdaH\xde{\xa5\xd5\xf3~\xaf\x0br\xe5/?\
\xa9\xd8\xdd\x83\x1d4\xac/;.\x8f3\x7fNn\xc5\
\xa6\x0c\xed\xf2}G\xaf\xc7\xfb{\xcd\xfa\x9f!\xc7\xe7\
|\x0b\xe5\xff\x00D\xf0?K\x1ef\xabo\xc5\xfd\x0f\
$\x18\x18\xe9R\xe4WO\x9a@[T\x10Y\xc8\x12\
F\xa5U\x064v\x0d\xd6\x84PI56\xe1=N\
\xf7\x09\x9b5\xcf\x9b\x08y\xf5\xbb\xaa\xb0\xdb\x9a)\x0d\
\x90;2\xf5u\x8egS\x17}<\xa5\x14\xc6\xc65\
J\xd6 R\xea\xadJ4Mx\x0c,0\x90h\x85\
\xab\xef\x7f\xa3\xd7>\x11\xef\xf3\xb7\x0aXLv\xae\xc7\
7\xd2\xeb\x1ea,Vvt7+\xa2\x86\xc8Cr\
\xddJ\xa2\x97\x0b[\xd2\x95%\x90\xc2\x161\xa2\xbb\x95\
\xd6\xdf\x03\x13\xe3\xef\x8d\xf2;y\xf1\xdf\x94\x97\x9f.\
\xf9\xa5C\xab\xee\xbel\x1d\x1fU\xf3^C\xe8\x1d5\
\xe1\xd7\xf6\xd4W\xc5k\xd5\xf9\xee9\xe9\xf1\xb5da\
MT\xce\xb4-\xcc\xa4\xa8,3Q/^\xf9z:\
q\xc6\x1a\xd3\xcf\xaaOvt\x7fw\x0e\xae\xbem\x1c\
\x9d9\x93\x9e\xad\x8b\xe7\xe8N\xfc\xc5f\xbd8\x1by\
\xebH\x0d\x86+\xa6\x88\xb3\xc9\xabLFv!\x0b:\
\xf7\xf9\xb8X\xfby=K\xbc\xefsX\x03&\xdc\x06\
^\x82\x93\x8b\x83\xd2?=\xbcB\xfd~\x0cu\xf3\x95\
\xe8\xbc\xf6z\xd4\xa2\xce\xae\xc4\xaaI\x22J\xbb.T\
\x89.\x82\x19kOL*HI!\x0c-,lV\
nB\x16\xb5\xe6\x89L\x0b\x1f\x9e\xea\xacn@\xf7\xf8\
\x1fKg\xe6\xb7V\xd4\xa2\xa4\xba\xbaY\xaf&\xeb\x13\
\x9fnB\xf7\xe2\xdfXZ\xad\x9a\x8av6o\x9f@\
rMe\xc5\x8dX\xe8c\xa0\xa5\xc9\xb0\xa4\xb5\xaf\x0a\
w\xcc\xd7w\x8e\xba3\xfb,\x17<\x1eq/\x1bf\
\xdce\xa9\xa8\xf1\xf4nz\xfc;\xcd\xbeIfm\x1c\
}-\xc4\xc4&\xec\xfd\x1ev\xb2`C\x9d\xf5\xf7y\
\xbd\x1d\xb8\xf7\xfdG\x89\xf6\x1e\xdf\x99\xfb\x87\xc8{\x1f\
'\xe5\xe1\xf9\xb7\xc2}#\xe7?O\x97\x9ar\xb3\xfc\
\x8f\xba\x80\xb9\xc7\xbdB\x18\x92YS\x7f:\xc2\xa1\x8b\
rJ\xa9u\x11\xc9\x85\xddB\xa5\xc5\x92C^C\xd9\
s\x80\xf6\xe7\x9a\x95\xa7\x0e\xb3\xd3\xe5w\xf9Q\x921\
r\xdbX\xa4\xf4<W\xaf\xaf-\x1c\xdd|\xfe]H\
l\xda\x5c9\x01\x0c\xe8h\x89\x13\x08b\xc8.\xaa5\
at\xf9V\x9dNi\xb5o\x09\xbd\x12\xec\xb6\xb2\x88\
T\x86\xac+\x11C\xd7\x9b\xd3k\x9f\x9cW\xb8N\xb9\
\xf95\xfb\xa1\xb9\xf1\x97\xeb\xf3\xcb\xe3\x8f\xa8\x18\xef\xcb\
\x16\x0c\xd0tW\xea5\xcb\x0fCc;y\x03\x03\x9a\
\x98\xb9\x1d.g?G_'3\x9b:v\xb9AX\
\xe9\xbf\xaf\xe6\x9f\xa9\x9eS\xf3\xb6vxK\xaf\xb8z\
\xaf\xcd\x1dn\xcf\xba\xfcS\xdbz\xedo\xf3\xf2?A\
\xfc\xdf<|\x1d\xf4\x07\x86\xb0\xdb\xc9\x94\x1b\x8a\xc5\x1b\
\x1b\xac\xbb\x07g\x07NkE/\x97n\x9b8\xfb.\
4\x0ei\x11uY\xd9\xc4\x8a\xb7V\x0d\xf6Z\xc4l\
\x82\xb5\xb7\xa0\xb2\xdc1$\x12\x95\xae\x1d%\xde]e\
z\x15Y\xd7P9\xd2\xe3\xd4t|6\xbd\xf3\xf4\xdc\
l\x19\xa5\xf4}\xcf\x05\xaa\xe7\xd9sx\xbd[\xcf\x8d\
\xcf\xf6\x18\xf3\xd7\xce\xd8\x17>\xf7%\x94a*\xa5\xc4\
\x95w,\xa9\x09%\x94=nV\xb1uu\x9d\x5c\x91\
n\x10%\xd1\x82\xc9tHTU\x15%\x8d\xda\xbdk\
\x95Wu\x12K\x06\xfaX\xaeD.\x94\xc6YV\x11\
t\xec\xe6\xed\xdeWY\x9a8\x92;\xc9\xabD\xc6\x8f\
\xd1y\x87\xf5\xe2\xfewVr\xeb\xc7\xd7\x85\x8a\xe5z\
?3+_\x8eB\xae\xd8\xd2$\x99?o,\xb5\x92\
[\x915%:\xad\x06\x19\xd3\x97%\xcfG\xa5\xcb\xdb\
\xdb\x86R\xc0\xf9\xbfO\xbf\x8f\xdd\xf7\xfc\xcf\xdc\x98\xb0\
w|^\x7f\xc8\xde/\xe9\x9f9\xfb~/\x1f\x93^\
o\x83\xfal\xd7'>\x95$!\x85[pF7\xe0\
\x91e\x95Y$\xa8\xb8P\x12\xd9\x91\x9a\x97SWR\
\x96\xc8I&\xec-\xd4U\x80\xe6\xb4:\xbc\x9d*U\
\xc5\xbd=-MY7\xe1\xed\xc3\x0al\xfc\xfe\x95\xd1\
\xd0\x0e\x5cF\xcaY\xa3<\xb5\x16t\xf9:\xc5]t\
\xe3\x98\xf4\x16wRK)\xf1\x06\xbc\xda\x95*h\xaa\
\xca-Y\x96\x85\x82\x0b\x02&\x89\xd2\xec\xef\x8f/\xa1\
\xbc\xfayJ\x96;\xe6\x5cn\x9a\xb1\xd7\xc8W[\x9b\
\xc3\xda\x8b\x96\xd7k\x7f\x94\xd5\xae>\xbf\x86\x94X\xdc\
i^:\xd5\x86\xb6\xd45i*\xec\x1b\xa8U\xc3V\
\xce\xae\x1b\x8c\x17N\x9a\xe8\xa8q\xf4\xe5\xdb\xf7\xff\x00\
#\xd7z}\xcf?\xc6\xbd\x07\xa7\xc7\xd7\xe4\xfdG\xd1\
v\xf0|\x04\xbf@c\xe1\xaf\x85\xe6\xfa\xcf\x94\xce\xfc\
j{\xbc\xec\xf7\xe5\xabbx\xfa\xb2\x03\x93\x8e\x93F\
V\x8d]\x02\x90\xd3!F\x15n\xa5\xae\xd0eMY\
$\x89E d\x83\x1c\xb9`\xc2\x91VP\x11d\xb0\
(\xe4\xa1p\xadP\xb2D\xd7\x90\xac\xd4\xde}\xa6\xec\
\xab4T0\x9a\x92E\x97(\x92C\xad\xc9\x16\x15\x1f\
\xb3X\xe6WDL\x12L\xeeB\x14\x94mTC\x00\
\x86\xac\xa3\x18U\xc8X\xb2\x86\xa8a$\xa2\xca\x0d\x10\
\x9a\xe4:\xb1\xae\x9eCI\xd8\xe5T\xd4Y\x87ON\
~\xad<\xd3C\xb9s\x06\x00\x95\xaf\xebq\x9e\x08\xab\
\xad\x87-\xa14\xa5\xb9&\xacmP4\xddR\xf3\xe3\
FPq\xa2\xc5\x11\x94\xaa9\x0e\xa7%\xa9\xb2\xd8\xba\
\x97lA\xeb=oK\xe5}/\xd0\xf9\x7f\xa9>\x8f\
\xf0\x9f\xbbp\xf1|\x03\xe5?\xa0\xbe\x1f\xf5\xfc\x7f2\
\xc1\xdd\xe3|?\xd3f\xad\x0b\xe5\xd97$\xb67\x14\
n\xe2U\xc1R\x19\x0a\x97e\x1dH`T\x18\xbb;\
\x14a\xd02\xb5ELA\xbe\xaf\x0d\x84\xb5R\xf2\x8d\
\x06\x83\xd2\xc5\xd5\xed\xc1\xf2\xb8{\xca\x01\xeb\xf3\xfaG\
\xb7\xc5\x92\x8c:\xb2\xe4\xb9j\x8a\xaeL%Km]\
\x1dNx\xcb\x06\xe8\xe0\x05\x84\xa3\xb3\x0fB\xb2#\xb3\
\xcfi\x06\xd52\x9b(h\xf5\x9eC\xb9\xd3\xcf\xe8'\
=\xdd|\x9a1\xccSf\x9eF^^\x9e\xba9R\
t\xdb\x8a2n-\xa9.]\xc0C\x12\xf5\xa1e\x11\
\x087b\xb5r\xe2\xa3B\xc1dY\xa8\x11vM\xb9\
:\x177\xce\xa2V\xa2\x0et\xfbGN\xc6\xfa_\x19\
\xab\xaf\x9f\xee_U\xfc\x97\xde\xf5|\x7f\xd9\xfe3\xe3\
\x9e\xe6s\xf2\x1f2\xfd\x1d\xf2~\x9e_\x95g\xeer\
\xfc\x7f\xa1\xc1\x9bz9z\xb2\xb4\x83;\xb59B\xe5\
\xda\x8c\x90\xba\x92\xa4\x85C\xab+@\x13\x903Bb\
\xed\xaa\xd4\xb2\xd3\x9a\xc9W\x16\xa4\x91$\x95WZ3\
\x14\x8dr\xdc\x84J\x94\xea\x04\x1c\x0b\x0a\xaa\x12\x0bV\
\xa2\xed,\x88\x16n\xc6\xddc\xbd\xe8<+{\xf9\xb5\
r\xd8\x1c{\x85ty\x93R\x0c\xce\xca\xe5\xd8B\xcb\
\x85\x83@\x82`H\xc5\xa5K\x8b$\x8b*\xe2HK\
\x1f\xf4\xaf\x99\xefN\xff\x00\x90\x96T\x16j\xc3V\xb4\
V\xf4c\xb0\x96A-Q\x5c\xaa*+_3\xdaM\
\x09d\x1d\x96=\xcb\x97\x5c\xf5bPv\xfc\xfa\xbbq\
\xe6(\x87\x97j\xab\x91\xb9\x1ast\xe7\x15\xa43Y\
Z\x1bs\xc8\xae\x9f3;[\xd5\xd0S\xf4^{\xad\
\xec\xf0\xfd/\xf5\x97\xe2?\xd7\x1d~V\xcf\xcb\xdf\xae\
\xbf:\xfa\xbc?&\xf2\x1fC\xf1~o\xb7\xc5F\xcc\
\xdf?\xe9\xae\x98\x19\xd5I\x16I$\x90`PH\x92\
H\x92=SRT\x92@\x96\x9c\xf6\x09\x8b\x94b\xf6\
\xd9\x89\xe8\xd8\x8a\xcf-f\x95\xe9\xb1\xbd\xac\xdd\xcf_\
\x87\xcc\xf2{\x1co?\xaa\x82_\x1e\xd7.\xaa\xa5\x94\
\x08\xdc\xa9$*\xa3\x0e\xce,\xab\xd6J\xc6\xb3k\xa7\
\xccm.\x10\xcb$\x92N\xc7\x1e5\xdb\xe3\xfaN\x11\
\x9bFW\xdc\xed,\x97\xac5\xf9\xd2\x9d\x09\xcb\x15x\
&gAl\x0b\xa3[\xd2Q\xd4!\x01B\xcbB@\
\x95\xd49\x84\x17B\xe1\xa8!!4g\x96\x04\xd0\x90\
Z\x9b\x0a\xaeH4UU\x0e,6\xe7\xb2\xf6c\xd3\
r\xfe\x8e=\xbd|\xdb\xf4\xf3\x9b\xbf?G\x9a\x8c\xca\
Y\xe89z\x22\x8a\xb3\xd5Q\x83*\x13\xa9Sy\xe1\
\x8c\xd5K-\x02\x1c*\xe4%\xb5$\x93Zeq\xf7\
:s\xf3R\xa7.\xa6K\xbb\x0a\xc7\xa1\xac\xe2\x12\xa9\
\xab\x95\xa2\xc0\xdb\xcd\x88\xc5\x84\xce\xb5f]\x83\x1a\xa9\
n\xc6E\xca (\xa2\xdc\x92\xca\xb6\xb4_k\x8f\xd4\
\xe9\xc7\xad\xc1\xeb\xf0:rZH\xf8z\x8a\xb5`\xd4\
\xa2\x09\x8b.\x8aQ\x93\xa1s\xcfh2i.F\x84\
\x15\x90\xac\xa8`\xd1\x80cDWk7\xb0\xb7\xc4\xe2\
\xf5\x1en\xddx\xe6\xc9\xcf2\xeb\xaa\xa0\x80B\xdc-\
\xd6s\xf4\xe6\xba\x82u\x04\xba\xed\x1c;6*\x08k\
5\x9e\x8b\xcev\xbaq\xe6f\xb1\xe7\xd4\xb6\xe7^\xa1\
\xbf%\xe6\xdc\xb1\xb2\xa1\xc5\xdd\x8a\xe6\xa5\xd1\x1aS\x02\
\x90(\xce\x17g\xb6o7K1z<\xde\x8b\xee?\
\x03\xf4\xbfC\xe2\xfe\xcc\xf1~\xa7\x7f\x82~C\xf1\xff\
\x00a\xf0\x1fo\xcb\xf3|\x9e\x83\x89\xf0\xff\x00J\x81\
\x85\xc7\xbajL\xeaI\x22I\x09W`\x95Y*\xe8\
\x92BI\x06\x10\xcb\x14\xd5\xc9aMvb\x9d.d\
\xb7$\x1d\xd3\xc5\xdb\xef\xe6\xdb\xaf\xb1\xe0}>L\x93\
2\xfc\x1fH!\x86w\x0dp'\xe7\xd2\x88rbA\
\x84\xb5.UIeS\x90^\xbc\xde\xaa\xe7\xca\x17K\
\x9b(\x10\x92\xdd91=W\x94\xaa\xd5\x9b\xd4\xf0m\
\xc8T37ce]\xd2\xcb\xba%\x5c%\xd5!\x12\
\xcdjI%9uW\xf4\xbf\x99\x98?H\xf9\xf6\x9d\
\xeb6j\xacM+\x09C\x1a\xa2F\xaa,\xaf\xa9\xac\
\xf1\xe6\xddi\xc7.\xaes\x142\xce\x94N\xd7\xac\x96\
\x80\x9b\xe4\xd7cu\xe6\xea@\xdc\xd0\x08\xe7\xa9\x04\xa9\
\xba*\xd2g\x17,L!\x94s\xb9si\x85&\xa4\
f\xbdL\x17mU\x81B\xbaX\xbb]9pZ\x99\
\xcb\xac*\xa2]E\x8c\xad\x17*\xb4\xd9e`]M\
zd\x5c\xf4\x98\xd7\x9b\x97\x0a\x12\x18\x92J:\x9a\xd3\
\x18\xeb\x85ZE\x0a\x09D+\x05~{\x14&\xa5\xba\
;.\xcc\x92t\xb9zr\xa4\x92gw$+J\x22\
T*S\x01\x85\xc2Yz\x0b-Y\x05\xc3Vj\x0a\
\xaa\x89\xd0\x94?\x94Cn\xfcO\xca\xcb,%\x14\x18\
\xb7 \x842\xb2\xa2\x1d\x14\x88\xfc\xe1Q\x04\xa6\x07+\
\xa1\xce\x85r$75\xd0\xc3u\xd3\x16\xbdY\xb9\xd7\
\x9a\xdb\xb9\xa4\x1f\x82\xf38\x0e\x94\xd5\xb3\x08\xb4i\xcb\
\x8e\xbb\xd9\xce\xd9\xd3\x1d^\xc7\x9e\xe9{\xbe_\xe8_\
\xbb\xfe%\xfdu\x9f.\x7f\xce\x7f\xad>E\xe8\xf1|\
\x0b\xc8}3\xcck\xdb\xe0\xd5\xd1\xc1\xf1\xfe\xea\xec\x87\
\x1b\x1d*1\x1d>c5(\x973aj\x0dL\xb2\
L\xea\x10\xc3f\x1b!\x8a\xba.\xebu\x98\x1a\xa9,\
\x87\xad0\xb5\xdb\xb7\x89\xe8\xb9\xdfI\xf6|\xff\x007\
\xe0G\x9d\xe7\xf6o\x0c\xcb\xe1\xe8\xd7\x94\xe8\x5c&J\
\xb2vp\x8d\xa2\x89\x92\x17*\x12IR\xae\x17/r\
`\xa3\x05\x18P\xd7\x92BT\x11\x9e\xdf\xc4\x86\xafK\
/\xd4\xfeu\xa7\x22I\xcf:\x175V{sl\xca\
=\x04V#`\xcd&\xe4\x8b\x18\xd0%h\x15,Q\
\xa8pV\xc2\xe7\xcab\xfa\xfb\x0f6E\xa3,v\xd1\
\x0b\xbd=?_\x22\xd1\xdd\xcd\xdb\xc7\xc1\xf3~\xfb\x8d\
\xcf\xbf\x9d\xdd\x07=q\x83\x97:\xe8\x14K\x93\x80S\
E`h\x14\xc8\x0122\xb8\xdbD\xe7\xd9\x92o:\
\xc83\xda\xa5E\x90\x89A\x80v.H\xb7\xb3+\xf7\
\x94\x12\xa6mI\x16\xc6VWlU\x17O\x9c\xe3\xd6\
x\xbe\xcd\xdc\xf1\x98\xd4K\xd5\xe6\xb5;\xcav\xe5\xbc\
\xeb\xa1\x8f\xa7\xca\xb8Z{c5\xc9\xd3\xb3\x99.\xec\
\x84K\x9aI\x15bD\xb9\x22\xae\xa5ItY\x05\x8c\
\xa0\x84\x8d4\xcf]l\xb79#\x03:\xa2>\x81\x85\
.#;\x19\x9cvra\xd5\xe5\xaa\x9a0\xbaf\xae\
\xf6\x09\xeb\xbf\xcf4\xdcq\xc8\x8d9\xdch\xc2R!\
\xaa[z\x05vP\xddK6\xe3b\x048\xa1G\xad\
\x12\x0b\x1d+f=x\xab^\xfc\x97+\x925{q\
@\x81\x81c(M\x09zI4\xa2Me\xd30\x9a\
s\x08M/R\x1bf\x8e\x97/_\x7f?\xa6\xfa\x17\
\xcb=\x07\xd1\xf9\x1f\xb5\xd7\xf0\xdf\xbb\xfc\xcd\xfe{\xf9\
\xf7\xeb\xaf\xcf\x9f_\xc1\xf1\xdf1\xf4\xdf/\xe4\xfa\xbe\
7F\xdc_;\xeag\x17Lo\xd4\xf9\x1b\xbb\x9a\x80\
\xc9\xd3r3K\x80\x13\xac\xecaYR4bF\x0c\
\xecq&\xf1Uw\x8d\xfa\x0fG\xe2\xba\xde\x9f\x18\xea\
\xf5\x1e\xa7\xd7\xe2\x1f\x9a\xfa\xbf\x95p\xee\xb45\xbe?\
\xa5\x8e\x16\x98\xcb\xd0RV\xd2\xdb\x14Z\x00\x17g\x88\
2\x14\xb7\x06X%,\x95,\x7f{\xcd6\xe2\x94a\
7'w\x87-t1\xbfY\xc6\xcb\xef\x9en\xba|\
\xe4\xbf\xa3|\xe1\xda\xbbG\xeb\x81\xe9\xf1|\xb7f7\
q\xf4b\xeds>\x87\xacs|\xe7\xde~\x05\xd7\x97\
%\x1aS\xe5\xf6'K2B\xec\xc1\xa9\xbf\x0e\xb6s\
\x0b\x17\x17*\xe5\xa9SV\xe44\xea\xed\xc3\xda\xe9\xe5\
\xf3\xf9\xfd\x1e\xb5\xc7\xda\x8f\xeb\xe3\xd4\xa6\xa3\x5c\xc9\x17\
\xcd\x9b\xe7RQ\xcf\xd2*z\xf3\xd1T\xe0\x9b\x962\
\x98\xc5I\x9d\x00\xb6\xdc1\x94\xdb\x902X9t\x8a\
\xf3\xf2\xf4r\xe3\xbeJj\xb3\xd5\xce\xc9{\xce\xa7\xf3\
\x9d\xac\xe7\xa91\xd6\xe3U#\x15\xab5T\x92\xdb_\
O\x9f&\xa4A\x0dwt \xef\xb1k_\x1be^\
pj\xdd\xd3\xb9\xe0\x9fQ\x155p\x9b\x02\x96\x0ew\
u,\xb5\x9d\x0b\x97Y\xb2\xe4%\x5c*K\x18\xbb\xa4\
\xa9.Z\x97t]>gC|\xbd\x8f\x94\xe8y\xee\
\xbeu5}N>\xaeK\x933Mq\xea*\xefp\
\xb5\x8a\x12,l\x95p \x1e\xba\xe3\xebg\xe4[c\
mg=\xf4\x02\xcc\x8c\x01\xc6\xc6]\xa0C\x0bn\xae\
\xc3\x9e\xc3\xca\xdc\xe4\x9aBP}$b\xe4 \x94P\
\xd9\x90\xf5=\xb7\x90A0&\xb2\x9b5\xb6X\x12\xfd\
\x1b>}\x9dn\x85\xcf\x99\xa6I\xa9\xa3\x1d\xeatT\
\x1d\x1d\xe3\x12_\x9dW}\xbej \xbaY&\x9d\xde\
\xf2\x9b\xfb\xf9}o\xdf\xbf6u\xfd\xbf/\xf6\xce\x1f\
\x9b}g\xe6\xf6\xfc\xdb\xe1\x7fa\xfcc\xeax~\x13\
\xc1\xfa'\x22\xfa~\x7f\x97\xd6q\xbe_\xd7\xe6-\xc1\
\xc3\xd0\x88\xf1\x95Q\xb0L9-QD\x9a\xb1\xca\x13\
\xa6J\xabv\xbb\x953\xa7\xd7\xf5y9\xdd\xbe\x8f\xd8\
}\x9f;\xcep\xf5|+\xcf\xdc-#\xe3\xfa\xd2\xdb\
\x9aV\xd1\xaa[\x5c\xd5.H\xd1\x8a\x1d:,\xe6\x95\
T]\x8e\xa3<\x91o\xab\xc9+\x9b\x02(YU\xdb\
TQ5\x86p\xd6N\xabNv\x04^\xc7\x5c\xfcv\
n\xc7>\x5c\xc5}%?\xd3?\x9c\xf3\xfa|{\xfc\
\xe7\xbb\xf0|\xfbt=\xb7\xce\xd8\xbe\xcb\xcd\xe2Z\xde\
r\xae}\x04\x82\xae\xae\xabRf\xbb\x05*\xf4\x9eu\
\x18\xad\x19B0 \xfa\xe1\xd3\xdf\x98\xf67GO&\
\x11s\xc5\x95c:'\xc9\xd7K\xc5\xab\x97\x9e\xb1\x1a\
1\xce\x91\x11x\xea\xcbP+b\xa4\xae\x8a\xceho\
=\x92\xf5\x9b\xcem\xe3\xac3\x9d\x8d\xa4\xa9[\x9d\x03\
;P]c\xa4(D\x18\xedg<)\x9dI%C\
\x0d\x1a\xcey-[\x9a\x5c\x15\x01ZR\xfd.\xf9\xf9\
\x83\xf6\xa8Ln\xe2\xf3\xf3}\x87\x95YS\x961\xa9\
\xa7!$c\xd2\x88\xefq\xc2\xc9V\xacn\x85\xaa\xce\
\xe1V\x94\xcd6e$\x91 \xd8KsV@\x8dr\
K1\x83\xf3\x90\xd8\xfdx\x82\xe6\x12\xeen\xc6Y\xab\
/\xa4\xe1\xd9\x9b\xa3\xcez3\x1b}Kx\xf2\xe1D\
\xa1w$\xaa\xb14\xe70\x87\xe7\xd2\x91t\xfaT\x17\
P\xec\xe5\xac\xb4\x8c\xc8eO\xc8\xa2,,!\x86\x8d\
\x02\xee]\x0c(\x81e\x16\xac\xa0-\xa5\xeah\x99\xdd\
\xa8\xdd\xbc\xbe\xe4\xc7\x01\xe4\x0b\xbb\x19\x9e\xa3g\xa1\xf3\
\x1b\xe7\xa76\xe5\xe7@\x5c\xbdy\xe9\xa31\x22B<\
\xe35\xe8w\xf9\xce\x87\xa7\xc5\xef\xbe\xc3\xf9\xc3\xd0{\
\xfe_\xed3\xfc\xab\xfa\x1f\xe7\xf5\xe5\xfc\x87\xf4\xaa}\
\x1eo\xc8<O\xd2\x7f5\xfa~?\x95\xf2>\x85\xcf\
\xf2}/\x03\x9f\xda\xf3\xbc~\xef2\xbe\xf2x\xfa8\
\xc1\xd5\xae}y\xaa\xea\x91\xcao\xa0\xd5\xd3\x97\x9a\x7f\
\xa8\xe8\xfa<\xde[\xab\xe9z\xde\xcf\x9f\xe7\xfd\x87\xd3\
\xa7>z\xfe\x0f\xe3\xbc\x7f\x83\xea\xe8\xc5O\xf3\xfd\x14\
\xdcj\xea\xc4\xed\x9a\xc7\x1a\xb4+=$\xb8jQ\x0d\
\xceX\xea\xc6\xe33\xbe\xc5\x8d\xd2HU+W\xa9\x9a\
\xc63\xb5MS*\x89%E\x81\x08}nw\xb0\xe9\
\xcf\x9e\x8fU\xe3u\x9d\xfeyW\xcfG\xed\xbc_J\
\xdc97a\x9aj\x9a\xb9N\x05\xd8\xc1\xadU\x90\x18\
\x0aAr\xda\x87E\x09\xca\xebq\xe1\xa05Fu\xa6\
\xd5o\xce\xdd\x08\xd5x\xee\x7f4\xef&\x82\xd55A\
X]\x1d\x976\x5cw\xd1\xd3\xf3\xf1\xbfE\xcc\xc3\xd5\
^|\xed`Lv\xb6.\x9e\xd7\x9bm\xc2\x97s\x1d\
\x04\xe8\xa5\xb8J\x87\x9e[\xd4r\x85\xb0\xb9W+\xba\
Y\xb1\xf4\xe4\xefC\xe7\xdf\xac\xe1\x06\xeb\xcfNv\x8c\
\xe4\xd8\xd9\x04I\x0d\x02\x15f\xac\xbd\xa6\xed\xf3\xf1\xfd\
\x9e\x97\x94\xd6}\x7f\x0b\x81\x15\xd5\x9c\xf3\xa0\xafE\xc3\
X/I:\xbc\x8fQ\xae|\xceWi5\xcc9y\
\xe8\xb9\x074\xd5\xa2I\x9a\x14\x9a\x0d\xba\xb9c\x08n\
\xc4\xdd\x5c\xbb\xb9\xa7L\x8c1\x9a\xa9\xd1\xe7\xc5\xddY\
W*4\x226\xc5u9rV*\xe59\x98\xe5\xcc\
\xe8\xee\xdc\xe8\xdf\x1fD\xce\xe4l\xe6\xde[\xb9\xe6\x19\
\xdc\x13\x09\xa1\x86\x0bV}C\x90-QV:\xaaZ\
\x81\x1c\xa9R\xc1)D\x05 h\xe1DcP\xac\x12\
\x10\xf5.y\xc1\xb7]r\xa6\xbbL>\xab\xccv7\
\x96s}\x099\xf1K\xd0/S\x9b\xa2\x95s\xeb<\
\x0f\xb4\xf3\xbb\x9cvb\xedq\xf4\xe8\xe6\xec\xc5sy\
\x0dy\xd2\x01\x8a\xc7N\xde\x5c\x9a\xcd\x9d\x1c\x98\xfd\x1e\
_K\xbf\xc7\xf5}\x9f;\xf4'\xd8\x7f\x14\xf4\xf1\x9f\
\xda\xca\xfc\xf7\xf5\x9f4\xe2\xf8_\xd0c\xdf\xcd\xf9[\
\x9b\xfa\xd3\x87\xeb\xf3\xfea\xcf\xfa\x1f\x9f\xbd|\x22\xbe\
\xdf\x9b\xa7/\x92\xa7\xec\xba\xe5\xf8\xcb\xbe\xfd\xe9\xb1\x7f\
5\xfa\x8f\xd0\x1f,\xf3zz;\xff\x006\xfc\xa3\xc9\
\xf4\xbe\xbf\xf2\x8c\xf9\xb8\xfb\xda\xb3\xeag\xa7\x1a\xed\x92\
\x85\xd6\xcb0\xcdEoL\xfa\xfc\xfdp\xf3i\x97\x8f\
N\xbcLA'\xab\xf3\x8c\xe7\x96Y\xd80[d\x82\
CR%#I\x11\x99$\x9a\x92J\xab\xb2A\xd5\x97\
}\x94y{\x1a\xe7\x93\x9b\xa2\xf3\xd7\xad\xe7J\x5c\x84\
`MY\x06\xf3\x9fcr\x9c\xaa\xd4\x90\xc1e\xd4\xad\
2\xb4o\x9eN\xbf\x0e\xea\xa5\x5c\xdd\xdfS\x9f\xaci\
\xdf\xc6\xeaL<\xcb~\xb8`f)\x9a\xd0\xac\xf3\xa7\
C\x8c\xfecf\x153\xd4\xa8\xea\xa5\xca\x89\xd8\xe3\x8d\
zN_3\xb3g&z>\x5c`r\xce]*\xed\
?Y\xf3\xb9\xeef\xc6\x04\x9a\x12\x1b\xcc\x8ct\xd4J\
\xf5e\x96\xcd\xce\xd6s?\xdb\xf2=~O.\xad9\
\xbc\xde\xcb\x03\x0c\xdd\x09\xdb\x83y\xea/\x05\xa7\xdb\xfe\
]\xc4\xef^>wb\xfa\x99\xea\x9eoI\x16s\xbb\
:\xb1N\xb92\xad\xb9tU\xd3\xe1 \xb6]\x8dn\
~\xbe\xb9\x0f%\xd9\x9b\xdb\x8ak\xce\xb3\xea,L\x85\
\x11\xcd%\x94\x0bO\x5c\xcd\x82T\x01\xd8\x82T\xe8\xcf\
RM\x14\x18\x92B*X\x0d^\x94)\xa2\xed\x9a\xf5\
\xfd\x0f-\xbe\xba\xf8!y\xc4(\x125f\x05\xe9\xcb\
j\xec\xc7h\xbd\xdc\xf8\xb0\x85\x80\xec\xac\xb6\x1a\x88f\
\x87\xd3\xf9\x8a\x1e\x02!\x15XP\xc5\x06\x9df~\xf7\
*XI\xb2E\xd9\x08\xf1QT \x22\x84\xc0\x9a\x13\
\xeb\xbas\xf3\xd7\xa3-\xc3\xbb\x1ej\xf3z\xdc\xdd\xf8\
\x1a]\xef\xc3\x8e\x8e\xc9cr\xfb\xa4X\xb5\xf4\xb3g\
y\xdd\x1f\x9a\xcc\xd65\xd9\xe5\xeb\xe7\xef\x1dm\xdc1\
\xdf?A\xaf\xcdk\xef\xe5\xf7\xde\xe7\xe0Z/?\xd4\
\xfe\x97\xf1\x839?xt\xff\x00\x9e'\x8d\x7fC2\
\xfe\x05\xe2\xe7_\xbf\xbc\xb7\xe2=\x93\xa7\xea?\x9f\xfc\
s<\xe9\xde\xe4&N\xd5R\xa6\xed\xe9\x96[\xb3\xf4\
u9\xb6\xfe\xfc\x9c\x1fC\xb7\x97yu\xbc\xd9`\xba\
F\x80\x0c\xf5&\x9a\xd1I\xd6\xa6\xd5\xb1\x0cfOK\
\xceg\x0e\x10\xd7\x9d\xe6\x8d\x1az[\xbd\x8e5\xd5\xe7\
\xa4\x95\x12\xca\xadm\x8b\x89D%V\xc4=(:\x5c\
\x9b:\x1c\xf2\xd97\x90d\xb2HH21Tpj\
\xeaJ\x85Z.s?\xa3\xc7\xd4!\x93\x1b\x9aQ\xa3\
Y\xefr\xfdW\x9c\xf5x\xf1:O7\xa2\x12\x003\
\xc9y\xaf@\xaeh\x91gu*6UI)\xaa\x83\
#\x97uTUp=Nl\xd4\xeb\xdf\x1b\xa5\x96D\
\xf7\xb0Y\xcd\x22\xbc\xea^\xac\xa9\xb7\x9fD\x1e\x8d~\
\xb7\xbf\x9b\xc2/\xa9\xc8\xe5\xdd\xda\xb9\xba,\xecsT\
\x8dc\xbb\x8a\xcbLy\xba\x0d\xc6\xf9\xad\xedl\x99\xe4\
\xbfzo<\x9c^\x8f:u+\x02\xcfC\x80\xbdN\
\xee\x12\xe8\xf4\xe5\xc6W\xa3\xf3\xd8\xeb\xb3\x05\xe8\x85v\
\xf9\xb9n4\xf4\xf9zS\x1c\xf5^v\xe6\xf3\xe6\x99\
\xeb#S)A\xb4\xbb\xa2\x06P\xe7Fl\xd7\xacs\
\x17\xd7\xe5cA%M\xc9\x1b\x0b\x16\x09GV\x080\
P,\xbbv\xf3\xfd\xdc\xf9\xc6\xb4\xd4\x14\xc6jBZ\
\xaa\x88pm`\x18\x16\xd0\x10\xc9\x8a\xb2\xa7C-\x8a\
\x0b\x1c\xea\xa8\xa0\x1a\xb3=K44\xba\x96\x8d[=\
~\xa7\x0b2\x935RZQ\x85\xc3I\x17\xac\xc9:\
\xe7.\xbd'\x9e\xb1\x17\x09\xbb\xe9\xe2\xd5\xd3\x86F{\
5v\xf3\xf8\xbb}y\xfdA\xa3N\x0bT\xe7d\x8c\
\xf6\xc1\xc6\xec\x0a\xea\xbaX\x90\x03\x16y\xb6K\x95f\
\xb6\xaaL\x17\x93\x09:T\x19\x94\xeev#9#\xa2\
,|M\x95,f\x8c\x0e \xdb[s\x9a]j\xdd\
\xdc\xa2[\x86\xcd\x9c\xce\xff\x002\xccL\x8d\xe7\xa3<\
\xc7rg\x95\xf6\xa6\x883N\xb4\xed\xb3\x93j\xea\x0d\
\xe6\x96Iz\xb8\x0fn\xb1\xc9m+\x9fYT\xcaj\
-\x90\xba\xe8s\xa0\xe5K\x0a\x0d\xad\xca$\xb9\xb3\x15\
\x86\xbd\x08\xaaj\xea:<\xe6\xf5.\xb9\x03%\xcc\xba\
\xd0\xa9\x92\xb5*\xae\xa5\xd0\x97#R\xea\xe9Ml\xe9\
\xdey\x10+\xce\xf7%\x0c\xb9\xd0y\xd7\x16 \xc9\xba\
&.\xc8\x04 \xb9vKr\xb5\x06]\xa8\x10\xd4\xb4\
LT\x85\xd4\xe5\x95\xcd\xca\xd9.}\xdb\xb9]x\x91\
^l\xe9\xfd/:\xdc\xed\xf8}?&^s\x90\xcc\
l\xb7s\xf7o\x92\xb2\x5c\x9b\xa9$\xd40\x81K\xd3\
\xbc'\xb2\x1b5\xc2\xc3@\xde+\xe5t\xb9y\xe93\
\xdb\xef\x5c\xfd\x14&\x05\x1b:,\xf1\x8b\xb5\xc5kv\
k;2tph\xce\xb5l\xcf\xd5\xeb\xc3\xca\xce\xe7\
?;\xf4>_\xd5\xa3X\xf2\x15\xbb\x1f\x1fOC\x9c\
C\x915g\xb9sn+\x90[\xc7\x1b\x7f\xb4\xf0\xbe\
\xcf\xa7\x97\xccr6\x87?F[\x12\xcf[\xb2\x8c\xd4\
\xb2\x07Ye\xd6w\xe0w\xbe\xd3\x87\xab?\x8d\xce\x82\
K\xe7\xa9$!\x09,\x02\xb4\x5c*R\x02h'\x9d\
\xa2\x5c\x97Y\xed\xf8\x1a\xf9\xbe\xaf\x13\xb8:\x11\xe6\xf6\
T*\xce\xeaI\x05%\xd8R\xe2u7qU\xacm\
\xca\x11h\xadKwW\x12\xba\x9c\xdb;*\xe5\xdd\x9e\
\xaf\x83\x8e\x82\xab\xa6\xb5\xdd\xbb\xa7\x1fU\xc1\xcd\xe9\xbd\
\x1e/\x19~\x87\x8f\xc3\xd6+\xd4\xbc\xf4\xc6\xa2V4\
t/\x5c\xa4\x05\x9d\x00\xb4UR\xae_E\xc3\x03\xb8\
\x8f\x075\xcf\xa6*Y\xb7'@\xe7\xd8\x1c1l]\
\xcc+\x85G\xaa\x85\xea\xa8\x16\x0dQJ\xab\x0a\xf5d\
\xad\x0a \xd4\xd9\x94a]\xde4\xb1w\xd3\xe7\x16\xd5\
+\x1a9\xa7\xa9/\x14\x89w\x0d\xeey\xff\x00[\xbc\
\xf9l\x8e_=\xb0\x1c\xb6\x9f&\xcb\xcf)\x96\x09T\
\x00Y\xe8\xc5\x95\xf4\x84\xb6;\x9d\xcd%\x8cU\xc1\xc0\
\xd1\xb9\xa3_\xae\xe9\x8f#[1cW*\xe6\xb63\
\x9e[\xc7_\x89\xab\xa1;q\xba\x9c\xce\xcfO?-\
f-\x86\x85m\xd4\xc9\xa5;NpiQ\xb5\xfd\x7f\
C\xe9\xf1|\xd7?s\x8b\xe4\xf6\xad\xea,\xeb\xa3\xa7\
7_\xb7\x9f\xcf\xb7\xd8\xf9[2e>\xbf.\xfcj\
b\xe6\xae\xaff\xb3\x8c\xae\xb4\x0b\xe8\xaf4\xb3w\xb3\
1\x87;\xb2\xe3f&#:\xdcC\xd6>\xad\xf3\x9c\
\xd9\xbb\xf9W\x0d~O|c\x96\x9e\xb7\xc8\xef\xc3\xd3\
\x96\xd9\xcbo>\xab\xbd\xa1\x19\xa8J\xe9\xa2\x12K\xab\
\xda\xc9\xf6\xf9\x0e\xe9\xe6\xde\xdc\xda\xf5\xc9\x88\xdc\x86q\
\xe9\xcd\xcd\x9d0?;\xf3\xe9*j\xf5\x17\xd6\xc5\xa2\
\xe0\x14gc\xd4\xbbD\xb1\x9d\x85\xea7\xcb\xaf\xb7\x97\
\xec\xbe\x1f\xcbt\xf7\xcb>r\xc3\xcf\xdb\x85\x8c_.\
\xb9\xba\x195*C~}a\x0b\xdf\x93\x1aI\x0c\xe7\
\xd1}nV\xea\xc4\xe2\x8c\xe0hj\xce\xc2\xa4\xb9\xb3\
\xa2M9\x1f\xf5=Ux\x9eg+=.\x9c\xbcJ\
K*h.\xa1l\x5cI*\x94\xaa\xa8\x96$MY\
J\xc6\xaa:&\xb53Y\xe6\xcb,\xe8\x18\xa2Z\xef\
q\x83X!\xba\xce\xcb^B\xb9\xa9*[:\x969\
{\xf9\xd6\x0c*Q\xd5\x9c\xc8\x06\xa2\x5c\x91\xeb<\xa7\
W\x93\xd3\x9fC\x7f+EOG\xc7\xf4\x9dx3\xc8\
3\x9b.\x8e\xcf\x0bN:VN\x87;\x1b\xb5#^\
t\x82Q\xcd\x1au\xed\xaev]\x02\x80\xe0\x1c\xdd\x98\
\xfb|{@URw2\xde\x1b\x14`Y\xde\x9c\xad\
U\x85bc\xd2\xc4\xd8R2P\xab\xb2J\x89r\xc7\
b\xbb\x0a0\xaaM\xb9D\xab\xa3\x907\x5c\xf4\xbc\xdb\
\x07&\x92\xd83/\xa6\xe4\x5ce\xee\xf1\xe4\xd3C\xa6\
\x17<\x88\xc6\xe3}?U\xe1\xbdOn>G\x97\xeb\
|\xd7.\xaf\xc3\xd9\xe6M$\x89\xb3aI\x90\xd5\x9b\
,np\x96\x1c\x095\xa5\xb9\xb5\xef\x9a3\xc7M*\
\x10\xcd\x5c\xa3d7d\xba\xed\xcc}\x0e\xb3\x8a\xb6&\
d\xba\x1c\xc9M1\x06\xbb|\xcc\xad\xd6\x1f1\xd6u\
\xd2\xcf\x90\xa4U\xdc\xe7\xd7H&\xf5\x9d\xde\x93\xc9h\
\xed\xe6@\xcb\xe5\xe8\x02\x9e\x9by\xf3:Y\xcf\xd1\x84\
\xb1\xc6\xb6\xa3\xb4\x9b\xcf\x1d\xe6V6\xc5T\xce\xae\xc6\
\x0c\x01\xdf\xa9\x9dZ\xbb\x93\x1ef\xbd\xad9\xf9~\xfe\
\xaeON|Tk\xcb\xc3\xd9\x04\xa4\xd5\x5c\x91\xb9\x08\
v\xb2\x9b\xeefa=\x8c\xbd\x9d\xf9\xd4\xc3\x1dq\x22\
\xcd\x89vf\xc8\xa7N\xbf\x12\xf1\xe7\xa5h\x16\xdd\x81\
\x14\xb2\xf4#N\xb0\xbdy\x02\xe3N\xac\x09\x8f_\xe5\
\xba\x1c\xdd\x153_/GC\xd7y\x1b\xeb\xc3\xad\x8f\
\xbb\x87\xb7.>\xbcw\xcb\xd3\x96z\x7f?%F!\
\x92Yb\xe7\xd6\x98\x89\x9d\x95\xae\xb1\xa3\xa0\xb1\xf2\x9b\
r\x98LI\xd6\xed\xfb.\xf9\xcf\xf2\x06e\xe6U\x1d\
\xf1\xec\xbb\x01R\xa8!\xd8\x92\x5c\x94@\xb0\x96\xe4\xd0\
\xa8\xd1\x9a\xc2\xd0\x8b\xb0\x8c:\xf7<\xd4\xf5yV\x0b\
\x93\xdc\xce\xf8R\x8c\xab\x96t\xb9\xf5w;1\xfa_\
2\x92\xd6SE*\x95\xa3R\xe6\xcdgg\x7f\x17K\
\xb1\xd7\x87\x81V\xe9\xcb\xbe\x19\xf4_!\xac\xe2~\x0b\
\xcfF\xea\xcfVm\xf6\xdc\xaew\xaf\xe7\xf5\xc3\x9d\xaf\
\x1d9\xdc\xdd\xbc\xae^\x90*\xf4y\xdf;\x91\xd2\xd5\
3\xc1\xda\xae\x9c\xde~mA\x92\xee\x06\xbaz\xd9?\
;\xe9\xfc\x95\xd4\x92\xf1\xa8V\x15,\xa0\xc4\xd9EA\
$m+U%\x89\x89ee\x0b\xa9\x08R\xb7\x1a\xb9\
)\xf9\xa55gR\x9c@\xeb\x84\xd59/\x5c\x1d`\
v\xe4j-\x1d<1\xb9xw\xca\x8e\xde~fn\
\xfe(I}W\x92\xd7\xd6\xbb\xe0\xa6\x97\x8d9\xb9\xbb\
\x1b\xc7\x12\x18\xe7Tc\x15\x8asS;\x01\xb5j\x08\
\x17w\x81W\x1aS\xdaRr\xb4\x226\xda\x13\xd6Y\
\xb7\x9c5\xec|\x97_V\xaf\x991\xdc\x88\xedpU\
q\xd4\xe9ru\xf5\xe5\xc6`\xbf\x97|L\xd5\xcf\xe3\
\xd1\xcb0]Y\xa3u\x9d\xb8\xb4Mgw3g/\
|\xdb\xbf\x97'G\xa8b\xf4y\xb6Y\x0e\x95^f\
\xdc\x16\xa9d\x91e\xd3\xecIt\xb6\xeb\x9b\xba\xec\xad\
x\x80j\xd0E\xa0s\xb8\xfe\x93\x06;y\xaa\xe8\xe2\
\xe5\xeb\x08q\xa0\x97ah\xcb.z\xcc\xe5?\x5c\xb6\
\x16N\xb33N\x1eV\xb1\xd8_!3\xa6\x8c\xa49\
\xeb\xb8\x5c\xfe\x9c\xc5 \x01\xb3#MK\x0b\xb8 0\
P\x9a\x174\x9bJ\xb3\xbd[\x15\xebz\xf0\xf3\xdd\x0d\
~v\xeb\xa3\xc0\xd3\x93\x1d=w;5\xf4\xc6|\xce\
\x1e=K0\x84=\x1a\xe2\xe3\xad\xba2\xe5\xde\xa5\xb3\
\xb3\x0e\xd5\x8b\xf7\xdd\xbc\x9e\xa9\xb7\xe4\xcbW\x1d\x08\xda\
\xf9j.\x06u(\x85d\x86\xa2BRIw@\xd5\
\xaeY%\x84.E\x86\xc1)M\xd9\xa5\x8d\x0b\xab\x00\
{\xb9\xce^\x9c\xcd\x94J\xa9(\xc6\x02\xc1\xa5\xb1(\
\x95f\x04\xb9aX^\xa1X\xcah\x85\xa7c/8\
Q}:\xc3\x9e\xb3v\xae\xcfN\x1ce\xfd\x07\xe7\xda\
\xc23\xfb<\x9a\x99\x19\x90\x17\x9d\xe8xo\x85\xf2u\
/\x8fn\xe7?Z\x17\x99t\xe9\xa5\x8d\xd0=\xbe!\
\xb3\xea\xbc\x85\xc9eI5r2\xa9\xb4\x94a\xa0\xe2\
\x1e~\xad\x9c\xedh\xd0c2Z\xdb\x95\x12\xc1\xc0T\
\xa7\x0a\x925U5\xd9\x9c\xd4ZC:d\x0cL\xde\
\x9aV\xb1\xbb\x7f\x0f^\xb9\xa5\x8b\x1c\xefn0\xdb\x08\
\xbe\xef\x9f\xb9f}\x5c\xfc\xf4\xe8)K\x97\xd8x\xbd\
_D\xeb\x8f\x9c)k\xe3\xd7FyR\xcb\x97W\xd7\
\xe3\xf45\x91\xc2zLrtNo\xa7\xcf\xe9u\xe6\
\xecc\xc0\xce\xbeO\x1d\x8b\xb1\xce\xe7\xef\x5c\xdc\x9aB\
Ls\xd2\xbb\x9c\x81\xb3\xd5\xf9?B:\xd7\x9f\xa3\x0e\
k \x9a\x86\xc4KDl\xb0\xa8\xe0\xb7Ff-5\
(U\xa8t\xfd7<\xe9\xa5\x19\xdduylI\xdc\
\xe4j\xdf\x1c\x99Z\xbe]\x84\xb7\xf5n<\xf6\x8fl\
\x1a\xf3\xf0{\xd1\xda\xe3\xcb\xbe\xa9',\x0f,\xd7H\
\xb9\xa8;\xf8y\x99\xd7m\xf1W\x8e\xdb2/fz\
s\xa8\xe6z\x8dQ-N\x9au\x8cL\xd3\x96\x06T\
W\x08B\xac\xe5\x83$\xb3oC\x90Z\xc4ks\xe8\
\x10\x874\x9d\x99\xf67\x17K\x9aKA\xe3\xa4\x93P\
\xbfI\xe54\xeb\x0e\xcdEn\xa4\xa5\xb9\xd25)1\
\xb9@\xadc\xa9\xcb\xd9\x9aia\x1b(K$\x1af\
\xc5\xd1\xf6\xde\x87\x99\xf4\xeb\x97\xf2\xd9\x9f\x8f:\xa9|\
\xf4\x0a\xb0\xce\xec\x0a\xa5\xa1),\x12b\xa4\xea$b\
\xe5?!\xdc\xab\xbdYJ\xd7\xb7\x9bLT$\xdb\x8e\
K(nJz\xb1\xb1,\x04\xaa\xc4\x82+d\xc9\xac\
\xdb\x1d\x8aVAj\xddS\x99\x11d\xb0\x06Z\xd4\x92\
\xa1\x80\x13\xac9\xe6\xf2\xe8C\x99^\xdc\x05g\xac\xbe\
\x0fS|{\xbdL\xf9\xfby\xb9>\x91\xbe_\xbf\x0e\
X7o/O\x0d]y\xc7\xd1\xc6\xc3\xab7\x1e\xe2\
\xe1\xb9S%\x17(%\x840\x92B\xe0\xc9\x18\x15r\
\xce\x96\x01\xb6\xe6\xacW%\xa7<V\x06\x94 \xdc\x91\
.\xaa#\xf3\x9dU\x18\x17\xaf8\xeb'F\x05\xf4r\
m\xdeq\xab\xa3\xcd\x95\xccCE\xbc\x90\x91NT\xad\
\xbc\xf55\xa5\xb9\xf4\xef\x93\xf1k\x8b\xcb.\x8f/\x1a\
\x1e\x82\x97K\xa2%P\x5c\x9af\xbet\xb0\xd7\xd0\xd8\
\xca\x1b\xe9;\x1d<\xdeG\xd0\xd25\xc9\xf3\x9cV\x1e\
\x0eo/\x1d\xfd\x1f;\x03\xae\xb7a2\xbaE\x9b\xd7\
 \x93\x14}\x07\x9f;=\x07\x94\xf7\xb8\xee\xfcu]\
q\xb7)\xd6R\x5c\xa5\xd0y\xee\xe6\x01;:\xcbg\
\xae\xb15Wg_\x0es\xe9\xcdl\x1b\xc6\xd96\xe3\
\xd70\xdd\xcb\xee\xe2\xf4{\x5c}\xba\xf1\xebFF\x5c\
:\x03\x05a\xbc\xd3`\xac\xb8\xf1\xdf\xa5\x932\xe7M\
\x08\x09\x9e\xa7T\xda\xb5i\x16W\xa8\xb1G[\x96\xb2\
\x08d\xab\x0b\xa5\xd0\xa9w#Gb\xca\xa2\x9d\x01\xca\
V\x92\xb1\xd6\x97\xa4\x0b\x0b\x09\x89e\xae\xca\xe43d\
\x92\xc6\xe8\x0e\xd4H,\xd6\x0b\x1d\xe4\xaa\xa6[3\xd1\
jQ\x11\xb2hb\xd5`e\x9a\xa6h\xf5\x1as~\
\xd8\x8f\x90z\xf8\xf6|R+\xcb\xda\x82Nz\x94c\
b\x14\xd5\xf3\xeb$\xb2\xa8\xc4\x80~\x85|\xd9X\x16\
K\xd0X\xafh\x1d=\x9en\xdbS\xd527Z\xc5\
\x92\xae\xc0\x8c\x15\x17\xaa\x12\xae\x12\x5c\x90d\x8d\x05\x14\
/\xa5\x81\xda\xc00\x1ffk&\x0b\xb0\x95*\xd4\x17\
I]v\xf9\xdc\xba\x99[j\x5c\xe9\xcf\x17gW%\
\xfbK\x9e'\xba\xf3\x95\xd7\xcd\xea|\x17K\x81\xd3\x0c\
&qyz;\xdc\x8e\xdf\x11\xa4/\xbf\xb73\x83\xc8\
\x83\xcb\xbd\xb1l/>\xac\xb0`o\x9a\xc95\x02\xe7\
\x85F\x87\xe1\x14)W\x15wU%\xea\x16\xa6\x0dT\
!\x8dXL\x85\x14(1\x87S\xd3\xf9\x8fG\xbe\x1c\
Gg\xcf\x9e\x9dnj\xddB\x10s\xa2\xd1\x9bF\xa0\
\xd7K:e\xd4\x9d\x17-\xe4v\xf9\x12\xb2\x03\xad\xbf\
u\xf3\xcd;\xe7\xea\xf8YB\x5cd[\xf3\xd3\x9c\x00\
\xcc\xe8t\xaf\xd5k\x97#Oo\xab\xd3\xcb\xe4u\xf4\
N4g\xe8\xf9\xdd\xf2\x1dY\xbd\x12\xfc\xff\x00\xb1\xd5\
\xe9M\xf8\xb0\xf4\xf9f\xbcw\xa0\xdbv\xe4\xe7v{\
7\x1eI\xbe\xa17>k'\xa0\xe5c\xbe!\x01u\
\xbf\xa1\xf8\x05\xf4{\xcf\x9e}[\x82\xe9\xe5\xb0n\xd7\
\x9e\x18\x95}\xd5\xe0'\xd9y(\xbfQ\xe4z\xda\xce\
~w\xbb\xd3\x8b\xe2\xb6\xfb\x1c\xcc|\xfd\xda5\xde\xbc\
q\xd9\xea2\xf3\xfdn\xb7#\x5c97n\xcf@(\
\x89\x1d\xb7\x97\xa6\xc6\x8aQ'Dy\xa6\xaeB\xd5:\
vy\x04\x99H\x17s\xa7l94\xc40\x97p\xce\
u\xe6\x98\xed|\xb7\xcerdl\xc7.\xae\xee\x5c\x8c\
\xa6\xa8\xac\x86Z1\x99\xd6\xac\xdd\x00\x93\x1e\xa3\xcf\xb9\
\xab\x15\x0e\xa1\x81T\xd4\xb1\x89m\x16\xc2\xeakI\xa5\
:5\x8cx\x88\xa6\xaa\xdc\x90\xe5\xb3Y\xab#\xaa\x1e\
\x85\xeb\x97?OO\xe8\xfb\xf3\xf9_\xa1t>\x1f\xe8\
\xe1\x8b\x8ah\xf9\xff\x00Y\xa4\xa6 ]T\xd3\x97T\
\x89\x1d\x08\xc7@\x85\x16\x8a\xc8U\xdc7\xe0rh\xd0\
\xc2\x97\xd1t\xb8\x1c\xde\xbeu\xdd_>\xdd\x1c5,\
\x1a\xb9-^\xac\xd4@\xc1\x88P*\xae\xe4P\x95\x03\
,U\xc1\x220\x96z\xcb5\xe6\xbd`\xd6\xec\xd6\xda\
Z\x9ck^\xde7\xd6z\xf2\xe1|\xff\x00N\x5ct\
\x1fM\xe6\xc3\x1a\xe8\xd6\x0d\x15\xa1o\xd5\xbex:\x88\
\x87o\xea\x9f\x02\xf4}<\xef\xe4bG?Ez/\
7\xdf99=\x1f\x9d\x97\xa0\x94v\xf5\x8f9F|\
}\x16Z\xfdo\x7f7\x84_G\x9d\xc7\xb8J\xac\xec\
\x96Dj\xc4\xf4%K\xb6\x98\x1b\xb22\x17-\xaa\xba\
\xdc\xceX;U(.\x9d\x9c\xc5\x15K4\xa1\x96#\
J\x0aV\x0e\xdeu\x8eE\xd4Q\x03\x17N~\xf7\x1e\
\xe71\x0ckJw\xe6\xb9S\x17K\xb3g \xee+\
\xa48\xec\x16\xe7&\x9c\xea\xdbq\x8f\x1f\xd6\xfcF\xf1\
\xe6S\xe8\xf9\xfc\xba\xe9\xea\xa7\xad\xbf30\xf58\x1a\
\xe6\x9c\xbc\xe9\xcf\xd5\xedp\xf9\xe4\xeb\x9f\xaa\xd6/\xd7\
\x9e\xf7q\xf4k\x1c\xac]\x7f1\x8fO\xa60\xa72\
\x1c\xb8Z\xe8\xaf\x88W{\xf9d\xd7D4m:\x1c\
\x9dA\xa8?N\xf9\xc4\xd5\xf4|\x7f\xb1x\xae\xde?\
\x9b\xf4\xd6\xef'\xb2\xf9D\x19\xdfI\xea\xe6'a\xbc\
@:H\xc6J\xe2V\xdaF\xfe4\x97xc\xd9\xac\
\xe9,\x11\x97\xbb&\xc8\x81\x8ca\x9b0\xaf;\xba\x19\
5\x08\x09E\x8a`\xa6\xaf\xb3q\xcaYlT(\x82\
Zf\xacJc.\xe6\xae\x18$c\xbc\xc0xB\xa5\
I\xa9D9\xd4&h\x84\xb0Y\xb8\xec\x9d\x15\xf3\xb8\
w\xb4;\xf1\xd5\xc1\xdcq\xce#\xcf:\xed\xc7TT\
\x85\x8d\x0c\x91-\x8b\xbb\x93b\x8a\xc6\xd8\x9d\xc3\xb7e\
\xecu\xf3\x8f\xa1\xe9\xfd\xd7\xd1\xe0\xf0\x87\xe9\xff\x00>\
u\xf3\xe6\xf2\xce\xc5\xf3\xfe\xd2\x96u\xcf\xd27Rh\
\xc2B\xdc\x8a\x1f\xa7\x0d\xa6\xcc\x1d.\x85\xc7\x01}\xfe\
l\xdf5\xf0&\xa8\x88G\xa0\xa0\xd4\xdcJ\x866\xc9\
!$\x89\xdd\xe2\xcd\x17\x19H\x0an\xec!*\xc8\x9a\
3\x02U\x5c\x9b\x16,\xd2\xe5U1\x99\xce\xc7*\xee\
\xc8$ \x1a\x8eZ\x16P\xb0e\xcd\x19\xd5\xeb\x0f~\
m\x1b\xe7S\xa5\xc7\xb0:YF\xb3\xeb\xceX\xd3[\
\xbb\x8e\xd6\xfe's\x9d3\x16\xa6\xcd=Yzg?\
\xa5\x85\xf5\x9f;\xd1\xcfbk\x8b\xa79P\x16u(\
\xdd\xdd\x9a\xccqX\xc5=2\x9d\x8d\x83\xdc\xe3\x12N\
\xaf\x1e\xac0)(IKcr:X\x97\xd5\xd6p\
35\xcd5%@\x5c\xb8\xd1\x98n\xc2\xa2u\xa8\x97\
 \xd3.\xa5\x18)i\xca\xc4n\xfey\xeb\x9fu<\
\x1d\xf7;\xfa\x8a\xe3\xef\x96\x8c\x9c\x86c\xbb\xef<\x9a\
\xbe\xc3\xb0k\x9e\x1dq9\xd7\xaa\xc9\xe7\xd7y\xf5;\
>[jkW9\x0d\xea\x85\x8d\xa2\xa9j\xe6\x01\xef\
\x17z\xd7r\xa1\xb9,\x03\x15X03\xae\xa7\xdc\x7f\
?u\xbd>\x1f\xa7|\x83\xf5?\xca.~A\x1a\xaf\
\x17\xd2\x91\x80\x95\x0a\x96\xafv[\x9dX\xbb\x5cmb\
\x0c\xd1\x9d\xe6`6\xc1\xa6\x86\x94\xda$L\xb1\xcd\xd7\
\x89\xe9\x8a\x925R\xe4\xb4\xf5\x8aT:\x89Q\x94\xe5\
{_#\xd7\x8eJ\xab\xe3\xde\xe4\xbd`\x88{Z\x98\
2\xea\xcf\xaelvoE^u:=&u\xe6\x11\
\xd5\xc95\x95\x811\xae\x93\x0ab$\xa83\xb6\xd0\x8f\
L\xb3>j\xe9\x09%3\xb1\x8eI$\xb9*]\x95\
d(V%f\x98\x87\xdc\xf4\xbe\xa1\xe0~\xbd\xed\xf8\
\xbfj\xf2?9\xf9\xe2\xf6|(b\xf3\xfb\xd2\x82\x0e\
>\xaa\x96\x13u%\xca7t\xb0X \xc2\xb2\xae\xad\
Y\xbb&k\x9e\xbc\xe5la\xcfv[\x9c\x99\xf62\
k\x9aZ*]\x9c\xfdU\xa9\x8ah\x0c\xe90\xc0\x95\
v\xa3r\xca\x84$0 \x97p\x83w@V2\x8c\
(C\x08\x18\xd1Ui\xcfC\x97v\x00jH\xa9\xd8\
\xe7X\xa2`\x1d\xee3k|\xfa8%'o\x17<\
\xce\x9e\xdf9\xb7XN\x0dh\xe7\xdb\xd8\xeb\xe0\xab\xa7\
\x9f\x8f\x9f\xbd9\xf6\xe1\x87\xd2<5kV=\xb9\xd7\
]O\xe6\xdex\xb9\xfe\xa7\x9d\x9e\x98rwy\x80g\
 \xcfK\x1b\x19{|\x9e\x83w\xcf\x8e\xf9\xb2k\x9c\
2\xe6\xa9\x80v\x05\x16\x81]L\x92\xe5\x9c\xc6\x0ev\
\x11\xc1\x0e,\xe3Pt\xe7\x96t\xb0K\x026$\xe8\
\xe1\x9a<=\x97\x0b|y\xcf\xc4\xae}\x97eR\xb1\
p\xd0\xd5z5\x94\xf7\xb8\x95O\xef\xf0:\xbb\xc3\xbc\
\xff\x00\xd1\xfc\xbfN^x\x08\xf9\xf7M5|\xf6\xdd\
\xdc\xcd:\xe7\xef|7_\x89\xbeL\xcb\xd1Vw\x84\
\x85\xb9\xe9\xb3\x9eAd\xd9\x9a\xd5n\xd1\x9a\xe1\x8c[\
P\xa8CP\xe1n9\xd5C5\xaf4\xeb\xc9\xc5\xa8\
's\xe9_\x1c\x9d\xbc\xec\xcei\xf3\xfa\xb6\xe2j\xd6\
\xa5\xd6t\xc0\xba\xb9\x97D\xa3(\xa5\xae\xc6\x5c\xbd9\
\xb5tt\xd1\x17\xd9\x9c\x97\xb6L!\xa99\xd2\x89\xa3\
5\xaf#\xb3\xa0IY\xdd\x9a\xc9*Y\x9bpk\xc3\
\xbew,\xb3\xd0\x18\x17rP\x99J4\xc8e\x0c\xa8\
\xc0e\x96J\xebY\xcb\x1d\x07\xcbzQ\xa5\xb38\xea\
Lu\x95q\x11\x9b\xa2\xce\x98\xe5h\x10\xe8\x00)(\
G\x86*\xe4\x94F\x1br\xc7{3%k\xce\xcd\xe3\
\xb5\x97\x19L\xed\xc8*\xaaL+V$3P\x0ce\
\xab\x9b\x0cuv\xa3\x1a\xb1\x822*\x18\x92\x14\x060\
l\x1b\xb8\xac\x0e\xa7-\x92\x81\x15\x86\x881q\x82\xa8\
\xa4\xa2\xf5J\x92D\x82P\x16\x85\x1b0\x9dP\x9e\xec\
\x16X\x1b1\xa4\x5c\x85U\xc6\xa8\xc4\xd1f\xbaV\x1d\
i\xb9\xcd5J\xe8q,\xee@\x80\xa5\xd7\xab\x9dZ\
\xcf\xb1\xe3\xe1f\xf9#\xab\xcb6\x95\xea9\x5c\xe9i\
,\xb9R\x0d\xb9r\xec\xc4\xd9\xaf\xa0\xf8\xec\xd9zp\
\xd5\x99w\xc7\xd2\xfb_F\xe37K7\xa7\xf4y\xb8\
\x9c\xee\x96lt\xc0\xe2\xc5\xc7\xbe\xae~\xa9.\xden\
\xdem\x95\xab%MIc-\xcb\xba*rR\xaeI\
F\x14 \xe8H\xba*\x9a\xe8\xe3\xadz\xc61\xb6\xcd\
*0B\x12\xbb\x02j\xbb\x11\x06\xa5\xa6\xca\xb1\x1bi\
\xf67\x97\xa6\xae\x04\xba\x98)[\x13Vj\xd1\xa3\x99\
\xbc\xe2\x0e\xa6\x0e{\x99\xde3I:|?-Md\
\xaa.Z\xba9@\x89\xba\xca\x09\xb5\x15\xd5\xe3\xba\xca\
md\x0cd\x94\xc9$\x15\xb1Z\x12\x9a0\xb9s6\
\xb4e\x84\xab\x93DK(\x1b\xb2\xb1P\x86Zrz\
\xdb\xc71\xc5\x9a_M\xe7\xa0k\x0f\x14\x13N\x11\xe9\
\x9c\xa9$\xb6\x0dD\xa7\xa8\x1dr\xa4K\x94%\x90\xb9\
u5u(k\x97\xbe\xe7\x15um\x8c\xbdN0\xcd\
R\x0eZ\xc5\xcd&\x02\xe9\xf35+f'J6o\
M\x19\xb1\xed\x0c\x94|wES:\x92J\xab\x03E\
'R\xb53]\xd6\xf3O\xb6\xe6\xe0\xa7\xafP\x1a\x12\
:\x02\xb7s\xda\xc1\xf4A\x89\xb0\xd2s\xa70\xba\x94\
4\xd0\x06\x8ce\xa6\xac\x80\x97\x0ai\xac\x8a:*K\
*\xe4\x18\xab\xb2\xabB\x81\x84\xc1m\xa1U\xb9\xf9\xec\
Gw\x89R\x90\xc8\x90\xc6\xd6\xacm*\x5c*\xe4!\
J\xa1\xbb(\x0a\x86\x01\x84S\x5c1E\xa1\x0a\xa3\xd2\
\xa4SB\xd6\xe3:\x97<J\xb2\x9a\x18\xf5\xa4\xa6>\
\xcc\xc5Z\xb5)\xd9u\x9a3l\xe4\xa1\x87G\x92\x0e\
\xe5f\x9b%3no8\x8c\x0a\xa2 ehTi\
G[|\xdb\xc2\xf5\x1e\x7fXOC\x951\xd3\xb5\x80\
\x0f:\xd3\xce\xed\xf0\xac|AgJ\xb65s\xbdr\
\xca\x16\x001\xab\x96\xa5\xc0\x82\xed\x02\x11KZ3\xcb\
*5K\x1fK4f\xd2\x9b\x92~>\x85fM\xb2\
;\x1c7\xa6\x9f\xd9\xe5\x8e\xf1\xd6F\x09\xbeeD\xe9\
\xb4\xe9\xd1\x80\x9a3\x88\xbdYBS\x1d{S\x83\xb1\
\x88i:\xb3t\xb0\xc3yz\x06BV\xab3\xf40\
)%]\xe7\xa5\xdc\x89F\xa3\x174\xe7A\x97J\xd1\
\xaaF\x12\x8fQtU\x9d\x0dI,\x92M3\xa3\xcb\
~\xb9\xd2\xa1\xe7B5dj\xae\xae\x89d\xba\x92\xde\
\x8c\xcd\xd4\xe8\xf3i\xd7(\x92\xa6\xaa\x15C(\x0e\xac\
f\xc4\xc6\x1a-s\xd6\x81\x91z\x8bE\xcd\xady\x8d\
\x04\x9a\xc7M%\x91y\xba\xcb.\xb0h\xa4\xa8\xe8f\
\xbaS-\xe2\x0e\xc23\xb0\xb3t\xc7P\x16\xdb\xcdk\
h\xe3\xa2\xae\xef:\xa9.Z\xa2F\xb2\x88e\xd7\x04\
\xec\xday\xef\x15k\xab\x9c\x84\xd2\xa9\x0c\xb1\xb9\x22J\
\x0a\x9dy0nX5\x0a\x06\x8e\x8a\xa7\x005p\x97\
DXF\x0b\xaby\x9a\x8e\xd5p\xac\x0b(\x0c\xd5\x99\
)\xea\x8b$\x80\xc2\xd0e\xa3\x80C\x88\x05qF9\
d\xab9id\xfde\x12E\xbb\x19\x13\xbd\xc2\xec^\
zy=\xfc\xb7\x1el\xf4\xe5\xcf~\xa5s\x8a\xe7\xbf\
\xca\xc9E\xac\xc6l,\xe0\x11\x94\x09H]\xd5\xa5\xd8\
\xc0\xb4\xdee\x06)\xd7\x01\x02MT\xab\x94\x1a2\x86\
\x14\x06\xc9\xa2\x05\x92P\xd4\x8e\xb6\xb1\x8b\x1fO\x9e\xab\
1<\xe8!\x19\xda\xcb\x9b.\xb2\x22\xea\xce\x96v\x04\
#i\x9dv\xe1\x14t\x0c;\xb4!D\x18R\x02\xee\
\x96HQ-\xaa\xa6&\xa4]\x8d\x86\xe7g\xd6T\xcb\
\xb0\xd4\xfa\xd64\x09t\xb79\xa8\xf4\xbc]\xf2T\xd2\
\xacw\xc2D\xbcj1K\x0bNs\x91%\xd7\xe6\xd6\
zz\xf3S\xab?wY\xe1Y\x06tk:\x02\x5c\
\x8b\x95*\xa4\x8a\xc7gm\x88\x8c\x5c\xa3.\xc8bI\
ke\xd2!\x06u$\x92\xdc\xab\xae\xf7)\xf8.*\
\x10\xcdT\xb9TU \x82\x1c\x05\xd5\xd1T\xba\xa1l\
\x85\x1c\xd2g\x9a\xd5du\x22\xe5\xa8\x1dSY\x09\xb9\
\xcb\x19\x160N\x08\xf3\xdc\x01[(\xda7\xcfGE\
R\xdd\x15D\x12\x1ap\x05\xa5\xcd\x19,\xd4\xcdyz\
pV\xbe{\xa6\xd67Y\xd9\x02\xe8i*\xc5\x1d\x90\
\xb3\x97(\xd9Ij\xae-K\x14\x12\x1a\xde.\x8c\xb3\
\xac\xd1\xd7\xd3\x9er!\xb9\xab\xbaZ\xb6.\xca\xa6I\
hI\x88\x83\xab\xb0.\xe4\xd1,\xa5\x8d\xebrF\xe1\
0\xeat%\x94\x06=@\xc2\xb2\xc7J\x11p\x9b\x0b\
zj\x82\x1dK\x04\xc8\x5caj?\xa6\xad\x9a\xe3\xca\
\xe7\xf74\xe6\xf9x\xe2\xcfW\xf6\xf8\xfa\xb5\xc7G\x07\
\xa3\xca\x9b\x8c\x9d\x06\xf3\xe4\xec\xf3\x91\xe1\x92-QT\
\xb2\x16\x83,\xb8\xb5\xab<\xb3F?M\xe7\xd10\xdb\
,F\x84(\xc3\x80C\x80\xc2\xa8\x08\xf5\xd0\xdd\xc0{\
\xbcK\xb9\xd9\x88\xc5\x5c\x16\xa8d!\x96%\xea\xad6\
\xa5\xdc\xe8Yk\x97\x08\xe8\xcau9\x0d;3\xb1\xf3\
;\xc4\xc3\x04%\xd9(FX\xa8\xf2\xb3,\xe8\xb99\
\x13\xb5\xb2\xe7\xcb\xce\xaa\xa6\xf0\xcdy\xe5M\x994\xdc\
\xf2\xd2\xec\x84;\x02B+f\xb0]A\xe7o\x1e\x83\
\xcf0,\xbc\x9bsMo\xe6\xd4\x85m\xceSy\x9b\
J\xce\xb6\xe8\xe5w5\x8eEv8\x92\xd4\x95\x9d\xd4\
\xb1K\x95\x09$$\x94]\x8d\xd5\x94\x89pL\x0az\
\xc9V%B\x82\xe1\x0c\xb2K\x9a\xa9w`\xc3\xb1q\
\x85bo@\xa2G\xa6\xb3\x01\xb3d\xb8/\xb5\x96\xe7\
\x00\xecD\xaa\x8c\xa5Th!\x1a\xe5oFy\xac\xc3\
\x095\x01\xc4\x0a\x18r\xa3J 3\xa9\xceJ-.\
\x5c\xe4\x96s\xe8Ia\xc2\xdc\x04\x5c\x10\x95\xa3\x9fM\
\x81\xd8\xe4V\xf0\xfb\x19\x9a2L\xee]D\x1a9\xac\
\x849\xac\xc9'>\x92\xe4\x96J\xa4\xb9uR\xae\x80\
\x06\xaf\xa7(\xc5\xcde\xc9\x92\xc9EVJ\xb8U\xdd\
\x17eV(\x8e(\x95\x0c\xb5.E\xf5\xb9\xba5\x8c\
\x10\xa6wER\xaa\x5cJ\x97\x0a\x9a\x101,\x88\x11\
\x9a#\x1c(\xa3\x0a\xc08V\x91?\x1f~]-\x9c\
\x02\xe1}\x09p\x9ds\xd2\x9c(\xbd\x9c\x9c\xf2\xcd-\
\xb8\x18\xbdTf\xcb[\x04.2WO\x9f6\x0f\xbd\
\x16\x0d%E\x81IFhH\xc4\xb4@p\x90\xa7\xa6\
\xc1\x97\x16I$\xa7*P\xd1\xc5\x83\x22\xd9\xad\xa2\x8e\
\xf4&{f\xca\xe4\xcd\xd8c\xa7\xcc8\x05h\xe9'\
1\xfb3X\xa4\x81Mu\xb9TK,@\xe9`\x19\
\xac\xafz.\x1d\x9b]\xeb<\xfa\xdd\x93;\x13\xa2\x9a\
\x03\x9d\xcdc\x88I9\xaa\x0bdgm\xbc\xa5\xb35\
\x14]\xc4e\x88\xf19\xa9\xb7)\xaf\x5c\xfa\x1cf:\
h\x12B\xb469\xd1\xde\xbe\xae\xf9\xf0\x07\xd1p&\
\xb3\xde\xbcx\xd7\xa4\xe3\xe7\xef\xf5\xe5\xe6m\x83\xcb\xb2\
\xe1\x0a\x8c:A\x85\x01\x85\x01\x85\x09u\x12I\x15\x95\
L\xa5YD\x12\x19\x12\x10\x05\xd3\xc0\x90\xe4X\xea\x5c\
\x1cy\x8cz\xc0(\xee\xae\x0c\xb3D\xb1\xb8\xb0Z\x0b\
ED1\x1b3\xdc\x8d\x13\x15BR\x18\xa2\x944\xd5\
\xc59P\x16Q*\xfa|\xd9c\xd1\xd5\x0b9\xb4\xe5\
\xcd\x05\xdc\x92Ikn\x95\xcfvK9\xa2\x973d\
\x92\xaa\xe4\x89W\x0a\x97*U\xdaU\x5c\xd6*\xc83\
\xd2I5\xcc\x86\xe7N5$\xe7\xda\x01\xbb\xa7\x1c\xc2\
u\xbc\x89\xcaZ\x92\x12\xee\x92\xa1\x08\xc5\x98\x17Wr\
\x92\x8e\xc0\x90\xe9v`\x92HI$I!SB\xe8\
.\xe8\xa9rJ\xb212\xee\xd1\x92\x11\xca\x22A`\
\xa9w \xd9X\x07 2\xe0\xe2\x86!G%o[\
\x89w#.\xe5\x0b(\xab\x8cq\x9e\x14\x94.\xf4\x09\
Q\xdd\x86\x9d\x09P\x87 !@h\xe2\x84(\x0d\x14\
\x05\xe1\xe8N\x1e\xdfF\xfdr\xe0\xf4(\x93\x97\xcd\xf4\
\xbc\x86\xf8\xb3\xb1\xce\xce\xd7\xa0\xfaW6G5\xcf\x9c\
\x08\xcf\x9e\xb4A&\x87J\x08^\xb5\x82\x85\xdfgY\
\xe3\xcb\x19}\x13<\xec\xed\xe7[\x938\xf7;]\x11\
\xaa\x92\xec\xc3r\xaa\x5c\xcd\x12\x87n\x9cGH\x1a\x17\
Dj\x8d,\xd7,\x12\xd0\xaaQ\xc1\x04\x82f\x94&\
\xdb\x97R\x014d1\x96Y\x0b]~}Ms\xe9\
\xf14\xba\xb9\xe2u\x8e\x83\x0a \xc2\x80\xeb\xcd\x01\x85\
\x01\xa3\xa0n\xe1ut]1\xa6[\xb8\x1a\xb4.\x97\
\x19QUd\x83.\xe8a\xd8\xa8L\x22\xba\x5c\xf4\x19\
\xa7A\xce\x8eR\xb3f\x1e\x9ar\xa4`\xa9r\xaa]\
\x83.EF\x15&\xee \x9dR\xd1T\x96\x8ca{\
\xf9\xe5s\xd0\xe6t\x0e\xdee\x19\xe3Ie\xde40\
\xcai-\xb95rL\xd9%\x17$Y$IW\x09\
$\xaa\xbb\xa9$\x91e\x18\xdc\xd5\xc9d\x85;y\xaa\
2\xf5\xcd6\xf4\xac\x84\x0bQ\x80\x0d\x90\x82u\x12\xa3\
\xd2Q\x84\xad\x00\x17(S\xd5`M*\x176e\x06\
\x14\x04\xeaG\xa4\xe2(\xb5\x94\xb4\x19\x9d&4\xc0[\
\x17ESA\x92<!q\xa2\x01\x1d\x86\xb3y\x96\xde\
\xb5Q\xdd\x8b\x8c\xd8\x95\x87D\x8c\xd1\xd5\x9a\xb8\xc9A\
\x0d\xeb\x98\xae\x88\x0c\xb1V\xd1\x85=\xb9\xedS\x08\xe3\
99@k\x15Ra\xc8%\xb6\xeb48,\x9e\x10\
\xed9\xce\xbb\x03\xcck:\x8b\x8c\xb9}\x05y\xf9P\
L&\xba\x9e\x87\xc7\xe9\xd7>\xf7%\x0a2\x86\x94g\
\xa4\x1d\xb9\xa8m\xa2@\x85\x0a\xdc\xa2\xb5 \xe4\xd0F\
L\xc5\x94\xba\xa1z\xa3Xg:]\x1dJ% 2\
\xe1BP\x18TU\xd9\x0f\xce\xfa\xb0\x04\xa04R\x96\
&9\xb7\xb3\x15\xa1(\xb5[\x8e\x18\xcbR\xe8\x90\x84\
\xbdy\x0e\xa2\xf6\xe4\x17\x0aD\x12\xba\x08Q\x02\x14\x94\
aK\x06\x15\xda\x04\xc0\xaa*9\x06\x15\xa0\x89@,\
\x84\x82V\x05\x95\x03w\x0ahU1\x99\xfa,\xee5\
5\xcd|\xce\xc8\xaf\x0d=\x1dMq&\xbc\xd3C$\
\xa9$\x18\xb3\x09d\x90!\x8e\xb7<2\x91P\x85d\
\x90:\x8c\xb1eS\x1a\xdd\x92_.\xf5.\xa6\xaa\x5c\
J*\x85\xc9%\x86\x11$\x91d\x86\x83pu$\x93\
:\x92J\x92H\xb3]\xeb\x0e\x18\xce\xfe0\x87V\x09\
\x8cBY\xc5\xb9eH\xa2\x19@\xae\x90c)\x02\xca\
\xc5\xc2\x95G-W\x18%Bq\x95\x8cP\x11\x94\x96\
;P\xaeS\xf3\xa2\xed\x96\xb5n\xcc*2\x01\x0d\xa9\
\x9e2\xc0\xb3l\x0a\x8e\x00w\x15\xf9\x8e\x01\x18Df\
\x8c`FT\xa1\x19\x03GO\x12'@\x5c\xa9\x8e\x8a\
\x98\xda\x06\x8fH\xec}\xbem\xc6 hg\xa0\xd1\xc2\
\x96\xda\x17N\xb5\xcf\x1dBc \xb9\xa6\xcc\xa4T\xb7\
D\x05\xa9\x91\x04\xacW\xb7\xc6\xb9\xbehn\xac\x99\xdd\
oF\xeds\xe3\x13C\x1d\x02\x8c\xc4\xd9@,\xa2\x8c\
\xd7\x9e\xc3N\x95h\xa8u\x8a0\xec\x08L\xb10\xea\
Q\x8d#48\x05<D\xc6\xda\xa4\xe5\xa2\xe8\xe1u\
\xaf9tr\xc5\xafB\x88\xb3\x82\xec\xe0\xb8\xca\x85\x99\
\x08\x10\xe5\x83\x0cV\xa5\xd0,\x13\xa5SD\x18V\x94\
\xd0\x82\xe1D\x12(\xab\x87h\x14T\xa3\x0aQ\xae\xe1\
u\x0a\x02\x10\x92[\x15L\x93\x1b\x01\xd1:sP\xec\
L#\xa5\x87\xabrM\x11e\xe4\x96U\x03\x00\x1c}\
\x0a\x8e\x01\xf6-\xacyz\xe8NEt\xb0\xaa\xe5\xdb\
A5\xd2\x22\x88\xe5Dj\xad\x82RXBr\x98J\
\xe7\xd4\xaa\x0c\xa7k\x7fNH\x90\xa2\xe4\x9c\xfd\x12\xea\
E\xc9%\x86;:rJw\x87N8\xe9\xaa\xe1\xe9\
\x92I\xb9%\xb3R\xe5T\xbd7\x09yN\xde@\xb2\
\xad`\x0a\xe0\x16r\xd0\x16T\x05\x1d\x03\x0a\xc0\x87@\
\xc6h\xacQ\xa0T\x92(\xaaP\xdd\xc2\xa5\xd9B\xc1\
\x0cd\x86l\xc1)\xfd|\x9c\xe0)\x94\x0c3\x14P\
\x92\xa1\xc8\x0b\xbbA\x85\x0a\x85\x16\xa1j2\xf4\x22\xee\
r\xb4/;[j\x12\x5c\x06\x99\x22N\xa9k\x1c\xc4\
\x9c\xcfE\xc6T\xab\xd6\xdc\xea\x8ae\x89\x8e\xa1Q\xb4\
.\x9b\x05F\xc1[\xf3lNa\x98Ss2\xa5\x5c\
e\x01\x0a(\xd1\xd04tQ\x8c\x18\x92\xb0\x18K\x18\
;\xc3|\xf9\xd1\x95\x8e\xa1\x0e\x80\x86\xd3<8\x10\xb1\
\x9d\xb1\x92\x1c\xe3\xb0;*\x00l\x85\x8b\xe0\x1a\x906\
\x1e}\x02&6\xa5]6*ci\x15\x1dB\xe1\xc3\
N3\x95r\xf4&\x16\xda\xc0\xb2\xa1q\x8c\x11L\x82\
\xe9\x96\x91eb\xc8\xacTmR\xe3%.4A\xe9\
s\xeaQ\x16\xd5\xc8[\x05`\x14J\x97\x00\x85\xa8\xcb\
R\x03w\x08,\x8a\xbb\xb2\xce\xa8Nc\xaa\xce^\xf9\
\x18\x8c\xe3\xe8\xb7\xe5\x9d\xfc\xda&r\xb9\xdd\xa3\x95\xb1\
6+\x01\x1b\xcf\x0ed\xebV\x1d\x85\x8bN\xcc\x03\xbc\
e\xc5\xa1\x96\x9c\xd0\xea\x0a\xe1\xcd\xd2\xa5\xc84\xe6\xb0\
\xcd\xf9UN\x19\x03L\x0dIEh\x11\xa2\x92]\xe7\
c\x0a\xf9\xf6\x08\xc5\xcb$\xbe}\xa1\x04\xb0\x8dR5\
e\x97\xac\xca\x93;\x8fD\xb9\xb9LZ\xd3\x9d\xfd|\
\x9aW/\xa7\x9c!X\xbb2\xa0Y\xc5\x0d\x09d\xad\
\x0a\x10\xda@\xd2\x90\xd1`(\xe8\x11\xdd\x96\x97\x0e\x03\
\x0a\xc0\x87(!B\xa1\x14\x08\x9d\x03\xd1\xac\xc1\xe6+\
\xb2\xb4#I\x9cN\xe2\xc0\xe0\x17\xa2\x22\xa9\xc2\xab\x8d\
(Lc\x04j^\xf4NF@Z\x1a\xd7\x04+\x94\
l\xa8\xa2\xeb\xf3\x11Z\x92\xc8Z\xfdW\x9a\xb1p\xfa\
\x19\xda\xf9\xfa\x16\xab\xb3\xa0!\xc0#\xf4\x1c\xf8\xc8\x03\
\xd6\xc4\x14\x1cit\xd8(^*\xa8d&2(\x83\
h\x5cd\x17M\x82\xa9\xac3\xd3\xc1\x04Y\x14\x05\xb0\
Td\x17g\xa0\xc9\x0e\x17\xaf#\xbbs\xcc\xca\xae=\
\x06\x14*1eK\x94\xfbK\x90\x14c-\xac\xe0\x05\
v.2\x0a\xa6P\xb8\xcb\x15\x1c4\xb3\x85\x05\x9f\xa2\
\xbb2\xad\xb6\xaa\x17\x12g\x8f\x11q\xc1K\x8c\x88\x05\
p]2\x80\xa6X\xaa\xd2\xa1q\x90SX\xba\x01e\
*\xe3(\x08\xc8\x8b;\x10!E\x18V.\x18\xf3\xed\
R\xe7\x1e\xc3.5Uwe\xd6\x89\xacf\x9bg_\
6&\x97GY\xe6k\xd9,\xcd\x93\xa8\x11\xcc\xd3\xb2\
\xceS7c\x1ey\xdc\x1c\xcc\x9a\xda\xbc\xe2m\x82\xd9\
\x10\x0e\xb3\x0a7bk\xa1\xb3\x8b\xd4\xb3\x8f^\x93\x92\
a\xa6\xd00\xec\x08v.\xdc \x03\x91\xcf\xad\xd8\xb3\
=\x13$\xe5\xe8\x92BI\x09$$!\x0e\xa9\xba\xc2\
ZO\xbc\xf1\xde\xbc\x8a\xddXwo\x8c&\x96\xf9)\
GZ\xcd\x15T\x81\x0e\x01\x0e\x81\x84\xd5A\x1a\xd2\xa5\
\xd5\x91\x81\x0a\xa6@$ \x09\x8b*=j\x12\xc9\x03\
]\x1d/<\x22\xa1\x1a$\xe5\x92\x1d@\xd9B\xa1Z\
S*Y\x04\xb7G>\x13G\xe6\xd5\x96\x81\x972\xd0\
\xbd\xfbl\xe1\x13\xbd\x09\xe7s\xb6\xa6\x9c\xa8\xd8D\xea\
`\x95Z\x14\xc6\xb3\xf4\xdb\xcfU\xf7\xb8MeBT\
\xd2\xafR%>\xaf\x1e\x5c\xae\x99%\x13\xeds+$\
\xb9(\x8b \xb6\xbb07,T8\xab\xbb\x80\xd3i\
W\x19J\xb8q\x14\xcb\xd6eS(\x08qB\x99\x05\
\xc3\xb1q\x90\x5cc\x11\x11\x91U\x1d\x11Q\x86\x222\
\x0bxi\xacq\xea-m\xa9\x17g\x07feX\x17\
rP\x16\xd0\xb8\xcaQ)\x107\xe2\xd3Y\x07nP\
#EmL\x1b\x06\xda\xd3\x14\xd0\xb4\xa5\xb4\xcc\xf6\xe5\
P2\xa4.\x99@\x89\xca\x1a85P\xdbX2\x99\
\x5ce\x01\x0a\x03\x1c\xb5\x1a!\xc7H\x0c\x1e}B\x18\
\xf3\xef\x04\xaeP\xb3\xbb\x1a\x86\x0e\xf9\xea\xd6l\xef\xe2\
\xcd\xa2\xc6\xcb\x13\xb0h\xc6\xd1\x16\x08\xb5h\x01\x14\xbc\
\xd1\xaf\x11]P\xd9\x9a\x1f\x92&\xc9\x84\x93bSd\
+\x86\xbd\x9c\x1e\xd5rs\xfd\x0f\xc1\x5c\xaa\xce\xe5]\
\x9d\x8b\xb6\x22[\xcd\xa9\x1c}J\xb3o>\xf9\xa3\x93\
,\x91\x82\xe5\x1d\x0c\xd5\x99\x08&\xfb0]\x8ew\xa0\
\xf3\x9e\xf8oK\x8f\xaf\x97\x91\xa7VN^\xa3\xd7\xce\
\xdd\xbe6,\x1e\x9cF\xca\x90X7(F\xd3@w\
W\x14\x0d\x00\x09\xcbE\x91\xd0\x0e\xa0(H\xecQI\
,\xa3\x82\xde=;3\xe0+\x06\xca\x03\x0d\x88\x9b\xbb\
\xaa)H`V\x83w\x12\xc5\x91\x062\xc5\xf4\x83(\
\xb3l\x9a\x0aceY\xd4!Q\xca\xabi\xca\x91\xd6\
&v\x9fX\xe1\x1b{J\x8e&\xb1\x97<}J\xa9\
\xd0\xc5`\xd1\xda\x81\xee\xdfs\xe6\xed\xf54)l\x13\
\x1b\x04\xe8\x06\x99\xc3\xb7\xc9D\xdb)h\x0e\x0a\x17\x88\
\xa8\xd8*6\x22c\xa8U:\x85\xc6Au\xe8\xb8\xc6\
h\xc8*\xd9\x08\xa6].6B\xa3\xa2%\xc2\xca\xcf\
l\x90\xb8\xc9j\x8c\xa47/O\x15$\x99\x10# \
\x98\xdbDF\xc14\xeb\x10\xc2\xaaMt\x00\xc7L\x86\
\xac\x87\xd5\xb7\x87\x19 \x93\xa4,nN\xdf&\xe6%\
\xcb\x9a\x8bp\x06-\x0aP\xb0\xa5E2\x0b\x8c\x82\xe9\
\xb4\xb9\x88\xd5\xc3\xdd\xa5ZS\xe8\xf2\x04)\x9c\xe8\xc9\
\xa0lH\xb6\x97$\xd2\x8e\x1e\xcb\x17\x1e\xb9\xe6\x13\x0e\
>\xba\x973\xab\xd1\x9c\xf7\xcdmS\x17v\x953\xd3\
\xf3\xef6\x9c\xf79\xf5!\xf4WP(\x88:*\x93\
*\xb6\xa9Q\x0e FJ\x02&Bc%\x8b\x9a@\
K\x19H\xbau\x9d\x9fG\xe0\xfdV\xf1\xe5\xd3\xf4_\
\x05\x18s\xf40\xf0\xf6\xc1\x85\xcf\xbb\xd0U\xaey\xf4\
\x82\xf1\xd6\x9b\xa7~\xf8p\x8e\xeb\x1d\xc0\x98 \xb1\x15\
5\xa94\x08\xf9Z5\x8577W\x5c\x84\xefOo\
.Tk_?O/S\xe65\x0eWO8\xc2\xa1\
\x8a\xb9-I%\x95s|\xc85\x22*\xc8\x1a\xaa\x22\
\x22\xd87\x02\xc4\x95\x95eI.v\x16\xb8\xcdYR\
\xe2T\xb2\xa1*6D\xb5\xa0T\xb6\x5c\xac\xdc\x00]\
\x90\x07.+@\x1a\xae\xd9R\xd3\x01\xca\xb3\x12\x94g\
\xa6\xe5\xa7>\xca\xf3\xa0\x8d\x8a\x14\xd2T\x93.\x1d\xd6\
>^\xae7\x12rV\xec\xb0pu\xf96g\xb3)\
\xa7;\x0c\xb9\xa5\xb8%\xa5\xe8\xa14\xe33\x83\x84Q\
\xb9B\xce\xe2\xaa\x15\xd8\x9bkc-6\xa9Ev.\
2\x0b\xa7\x88\xa8\xc2\x91\x11\xb5K\x8c\x82\x89\x90\x10m\
\x8a\x8c\x82\xe9\xb0Tm\x89m\xc1O\xaa\x15\x1d\x07(\
\xfau\xc3\xb6\x5c\x89\xb7P\x931\x17\x1cFs\xbd\x06\
\x02\xd9\x9a\xc0\x0d\xd9\x92)\xb5jv\xa0\x92\x95\xda\xe5\
Y\x95\x97P\x14\xc9T\xa6\x8d\x82,\xa8Tz\xec\x0a\
8\x054TH\xaa\x84Y!yvg\xe5\xeaA\xb3\
G?^BE\xe6\xb4\x90\xed\xf1ae\x1dgH\xaa\
\xaelM|\xfb\x84\xb9\xcb\xd02\xedj\xe1\xeb\x98h\
#\xef\xe3lUt\xe0\xd5T\xb0\xe0X\xc6$\x81S\
h\x5c;\x17g\x10\x0a\xddf[d\x06hZ-\xeb\
e\x81-\xd6(\x98\x12*\xdc\xb4\x02\x22='\xa0\xf9\
\xdf\xa6\xd3\xcfs>\xcf\xf3#\xcf\x97[/\x1fO0\
D<\xff\x00A\xa9\x84\xd6\xce\x9f\x1fwo\x17!\xe8\
\xec\xf2\xf4\xdf/\xd4p:yq\x0e\xac\xdc\xbd\xd5u\
R\xe8_@w\xc3'K\x9c\x0b\xe8\x19\xc2\xeav\xf2\
Ptr\xb8\xa2\x9a\xdcz2\xcd\xd9\xef0\x87.*\
\x5c\x156\xe5\x81\x16\x88K\x00\x9d\x04\xf2\x0e{t\x07\
\x9c\xe3i\xa1\xba\xe5\x94\xf3i\x9d5\xae\xfa\x9b\xf3\xbb\
\x13\xf9\xb4\x10\xad\xcce\xd6\xa4\x92\xe2\x14;\x06[E\
\x15\xb4\xa1+Xr\xe5\xa8\xd1\x04\xd9P\x04f\xaa\xb6\
4E\xb6\xe6\xc20\xa1&\xc7FX\xf8\xa9&\xb5)\
\x1a=\x9bI\xf1>\x93\x86\xd6{|\x99D\xd1\x04\x0e\
\x8b\x5c\xd3D3\xd6\x99\x19\xebD3M\x8aL\xf1\xf6\
\xa9\xb6K\x10\xbd\x8b\xac\xf7\xae\xa3\x1bN.j|\x10\
:i\x10m*\xce\x0f8\xca\xc6\xd5f\xb78\xc54\
0\xc75\xd2e\xb7\x92\xe6\x9a(D|\x11:9\xac\
\xcf4\xd4\xa8\xb7\xd8\x90\xd3\x13=i\x11\x1e\x83\x8b\xe8\
t\xf3\xa5\xaf\x22*6f\xa9\xb6\xd3:^V.\x9e\
\xb5R\xf4\xdae\xad\x14\x22kH\x88\xe8\x85\xab\x1fW\
x\xe1\x8e\xf5\xcb\x8e\xb4\x0a\xa2>&h\xf9fj\xd3\
F{|3\xc7Zg\xb7K3\x07G\x95\x8e\xd9\xf5\
\xe7\xbe\x1e\xf5J\x98\xf4J\x8c\x17 \xc1UJ;\xa9\
y\xe8\xca\xd0\xdf\x11\x0dY\xf1\xde\xa8\xc6j\x88d\xae\
\xd5\x81\xdd\xbc\x9ae\xcfG\x80a\xd8\x12\xe5T(\x04\
2E[\xe2\x226\xac\x5cc\x85\x0b\x18g\x8d\x88\xc5\
\x14\xa5\xd9\xc9\x02\xf5.\x97O\x09\x02\xdb)P\xe5\xcf\
\xa2\xf6_+\xf6\x1a\xcf\x03\xcc}\xa3\xe3\xdc\xbd\x5c\x90\
\xdb\x9b\xcb\xf5W7(\xec\xf9\xdfM\xe6u\xc2z\x8f\
/\xaao\xd3\x8f\x9a\xbd\xf9\xb6r\xe8\xf9\xfb)v\xd9\
\xb0\xae\xb6K\xce\xa7\xd0\xbc\xcf\xa7\xcb\xe64\xbf\x9f\xe5\
\xf6z\x13\xe6_O'R\x89\x97\x82ceg\x8e\xb8\
\x10p(\x06\x85J\xbb\x96\xd7\x01\x8c\x9c\xfd\x904]\
\xc6)\xa7\x1c\xe9o\x05\xad\xecOk\x5c\xb4n\xe8\xf9\
n\x9eu\xdd\xc9\xca\x5c\x85\x09\xcb\x06\x13,V\x95\xc0\
\x0c\x8d\x04\xce\xe5Q\x19\xda\xbbuE4H\x96\xf5\x16\
-r\xe7\x22\xd5\x19m\x84(\xd9p\xbbi*Zw\
\x09&\xdc\xa9\xf7\xbc\xe0\xea\xf2\xc7\xa0yk98\x93\
,\xd3\x00\xe8b\xb3=h\x86y\xa8W4\xd1\x0c\xd5\
\xa2\x19\xc7`\x99Z\xd3\xa4\xa3e\x18\xabT\x8c\x84\xfb\
21\xe1H\x9a\xa2b\x9a\x81R\x1a\x08\xcb7\xa4\xcb\
\x1e\xc3,t\x11m\xa8\x5c\xd45\x9c\x99b\x85\x90\x07\
\x84\x04vg\x17\x19\x05\x91A3D\xa4\xb5\x89\xb9\xf7\
\xde\x01\xea\xb11\xb3:\x1ap%vy:\xac\xe7\xd3\
iV.\xa1b\xda\xb1`\xfa\x14.\xa16\xc8\xce\xde\
n\xcd:\xcf\x1e:\xf3\xac\xd3@\xd2i\xed\xb9\xc4Z\
\x86\xcc\xeb\xd20\xdcn\x94\x81\xd8\x84\x88\xde+\xe7\x97\
\xb37\x8f\xeb\xaa\xca\xb3\xd4\x97%\x83wJ6G`\
\x8b\xf2\xdch\xce\xe5\xa1\xb4\xd3\xaei\x96x\xecHr\
\xeeGHo\xdf\x11\x0b\xcd\xdb\xcb\xa9\x08\x1e^\x8d\xa7\
\xcc\xec\xf4\xe0\xb8\xfb\xeb\xe6E\xba\xd0\x05\x84&\xb5\xad\
\x15n\x82\xad\x85J\xa6\x0a,\xee\x81\x85\x19\x17)\xa2\
\xe8\xa5\x0b\xa8R\xa5\xc4\x88\xd1\xc8\x9d_\x87+\xfc\xbf\
Yl\xa4\xcd1v\x99{|>\xcf\x1f\x5c\xdc\xad\xe1\
7\x8e\x1d\xcd\xae\xac\x94/\xa5\xd0\xbcx_K\xf3\xbd\
\x0fg\xcef6\xd79\x8b'bs\xeb\xe5S\xe8\xc3\
\x1e\x9c\xbd\x04o\xbc\x16\xb6\x0a*\x9e\xb9\xaaS\xa8U\
6\xa5\xc5\xcd\xd7\xca\x9e\x9fC\xccFb\x1a\xb5\xce\x80\
\x8bq\x9eH\xd7w\xdd|\xfd{\xe7\xa7';\xa1\x9c\
3n\x0e\x83\x07\x0e^Afv(\xca\xc0&J\x03\
;E\x99\x10\x04M\x14\xf1$\x16\xcb\x85\xb0\xc8Q\xb1\
\x95kaB\xc9\x8dT[\x88Q\xb4\xa11\xf6\xa9\xd6\
?C\xd7=\xdf.\xfa\xcf\xcb:r\xcd\x1f|=)\
\xa7\xd9\x9a\xf7 Ej\xa5\xcd4\xd9\x98uQ\x9ai\
\x8b\x94\xb4\x8af\xad$b\xd7Z\xed\xc1z\xb3&Z\
\xd5p\x95\xea\x1a\xcbZjT\xad\xf0@ts\xd9\x90\
\x9dfY\xadv\xe7\x8f92^\x81\x11O\xd0b\xa7\
E\x15\xba\x84\x93 \x99\xbdvd\x8f\xa1Q\xb0\x01x\
\x8b\x9b\x92f\xa6\xda\x0e\xac\xda,\xc2o\x5c&<@\
\xad*\xa4\xb2\xe0J\xd0\xf4\xe6\xd3\x86\xc4\xc7\x08\xbau\
\x0a\x1d\x15f~\xbf:\xec\xbc\xbe\x8f\x87r\x82xM\
\x22>\x08\x1d6\x99#\xe5\x88\xa7DU\xbdv ^\
\xb1<.\x8f7\xcf\xf4\xb5c-8\xed\x8e5Y\xe9\
\x04\xa1`\xcb\xb9X2\xa6\x81\xeb\xbb\x8e\xdf+v\xcf\
W\xcc\xf3\x85\xd8\xc1\xc7\xdb\x8fM\xee\x0d[\x13\xe8\xf9\
\xdc\xde\x8e\xc2\x97\x9e\xbe\x88k9\x9a\xf1e$eb\
\xa9\xd4\x95r\xe96\xcb\x15\x1a6\x05\xba\x19\xe3D\x1a\
u\x12SQ\x00\xda\x16L\x02\xa8\xa2]4@\xe4\xf6\
\xf0g\xb7\x9a\xd5\xb77\x9f\xe8\xe5\x0d\xfd\x06\xb8#o\
\xcf^\x8f\x17n;\x87\xfb/\x1b\xec7\xe5w?o\
K\xa7\x97\xc7r}\x88s\xf5\xf9\xae\xdd\xeeG\x9d\x9e\
\xbc\xe8\xb7-U\x1e\x13J\x962\x8b.\xa5M6\xb3\
\xa5\x0b\xaaiP\xa3K\x8c\xa9q\xf2}\x169\xd3\xcd\
\xcd\xeau\xc77f\xab\xb4\xac\x7fk\xcft\x14\xf9\x8d\
R?\xd2q;\xf9\xc0\xdc)\x90\xa3\xb4\x0b;\xa1\xb3\
\xb0\x08\x89(\xac\x81;+.Y\xa4`iL\xc4d\
\x18\xbc\x12\x89\x84,\xcc\x8b\x84\xfa\xcfl8\x066\x0a\
\x9aD\x0f\xa8|\xd3f\xf9\x0e'?;\xcdN\x93H\
-0\xcb5\x12d\x9aj\x10:\xaa\xdc\xf3D\x8c\xe3\
\xaa\xa95\xa9B\xd7\xa5\x86-\xef\xc3k\xf0\xf69B\
W\xb0c8hec'\x01\x9ah\x92\xa0\x1cu\x90\
\xca\xa1k\xd0FX\xfb\x5c\xe3\xa2\x8c\xc5\xa0k=\xb2\
@\x0b\xa0\xaal\x13l\xb4Lt\xa50\xa2D7i\
\xb3\x91\xa3-*9\x89\x960\x84S\xa2&i\x0aM\
h\xa4Dt\x15o\xab3\x83\xc5\x15O\x10)\x8dN\
\xaf)\xd9\xb7\x10o\x19-\xf8\xbd\x16\xf1\xe5\xaf~|\
\xeb=j\xa35i\x82W\xa9vhI\x9d\xce|\xde\
\x93\xca\xcd2\xb4s#\x95\x85\xce\xf3}T?\xb9\xc5\
\xdf\x1c\xeajs\xdeU\xd6vZ2j\xd7<\xed\xd6\
\x8613Nv\xfa\xfb\xf0\xf4}?/\x07\x0b\xd0\xf1\
\xb9z\xdf\xd8>F\xf8k\xd3\xc8a\xd2t>\xbeE\
\x07S1\x9a\xcc\xe5@\xea\x01\x14\xd8\xb4\x0c\x96.2\
\x0b\x0d4\x99\xad\xe1i!\xc2*2\x85\x9d\x88 \xd8\
\x8b\xb3*P\xf3\xb9<\xfd=\xce^*\xe5\xea\xdf\x9e\
\x83:\xe8st\xe7\xa3C\xd0\xddw\xb8W(J\xb9\
\xad\x1d>[\xfap\xde\xba\xe5\x5c\xf4z\x9c]rz\
.\x97\x93\xebk\xcf\xdc^\x89y\xe5\xad!7\x9d\x1b\
jk\x8c\xb7`\xcf}\xfa\xb8\x9dxf.\x96X\xc3\
\xaf\xcbt\xe7N\x86\x8f:\x95\xee\x9f\x9e\xcf5\xe8\x91\
\xc5\xca\xbe\x88y\xd8\x94a\x05\xafH\xe93F,\x8c\
^\x93\xa3\xd8\xf3\x1d.w\xabdX\xb6\xa6AfD\
\x05\x9d\xa8\x91\xb93\x99\x10$D\x82DIDG@\
l\xb4\x03#J;41-\x06vY\x04,\x96Q\
jL<(\xac\x03\xb3\x95v\xf1H,e*6\x91\
t\xe33\xdb\x0e\xb35\xafL'qQn\x10)\x91\
\x11O\x87C\x07\xa0\xf3\x9a\xd7c\x82\xca\x99\xcf\x1eQ\
\x90t\x8a\xa2\x9d@)\xd2\xdc\xe5\xa1*\x9au\x09\x8d\
\x8a\x81\xd2\x12\xa6jR\x22\xd9\xba\xced\xd03H&\
\xd0\xb1\xd2\x02^`\x89a\x0d*:\x0f\x1e\xc7+X\
\xc6.\x99\xab\x17>\xccq\xd4&\xb4\x8a&\x9bhH\
q\xd9\x98_v\x22\xde\x02kJ\xd9H\xba\xf4M\xb6\
\xa4Ih\xecY\xc21\xd1f\x1d!Gg\x87\xd5\xbd\
s\xe3F\xd6v\xae\xff\x00\x15\xfa\xcar\xeay\x88]\
q\x9b\x95\xdb\x19|\x96_C\xbb\x9f\xab\x8b\xd6\xd6}\
<\xbe_\x91\xe8\xeb\x9f\xab\x90]\x19g\x00\xfah\xcf\
U\x0d\xaa\x95\xbb\x989\xdd\x90\x14\xde\xce\xee\x9d}\xfe\
g/\xce{_#:\xf6GF\xfd\xf0\xe2\xf44\xc4\
Dt\xb8]\x9bS:w\xe7\xb1\x06W4\x8a\xd0\x0a\
\xbai\xd6ZtTF\xd0\x9au\x0a\xa9\x16\xc5\x11\xa7\
\xcdJe\x04\xd9I\xb6\x95\x9ek\x97\xed\xfc\xdf/V\
\x0e\xab\xb1\x22Q\xd4\xe4M\x86\x95\x8ew\xb7gK\x95\
\xd7\xc7\xcc\xearvg\xbf\x1eA\xe7\xeal\x0b\xb0!\
\xaeWi\xc6W=-\x99_\xd7\x86\xbd\xdeu\xec\xfa\
\x0e\xbf\x81\xf4\x98w\xd3y&x\x9c\xde\x86'\xa1z\
sE\xed\xf5<\x9e\xec\xba\xf8\xb6\xdc\xbes7k\xa7\
:x\xfc\x7fH\xe1\x1eg'\x7f\x91a\xe4s\x17&\
\xd4\xca1\xeb\xf0\xe3^=\x99@\xd5\xa3\x0a9\x83\xd3\
\xce\xba\xed\xf3\xbe\xb3\x9f\x5c\x93X\xe3h-\x12\x91n\
)So\x82\xc9\xb6(\x9bb\xcd\x84\x8b7:\xcc\xa7\
\xa8!d\xc6\x22\xdaE`0\x8cY1\x88\xb2\x22A\
#!z*\xd1d\xcb\x17m\xb4]\xb0\x83C\x0a\xe5\
Q\xb0U\xb6\x0b\xa7\x12g\x8fa\x8eh\x01T\xe8\xab\
p\xfb-8|\x0e\xd7)\x11O\x92\xe6\xa7\xd4&\x9f\
B\x07E[\x9c\x9c&i\xa0W<p\xcd&\xb4\x89\
\x9e\xb4\xd1\x9a\xb4\xc34\xd3fSu.f\xb2\xab<\
\xd0\xc5\xc74\xc8\xcb5FsN\x9eJD{\x13\x15\
\xe8\x96'D\xd5g.\xf5(\x05\xbe\xd1 \xf9e\x1d\
\xcb\x9c\xac1D\xb5\xab\xb1C\xa0\x114\xe8%\x97.\
U\xb5\x12\xcaS\xe8L|DzN\x06\x9b\x8cC\xe8\
\xf8T\x02\xc9*#\xeaEN\x86K)-ed\x8f\
\x92\x22:\xeb\x95\xe7=V\x1cw\xf3:=\x0fNk\
\xca\xe5\xea\xf4\x0e7\x07v)\xd4\x1e\x1e\xb8\xf2\xfc\xff\
\x00_\xc4N\xa7{\xc1\xf6\xb5\xc7\xd0\xfc\xfb\xaf\xc7\x9d\
=\x07g\xc7z\x1b\xcf\xafz\xab~|\xd5\xac\x17=\
k\x02\x84\xf7k\x9f\x1c:\x98\xe6\xd1N)\xbc\x95\xa2\
\xadEh\xa5@\xbe.z\xd3\x81yX\xb6\xe4\x9d\x97\
,M]o8\xcb\x9fJ\xce\x17\x7f|\xa8\xa0\xdel\
!\xd7y\xf3t\xef;\xcf\x87\xf3\xcf\xb0\xf9\xdcu\xf0\
k\xeau\xb9z\xf8\x08u4\x1a05URMQ\
\x0d\x12K\x96\xa5\x95\x9a\xf4\xf2\xdf\xaez\xb5_'X\
v\xbe_Ro\xd2m\xf0]\xfc\xce\xe7\x9c\xf4\x9d\xa9\
|WK\xd3\xe9\xcd\xf9\xbb\xfd\xc69\xd3\xcc\x8e\x8e\xe6\
w\xc4\xe8\xeaf:\x19\xe9\xe0\xc9\x8f\xce\xfa\x1f5\xd3\
\x1c\xfa\xd2=1\xd0\xe7\xa7\xd3\xcdyj\xbe\xad\x9cm\
\xf8u\xa5\x0by\xeb\xea\xf8^\xc7\xa5\xc3\xd1\xf3\xff\x00\
O\xcd\xf5\x04\x9a\x87\x87\xa1$\xe6\xaa\x03UVy\xae\
\xa1\x17\xa2\xcc\xe5\xaa\x08\xbd\x04\x05h\xa6W\x1eBM\
\xc4\x8a6\xb0\xa0qX\x93qBX\xc2e&\xc3\xb0\
&\x8bL\xe6\xc6\xa6x\xfb\x13n4M>\x09\xb7A\
6\xd8&6\xc4\xc6\xd2.\xb4\x00\xa8\xd8\xaa\xfa\x1f\x80\
v\x8a\xcd\xa0\xb2\xc9Z\x85s\xcd\x02g\x9a(\xcdZ\
iV\xad\x14\xb9\xebM\x19\x07e.J\xd9K\x92k\
\xa5\xcb7\xae1\x96\xca\x5c\x95\xaa.p\xd5\x0c\xb5\xae\
\x19&\xb8d\xbd1\x94\x0e\xa9Y&\x98f\x9abe\
\x9b\x06\xccw\xa5\xb78+X\xd9\x9a\xb4\xcb3\xcd\x14\
\xca+Ek \x9d,\xb9\xc4\xc6\xd5\x99&\xd0\xb3,\
\xd5\x19\xcb5C)i\x1b\x11n\x89\x9al\x96k\xcc\
=\xbdr\xf3\x15\xa83\xd0E\xb1\x15\x1cI\x8a\xb5\xc5\
\xc95\x8af\x9al\xcbZ\xe1\x93\x9b\xdd\x87\x0b\xc9\xfb\
Nt\xeb|\xff\x00o\xe7Y\xda\xed\x94\xceI\xb2Y\
\xcb\xf0\x7fO\x19\xd3\xe5\xf9\xfa\x1c\x17\x7fc\xd8\xae\xec\
\xe4\x80\xd5\x19\xc7Z\xe2\xe7^\xdb\x5c\xc9\xd66\xbb\x1b\
\xfa[\xe3\xe7\xc0r\xe3\xd1\xba\xf3\x15\x5c\xb6Rh3\
\xb6\xfe\x1fc\x80\xa8E\xd5\xa9\x07K\x8c\xf5\xa975\
\xab5\xdcu\xb4q/\x5c\xfaz\xb87\xac}\x0d\xde\
?\xab|\x9e\x83\xc3l\xe3\xcb\xe7\xfd?\x95\xf4\x98\xf4\
y\xca\xf4\xbeNu \x87:\x22A\xcd\xb9\x0e\x82\xfa\
\x18\x12\xa8\x86[\xd3\x97V\xa6\xac\x8a\xa6_\xaf\x96\xeb\
v\xe8D\xb8\xeal\xe0g\xce\xbe\xc1\xd1\xf9\xa7\xaf\xe5\
\xd3\xb4\xae\x8ayt\xf3\xf8}\x8f\xc9u\xa9\xee\xbeA\
\xd4\xde>\xb9\xe7}\x0f\x8c\xf3\xfa|7S\x9d\xec}\
>o\xa2\xfd\x0f\xab\xf3~_C\xe5\x5c\x8f\xac|\xe7\
\x1c|W\x5c6z<\xb9q\xafur\xe7_\x98\x9a\
=\xcf\x91\xea\xf9\xfd~\xbb\x91\xe3\x0b\x9fo\xa6_\x9f\
\xee\xf0\xf5\xb0\xb6^nZ\xd9f6h\xb3-\xea\xb3\
)\xe83)\xbd\x89\x90\xf4\x1d\x88\xbdt\xcec\xd0B\
\x8d\x82\x03\xb9]\xf4\xcaOld7\xf9\xeb\x9fF\xae\
\x0fz\xc2&\x92\x08:\xec]\xba\x91v\xd8\x05:B\
m\xd6\x22\xdbp\x88\xf8\x22:\x95\x0c;\x5c\xe4\xeb3\
\x9bd\xb9\xe6\x9a\x95\x01\xac+5j\x86Y\xaa\x97\x1c\
\xd7\x13$\xd6+\x96j\x8b\x96\xb5\x8c\xb9\xabU5\x9a\
\x1f\xcd\xf5>\x89>o\xef\x17d\xd4x\xd6)\xae.\
:\xd9\xcd\xa7G\xb0\xc95C$\xda\x09\x90\xb5\x15\x99\
U\xae\x93,\xd9H\xedyOx\xe4V\xa2\x93\x15o\
N\xa6f6\x5c\xe6\xad5s\x9ah\x97\x19\xed\xf3Y\
\xcfZe\xcea\xd7.2V\xda\xb3\x19i\x96dc\
\xf4\x5c\xf3&\xa9\x19kcl\xc6\xfa\x88x\xbd'2\
\xe7\x9dz\xc2iJ\xd7K\x92k\x91\x95\xad\x96e\xbd\
7.Y\xaa.K\xd5q\x94v\xc5\xc7{.1V\
\xda\x5c\xa1\xb6\xa6\xb1\xa5\xfe\x07Y\xea\xfc\xd3\xa2\xee\xb9\
\xfa\x17c\xcd\xfa\x1e]\x9c\xaa{I\x9b8\xf2\xdeL\
U\xae\xda\x03\x11\xb6\xd7\xd2\x93O5\xc1\xa9\xce\xc1\xd6\
\xf2W\x9f]\xbdnd\xbaZ\x9e\x9d\x988>\x87>\
\xb3\xc3wc\xa3\xae^p=\xda\x9c|\x0a\xfd\x16]\
\xe3\x82;\xf7\xeb\x9f-lK$=\x0e\xa7N^Q\
\xf9\xf4\xc7$;\x0d\xcd\xe4\x09I\xaex=9\xeb5\
\xe5\xd5\xacdY3\x1d\x15\xaf\x19Y\xad\x0b\x03R\x04\
\x95\xa0J\x8a*\xaa\x9d^S\xec\xd3\x99{\xe2\xf2\xad\
\xc7\xa8\xfa\x8f\x93\xc5\xcbm\xe6s\xfb\x97\xa6\x7f*\xfc\
:\xce8A\xact\xbd7\x90\xd7\xcf|\xbf\xa0x\xcf\
{\xb9\xf6?+\xe5}G\xce\xfbC\xe3=\x17\x89\xd6\
9z<\x9e\xff\x00_\xcc\xf4\x5c_]\xea\xbc\xde\xef\
\x92e\xf7\x9d\xdds\xf9G\xd2\xfc\x7fe}\x22\xfd_\
\x97\xf9\xff\x00o\xa5\xa3'G\x9fUZ;\x19\xd7<\
\xb7\xcc\xef\x05\xeeX\xa5\xef\x86\x12\xdbf\x13{\x93\x19\
l+1\x16\x96L\xe4\xe1\xf7|\xde\xf1\xc3\xca\x1d\x0f\
O\x8f\x81\xf4n?O\x9fOMZx<=\x1c\x0e\
Fm\x9e\xdf\x9d\xee\xba\xed\x7f\x8b\xdf\x96\xd3\xe3\xba\xf9\
\xfd\x16\xbf\x9d\xfd+|\xb4N_{\x9f\x5c\xf3M\xcd\
f\xbd7\x19f\xa9.Y\xaa\xd7,\xd5\x0c\xb3U.\
i\xa6*\x97\xaaK\x9ai\xbc\xeb0\xeb\xa5\xcd[\x06\
\xb2MV\xb8\xebP\xaey\xa2\x93<\xd0\xcb1MP\
\xcbZ\xa9sM\x10\xe4|c\xef\xdf9\xed\xcb\xc2w\
|\xff\x00\xaa\xf4\xf9~\x9e~k\xd6|\xff\x00\xa0\x89\
~\x0a\xba\xfa\xfee\xdf\xf4y\xfe\x8b<\xaf\xad\xf3\xfa\
F\xb4Vv\xb1x\xb2\x0a\xd1T\x8a\xd1\x11j\xd1,\
\x05i\xab\x95\x06\x8a\xb9\xcc\x1a\xe6\xb1\x92\xb6Mc\x1d\
m\xab\x8csd\xd7<nu\xeb\x19\xc3Mk\x19&\
\xbb\xb9\xca\x1b%\x98\xefm&M\xa4\xadc\x16\x82#\
-k\xa8\xcb6\xd8\x8fE\xe7\xfa\x9a\xc7\x05\xbdlR\
\xe2\x9a\xceo\x0dk\x92\xe4\xbdP\xca\xc7\x5c\xb9f\xb9\
5\x96j\xb5\xceO\xa3#\x1esX\xab_\x83\xd3\xd8\
\xcf!\xee\xe5\xe3\xf8\xbf\xa5\xc3\xe2\xe7\xf6O\x9b\xf7\xf3\
\xf0\xfe\xa5\xf1\x1f\xa9\xb2\xea\xf4s\x87\xbf\xce\xa7\xd3\xca\
\xf2\xa3\xeb\x00\xf2\x8c\xf4\xd9\xac\xccd\x17\x9a\xf9\x1e\x8b\
/N~\x13\xc3\xfbO\x1b\xea\xf9\xde\xb5\xcc\xd3\xcf\xdf\
\x94=^4\xe0\xbbF\x8d\xe2[\xbd\x1b\xcf\xe53\x8e\
>\x9c\xf4\xe0\xe6\xa7\x5c\xba\xbd_\x01\xaf\x5c\xfd\x17\x89\
\xd3\xcb\x8e\x87\xba\xf9\xbf\xa7\xb8\xdd<j\xe4<\xd2N\
\xcdST\x96\x05\xa2\xcc\xf0Jh\x0dtI$\xb2\xea\
\xec\x92@\xa1\x01RBM\x19\xe2\xc8\x09[\xe8|\xb9\
'c\xbb\xe2\x9e\xbe\xa3\x0f'!\xe8\xb5\xe3\xe3\xcdu\
9}\x9d1\xc7\xe9p=V\xa7\x90\xe9\x0esw\xdc\
\xfe!\xea<\xde\xbfc\xe7\xf98q\xddX\xb4'\xbf\
\x9b'\xd5>a\xf5\xbf?\xb3GS\x7f\xcc\xbe\x7f\xd6\
G\x81\xea\xaf\xe9\xfcO\xa5q\x97\xf5/\x9b\xf6\xbc\x97\
\x97\xfa\xc7\x86\xc7NO\xd2?<}\xc3\xaf\x9b\xb5l\
\xe5\xfc\xef\xb7\xd0,\xbb\xb3\xb5\xc7*j\xfc\x87\xa4\xd3\
\xac\xfc\xc3\xdb\xef\x9d1\xa3\xc3\xe1G~{\xfdg\x8b\
\xf4\xf3~\xa3\x1fb\xfc>\x8f7^\xa2\x5c\xe54\xe6\
f\xbc\xd7\xa1\xcd\xd7\xcf\xf3,\x1d~/\xda\xfc\xbf_\
\xd1xR\xce\xfb\x187s,\x9dNN\xcds\xf7\xff\
\x00@\xf0~\xbf\xe3~\x93u\x81y\xfd2\xeaM\x5c\
\xa8\x5c\x97eNS7\x8e\x8c\x93\x9e\xe4\x99\xe9\xd3\x8f\
\xabY\xea%y\xa3t\x93\x1d*\xa5\x12TZ\xab\xab\
d\x91*\x5cJ\x96T\xbb1\xb9Q\x1c\xa4\xfcw\xd7\
\xfc\xa7\xe8|\xe2\xf5\x9eG\xb1\xea\xf2\xfd\xcb\xc8y\x9f\
\x1b\xe4\xf675Ow\x82A\xa4=x,\xfa?\xaf\
\xf9\xa7C\xc1\xf4>\xa1^\x1f\xd4\xf9=\x9b\xab@\xe3\
\xa2\xa9\xd1\x14:\x0bY\xcb\x1f\x11\x16\xf9\xacg\x9a%\
\xce{}\xeb9\xe3\xd9\xacd\xb7]\x89\x8f\xd1q\xcf\
\x9a\x06\xe5\x11\xf7frs\xb5\x89\x87X\x5c\xe7\xb7\xc5\
\xcdz)\x11n\x96g\xb7\xc1\x11\xf5]\x1ef\xc7\xeb\
\x9f\x1e>c\xaa-\xb2US\xa2\xa4\xd9\x15$\xd9\x0b\
\x16!\xa6c\xd9\xc0_%\xed~O\xd6\xf4\xf9\xfe\x9f\
\xf2\x1f\xb3\xf0\xf8\xf7\xe2\xfb\x13n4\x98\xfa\x94~a\
\xf5\x0f\x93z<\x9c\x9f\xb4|#\xec\x9d9t\xa2Q\
\xe5\xf7\xec\xa7\xc4\xce:j\xe7=iF\xb0\x03\x9f\x99\
\xbe]\xaf8_;\xef\xe4\xedy\x01\xea\xfa\xbew;\
\x1b\xf9\xbb\xcf\xa7\xf5\xbc^\x97?B=O\xcdy\xdb\
\xe5\xf7\x5c\x9f\x1a\xd0\xe5\x8d|\xb1\xeb\x8d\x89\xc0V\x15\
,W\x7f8\xc0:\x18HB\x97RD\x92\x15 \xd1\
J0h\xa4\x0c\xd5\x9e\x86\xee\x03E`\xcb\x91P\x84\
\x95r\xaa\xe4\x82\x0b\x85K\x85I\x03\xa1\xb3\xae\x18b\
\xb6\xb3]]\x90\x16\xc5C\xd7f\xf3\x97\x8e\x9e\xf4|\
^\xfe}\xfd\xdf\xd1\xbeE\xee|?G\xb5\xf1\xef\xb8\
\xfc~k7?\xd8\xf8\xfe\xfc~\xa8\xcf\x8c\xfb\xbf7\
\xa7\xd1y\x1f\x9b\xf6=>\x1d4\xceOo?\xe8o\
\x9c\xf9\xed\x9f3\xf4~\xe7\xd6|#\xdcq\xf5z~\
\xff\x00\xca\x9f\xcf\xdf\xf4\xdf\x0d\x83\x9a\x9e\x87\x9a\x94v\
\xc5h\x1e\xa5/\xb7\xcc\x7f\x0fW\xd0\x9a\x93\xf9\xbc\xd9\
9\xba\xae\x98\xfc\xba\xb3\x9eo\x87\xfaYw\xf0\xfcW\
\x8f\xf4_\x13\xf6\x7f=\xc6\xd8\xa7z\xbc\xbd\x0c\x1d\xbe\
o\x1e\xd8}\xb7\x90\xfa_\x1e\xfe\xb1\xe4?\x07\xf4\xd2\
I\x15\x91\xbcm\xe1\xfb|O\x9c\xf5\xf9~\xcb_\x0c\
\xdd\xa9\xec\xf9e\xd2\xd5\xf4\xfb|/3\x8f_\xa6\xf3\
\xfe{\x83\xa5\xf5\x1c\x0e\x8f\xa4\xe9\xcf\xcb\xe8\x9a\xd1\xdd\
\xcc\x1d\x8f'\xa3U\x8d\xf9\xfa\xdd\x0dJt\x11N\x82\
Zqpa*\xe9\x91q\x19\x17\xe6\xf7\x9f\x98q\x06\
~\x87\xe0]W\xd69\xef\xe4\xf7\xf6\x1f\x1d\xcf~>\
{oJ\xbc\x7fy\xd6W\xca\xfa\x98\xbeq\xf5D\xcb\
\xf0\xaf\xaato\xbf\x1e\x9c\x22\xf1{\x17\x0a,\x90\xae\
Z\xb2^\xf9\xd5\x194\xbb;\xb9\x5cd\xb9Y6\x5c\
*h\x0deV\xc8\x81\x195\x17\x19\x8fY\xd1<\xf7\
cy\xd5N\x99*2X\xa8\xda\xb1n\x1a\xb0)\x90\
\x8al\x13\x1d\x14\x1e\x92\xb9vN\x96$U1\x13\xa3\
\xf9\x98\xb9wi\xc0\xff\x001\xe8\xe1\xdbO\x07\x9f\xd7\
\x87\xa5\xf1\xfe\xef\x9e\xdf\x8a\xe9\xfb\x1e\x85\xe6\xce\xff\x00\
\x96\xf0\x9c=\x7ff\xe9\xfex\xfa+\x97\xd1\x07\x99\xc3\
\xe1\xeb\xedy\xee\x1e/G\x0d~\x1b\xd5\xf0\xfd\x7f;\
\xcf\xfd\x9b\xe2?\xa7\xef\x1e\x06\xdf\x09\xd4\xe1\xed\xfa\x08\
q\xb8\xbc\xfaw\xfc\xb7\x96\xf3\xfe\x8f\x1fG\x7f\x91\xf4\
\x1d\xf8a\xe7\xeb\xe6u\xf3l\xe5\xb1]<\xcajo\
\x5c\xca\xa2\xd3\xd3a\xe4SZs\x08\xdc\x18T\x1c\x89\
*I\x01\xab\xa2\xea\xc4\xba\x90\x92D\x92D\x95r\x86\
T\x8b)*\xe5H\x92J\x92\x5c\xb5$\xb2I\x22I\
\x09$$\x91d\x90\x92@a@d\x89,l('\
RT[\x95\x08TAA\xd3/C\x00e\x97\xf4\xcf\
\xccx\xdeS\xc7\xed\xadx7{<U\x90\x96\x13\xb4\
\xe5\x95\xbd\x1cU\x8e\xe0\xd5V\xb1\xeb\xf5y\x12\xf2\xfd\
_t\xbf\x1b\xd5\xf3\xfd=\xb3\xcet\x99\xfa6\x03\xdf\
\xe0\xfb\xd9=W\x99\xf5\xbcw\xab\xcc\x871=\x1b\xfc\
\xbf\x17X\xfa\xa7O\xe1\xbb\xb3\xe5\xfa\xfb~\x03\xe9g\
/\xaf\xd7\x8f\xd3\xe5\xf5?\xcbvy>\xbf\x17\x07\x8f\
\xdb\x1f\xa5\xf1:\xae\xd9\xcf\xf1\xfa\xa7\xa0\xe7z\x1f?\
\xb7'\xa9\xf0\x1ayz}\xb5y\x92\xf3\xfa}$\xcb\
\xcc\xc6z\x1c\xdf9\xab\xd5uxN\xc7\x0f\xdd\xe3\xe5\
\x1e\x8fQ\xe8\xf1\xf8\xad\xfbyz\x96\x97g\xdf-\x1e\
\xab\xc4\x8c\xdf\xd4\xb9^\x1f\xa7\xe7\xf6}\x0f\xd1|\xbf\
\xa7\xe2\xf7\xfd\x1ay\xe2\xf1v\xee\xceW_\x19\x18\xc1\
\xc6\x022\xe9D\xcbe\x16\xd9t\xa1\xd1)?\x1a\xfa\
w\xc0\xbe\xaf\xcf(\x17\xf5\xbem\xfdW\xe5\x1dn=\
\x7f@|\xe7\xe9\x9e'\xe2}O\x19\xf4\xff\x00'\xf4\
\x9e\x9c\xf3^\x89\xe1\xf5f\x9ab\xe6\xadTf\x9a%\
\x22i\x013\x85\xe4}[\xfae\xfc\xeb\xb7\xae~\xae\
3\x9f\xc7\x9e\xd3\xe3h\xd5\xea/\xe5\xed\xf5p\xfad\
f?7}3\x07B\xd8\x13\xcfj\xf5\x1b\xe4y\x9e\
\x9b\xf4\x01\xf2I\x5c\x5c\xc9\xb3\xdb\xe6\xebz\xdf1\xdc\
\xf2\xf5\xf4\x17\xa8\xfc\xbc1\xed\xb3\xd7,i\xe8L\xeb\
\x04\xe8\x12sg8\xbaN\x85_\x86\x9d\xfd\xc5\xfc\xc1\
\xfb{\xfd\x7f\x9eu\xf7\xc7\xd3x\x1eh5\x8e\x0fi\
\xde\xcb\xaf/R\x1a9\x1f;\xdf\xbf\x89\xcf\xf5\xdd9\
y>>\xff\x00\x17\xea\xf3t}\xbe\xce?\x1fG\xa0\
\xf8\xe7\xd6|\x0e\xb1\xe4\xb1\xf4y\xdfK\xe3v\x9d\x88\
y\xf7\xf7^W\xcf\xf3\xb5\xe7\xf5\xc1\xe4\xcf\xb7\x977\
\xd6\xbeM]8zg\xf9(\x9e\xaa\xfc\xd2\xe5\xf4>\
t\x95\xbc9Q{\xe7\xa4\x13\xa6R\xce\x02\xcc\xb1\x97\
7R\x94d\x89\x04\xa8\xa9p\xa9&\x90HH%E\
I\x09$$\x94\xcd\xc9\x16\x09\x02]\x8d\xd5\xd8\xda\xdc\
\x92I%\x17$\xa9%\xc5K\xa5\x92YR\xe9$\x91\
d\x90\x92BI\x08%\x01\x85\x01\x85\x01\x85\x01\x85\x09\
W,\x8dT\x94n\xe2\x10\xc8\xb2\xe4$\x92\xd3\x81r\
\x91,\x87E\x1em\x18\xc1\x9a\xf0;\x1dz\x09\xceY\
\xeb\xed\xbc\xee\x00\xe7\xea\xf7\x1d\x0f\x9f_\x0fW\xb7\x1f\
.\x9e>\xafo\xe40v:yG\xd1d\xe3\xf3\xf5\
\xfa.\xf7\x99\xeay\xbd\xbd\xf7\xf8\xbd\x1c\xfd^\x9f/\
1\x93\xb7[vL|\xf3\xc2\xe2^\xef\xab\xf9\xbd\xc5\
E\xe5\xfbD\xd4\xf4q\xbe\xf7_\x9d\x83\xc1\xec\xec\xe4\
\xf1\xe1\xe8\xf3z\x01\xe03\xab\xd17\xcde\xcd\xf7\x9e\
\x8b\xc8\xf7|=\xba7\xca\xc5\xc9\xea\xb9\xdcnGV\
\x8e\x01\xe2\xfa\x1e~\xcfo\xc8v\xf9jd\xf4<\xd9\
\xec\x09-\x8d\xdd\xcf\x9b\x85\xe7\xf6\xac~\x13\xd5\xf88\
wY\xc3\xf4\x5c9\xa2\xf6\x168b\x9b\xae\xb0M\xe5\
s\xca\xf9\x1f\xdatw\xc7\xe4u\xfb\x7f=\xfa/\x1f\
&\x97\xfa\x8f\x17\x9f\x8f\xd8y_\x87\xeb\xe4\xfb\xff\x00\
\x9b\xfdV\xe3!t'\x96\xf3\xf1\xedON\xdeW\x8b\
\xd4\xf1_G\xdf\xd3\xcf\xe7\xd5\xed\xe7\xe8\x8f\xc8z\x19\
y\xf8:>_\xbf\x8f\xa4>y\x1d\xfeo\xaf\x0f%\
\xe8y\xf4\xd8>\xb7_\x97\xd7\xe5\xbd&\xbfg\xe7\xef\
\xa7\xe7|?;\xd7>\xce\xfc\x08\xfa\xf1\xf4\x0c\xde\x7f\
F=\x1e\xb1\x1es\x0e1\xf5\xaf)\xe4\xfb\xdc\xf4\x1e\
\x9f\xe4N\xf4p\xfd+\xde\xfc\x9d\xd3\xf3x?Ig\
\xfc\xc1\xd4\xe9\xe1\xfb7k\xe3_G\xe6\xaf\x99\xfc\xfb\
\x7f\xd0\xf3}\xb3\xc8\xfa/\x17\xf3\xbfS\xe7\xfe\x9b\xf2\
\x8e\x87\xaf\xcb\xdf\xf2\xdd\x9eF}?B?\x9d\xe6\x9c\
;~\xc3\xe5x\xfby~\x93\xe6<\xd9v\xf2z\xb9\
\xe3\xe5\xe3\xed\xba\x9f?\xcf\xcb\xdd\xec\xbb\xbf2s>\
\xbb?\x95\x0e\xbe?\xbd\x0f\xc1=/\x97\xd9\xf4o\x0f\
\xe6\xf2\xfa~\x7f\xb8\xf3\x9cP\xe9\x8fq\xe7y2\xc7\
\xe7\xba\xeb\xc4\xe0K\x9b\x92\x99\xba\x94\xa60M\xab\xcc\
J\xb2\xd3\x96\xe5\xb9\xc8VI\x19\x95b\x92\xea\x12H\
A\x90\x92U\x92\xa4\xb6\x09@d\x85K\xa2\xa5\xc4\xa8\
T\x95.\x14%\x14a\x09#\xd5d\x92D\x92\xaa\xe4\
\xb8\xab\xab$\x91e\x5cI$Z\x97D\x92\xd2I\x16\
\xaeBI\x0a\x97\x12\xa4\xb5\xa9tI!$\x84\x92\x12\
HI!.\xa0uQnT,\x86\xcb!((%\
\x12\xea\xd4\xae\xadl\xd6Jd\xb2\x97\xd2q\xb3_\x1f\
I\xfa\x7f,L\xfa\xce?6\xe7_[\xe9>`^\
\x7fo\xba\xe7y\x875\xdf\xdd\xe3{y\xed\xd9\xbeg\
g\xcf\xf4\xf9\x9a8\xfdN\xbe=S\x92\xec\xf6\xea\xe7\
\xcd\x9e5\x0ef\xef\x82\xed9\xfay\x1d\xde\xf2=+\
\x9e\x97'\xb7\xc4\xe7\xea\x9a\x96\xddq\xd1|\x85/\xa6\
\xf5_2\x9c\xbd^\xef\x97\xc5|\xe9\xd3>A\x9e\xeb\
\xd6\xfc\xafo\x87\xdf\xf4\x0f\x9f\xbf\xd4cyo\xden\
\xf2y<+\xbdfL\xe7\xe7'\xf4\x9eGn~\x0d\
\x9fF\xc1\xae|oO|\xde9\xedu|o\x91s\
\xed\xfa\xaf\x85\xf0\xfd\xd7\xd0d\xf3\xe7\xee\xab\xfdI\xf9\
w\xdbq\xe3\xf5\x8f'\xf2\x1fI\xcf\xa3\xfe\xf9\xf9g\
\xdf^\x7fV\xe8|\x07\xb7\xcb\xcf\xf6L\xff\x00&\x0c\
z\xfe\xc3\xcb\xf1z\xa6\xbb|\xcd\x1e\xd2z\xfeq\xaf\
w'\xb7>\xa7\x81\xfa\xcf\xe7\x9fG\xc9\xf4\xde\xe7\xe4\
\xfe\xfb\xaf\x10\xf9W\xdd\xf2s\xf6|W\xb5\xe9}\x1f\
OO\x1f\xc2}\xc3\xc1s\xcf\x80\xe7z\x0e\x8f\xbb\xc1\
\xe3\xef\xba\x8e\xbc_\xd3\xf6\x1f2\xf3}\x1f\xb7\xcc\xae\
\xf0r\xeczo\xce\xf9\xfa\xf2\xf7\xdf-\xe0\xec\xf7N\
\x97\x01\xb7\xd6#\xa7\x8eo\xcd\xec\xf89\x95\xe7\xfa\xdc\
\xf3A\xfa\xbe'\xa4\xf3\xaf\xc5\xc3\xe8k,\xab\xdf\x0d\
\x8aEo\x86\xbc\x92\xb5\x9d@\x8b`\xa0J+\x0b\x86\
EI\xd1\x82\xb2\xb8\xb9C\xacIV\x92\xea\x0dT\x8a\
R\x0a\x14\xabK\xa1\x22\x0d\xd8\x10\x86\xa4\xa8\xb0\xc2\x15\
D)W\x22J\xba%\x5cJ\x92\x10J\x03.\xd0(\
\xaa\xaaIl\x83\x09R\x12HIQ.T$\x90\x90\
`Pm\x18\xcc\xef3\x90\x91%Y.E\x92BU\
\xc2\xaeBI\x09$$\x90\x92BI\x09$$\x90\x92\
BI\x09$$\x90\x92BI\x0a\x97\x0a\xb9rT\xb8\
\xb2IiI3.\x5c\x0aQ-\x5c\x81\xc9\x14\x88\x0d\
e\xc9-\x94\x92\xc2\xab\xcd*\xb8\xad4\x96i\xc1\xb5\
\xb3Y\x1d\x0b\xe7\x9e;0*\xf5\xcd\xc2\x12]\x8b\xce\
S}M\xbezc\xbfg\x0ea\xb9\x9b\xb1\xcdr\xe8\
\xab\x05\xcdj\xbcD\x9a\x05\x17e\x92n\xe1\xc0\xb1:\
\x9e\xa3\xc4\xed\xe1\xeb\xfa'\x88\xe0\x9c\x9e\x98\xbc\xd5\xd7\
\xddx>C\x9b\xe2\xf6};\x97\xf2dw\xf3}K\
?\xcc\xcb\xaf\x9f\xea~\x07\x8f{z<\xfcQ\xd5\xf6\
~c+3\xdbo<+\xa7=\x886c\xbe`\x5c\
\xef\xf3\xda\xcc\xa5:\x16\xce}^l\x83Vz\xbf;\
\x9c\xf9\xf5\xf4y85\xae>\xc3\xd0|\xba\xf0\xea\xf4\
|\xcdu\xe7\xeby\xdc9+\xfb\xbc\x15W\xb4O\x9b\
\xcf\x8b\xdd\xf4\x1e\x11\xeb\xee<\xcf\x1dw=ds\xeb\
m\xed\xe5\xd1\xb9Y\x8a\xcfM\xd8\xf9\xfc\xe7\xbd)\x1b\
\xddq\xe6\xa6{X2\x1a3\xa5\xc7\xa3Q\xe2\x96\x15\
\xaeY\xe9\xb8\xf9W\xcf\xa9\xd0\xce\x9c\x88e\x065\x0b\
 \x81\xc0\xb0\x82\xe1VT\x95F%\xd4\x84! %\
\xc2B\x80\xc2\x88$0\x840\x92R\xdc\xaa\xb6\xe5D\
\x92BI\x12\x09\x0aJ\xba$\x94I!$\x89$\x80\
\xd4\x85K\x85Q\x05\xb5.UK\xa9%\x5c*\x5cJ\
\x12\x1bd\x90\x92D\x92\x12\xc9\x22K\xabY$$\x90\
\x92BI\x09$$\x90\x92BI\x09$$\x90\x92B\
I\x09$$\x90\x92BI\x09$$\x90\x97P\xba\xb9\
\x94\x92QI\x0b\xb1(($\xb7$,\x80\xc9u\x1a\
e\x85\xc1\x90Z\x95\x81\xcbd34\xae\xa2\x9d\x85\x87\
cpD\xbb\x95\x96\xbb\x0e\xc2+-r\x19j\xb1\x96\
\xb9DK\x90\xca\x0a\x0e\xaaU\xd4\x10\xa0\xd0a(\xba\
\x94\x962\xaa\xa4\x85\x5c\x84\x19VX\xc8I\x22\xc8\x22\
\x85Cz\x97R!\x05I\xa9%k7*\x8b\x95\x0b\
\xb1\x8b.\xa2UJHa\x03\x09\x0b\x95AA\xba\xb9\
P\xba\xa8\x14\x1b\x8b\x95E\xc9\x0a\x92-\xca\xb6d\xba\
j\xe5D\xb3\x5c$\x90\xb9Q.\xa4\xb6IR\x15K\
j\xa4\xa4\x92D\x92J\x92Il\xc0\xd2\xaa\xc4\xb9R\
\xd9c\x10\xa5H\xb9UWc\x14\xa0\xc4\xb9Qd\x90\
\xba\x91$\x90\x92D\x92\x0a\x10\xd4.\xa4$\x94I!\
$\x84\x92$\x0b\xa2I\x09%\x15Rj\xc9$\x95%\
\xc5K\x89R\xea\xaaIh\xc2\x12]BC\x00\xe5Y\
$\x84\x92\x12HI!$\x84\x92\x12HIp\xa8\xd5\
$\x92,\x92\x12HI!$\x84\x92\x12HI!$\
\x89$\x8b$\x89r\xae*\x15D!+e\xd5\xc5\xc9\
\x02\xb1&\xa4\x908$]\x8d\xa9\xd8\x14\x11,\x94\xac\
.h\xe0\xdc\x15\x8c\x86XR\xb6\xc3Ft\xabvi\
\xd5\xb5\x19*\xed\x89\x0e[\xda\xcf.\x9c\xe4\x1b\xb2F\
E\x087y\xdd\x0d\x966%\xca\x89$\xa5\xba\x82\x84\
 uR\xe8\xaa+\x02\xae\xec\x18\xcd3X(\xf5\xcd\
b\x8f\xc9\xael\x8b+j\xaa\xaeJ\xc4C\x81aZ\
\x8ejR\xee\xc3\xad\xa9\xce\xb3\xc6j\xb3\x05\xd1\x5cU\
\xf59\xf9\xda\xa7F\xe5\xe6\xc8{\xcd\x06\x8e\x9e:q\
\x0b\xb8\xc9\xaf==\x97\x9e\x93\x9d7\xf3\xfas\xb9\xab\
\x0c\xdb\xc0)Xi\xd4 \x99\x91\x1d@:\xc3`\x1c\
]\x03\xd1r\xc2\xc2\x89\x96:-\xd2\xd5&\x95\xf12\
\xe5\xb1Pd\x5cF\xd2\xe0\xd2L\x1b\x02\xd0\xa0\xca(\
4\x1c\x08\x1c\xab$\x82\x14\x18\x85\x04\x89*\xc9\x06$\
\x95\x0b\x95\x0b\xa9E\xca\x85\xca\x84\x92\x12HH1$\
\x94I!%BH5$\x8b*\x5c\xcd\x5c\x8b*D\
\x92V\x92H\xb2\xae\x03$$\x909VI!$\x89\
$\x8b$\x84\x92\x12HI!$\x88C!$\x81\x0c\
\x8b$\x84\x92\x12JK\x95\x16\xe5D\x97QnT.\
U\x92TC\x19JR\xa2]I\x05\x06Zd\xbb\x0c\
\x95Y\xaf\xa5\xda\x9c\x08\xac\xb5\x14\xad\xbd#\xcf\xd2\x8b\
\xcf\xbe\xf3Mz\x1c\xfc\xbd|b\xe8\xfa\x0c\xf5\xf2\x13\
\xd6\xf3\xb1\xdb\x83\xafSu\x8c\xd5\xb8y\xfa\x91L\xc9\
\xae{sl\xacwK\x18&\x22\xdb.0\xa7}\xde\
|\xcb>\x97O6\x5c\xbd\xaef;e\xb6\xe8\xd7\x0e\
}\xf6\xab=x\xd7\xdc\xea\xe7\xbf\x93W\xb1\xe5&t\
m\xd5\x9e\xa9\xc7\xee9\xdc=^:\xfd\x87\x9e\xef\xf3\
\x83G\xa5\xe8\xf9\xbd^7gs\xd0p\xf4|\xbb\x97\
\xf5\xbc\xdd|\xdf1\xfa\x16\xae\x1c\xbdo\x09\xf4-|\
\xf7\xe3\xbc\xaf\xdb|\xefO7\x86\xe2\xfd\xbb\xcd\xeb_\
8\xcb\xe9\xf8\xde\xef\x1e\x1e\x9eOw\x9b\xe3\xfa\x1fS\
\xc7\xe1\xf6\xfcW\xa9\xa3\xea\xfe\x9f7\xcfW\xf5I\xe3\
\xef\xf3^W\xd62\xeb\xa7/\x99\xea\xd1\xcf\xa71.\
N\xfav\xfc\xef-\x9d3\xec\xfe\x7f\xea\xbc\xcd\xf0\xf9\
\xaf{\xe3\xbdg\xa3\xc9\xe8|\xf77\x85\xcb\xd5\xe92\
y\x1e\xe7m{\x7f+\xab?\x1e\xd9\xd1\x8b\x17\xab\xc5\
f\x94\xf7\xf2{\x9f8\xbd\xdc>\x8fk\xdby\x1e\x87\
\x8f\x5c\x01\xf4>\xfd\xcb\xe1\x1c\xcf\xa8x\xbfV8\x03\
\xe8\xf8}\xb0\x85\xc7u\xf0\xec\xae\x8e\xef?\xd9\xf1\xb6\
U\xe9\xf8\xaeG\x7f\x0f\x0f\xa1\xcb\xb6m\xe9\xe7\xe6V\
\xd4\xeb\x92f\xac\x97\x99\xd0\xea\xb9\xcfE\x01*\x1ad\
\x02\x94\xa0\x88\xca\x09pqur\xf8\x9b\xa6\xc1\x08t\
L\xa7EX\xcb]\xa1\xcb\xd5\xace\x86\x19\xb5*4\
Pe\x97F\x12\xc9\x22U\xc1B\x19Ir\xa1u(\
\xba\x90\x92@d\x95*ZT\x90\xb9RY*\xf5*\
HI\x22\xc1(\x0c!$\x90+\x90\x92BI\x09$\
$\x91$\x94\xb7R$\x92,\xba\x85\xd4\x84\x92\x12A\
\x0a\x09\x12H\x95c\x14\xa0\xc0\xa0\x91%0\x0a%\x87\
,\x14\xa8b\x14\x18\xa4A \xa0\x9a\xd4\xb0\x8b\x92\xad\
\x22\x06\xe7b\xe1\xbcvYu\xef\x1e\x8eP\xf6=\x07\
?G\x91\xbfN\x1c}\x9eI\x9e\xeb\xcck\x86C\xad\
\xeb\xce\xe8\xbf\xd0q\xf6y[\xf6g\xc7\xd9\xe6\xcf\xbd\
\x8b=\xf5\xed\xe6?\x8f\xaf\x91\xe7}\x0f\x9f\xfa?\x9c\
\xebSg\x1fy\xd8\x1ez\xf7\xf6q\xbb~/\xa1\xe5\
y\xfe\xf7'o'\x8bgz\xfbp\xcb\x83\xb6\x18\xf4\
\xbb\xbd\xc2\xee\xf9=3\x9d\xe8pq\xd7??\xa0\xad\
\xcf\x06\x8fa\xe6\xfd\xde\x14\xbf\x1f\xa0\xb8\xd8\x9cS\x87\
\xd4\xae\xd6\x03d{Xz\xfc;c\xf4\xdaC\xc7\xc2\
tyU\xc6\xf7S\xc7,\xf1\xe8?#g7s\xba\
\x92\xce/;\xd4|\xbf\xd3\x8c\xbf9\xecq\xfe\xff\x00\
\xcc\xbf{\xf3\xbfA\xae\x7f\x5c\xd3\xe6\xbd\xc7\xc1\xfa\xbf\
\x0f\xfb\x07\xc9\xfe\xe9\xe9\xf3r7\xe9\xbf\x9f\xaeR\xfd\
\x12\xefO!\xe3>\xa5\xce\xf6\xfa~c\xd7\xf5)\xf4\
\xcf+\xca\xf6.\xdey\xbe;\xd5\xf9\xee\xbc<\xabz\
\xdd\xcf_\xcb\xf1\xfa}\x9e\x0e=\xba^\x8f\xe6\x0d\xe1\
\xec\xfa\x07\xb3\xf8'K\x8e\xbd\x9f\x89\xf7Y.\xfeu\
=P\xfb|\xfc\xec\x9e\x8e\xb3\xdb\x1b\xb6\xee\xe3\xd3\xc4\
j\xfa\x8f/\x18\xf9K\xbdM\xfa\xb9\xf8\x7fg\xee}\
\xef\x97\xcd\xf9\xcb\xd0\xfd\x93f<\xff\x00\x93\x7fK\xa7\
\xb7\x1f\x92+\xf4\xbf\x87\xfa??\x8b\x9b\xder|\x7f\
\x7f\xe5\xc3\xd3\xee\xfb|^a_U\xf9W?Do\
C\xa5\xbe>k\x89\xea{\x1a\xe7\xf3\xe9\xf4\xee~\xfc\
\x9f?\x1fG\xdc\xe9\xc3\xc5OK\xd6\xe5\xea\xf0[\xfa\
\x18w\x85\xe0\xf6\x5c\xf7/7\xbf\xd8vq\xdb\xc2p\
\xfe\x9b\xc0\xd7\x1f-\x9b\xd2#\xb7\x9b\x89=\x1e:\xe3\
W[\x93\xaeV@z\xc5\xc5\xcb\x0e\xc2\x86\xc4\x98V\
B\x18(\xaeZ4\xb4e\x0cB\x83\x10\xa0\xca(2\
\x88d$\xa8\x92H\x92T\x8b\x95kR\xae\xa4\x82\x15\
\x81$\x95k$\xa2\xe0\xc2HE\xca\x85\xd4\x89$\x8b\
$\x84\x92\x12HI!$\x84\x90B\x83A\xc0\x85\xca\
\xa2\xecMh\x82\x17*\x17*\x17*J\xe8\x96J\xe4\
\xb1\xf3z\xc7\xd8t|\xde\xcf\x931\xb7\xe9\xf1\xa9[\
1\xa3\x1d\x92\xd4\xb4\xe6\xd5\x9e\x80\x92b\x1dm\xe8\xf2\
\xf6\xf0uwup\xfa^@\xfdG=w\xf6\xb3\x17\
\x8f\xec\xa7\xb5\xc6\xecc\xa1\xf9\xff\x00}\xc8\xe1\xdf\xc8\
_\xb6\xdd\xd3\x8f\x86\xd3\xea\xba\xfcz\xfc\xc4\xfe\xa91\
\xcb\xcf\xbf\xac~\x7f_\x9f\xe7\xf7\xfc\x8f\xab\xc5\xc7\xa0\
\xc5\xf4\xff\x009\xbb\xd1x\x7f\xa2q\xf4e\xeb|\xd3\
\xd5r\xf4\xf6\xf9>\x8f\xb5\xe2\xfa\x9c\xdc\xde\x8ay\xbd\
\xa9\xcf\xb2\xf9\xf4\xf1s\xd4\xf9\x8fw\x8f?\x8f\xf6\x9e\
S\xd7\xe3\xf3\xdd^]\xfb\xfe/g\x8e\x96\xa8\xce\xb7\
2\xc5\x0e\xff\x00I7\xe4\xf7{\xfd^O\xa7\xe2:\
\xfe\x83\xd3y=\xfc\x09\xe8\x8b\xc3\xed\xe1\xef\xd9Xg\
}\xd62b\x98\x8f4L\xc6\xda\x06\xcdl\xc3u\xd0\
\xf8\xff\x00\xd4\xfc\xc7\xaf\xc5\xf3\x0e`\xab\xf4_\x9e\x7f\
W\x89\xea3\xbf\xb5\xbf\x0eO\xcc\xfe\x8b\xe3\x7f\xa0~\
\x19\xed\xfe\x97\xcd\xf7\xc5\x96|\x9f\xa6\xfaM)f\x1c\
\xfb\xdd\xd0\x0fZ\xd3\xcaH\xdf\x19\xeb\x95\xd6yM\xdd\
\xc9\xd7\x8c \x9c\x8f\xe8\xf3\xa6X\xf8>\xabon,\
\x11W\x1e\x88\xe9c\x9a\xcfC\x8f\xack\xcf\xf1}\xd4\
\xef|Oo\xbd\x17\xe6\xc1\xda\xe3\xfb\xf87\xd1e\xf5\
\x1c7\xb7\xa4\x93\xf0\xe6\xf6s\xfa\x0ex\xc1c[\xe7\
4s\xb7sN\xf57\xf9\xfe\xaei\xd3\xcf\xaf\xd5\xe8\
\xdc\xf97\x1b\xed\xec\xf4\xf0\xf8v?\xb5r:c\xe4\
>\xc3\x9f\xc6\xf4y~\x96Lw\x83\xearz\xb6\x1a\
\xe7\xc9\xf9\xf7\xd1\xf2\xfa<\x88W'\xd6\xe7y\xfc\x97\
\xd8>`y\xcc].o\xbf\xe3\xd1\xeb\xd2\xd7\x1b\x0f\
\xd0r1\xe2\x99\xd9\xe8\xef\x87\x8d\xa1\xf5\x9d|~P\
\xbdO\x17;\xc8>\xd7\xce\xcdr\xaf\xd5\xf9\x9dd\x05\
L\xdf\x10p\xcaY\xb5(2\xae\xe6\xe4\x85\xca\xab\x0a\
\xaa%\xd8\xc4(2\x8a\x0c\x08d$\x90\xab\x90\xab\x90\
\x92BU\xc2\xa5\xc0\xea\xae\xaa\xc6\xa1\xb4\xb9VK\x81\
A\x81A\x90UR\xaeX\xcbu!%\x8a\xdc\x18\x14\
\x1a\x8b 0\x994f\xf3\xc9\xcb\xa87h\x10\xb4.\
[\xdb\xe8s\xd3\xca\xf5:O\xc7a~\x0fa\xc3\xd5\
\xd6\xf2_L\xf9w\x97\xda\xae\x10t=~>w\xaa\
?Q\xe6\xf6|\x88\xbe\xc9\x8a\xe7\xe6\x9c\xd7\x97\xb3\xe5\
\xb7\xb5\xef\xf2\xfc\xaf\xd4x/I\x97\xe8\xf9\xeb\xe3\xd7\
\xea5p\xfa\xdeo\x83\xf4\xfe\x1b\x1e\x16\xbd6~\xfc\
\xfc\xfe\xfcw\xbe]\x17a\xe9r\xf5\xfa^\xd73\xa7\
\xf3\xbad\xbdC\x9b\x8fj\xe6ZR>\x1b\xa7\x8f\xbb\
\xf3\x8cy\xfe\xe7\xe59\xda\xf0\xea\xf7\xfc\xa2\xee\xa3\x99\
\xc7\xd5=7\x8c\xeeY\xf7Z\xf3^\x83\xf3_\xb9*\
\xa2\xc7U\xf0}\x08\xd9\xf3\xee\x0f\xd4w\xfa\xbe\x7f\xc3\
z\xbf^\xbd\xe7\xe5\x9e\x93\xab\xe17}W;\xd0\xf6\
|\xfe\xaf\x9dr~\xb6\x1dx|\xef\xd1\xe5\xf2}\xf1\
\xae\xf6\x86\xf8\xf6u\xf3{\xfe?\x7fJ.\xfc~\xc3\
\x81 \xc2\xc7Y\x92F\xae\xc6%\xd4+\x00\x8a3Y\
\xf5F>\x09\xcc\xfa\xa7\xcc\x7fA\xf9\x85z\x0e%\xf4\
\xe5\xf5n7\x88\x9e_gK\xd0\xf8gv\xe5\xfa\x16\
\xfe\x1d\xef~O\xd9\xf6\x95\xe7|\xcf.\xde\xbb\x9b\xf2\
\xff\x00\xac\xf7\xf3wvsK\xc3\xf45L\xb6\x1eg\
\x0e\xe6\x8c\xda\x0b\x5c\xa8\x91J\xe2\xcf.H\x195\xcf\
L\xcdr>$\xb5\x83%\x95\x8c\x18VTh3\xcb\
v\xea\xd4\x86\xb1\xcci\xe7\x96k\x99f\xe6\xa1\xcfr\
>\xd2\x01\xd1\x81i\xd0Mb\xae\xa35\x9ezz\xd9\
$EDg\xa7<w\xaf[\xf2<\x8fl\x8e\xbc\xfe\
w\x93\xe9H\xf4y<\xae\xbe\xf7\x92\x9d:Z\xbc\x7f\
C|\xfd\x0e\x0e\xe7C\x87\xab\xe5~\xaf\xdb\x9e\xb8\xab\
\x91\xd8.>\x8f\x01\xc7\xfa\xb7+\xbf\x1f\x9c\x8f\xa9\xe1\
z|\x9e7\xdf\xf8\x1fm\xe8\xf9}\x8c\xbb\xdd\xe5\xfa\
q\x1e\xa1\x1c\xfa\xf8O?\xf5\x9eg_7\xca:\xdd\
6w\xf1\xf1\xf9\xbd\xee^\xb9\xe4OG?O>8\
\x05\xbeL\x03\x0a\x95\xd1\xdd5\xc2V\xec\xf7\x0b\x19I\
r\x12\x0c\x19\xa1\xc1\x83(l\xb9Q.T.IR\
I%K\x84\x94t\xb9G-@\x81A\x81UXc\
E-UR5R\xa5\xb9DU^\xe5\xc2\xfe\xb3\xf3\
\xae\x1c\xec\xa6\x91-\x8b[2\xe2\x85w9:,\xcd\
A\xbc\xc3\xe9\xfc\xbf\xd1\xb9v\xf3N\xf6=/?\xd0\
\xf9&\xfcL\xf4xg\xaa\xf9\xf7\xd49\xfa~\x8d\xca\
\xf2\xde\xc3\xe4\xfe\x83\xe5\x9eS\xea\x1f5\xfa\x7f\x13\xb1\
\xf6\x0f\x9ck\xf2}\x1f\xa4yO%\xea<\xde\xdf\x98\
}\x0f\xc6}c\xd7\xf3\xba\x95\xcd\xaf\x95\xfa\x22\xe8s\
mz\x01\x8aM,\x8f\x9b\xa9\xb9\xbf:\xd5\xdf\xcf\xbf\
\xcf}7\x87\xa7\x91\xea\xab\xa5\xdb\x9f\xab~,^\x1f\
gl\xfc\x8au\x8fS\xcfv\x9c\xdew?\xbd\xc6\xe9\
\xc3\xc5\xf9\xde\xbe_\xb1\xf9nAu}^\xf9x\x80\
\xf4\x9cd\xe66\xb5\xf5\xf2v~\x8d\xf3\x7f\xab\xfc\xbf\
\xd1\xbc\xb3\xdf\x87\xe9\xba\xb3SZ\xab-\x9a\x19\x92B\
\xd6\xf2\xde^Y\xaf;\xd4x\xa94\xd6i]u\xe0\
\xa9:s\x9ds[\x83\x1d\x1aV\xaaR\xaa\x91R\xee\
\x86\x14\x90Lj\x98ye\xce\xb9\x8c\xc9\xf0\xcf\xbay\
\xcf_\x8f\xe4\xe4\x1a\xfe\x97\xc6\xfa?\x88\xfa~\xcf\x9d\
\xf6\xbe\x15=g\x94\xfa\x1f&\xa4\x9a\xc4\x83\xa25\xec\
\xf4\x1e\xc3\xc5\xf4|\x87\x7f\xb9<~\xf6\x12\xef\x97R\
\x81(\xaa\x0d\x85cv\x15\x5c\xb9\x19uspn\xe2\
\xce\x8bY\xb0;\xb9\x16\x0c\xb9z(nY\x17W-\
vH\xc3f\x852\xa9\x22\xc1(\x82RQ\x10\xd8D\
\x16j\xe9/&\xf8g$N]\xdf\x11m<D\x96\
\xe1\x12\xa6\x99r\xe6=iT\xd3E\xaf\x91\xe3\xf6\xfd\
\xefW\x98\xf0\xf7<o\x0fO\xa0\xea|\xc7\xdf\xcb\xb1\
D\xae{\x1e_G\x97\xd3\x97\xc3\x7f@\xfc\x03\xf47\
\xb7\xe4\xd6\x0e\xd5\xf8~\xc4\xc7\xaa.^Ww7N\
|f\x84\xe9\xc5\x18\xfa\x197\xcb7+\xba\x9d\xf9\xfe\
e\xd4\xef\xf8\xcfW\xcc\xeap;8u\x9d\xbd\xac\xfd\
\xfe]\xbc\x9a\xfdF\xbd\xbc\xa1\xfd\x0aL|\xd7\x95\xe9\
\xfc\xef^Xo\xad\x9bX\xc4,\xa0kn@d4\
\x1b\x1a\x0a\x0d\x97atcD\x92\xc0\xa8\x0a\xd5\x8dY\
/I\x98\xb4,M\xb9#\x020\x080a%\xd5m\
\xbc\xa6\x9c\xdai}\x17G\xccz\xce]|\xd7C\xbf\
\x86o\xcdf\xf5<\xedO:nF\xb9+\xb3\x93\xd7\
c\xa7\x86\xee\xf1\xfb;\xe7\xeb=G\xab\xe5\xf8>\xe7\
\x90\xbfG\x9b\x97\x7f\x833G\xd1\xbe\x8f\xc1\xf3\x1fA\
\xf0<o?\xbf\xd2zo\x9c\xf2\xb5\xcf\xb3\xa3\xcf\xfa\
\xcd\xf1\xfab<\xdf?\xe5\xfe\x93\xd3\xf5\xbc\x9fW\x9f\
m;9#\x9b\xd7\xaeE\xcduS\x86WJ\xf0\xad\
:U\xcf\x89\xd1\xbed\xb3\xa8\x5cz\xd6;7\xc5\xab\
;<&f\xb8\xf2j\xe9f\xf5\xfc\xf7\xbb\xc8\xfa:\
\xfa\x22\xb2?\xc9\xec\xf9\xff\x00'\xe8\x1eC\xdd\xf2\xfd\
\xc7s\xc3z?7\xb7\xa3\xcd\xd5w>\x1b\xd2\xf59\
\x1d\xbc\xdb\xba\xb9\xaf\x97}\x138\xc6\x99\x9a\x8dS$\
\x8d4\x89\x0f\xa4\xd20j[TE5bd\xd2\x89\
\xc76\xa3u\xca\x98\xd0UQ\x85\xb0h`\xe2\xa9^\
x\xe2o\x1cq5\xcc\x96\xd6\x99\x9c\xa3G\x9e\xec\xfc\
\xaf\xa7>F\x84\xbf\xdd\xf3}\xb7\xb6\xc7\xab\xe6\xfdr\
\xe5\xf4f5\xf2~\xef\xb6\xf2\xbe\x9f\x1e\xdfB3\xcd\
\xeblL\x9bk3\xdd\x85aV\xb2\x22\xabU%I\
\xb2\xb2]\xce\xd3\xe4\xdd\xcfZ\xf9\x0a\xd7>\xddqe\
\xcff\xb9\x11\x8e\xa4\xe5\xde\xb9\xf5+\x975\x8e\x8df\
U\xc6\xc1\xcc6j\x14\xd5j\x14]\xce\xe4#\xa4\xce\
B\xcdf\xb3\xcc\xa3{\xf9Fi\xe8\xf2}N\xb9\xe4\
\xe5\x82f\xb5\x1e\x19\x9e\x9b+%\xc6\x91IJR\x8a\
Z\x8d\x19\xa1\xb2&\x97mr\xe69&\x99\xce\xe8\xa2\
\xbc\xa7\xb6\xc4'Tx\xde!>\xa7\xc7\xf9\x16\xfe\xbc\
<\xbf\xd1<7\xd8:\xf9\xbb\x13\x83\x93\xc7\xf5}a\
y\xbc\xd9\xbe\xbex\xc0Oj>,\xcfF\xac,\xb9\
~]\x1c\xae\x9c\xbc\xcf\x99\xfa\x1f\xce\xbd\x9f3\xb5\xa7\
)\xcfGog\x9f\xd5\x9e\xd7`{\xc5\xf6\x11s\x92\
\xf8=\xbc\xdd9s9\x9d\xd4\xeb\x9f\x04z\xdbu\xcb\
\x87\xc7\xf7^9\x11\xd2\xcf\xdd\xb3\x91\xcf\xf6\x9c)8\
w\xd3\xe6\xad\x81)I\xf9\xe5\x90\xea\x12\xedr\xc9\x08\
nx@\xcb\x08\x8c\x06\x94\x0e\x979\xca\xf4-2\xc6\
\xcd9:\x81\x9dn\xf69;\xdc{\xc7\xe5\x1e}\xdb\
\xe5\xfaH\xd3\xc1/\xddh\xdf\x1e\xa2\xf5\xf2\xbc\xfe\xdf\
\x0d\xda\xe3r\xfd>\x1f\xd2\xfd\x7f\x81~\x88\xcf\xb7\xe6\
^k\x8d\x83\x8b\x8f\xb3\x9e\x1e\x9f\x06n\xbegB\x95\
\x9dz\xc6\x8fM\xe7\xbb\xbc}xp}\x17'\x1fW\
\x9c\xf5\x0d>}\xf4\x9e9\x8e\x9b+(V\xd9\x86Y\
\xba\xb1Z\xec\xbcdl,V\x9b\xcb\x9fw=E\xf3\
\xe5\xcf@\xb9\xb1:E\xcbe;\xa5\xc2\xbb\x9e\xadr\
\xed:\x18(\xae0\xec\xd35\xcd\x91Wa\x0bT\xcd\
]U\xc9A\x89u@\x8c\x88\x08\xd5x\xa8\xdd9\xf5\
oH\xf9Q\xae\xde\x8f:\xd5\xf4\x87\xe5b\xfa\xf9\xe4\
\xae_P\xbf6Q\xdd\x9cJN\xb0\xf3$\xbd*\xe7\
\x5ct\x0b\x9bq\xd3\x9c\xc8\xbd:\xe6\xd2\xf4\xab\x9bM\
t\xab\x9fmo\xf3\x1d\x92\xb7\xc5z>\xa5\xd3\xd9\x8e\
c\xa6\xc2\xc1\x17\xa3\x5c\xfb]:\xb9\xb7gJ\xf9\xd6\
\xbd1\xe7C\xa2|\xa3ges\xe1\xd1_>\xd9\xe9\
u\xfc\xdfOX\xc8\x9bL\x9a\x14\xa1\xb9|\xce\xcb\x0e\
\x22\x5c\xe8\x99\xe6\xb3\xa2g\x97:K5\xdc\xe8,\xd1\
\x9d7\x96Y\xaa\xf1\xdano0\xaeu\x8eK43\
4*3Zh\xc3\xbb\x9fq\x9ek,k\x9f:\xa1\
\x1c\xdb\xe8\xc9y\xd3\xa2G6m\x8b\x8e\xf5Ks^\
\x8b\x12fM\x05\x9d\xca2Id%J~;\xd6\xd5\
\x9e+\xcc\xfb\xcf\x9fv\xe3\xdb\xfa\x07\x89\xf7\x18\xecV\
\xa9\x8e\x9a\x05%\x9d\xf2'W\x1e\xba`\xadCv$\
\xb6\xc0\x8e\xeef\xb2\x9f9\xdc\xe3k\x1d&\xf3\xc0\xef\
\xeb\xe1\x5c\xd7\x7f\x06.U\xc7\xa1\xd9\xe3N\xf2\xf7%\
\xe1E\xcf\xd0b\xe5\x06\xf1\xa2c\xad\xf2\xe8\xf2\xf4\xa6\
\xe7N\x8ekn)/\x88\x90^F\xba\xb9V\xb1\xa8\
vi\xab p\x89&m\xc9\x1a\xd1\x96D\x92B6\
K\x9d)\x92\xc4\xe8\x90n\xe9%\xeb\xef\x93\x1boN\
I\xa9\x82L\xef\x05\xc8\xd6\xe9&;tU&o'\
\x8f&\xf1\xe6\x8eOG\x8e\xfa\xd2M\xb9\x12g\x5c\xc7\
\xc9\xaee\x9aD\xee\xfa\xa98{<\xe7FI;c\
'\x97\xda2I\x06\xe4%H\x95Ri\x02M\xca\xa9\
\x12\xc2K\x9a\x19,\xa1\x91\x8a\x92Y.MI$I\
$\xb9)%\xc5\xe8\x92\xe0\x0eFaH\x84\xc9$\x85\
%\xcd\xc9\x16\xeeK\xa9r!\x5c\x9b\xa42T\xa9\x16\
h\x92\xe5\x01$\xd5\xd4\x92\xc9!\x06KhdZ\xa9\
&\xaa\xa4\x94jIFI-I\x22\xdb$\xabd\x8a\
%$\xb7rA\x5c\x81\x14\x89w!c!RJ\xb9\
%J\x92)\x92k\x9a\xc6B\xa4\x932Is*K\
\x99R3\x06MH2[U%\x97r\x062Y.\
B:K\x11\xe8$\xd7.F)1\xd6I\x12\x8eE\
\x1b\x92\xaeHJ\x90\x83$I$\xb8\xf9\x92WK\x9b\
$\xbe\x86H\x96RK\x0aE\xf3^.M_K\xed\
d\x96\x82L\x04d*H\x04\x92ju\xa4\xdf\x1e'\
6L\xf6\xd8\xc9\x1a6I\xad\x0adl\xf0H\xbc\xa1\
\x92\xca\xb9/0\x5c\x8c-\xb2j0$`\x9b%\xe7\
\xab\xbb$\xf3N,\x93\x1c]r:7\xcfH\xf4]\
\xc8\x7f\xff\xc4\x00D\x10\x00\x01\x03\x01\x06\x04\x05\x02\x05\
\x03\x02\x04\x05\x03\x05\x00\x01\x00\x02\x11!\x03\x10\x12 \
1A\x220Qa\x04\x13@q\x812\x91BPR\
\xa1\xb1#3b\x14`\x05C\x82\xc1pr\xd1\xe1\xf0\
$4\x92S\x83\x90\xb2\xf1\xff\xda\x00\x08\x01\x01\x00\x01\
?\x03\xbd\xa4\xb7B\x89\x9b\x891\xd9;Z-\xbb\xaf\
\xc2TS]nj\xb5\xc1L\x13\xf3\xc9\x84r\x05g\
d\x5c\x87\x85wE\xfe\x91\xdd\x17\xfaC\xbf\xeeQ\xf0\
\xed\x1a\xbd\xab\x0d\x80\xd5\xc4\xfb\x05\x8e\xc0~\x02~S\
|KY\xf4\xd95?\xc5\xbfF\xc0\x1d\x82u\xb3\xdd\
\xab\x8d\xce\xb8+@\x03\xb8L\x8e\xb9J\xa6\x1e\xf7\x9e\
X(\xda\x12\xc0\xdd\x86c\x05\xce\xc3@\xa5\x11\xc2\x0d\
\xe3T(d-\xb32\x85a\xaeA\x15\x99MN,\
\xf2\xc4}J;\xa1\xaav\xba\xceJG|\xb1\xc8\x00\
\x9a\x05\xe1\xfc\x0c\xd6\xd7\xec\x8b\xac\xbc;`G\xb0V\
\xde)\xef\xa0\xa0D\xa9Sx\xd4d<\xc6\xaa\x18\x9a\
\x04\xff\x00\xa8\xc6F\xb7\x14\x95\x0bE\xff\x00\x9eT\xb6\
t\xd5\x1f\xf1\xd94\x81\xad\xd8\xce\x18\xd9\x18\xf7F6\
\xbc'\x19\x8e\xd7\xeby\x10\xa6r\xc4\xb6z\x5c/+\
\xde\xf1\xadn\x06\x02\xc4\xa6\x91xDt\xaa\xd1V'\
m\x17\x98\xee\xab\xcc\xec\x16!\xbbW\x0fB\xb8a@\
\xfdK\x01\xec\xa0\xde9\x030\xcc9\x01\x12\x8d\xf3\xcb\
,\xe8\xa3)\x7f\x06\x14\x0cf1\x87\xbd\xf6`\x19\xd6\
v\x84\xe30:e\x17\x1b\xda{+\x0bp\xd1\xa0_\
\xeb{'x\x92\xf0a>\xd4\xca\xb4|\x81\xd6\xf0\xad\
\x1d\x89\xd2\x04]*n\xedp\xa1G)\xe4\x04i\x98\
\x0a\x19\xb8#\xad2ks\x04\x9dc\xdf(\x1b\xa7\x86\
`\x04\x1a\xeftU>\xc9\xcc\xd5\x03\x05Z\xbf\x16\xd0\
n-\x10\xdc;\xa7P\xad\x94\xde\xcdvG\x9135\
\xb8wSZ\x89\xc9\xe1\xbc3\xad\xbb7\xaa\xb1\xb1\xb3\
\xb0o\xf2J\xb7\xf1{Y}\xd1=Q9E\xe2\xf8\
\xa6\xbc\xc6D\x1a\xd19\xd2\xb6\xa5\xda\x94\xd9\x1al\x9c\
z\xebp\x1f\xa8\xac!\xa4t[:\xbf\x08\xe4\x19\x01\
\x8b\xf4\xe7\x8b\xf6\xca\xea\xdf\xb25M\xd2\x13\xac\xf0\xea\
\x9e\x1a.tE\x16\xf7\xca/+\x17\xb2\x91\xd3\x9aP\
\xb8\xf3\xa5\x13\x9c\xe5\x02\xe2\x01NgE\x10c#\xa2\
ix1\x96i\x08\x124\xcc\xf0\x01\xe13p\xad\xe1\
\x02\xb1,Y\x1d\x14\x8c\x9a\x1a\xa3\x93oJ{d\x9a\
]\xaa\x0e8`&\xc1B\x8a8g \xe8\xb0\x19\xc2\
\x05Q\xa2\x95%\xdb\xab[\x22$\x9e\xb0\x8f7d\x11\
\xe4xO\x07\x8b\x8a\xd7N\x89\xc5\xb6,\xaa\xf1\x16\xc6\
\xd4\xff\x00\x8a(\x94\xf0Zk\x94ef\x1d\xea\x8bN\
\x1c[-\xae5\xe4\x05\xb5\xdbvD\x9d\xd1\xd6\x89\xe6\
`\x95\xf5E\xd6X1qTvV\x9c;#\x94\x9c\
G@\xb0Q\xb1\xba\xc3I\xcc\xfc3\xc3\x9c\x5ci\xc8\
\xdb\xbd\xed\x8a\xcd\xd4\x1d\xefi\x89\xb8\x22\xecI\xd1\xb2\
l5\xdcBBu\xce\x18L\x1b\xb7\xf4$w\x17\x13\
\xc9\xa4g\x09\xd4\xe4B\x84/!8)\x8f\x9c\xecn\
#\x1a\x222\x019\x1c\xecFO;\x09\xc3;r\xcf\
;m9\x22\xe1\x10e4\x81\xae\x8a\xcf\xae\xc8\xe5i\
\x00iU\x8c\xcc\xacR\x80\xae\xab\xc3\xb3\x1b\xd5\xb8\xc2\
\xe2\x11\xccs\x9do&u\xca\x17\x83\xf0\x98x\xed>\
\xae\x8a\xd6\xd1\xb6M\x92\xadm\x0d\xa3\xa4\xa2Q<\x87\
\xbf\x14PS.\xdc\x80\x89n\x01\x03\x89O\x06\xd7\x00\
\xdc\x1f\xe5\xd1\x14:(\xaax\x83\x01l:&\x1c%\
Z}TA\xca\xd1\xd8\xb73x\xec\xb1\x9c\x18?\x0e\
\xb7\xd9\xb7\x19\x80\x9e\xdc4(\xeb\x9eW\xec\xb0\xf4\xaf\
$ 1\x22 \xf2\x0b\xa9\x19\xdcK\x8c\xadT\xa2e\
\x06\x92\x11\xe5\x8c\xaeR\xa6\xa8\xb4\xe1\xc5\xb5\xc3\x917\
\x9c\xe3\x96V\xfc\xd3\xad=\x18\x09\xf5\xe4\xb67\xe7\xe0\
81m{D\x90\x8d\x0a\x06\xf0\xb7V\x8e\xc6\xf9\x88\
R\x87\x10'\xf1/\xa6f\xe1h|\xbc\x1bfc\xc8\
\xd19\xc5\xda\xadS\xb2\x81X*\xd0\x00i^w\x81\
\xf0\xb8x\xed5\xd8tV\xafm\x93$\xabW\x9bG\
IO\xa2'\x9b4\xe6\x08L\xd5[`5`\x8b\xb1\
A\xe1\xd1}U\xfcKG\x7f!\x10&\xa6\xf0\xd2t\
\x08\x8c\x9e\xf7Y\xda\x16h\xad\x1c_R\xa6\x90\x8bc\
\x93\x88\xfb\xae\x15\x87\xa1\x05F\x92/s\xb1\x00 Q\
hQ\xe4\xedt\xdc\xd2\x05\xc4\xcd\xe1\xc4L&\xeb\xa2\
}\x9e\x07C\xa9\xcc\x8aJ\x19\x0a+k\xb1\x18\x8b\x86\
h\xbaT\xf3\x85\xf8\x94\xa0QE\xbdSbj\xb0\xb5\
\xda\x22\xd3\xd33\xf0\xcf\x0a\xc2bn\xda\xe1^kh\
U\x9b\x1aX\xe9t\x14SZN\x97X\xb9\x82q\x09\
N\xd7\x96t\x1ad<\x8d.&\x99v\xef\x93\xd97\
Z\xa6\x1c-0\x8d\xe2\xe0\xdaJ\x07\xac\x5c\xd7F\x99\
\x03\xe1\xa4F\xbc\xad\xf9\x1e\x03\xc3\xcf\xf5\x1f\xa6\xc8\x90\
\xc1'Eojm];\x22S\xde]\xaf7n^\
\xd7\x03\xad%5>\x82\x10\x04\x9a \xe8i\x08j\x9e\
\xe12\xda\x22eM\xde\x1e\xd7\xcbt\xc0>\xea\xd0\xc9\
\xc8PQ\x13v\x8aI\xa2\x0312\x88\x83\x09\xe2\x0e\
\xb3v\xeai\xaa\xa6\xe3\xec\xa2t)\xb4<J\xd9\xcc\
q8D\x5c\xd1%:6G\x9e#u5O\x92$\
\xad\xb2\x1ditg\x0aT\xa9\xcaPC$\xa9D\xfa\
@T\xacK\x19\x8a\xe8\x8b\x81S:\xaa\xf5\xfb\xa8i\
\xda\xa8\xb0\xa8\xba)v#\x11\xb5\xe4/k\x9a\xd9\x08\
\xb5`**\x9d\x13ND\xa9\x8d\x13\x5c[\xa6S^\
Q\xd2\xe3\xda\xe0\x99\x87\x17\x10\xa2+\xf8\xca9L0\
nb\xb7\xc3<\x0a\x91\xde\xe1\x18{\xe4\xd3Z'\x0e\
\x19\xdb\x98\x13\x22j\x8a7\x98\xda\xff\x00\x09a\xe7Z\
W\xe9\x1a\xa6\x85\xe3-\xb1\xbb\x0b~\x90\x8a&9\xa2\
\xe2h3\x10hz\xdc2\x84*uZr\x0ca\xee\
\x9a\xfc \xf7\xcb\x86\x92\xac\xec\xf1\xccl\x8e\xb7mp\
\xd7'\xb5\xf1v\xb7\x87\x1d\x96.\xa2=\x94N\x85i\
\xaa96B\x85\x1b\xa3M\xb9@\xd5:&\x8b\xa5\xc4\
\xc9\xad\xec~\x19\x84nlA\x9dvM\xd6\xba#\xcc\
\x0aT\xf2\x01\xf4\xd8\x94\xa9+\x10P\x0e\x8b\x0a\x85\x85\
B\x11\x1d\xd0X\x02\xc0\x9bsJw\x12\xc0\x9c\xd8\xe4\
\x88\x9e)\xf4\xdb#C\x98\x18M\x18\x8er\xcaM\xce\
\x88\xa6aP\xa9\xb2- ID\xd0#\xce=\xb2\xb5\
\xa5\xc4\x01\xa9^\x1e\xc8YY\x86\xfd\xd7\x8c\xb5\xf2\xd9\
\x84jQw\x0c'\x14Q\x10\x01\xeb\xe9G(DW\
\x96;\xdd\x8b\x82\x14\xdcA\x1a\xde\xc8\x9a\xe8\x9dv\xd9\
\x0b\x89'$\xd6E/\x0e#u-:\x88\xf6Xg\
\xe9!A\x06\xb76\xa6\x13\xa8r\x8fC\xb74R\xed\
3\x10G4fk\xb0\x99\x19!9\xb0\xd1\xdf0@\
\xa8\xb8\x85\x86\xe0\xa7$\xdf\x85aXQ\x11\xe8A\x8d\
9R\x8dO3\xf0\xdc\xd7\x91\xed\x97\x09\xc3; \xa3\
\x0f\xd5\xafDd\xc7\xedv\x22u\xd9<\x00hf\xf0\
\x8d\xf2\xcf*#\x8f\xaev\x89\xcd\xff\x00\x0d\xb2\xd6\xd0\
\xfb\x05\xf4\x89:+g\xf9\x96\x85\xc5>\x81\x1ed\x5c\
5O\xd6\x9ar)\x17\xfe\x08\xc8\xe3'H\xb8\xf1\x15\
\xe2\x08\xc7\xc2\xcc\x14\xd31\xbc\x99\x195QD\x0d\x0e\
`%\x16\x16D\x84u\xcd9\xc3\xc8\xf6R\xc3\xa8\x8f\
e\x82~\x88(\xf7\xbb\xbf\xa0\x19\x8f k\xcb&u\
\xe6\x8b\xe7?\xe2\x80\xa3\xad.5\xca.\xc4\x81\xbc\x05\
\x17\x1b\xa6\xe9R\xa6\xe3\x9cT\xc0\xf5\xa1\x0c8L\x8a\
\xf2\xa2\x92\xea5b\xd9\xb4\x09\x8c6\x9a#~\xb2\x8e\
\xb4\xf4!Y\xb0\xbd\xe1\xa3t\xc6\x86\xb44h\x17\x8f\
\xb4\x86\x86uN\xe1\xd5;\x92Dk\x90\x9b\xc8\xe1\x9e\
N\xd7\x0bB\x18Z7\xd7>\xbc\x89\xa2\x85\x83\x86Q\
\xbd\x8f\xc1\xa2n\x1a\xcf\xc27\x0dS\xec\xcb@'u\
\xc3\x83\xba\x06\x13\xed\x0b\x80\x93\xa6]\xb24\x8d\xc7 \
<\xfb\x8e\xeb\x80\xf5j\xf2\xdeG\x0f\x10\xec\x8f%\xba\
\xd5\x1di\xc9i\x87TJ<\xd1\xe8\xc5\xc3$\xdd\x84\
\xf2\x8c\x9b\x81N#k\xa5bA\xcb\x15\xf3\xe86\xca\
u\xa6b\xe9\xd70#\x01\xa5o\x02o\x15\xa6\xe8\x88\
\xceA\x1a\xe5kK\x8f\x0a\xe1f\x9cN\xeb\xb2\xd4\xf1\
\x1b\x98\xe8dQZ0\xb6'{\xdb\xadtNp!\
\xa0\x0d\x13\xa8`\x19\xbb\x0f\x04\xc5:\xa3\xa7(\xdc\x10\
_\xf0\xdb:\xb9\xff\x00\x02\xebw\xe3\xb5s\x93\xa3s\
(\xf3b\x88,t\x22\x05To\xcf\x8aNw\xbb\x13\
\xa6\x00\xf6\xbc\xba@\xb9\xae\x82&\xa1y\xff\x00\xd1\xf2\
\xc7YG\x91\x8a\x91\xb6sv\xdc\xa7\x02\xda\x14\x00\xde\
\xff\x006~\xb0\x1d\xee\xb0\xb1\xda\x1c'\xbas\x1c\xd1\
\xdb\xb7\xa2\x06\x0d\xfbz\xc1\xc8\x81w\xbap\x1b,*\
p\x88\xeb\x94&\x06yfO\x16\xc8\xde;\xaa]\xef\
\x90\xf2A\x80\xe1\x02\xbc\xd2\xde\x10i\x96s\x8dk{\
\x00\x9a\xdc\x11\xa9QI\xb9\xcd\xc2`\xf2<\xb0\xcf\xee\
\xeb\xfaF\xa9\xcf.\xa6\x8d\xe82\x04\xf9\xddmpQ\
[\x9d\xactX\x8e\x18\xdb+\xe2x4P:\xa2\x88\
\xa6A\xec\x86\x88/\x0fg\xe5\xd95\xbb\xaf\x14\xec\x16\
'\xbd.w7\x87\xcb\xff\x00.s\x88\x9a\x04\x04\x94\
@\xc3\xddm\xe8\x1d\xf4\x8af\x17mq\xe4\xc6V\xeb\
]/\x94L\xe5k\xcbt+\xcci\xfe\xe3\x07\xb8^\
[]\xf4<|\xa71\xcc\xfa\x81\x17\xbafO>=\
 m3\xc2\x8eI(\xafe9\x0e\x97\xb7\xbd\x05\xce\
2g<\xa9\xf4\x80\xe14\xce\xe6\x96\xc4\xef\xcb7\xc3\
p\xc97\x04s2\xc8\x91\x88\xf0\xb7\xa9X\xc3?\xb5\
\xff\x00\xe5\xbd\xfa\x1dQ\xb8\x22\xe2\xe3T_A\xa5;\
]\x08-\x16\xe8\xd79\xcc\x17\x84f;v\x0f\x9b\xbf\
\xe2\x0e\xe2kS\x85\x13\xae\x9e\x18\xa7\xac\x00a\xd6\xaa\
.\x019\xa5\xa6\x0e\xbc\xab=j\xad\x9a\xd6\xba\x1ag\
$s\x9b\x10g\x92L\xe5\x95\xef\x91\xb6\xaeh\xd6\x9d\
\x16;\x17\xb6\x1c\xcc.\xea\x11\xb0&\xb6d<vF\
w\x9b\xc4VSz-\x91\x1c\x96\x98>\xa69s\xca\
\xdf\x90.\xde\xed\xb9\x07_V\xe00\x0e\xb7n\x8b\x0b\
u\xb8D\xd7DsY\xd9:\xd1\xd0\xd0\xb0Y\xd9Q\
\xd0\xe7\xf4\xd9Z\xda9\xff\x00U\xdb&\xb6f\xa1o\
sL\x1a\x89\xbd\xb5@C1b\xac\xe8\x9c\x5cuB\
~\xd5N8\xb5\xfa\xba\xe54\xb8\xf5\xe45\x7f\xc3[\
W\xbb\xe2\xef\x12\xecV\xee)\xc9\xd7\xd2;\xf2b\xf6\
\xb7\x11\xa7:t\x1b]\xb5\xd2\xa7\x95+R\xbf\xb7\x0e\
\x07\x89~*\xac\x18\xdf\x0c\x9e\xca\xd1\x85\x86\x0e\xbc\xad\
.gs\x1c\xc0\x9e\x00422\x8a\x19[\xd7 0\
\x87\x88&\x96\x80<wM\x16.\xfa\x1d\x80\xf4r}\
\x83\xd9W6[\xd4,&\xbc\x86\x10\x0dD\xa3\xcb\xb3\
\xb3\xc4\xc7\x19\xd1\x1eP\x17\x1b\x98\x05\xc3\x96Zr\x1f\
L{s\x00\x9c\xd4\x8c\x82\x99u5\xb88\xe1\x8d\xb9\
\x00\xc5\xdf\x85B\x84,C@6\x86;'\xdbS\x0d\
\x98\xc2\xdc\x87,Rr\x1a\xa2!}^\xf7G\x0c\xdc\
\x04\xa1\x18\xab\xa27\x19\x0c\xae\x87;W\xfc<G\x87\
\xf7(\xd0\x12\x9d\xa9O\xbbk\xc7!\xee\xc4d\xea\x84\
]g\x84L\xfc\x22)9\x87~[\x84s\xec\xad<\
\xb0xuV\x87\xadek\x90\xeby\xfat\xe4Ya\
\x9e=32'\x88QRk|S\x96\x17\x98l\x8c\
\xd8\xb9\xd0\xbc\xf6?\xfb\xd6\x7f-\xa2\xff\x00N\xd7\xff\
\x00f\xd1\xae\xechS\xd8\xe6Q\xcd \xe4\xd7\x92r\
\xca\x1d\xf9\x22\xf3\x90s\x1c\xce\x88\x88\xe7\x1a\xdc}9\
i\x09\xda\xfa\x18\xa2p\x83\xac\xdc\x22\x10\x1fdCp\
\x88\xd7t\x1b*\xcf\xc2\xb9\xc2M\x13\xde\xcb/\xa4I\
\xeaS\xdc\x5cd\xe4kgu\xd0'\xc8\x89\x84~\x90\
\x9d\x1f\x86PF'\x87D|\xb6\xd9R\xae*j\xac\
\xc8\x1a\x85\xe6\x00]\x02\x85[\xbf\x13\xab\xaa\xc4b6\
\xbd\xb42\x83\x8bL\x857\xcd\xd4\x8e\xe80\x90J\x8a\
^\x17\x87\x18l\x18;+o\xed?\xd9\x14\xf4\x05U\
\xa0\x87@3\xc9\x1b\xd7 0it\xe4q\x93\x9f{\
\x85.\xc2KI\xe9\x9e\xcb\x05q\xe5\xb3d\x9da\x1a\
d\xc4Q2d\xea\x9a\xf2\x01\x03}o\xa4]4\x8d\
\x93S\xec\x80\xb0\x0e\x05Bs`\x91{\xb5\xa6K0\
\x1cja;\x90\xebI`o'\x01X(\xb0\xa7_\
g\xe2\x9e\xc1\x07\x88tr\x07\xc3\xda\xcf\xfc\xa2~\xca\
\xdb\xc1\xb9\xb2Xq\xb7\xb6c~\xd9\x02v\xc2#\x96\
\x07\x0a\x8b\x8eAtS\x9a\xeb>\x88\xce\xff\x00\x91\x1c\
\xd6\x8e\xc4D46\x9bs\x5c\xdc&\x0d\xdb\x5cF\xe0\
]\xa9\xa2ou\xe1\xcd\x9d\x98\xea\xe4|Xt\xf9\x9f\
Od\xea\xa8\xdfk\xb07\xc9\xc5<]\x16\xad\xda\x8b\
\xaa\xb3\xae\x87\x898\xcb\x8e#tU`\xfe\x99u\xe1\
\xd1\x97\xb2cK\xb4F\x858\xc9\xcf$\x05\x8d\xdf\xf6\
B\xb7\x044^'\xfb\x0eN\x03\x0e\xb5O\xbasZ\
\x16\xb9\xe4\xb1\xb8GO@\xd4Z0\x8a\xeb\x94]9\
\x05\xc5\x87\x00tP\xf2\xe4\xe1\x8c\xc6\xe1F\xebU\x8c\
\xc6L2F\xd3\xd5\x1c\xa7\xd0\x0f\xa5\x02\x8b\x96$N\
V\xbd\xcd<. \xaf\xf58\xff\x00\xbe\xc0\xfe\xfb\xaf\
\x22\xca\xd3\xfbV\x90\x7fK\x95\xaf\x87}\x99\xa8*\x14\
_f\xdcS\xa6A\xad\xc4\xc9\xbe\x14@\xd98\x8d\xb2\
\x80\x82(\xe4\x1c\xd3\xa2\xc4vA\xc8:Q\x00\xac\x0b\
\x01DG\xe4\x8e\x8d\xb4\xe7\xb8\xe27\x15<\x1a|\xa1\
\xadT\x98\x07\xa2.\xc4d\xa9S\xba&N\xca~\xca\
7S\xd1uA\x0d\x15\xa6\xd7\xedp\xb8\x18\xbc6n\
\xb3%\x83\x18Nt\x9eAq+\x0f\x06)\xf8[w\
\xba\xc8\x7fQ\xbe\xf7x\xbf\xec\x14tO\xbb\x0f\x0c\xed\
\xe8\x89\x93\x98\xc9l\xed\xa7)\x8f\xc3\xa5\xdes\xfc\xaf\
/\xf0\x8b\xf7\xe74\xc04VL\xc6\xe0&\x07Uj\
\xdc.\x22Q\xc8Y\x16a\xd2=\xbd \xd5\x06 \xdb\
\x9c\x9a\xce\xa9\xed\xe9p0f&\xf8\xa5\xf6^%\xec\
\xde\x9d\x0a\xc7ak\xf5\xb7\x01\xea\xd4\xef\x0b#\xfaN\
\x0f\x0b\xc9v(\x83(\x88A\x1c\x8e\xd6\x86y$Q\
\x0fM\x01R\xea\xec\x84\xdc[+\x02-*\x0fOG\
\xb6\x9c\xa6\x89\x9a\xc5\xce2f#\xda\xfd\xf2\xdaX\xda\
Y\x80^\xd2\x01\xe4O\x0c-\xaf\xa6\x1b\xc5\xc1\x12\x81\
\xaa{\xb18\x9d2\x7f\xd9\x0a\x98Cz\xdeV\xf5O\
\x8d\xb3Y\xb4\xbc\xc0\xd5\x1b\xbb\xa9\xb8\x8ada\xc2t\
\xfb\xae\x18\xa9\xaai\xa4+\x1f\xef3\xff\x005\xde+\
\xfb\x0eO\xa6\xf2\x9fq4\x89\xf4\x13\x9c\x88\xc9\xb5\xc0\
p\xe6\x0d\xe0\x99[\xa2\xd3\x86v\xf4-t'\x5c\x22\
+|\xf2\x03IPE\xd1t(\xcc.\x0a\x14\x80\xb8\
\x88\xe8\xb0WU\xe5\x85\xc0\x13\xbe\x945MV\xb8'\
\xfas\x1d\xef\xaa\x16\x84n\x99\xe2\xcc\x7fR\x1f\xee\xb0\
\xd8ZU\xbc>\xea\xd7\xc1\xc7\xf6\xc4\xa7\xd9\x16\x98D\
G*\x08\xad\xc5\xc6!\x05>\x90=\x17\x14\x00%h\
\xa7$\xdcBh\xea\x9dg\xd3\xd5R\x07^]\xbf\x8b\
}\xb5\x90\xb3p\x14\xe4\x00!4\xc4\xdf\x8b\x86\x10E\
\xa4\x18<\x88QE9q\x8f+\x0e\x1a\xf5\x5c8\x0c\
\xce-\xb38\x16\xd0\xa0Q\xb8^\xd6\x97i\x99\xba\xab\
/\xee3\xde\xef\x12&\xc1\xc9\xe1\xb8\x04\x1a\xee\x9e\xb7\
G\x5c\xe6#\xbf\xa1\x88\x22Gt\xf8&\x94\x0a\x16\xde\
\xf75\xe5\xad\x22P\x13~\xdd\xf2\x12c \xb8_;\
m\x96r\x9d.\x8aO)\xba]K\xa2\xf8\x13\xaa\x9a\
\xde\x02\x01E\xc4\xa2@Nu\x13]\x019\xd3\x94\xf6\
\xb8P\xd1\x1a\x997\xf9\x8e\xa5tV>(\xb1\x7f\xa8\
e\xa7\xf7\x1b\xf6^E\x9d\xa0\xfe\x9b\xbe\xea\xd2\xc1\xcc\
\xd4\x22\xdeF*FY\xa7\x22i\xcbn\xb5N\xd6\xe1\
E\x8dJ\xf3\x02\x90S\x8c\x05\x8d\x07\xa9R\x9dT[\
\xf9\x10\xfb\xf2\x0em\xd15\xdd\x11\x9d\xa4a2%\x11\
[\xc4o\x91\xc6c(N\xe11\x96\x0cN\xd7M\xcd\
\x12\xad\x18Xj\xa9\x1d\xd1\xa9\x94\x1a\x03A\x9dP\xb9\
\xf5c\x87dS\xd1\xd7\x94\xe2\x0c@\x8fB\xde\x95\x8b\
\x8ep\x8eb\xb6\xb9\xc7\x11\x93\x9e)9\x01\xfb#\xcb\
\x94$\xfb \xd8\xc8\xfc\xa2\x14\xa0qh\x9cn<\xb0\
\x8e\xb7\xb3TuM|+/\x12\xe0#Q\xd1M\x8d\
\xa6\xa3\x0f\xb2>\x1eG\x01\x0e\x1d\x97\x92\x8d\x9c,*\
(\xa3\xd5\x0c\xe7Z\x22I\xbePr\x0e\x0b\xe58s\
\xe0`\xd6\xbe\xa2\xcd\xc5\x8f\x0e\x1b-\xf9\x18\xb8cl\
\xb1y@\xc4'\xb4\xc4\x9d\xefq\x05\xa3\x08\xf7\xe5M\
9\x0d)\xef.\xd6\xf1\x14\xa5n\xb08\xacX{]\
h!\xc4'\xad\xd13\xe8H\xe6Y\x983\xd3(A\
;\x96\xc6c\x98\xbf\x11\xc3\x87)\xa9\xb8t:\x22\x22\
\xfc&'l\xcdod\x1b\x9c\xe5\x94\xd7F\x85\x1c\x8e\
\x10y6N\xc2\xe9\x80}\xd17\x9b\xc3\xa2Prm\
\xa2o\x88:>\x1d\xee\x80\xb2\x7f\xf8\xfb\xaf\xf4\xb4&\
\x8b\xfd?d\xfb\x0d\x11m\x14#\xca\x1c\xed\xb9\xd8\x8a\
\x99\xd9B\x80\xa3\x93-\xf2\xe28\xba\xfai$\x09\xdb\
\x95f\x01uL-\xd5\xa6\x19\xe0\xd3\xba9#r\xa6\
S\xc8:\x08\xc9\x8a\x1d\xdb\xbd\xdb\xdc/tO\x0e\x99\
\xf6\xca\xe9\xc2\xd9\xd3k\xf6\xee\x9b\xadisP^\x00\
\xcd\x87\xb1\xbb\xc5\x88\xb6=\xd3\xd1\xf5'Z)\xa7k\
\x84\x91\x84g\x0beih\xe7\xb5\xa0\xe8\xd1\x19-p\
H\xf2\xe6#~[\xc0\x11\x076\xc9\xa7c\xa2\x22/\
\xda\xf0\x84d\x9b\xa5bD\xd5\x1eI$\xf2\xc1\x8b\xc2\
q\x93p\x8c\x80\xa6\xda++hL\xb7\x1b\xc1@Y\
\xbbEi\xe1\xd3\xecS\xdb\x1e\x88\x09\xd3\xf2H\xb9\xdd\
Fm\xb9'\x902\x03\x05n\x8d\x0a\x8aM\xcd:\xd1\
i\xae\xbd\x11\xcc#{\x9c\xf9c[\x1a](F\xf9\
H\xbc\x99\xe5\x0b\x82j\xff\x00\x87:\xafo\xcd\xde9\
\xb4k\x93\xea\x9c.\x8aO\xa3\x17\x13 -\x90[#\
\x1f9\x85\xc1;\xd2\x9a\xddL=\xd0#\xe9v\x9bv\
DA\xaa\xd7 X\x94\xdf\x13\xcd\xdf\x9ec6\x18\x15\
\xbc\x18Mzm\xb9M\xf1)\xd6\xc0\xfdAZ\xe1:\
\x22\xd5\x1e\x8e)<\xe8\xf4!<\x8c\x5c:+\x17\xb5\
\xb3\x88Jv\xbc\x83S\xe8\x04O\x16\x8b\xc0Y2\xd6\
\xde\x1f\xa4L/\x16\xd63\xc4<Y\xfd9\x85V\x9a\
k\xd7>\xd3x\xe4\x17NR\x85\xe1\xa5\xda'4\xb4\
\xc3\x86f\xaf\x0a\xec\x16\xed?\x17[7\x1d\x99\x08\xa7\
\xa3\xeaM\xe3T/:\xa0\x9b\xaaw:\xc9\xc1\xa4\xcf\
E\xf8NA\x18M+\x99\xa6x]\xf0z ]f\
\xee\x86\xf1\x96\xaan>\x83n\xf7\xed\xdf\x9e\x0dn\x17\
J\xc4Q>\x9a\x11\xd6\x97\x08\xe4\x817EyB&\
\xba_\xb6}V\x13\x87\x16\xd9\xff\x00\x8c\xbbr\x82t\
\x08\xc2s\x01>\xc8\x9d\x86\x99Ol\xc1\x1e\xb9\x9a\x9e\
0\xf4\xca\x09\xd2\xe3\x13M.i\x8d\xf4\xd1\x17\x978\
\x17U<\xe2u/\x03\x84\x99\xb8]\xe1\xdf\xe6Y5\
\xd7x\x96`\xb5=\x0dS\x82r<\xf3\xad4\xca\x04\
\x83\xdb(4\xbai\x90 \x85\x18O\xc2:k\x93\xdb\
\x942\xed\x9d\x8e\x0en\x07\xfc\x1e\x89\xc0\xb4\xc1\xd7,\
\xa9\xcey%\x8e\x0d\x0e-8N\x87\x92{r\x81\x8f\
U7\xf7CT\xf7\x07\x0a69\x8e\x11\xa1\x9b\xcb\x89\
\x89C\x9c\xd6\xd5=\x85\x9d\x90\x18\x8c\x04u\xbaV\xdc\
\x8d\xae\xf6S\xc9\xb2\xb2u\xa98\x06\x89\xed,t8\
A\xba\x06\x1e\xf7\x1di[\x80\xdd\xc8\x99\xc9\xb7{\xc6\
\xb9\xe2\x8e\x945\xbc]4\x8c\xb00L\xd7\xa6P'\
(A5\x7f\xc3\xdf\xc4Y\xd6\xa2\xef\x16\xccvr5\
\x08\xa7\x84}(\xaf( \xad\xa9\x0d\xe9s\x9b\x1b\x83\
\xe8\xab\x1c\x86\x90\xe1\x81\xff\x00\xf4\xbb\xa2p-0u\
\xf4z]kokkc\x85\xc5\xb8\x1b\xb8Ex/\
\x0e<C\x9d'\xec\x8d\x1cn\x8f@\xd0\xb7\xaf\xaa\x93\
\x86&\x97{f\x11\xbeA\xe9\x1aaZZ\x17\xeb\x90\
\x81\x1d\xf3\x88-\xee.\x06\xed\x90\xd7\x91#\x09\xa2\xf0\
\x9e$\xf8|\x5c!\xc0\xaf\x11m\xe7>`\x0b\xcb`\
\x0e\xf7}:\xfdK[\xdd\x14\x8c\xdc8\x0e\xb8\xb3c\
\xe1\xc3\xb5\xe2\x9e\x85\xd8p\x885\xdd\x16\x90\x01A\x04\
\xc7\x96<8l\x98\xe0\xf6\x07\x0d\x0d\xde\x22\xcf\x05\xa7\
c\xa2pN\x17\x9fB\x17\xb6M*F\xa9\xee\xc4r\
\x04\x15\x9f\x086\x87m=\xd1\xe4\x1eN\xf4\xd2\xf7\x18\
\xb3\x02\x07YM j9\x0d!\xe3\x03\xcctrs\
K]\x0e\xd7\xd2\x05\xee\xa3v\x9c\xa3 O8\x8e\xcb\
\x0a\xc2\xb0\xa0\xd2L\x0fT\xe6\xe10n=\xaf\x09\xe0\
@\x8c\x87\xd3\xfb\xe6\xdb!2d\xdd\x83\x87\x16\xd9\xcf\
k\xc6V\x894\xbce`\xc6\xe04S\x87\xe9\xfb\xdd\
\x8b\x86=\x11< d\xdb \xb8\xd1\x03\x0e\x06\xf0>\
\xd91\x13x_\xf0\xfb_\xf9g\xdc]og\xe63\
\xbe\xc8\xa7\x84\xe1\x9b\x09\xc3\x8a)u[\x06\xe3L\xed\
it\xc6s\x94&4\xb8\x80\x17\x88p\xa3\x1b\xf4\xb7\
\xf7R\x98`\xcamMi\xe9\xcb\x89\x00\x1d\xb2\xb0\x8b\
F\xe0~\xbf\x85\xc9\xec,0\xe4A\x11\xde\xf1C\xe8\
\xa7\xf5UD\xfd<\x86\xb5B*\x16\xea\x11G\xd5\x81\
\xca\x06\x873\x8c\xe8\x22\xe2\xc9f&\xf2\x03I_\xba\
\x9ae\x22\x0c\x1c\xa1:A\xad\xd3Nv\x13\x87\x14\x1c\
=rm9\x1a\xd9\xa9\xa0D\xd2\x06\x88k].s\
\x8b\x9cK\xb5<\xc3\xad9\x9bddo\x93q\xfc]\
4\x8d\xb2\x04\x13L\x10F\xa1XZ\x0b[<B\xef\
\x17e\xf8\xdb\xf2\x8axDe\xda6\xca\xd1Z#\xca\
\xdb$\x5c\x05\xdf\xfd\xbd\x8c\xff\x00\xcc~\x9d\x91\xb8]\
\xb6JG7\x0f-\x8fe\xab0ZQ\xc0p\x95h\
\xd71\xd0\xec\x80_\x17\xed\x99\xb0\x1c$H\xe8\x8d\xc0\
\xe4\x0f\xd8\xd4!\xe5\xe0w\xd5\x8fl\xadB\xfd\x91o\
\xe5\x0dn7\xb5\xad\xd4\xd1x\x9f\x0e\xef\x0e@|W\
\xa5\xe1>6\xbc\x1d\xb6[\xd1\x1a\x1c\x91\xfa\xa8\xa66\
F\xbc\xd3\xca\xdb!\xb8Z\xbd\xb6N\xb3\x07\x80\xec\xb6\
5\xcab\x91\xf2\x9a\x00l\xbe{'\x19\xbcj\xa3\x86\
g(\xd6\xb5\x19)\x87\xbeQ\xadQ\xb9\xb1Y\x9e\xc8\
\xeb\x96\x98{\xe7\x88\x15\xd6\xe1\xd5\x13$\xf7Mv\x17\
\x03\x12\x9dS9\x02\x0b\xc2\xdbyO\xaf\xd2u^\xd7\
x\x8b\x1f-\xd4\xfaQNj\x22\xe0({_nX\
\xe0\xdc\x0d\x8c\x8d%\xbc@\xa7k\x9e/\xc7\xc2\x05\xfc\
8;\xa6\xb9\xbeQ\x18x\xba\xa8Ax{0\x1b\xe6\
\xda\xfd\x03\xf7V\xd6\x86\xd1\xe5\xc74\x884\xcd\x15\xc8\
r\x8e\xe8Z\x10\xc2\xdd\x8el'\x0c\xed\x99\x84[7\
\x03\xb5\x1a\x14\xe6\x16\x98(4\xa0\xda\xa7\xb0\xb1\xd0\xe1\
[\x9a\xd9N\xb2 \x22)\x90\x09\xc8\xd6\xe24G\x90\
\xd3\xf6G\xec\x9c\xd2\x10\x12\x9a2\xe8\x8a\xdb\xd2\x84\xed\
h\x9a`\xa7r\xe2\x97\x8fxV\xb6\xaf\xb5\x8f1\xd3\
\x09\xb1\x05\x03\x06n\x1a\xd7#\x1d\x84\xcd\xd5~\xca\x1a\
53\xec\xb1\x9d\xa9v\xe9\xc2\x0cL\xfa &\xf0\x9f\
\x87\xf0\xdcL\xa6\x983y\xed\x99\xb1Y\x9e\xd0\x8f\x0c\
\x03W\x0f\xd9\x1e\xf7\x11\x1c\xd3\xad\x10\x12iq5\xc8\
\xddTr\xb6\xee\xb4\xf7_\xca\x8aN\xdc\x80\x82\x91\x02\
&w^\x0a\xde?\xa6\xef\x8b\x88\x0e\x10U\xbd\x89\xb3\
=\xb6D'5B\x8fJ\x01)\xa19\x90\x1agU\
\xe1\xac<\xce'}\x0b\xc5\xdb\xf9\x87\x0b>\x86\xe8\x8d\
\xcd\xd6\xb7A\x89\xd9\x01;\xe4\x8aJ4\xe6m\x7f\x07\
\x95\xfew\xcd\xd6m\x0e\xd4\xc2\x894\xbcQX\xc5\xb3\
p\xbb\xea\xd8\xabk!f\xc1Z\xee\xb4)\xcf'T\
\x15\x8d\x1c\xbcM\xa4\xb6\x13\xaftM\x06V\x98\xd3\x92\
.\x88\xba2J>\xabi\xcb\xb6i$\x01\xa8\x1ar\
\xeatNa\x02\xb1\xec\xa8>\x91\xf2\x89'_J\xd5\
ie\x85\xa0\xf5A\xd8t\xcasFF\xb4\xbbE8\
A\x0c\xf9w\xa39AB\xd0yX`{\xa3\xc9\xf6\
\xbbU\xb2a\xd6\x93tW\x5c\xec\xad\x11\xa1\x85\xe0\xfc\
F.\x07\xfd[\x1e\xb78\x07\x08:+{\x1f,\xff\
\x00\x8fU\x08\xb5\x11\xce\x91\x1ae\xf7P\x80\xbb\xc3\xd8\
\x1bJ\xbf\xe9\x0b\xc6x\x80G\x97eF\x0f\xde\xedn\
\x08\xa9\xe7\x10 A\xaev\xc6.-\x13\xb5\xa6\x97\x9b\
\xa7#\x0e\x12\xac\x9c\xdf\x13g\x84\xfd{+f`t\
\x5c\xd2\xbc\xe3\x8b\x16\xea\xd2\xd0\xbc\xc9Z\xf2\xcdOL\
\xa1\xa8\x0c\x80\xa9\xbc\xfeH\x1b \x9e\x97\x0ai\x90+\
w\xd8\x1f\x0c\x03>\xbe\x9d/\x13ZJ\x16GR@\
\x08\x16\x8d\xb1\x22\xf3\xb5=\xae\xdb\xd3\x02\x9dh\xe74\
4\x9a\x0d/,\x86\xceYn\x0d+\x9d\xac\x9a\x9a7\
\xaas\xa9\x0d\xa3o\x02L'\xb7\x09\x84\xd8\xdf\x93f\
\xce\x078\xcf\xfe\xe8\xea\xa2\x93w\xb7<4aXe\
`\x11\x0a!4\xe1t\xdfV\x948\x88m\x11\x10\xe2\
\x0e\xc8\xd1Y\xc5d\xc2+\xf0\x8aJ\xd2\xe0\x82\x05x\
O\x13\x8b\x82\xd3\xea\xeb\xd6\xe2'Uo\xe1\xe2\xac\xd1\
B-E\xa8\x8fA\x085\x06\xac0cua\xe1w\
\xb6\xdbe\xe3|L\xff\x00N\xce\x8d\xc8n\x08\xd0\xdd\
4\xbe\x13\xc0\x1aW'^v\xbe\xf7\x0b\x22l\xcb\xf6\
\x08\x8e\x97\xb5Z\x96\xe2\xe1\x10\x15\x9b\xf0\x19\x0a\xde\xdb\
\xcd\xdb\x8b\x97\xb5\xf6\xb6\x16\x96mk\x9e(\xec\xc1\x04\
2M\xc0\xc1X\xba\xa8\x9f\xa6\xe2i\xeb\xc4\xed|\xf2\
\x1bd\xe3\xd9p0\xb4\xce.\xc9\xf6\xd5\xe0\x01\xa3\xd9\
\x1a\xea\x82\xde\xed\xae5\xad\xcd\xc3\x06~=(E\xc4\
\x88\xcb\x17\x83\xb6\xc9\xd14\xb80\x01\x8a\xd3\xe0uV\
\x98\x8cb\x11Je&n\xdb\x917M5\xe7\xedx\
q\x09\xcf\x9fk\xcbp\xebx\xefv\xe9\xd4u+p\
%\xba^\x16* \x9b\x11Ue\xe2\xe0\xc3\xfe\x9f\xe1\
k\xa5\xd6\xb6\x01\xd5m\x0a\xb4\xb3\x22\x98Q\x08\xb5>\
\xc8\xb4\x89\xdd\x10\xa3\x93\x0a\x14,(55\xb2`+\
\x1b\x12\xf7h\x9bgg\xe1\xdb\x89\xe6\xbdW\x88\xf1f\
\xd5\xd1P\xc4r\x03\xa8(\xd3.\x87\x8b)\x11\xc8\x1c\
\x88Q\xf7X\xa8\x9a\xfc3ATPM\xb2&\xcc\xbf\
`\x8eA\xcc}\xa3\xde\x00{\x89\x8d/\x15(\x0c\xf3\
\x92n\xf3?US[\x8bC^\x88\x825\x19B~\
\x1aa\xe6\x84\x1a+T5O\xc2\x06\x11\xf7\xc9\xb71\
\xb6\x0fv\xd0\xbc\xa6\x8d\xe4\xa7\xda\x0f\xc2\xd0\xb1\x1e\xa6\
9\x0d8L\xa3\x94\xdf\x0a)9\x9c!\xd1 \xf7\x1c\
\xecdY\xe1\xd9m7k\xa2\xd5@\xb2\xd6\xaf\xe9\xd1\
\x12\x5ck\x9c\xad\xb5\xc9!\x17\x0f/\x0c\x0dg\x15\xd3\
M\x02\x8e\xaa}#p\xc5r\x93\x8d\xb5?N\x97\x0a\
\x0a\xa7F\xd7l\x8e\xb9\x01\xb8\x15\x8av\x0a\xc6\xdd\xd6\
:U\xbd\x15\x8d\xb3mG\x0f\xda\xe7\x00\xe1\x05Zx\
o\xd2\xadl\xf0\x9a\x88F\xba\xa2\xc5\x85aXT,\
*\x16\x15\x085B\xc2\x83Pje\x93\x9cxB\xb2\
\xf0\xc0\x0e5\xe2<S,(*z\x05kj\xebc\
/u\xf1~\xcb\xea\xa6\xea2\x7f\xd9E2\x0a\xe5\x99\
)\xd1\xb2\xdb\x93`\xe0\xd7\x02W\x88x{\xb8D/\
\xab\xdf&*-\xbb\xe7tm\xa75\xaf @\xde\xf0\
\xa79\xc9\x8c\xefU\x01\xee\xe0\xa2s\x1c\xddFI\xa7\
+k\xc3\x88\x07\xbd\xc1:6\xb9\xc0lym\xb3s\
\xb4\x09\xac`\x9f1\xdbh\x160\xd3F\x86{\xa7\xbf\
\x8aE}\xd6\xba\xa7\x08=o\x17\xb5\xb2\x9d\xcb\xc5t\
R\xf2(+\xca\x9aE\xf6xqq\xe8\x8e\xb4\xb8\xed\
T\xe2\x0e\x82.cK\xcc5\x17\x0b:Y\xfd_\xaa\
\xe2\xda/u:\xf7\xe6\x01+E\xa9\xf4a\x819\x9d\
\x16\x12\xb0\xb90'\xd5\xdd\x14UZ\xb6\x1a\xdaB*\
SV\x16\xe0\xee\x9a$\xa7k\x91\xa7\x87\x0d5\xd6\xf6\
\x95\x89L\x19m\x15\x9f\x8bs)l'\xb8L{m\
\x04\xb0\xc8\xb9\xc0\x1a\x1a\xa7\xf8V\x9f\xa6\x89\xfe\x1e\xd4\
wE\xa7p\x88XQeV\x15\x85\x1b8\xd9\x06\xa0\
\x16\x04,\x9cti)\xbe\x11\xe7X\x09\x9e\x19\x8d\xd7\
\x89Z\xdb\xd9\xd8\x8a\x98\xec\x15\xbf\x8e{\xe8\xce\x10\xa7\
\x93\x859\x80\x0dV\xf4\xbb^P\xd7\x99)\xa6\x0a<\
U\xdd\x04\xec8Dk\xbf9\xa6\x0c\xadnv\x18\xa6\
Qq\xcb)\xed-\xd7\x92\xdbB;\xfb\xa3\x81\xdfM\
\x0asH\xca\x1aM\xc0^5\xe5FX\xb8@\x8d\xd3\
\xba\xc6\xa8xwyN\xb42\x1a\x143\xca8Zq\
u)\xee\x04\xb8\xda\x1a\xfe\x96\xac_\xa6\x99Z\xc9i\
=.14\xd1ou\x95\xa1a\x90\x9dZ\xec\x9c\x22\
2\x85\xbd\xed\xc3\x85\xd3\xae\xd7\x0eF)\x8a\x0as\xac\
\xec\xcb\xaah\xde\xa9\xf6\x820Y\xd1\xbf\xcd\xe5\xe6#\
nK\x9d\xc0\xd6\xa3|uS\xcfk\xa3eI\xd1K\
z)\x83J\x22:\x91pwR\xa6\x16%*\xcc\xe0\
t\x84\xe2\x81O\xb4s\xda\x01\xd9\x17\x9c1\xb5\xccq\
\x14\x0a\xd3\xdd\x0f|\xa1l\xa9\x83\xbd\xe0\xd1l\x98\x5c\
8\x98HV^9\xc3\xfb\x83\x12\xb3\xf1\x16v\x9a\x1a\
\xf47\xd0\xea\x9daf\xef\xc2\x8f\x85f\xc4\xaf\xf4\x9f\
\xe4\x8f\x853B\xbf\xd2;\xf5\x05\xfe\x91\xdf\xa8!\xe0\
\xfa\xb9\x0f\x0a\xcd\xe4\xa6\xd9\xb1\xba4]m\xe3l\xac\
\xf48\x8fek\xe3\xad\x1f\xf4\xf0\x84L\xeb\x92\x81\xb4\
5\xb8\xdd\xb7t42\x0c\xec\x9a\xd2P\x01\xa9\xf1\x96\
\xc5\x98\x83\x8c\x81\x1dV\xfe\x8a\x98P\xd5Z\xb3\x0b\xa8\
\xa7e\xaf\xbebdi\xc9\x08\xd6H\x14\xca44Q\
|\xd2\x11\x88\x11~$\x113\xcbk\x9c\xd1\xd97\x03\
\x88\x07\x859\xa4kp\xd55\xe4H\xeb\xaa|8\x0c\
\x22\xb9\xff\x00\x9b\x9c \xdc\x04\xa0\x8d\x97\xf4\xc3\xa51\
\xf8\x09\x84rO\x0cdu\xb3l\xec|\xbb(s]\
\xac\xabG\x17\x8a\x9b\x80Q\x1a\xdff\xd0\xecX\x9e\x1b\
\x02}\xd4\xd2\xe6\x18\x22\x92\x17\xd4h/\xd94b+\
h\x8a\xdc\xe1\x1b\xcd\xdb\xfa\x8d\xafe\x9f\x0e;J7\
\xf9V\x96\xa5\xd4\xd1\xbd2m{L\x14\xedo\xd4\xb8\
\xed\x92)\x92\xca\xd3\xcb\xb4\x0e\x0d\x066(\xeb\xc9\xb3\
\x0d\x9e#\xf2\x8eF\x983x\xaeZ\x85\x89\x05D\xe2\
\x89\x94.tl.9\x8b`\xc5\xce\x1aR\x97J\x0f\
0\xb1 U\x9d\xbd\xa3ty\x013\xc7?\xf149\
\x7f\xad\xb3\x14{\x5c\xd2\x9b\xe2\xac]\xff\x003\xee\x85\
\xa3\x0e\x8fo\xddM\xd8\x9b\xd4'[Y\x8d^\xdf\xba\
>6\xc4~9\xf6N\xff\x00\x893\xf0\xb0\x95i\xff\
\x00\x11\xb5?L5ZZ\xbe\xd3\xebq+l\x86\xe3\
x\x08\x08T\x059\xc6n\x9c\xcd\x8d\xd4-\x13\xdd\x88\
\xc9\xc9\xa8\xe4\x9c\xfa\xfb\xf3\xf4\xc8\x10a!i\x92y\
c8{\x9bM\xba\x15GkN\xe9\xcd-\xa8S\x98\
\x9e\x82\xf8F\xe9@\xacf\x22\xe63\x16\x99a\x06\xa2\
.f\x182\x8ai\xc0\xefd\xe7VPF\xce\x1a\x09\
\xd14\x0c&L\x5c\x17\x96pb\xdb,\x8c\x1aW%\
Z\x8d}\xf9\xb1I\xd8\xf2H\x80*+\x901\xb6C\
\x15\xad]\xb3\x15\xa3\xcb\xdd$\xf2\x8e\xb9t\xe6\x81+\
\xd9\x0ec\x1a\xd2\xc3&\x0a\x98\xc8\xfc&0\xad\x0a\xee\
\xa6\xf1w\xd4o\xe9|\xd3[\xb7\xbc\x5c\x0a&\xabk\
\xcc\xe1\x99F\xf8\xe4\x88\x82\xa1\x06\x86\xea\xb1\xb5c\xe9\
\xa2\xb4 \xba\x9a#[\xc0\x9d.\xda\xf3R\xacHk\
\xf8\xc4\xf6O\xa9\xa5\xd4\xbcj\xad\x1d\x88\xccG4\xcb\
\xab\xb5\xfa\xf3\x02|~\x1c\xd6v\xa5\xa0\xc2:\xe4\x9e\
A\xaf1\xa4\xeca\x1c%\xd5\xa2\xc2`\x1e\xb7\xed\x90\
\xbaaX\xb5\xae\x990\x9f\xaea\xa2db\x13\xa2v\
\xb4XP\xc9i\x18\x8e\x0d3c\x96\x80v@J\x85\
+\x15\x22\xf6\x10\x01\x917}S\x00\x05\xbd\xdd\x8a#\
\xd4\xb5\xa5\xc6\x1a$\xae\x1f\x0f\xa4:\xd7\xff\x00\xea\x89\
\x93'\xd2\x9e\x9b-s\x06\xf0\xe24o\xf2\x89\xcc\x04\
\xf2\x06c\x18G[\x9d\xad3\x17R?|\xc3<\xd3\
)<\xbd\xae9\x22\x8bd*TS6\xe9\xe0\x83\xc4\
\x83\xa0\xc8Q\xac\xa2.5<\xf9\xc8j'~Q\x19\
\x9a1\x1b\x8d\xf3\xe8\x83d\x1e\xd7\x84\xf8\xd94b(\
\xcbJ\x10g\x12m&\x15\x5co\xda\xf3\xca\xf6\xbc\xa0\
\x0e\xa30o\x09=\x15\x9b\xf0\x99E\xf2\xdd\x96\x97\xbe\
1p\xe9tRS'm\xaa\x83I\xae\xbb\x94\xfdo\
\xdb\x91<0\x80\x09\xec,0y\xb6Vn\xb5t5\
>\xd1\xb6M\xc1c\xae\xef\xf4\x0dn-9\xa2\xcf\x05\
\x9e7\xef\xa3S\x8c\x9a\xf2@\x94\xf6\x16\x1e \xb7\xec\
\x8e\xb4\xb8Q\x05\x85\xaa\xd9\xa1\xa6\x86\xf3\xa4!C(\
\xf5[e\x1d\xf3\xecrl9\xa1E\x01\xeb\x94\xddf\
F#:\x14u\xbbnAa\x0d\x93\xa6\xd74\xc0\x94\
L\xdd4\x84\xd6\x17\x02z-\xf31\xe5\x93\x1c\x87\x19\
\xbar\x0a\x19Q\x88\x17\x0f\x91\x929T\xc3\xdf\x93\x1e\
\x84\x05\x81\x14\x0e\x1d\x113p*\x98G~\x88\xb7\xa5\
r9\xd3\xc8\x84\x1a\xa2\xf2\xa1\x02b/\x04`p\x8a\
\x9d\xd6\xd9\x18\xdcF\x11\xb9\x82J\x22\xb5Nd\x093\
\x17\xd98\xe87G[\xc3d\x13\xd3\x90\xd5\x12\xc1\x15\
ry3\xc9h\x94\x1b\xadE\xd66&\xd2\xa7\x85\x83\
W\x15kj0\xf9vB\x19\xfc\xf3\x8d.\x0a\xc5\x85\
\xdfJx\xaa\x81\x87Z\xf2\x84\xbc\xff\x00\xe8\xad\x1d\x8a\
'T\xd0\x09\xa9\x84s\xb9\xd8\x900\x9c\xe7Z\xbb\xab\
\x8av\x80F\x8a\x90z\xddL=\xeec\x8b\xa4\x0d\xd3\
\xf5\xaeByl\xb5,i\x00\x0a\xde~\x91\x91\xde\x87\
k\x9b\x15\xc4&\xf0Al\x1drl)\x93hAb\
'\xbc#\xed\x91\xad\xc4`j\xb4@UZ7\x0b\xa2\
AC\xbeC\xcelH\x94O\x1c\xb2\x88\x89\x12\xdf\x91\
{\x1d\x84\xc8F\xf1qm\x05\xe0\x222\xe1\x8dQd\
6vP\x8cl\xa4\xc4m\xcas\xb1\x22\x98\xec'!\
\xd6\xa8\x1a\xcau\xa86q\x19\xbc\xbf\xe9\xcc\x8b\x81\x1f\
\x88\x22)C#(\xc8.\x9b\xe1FA\x7f\xd4\x9c\x22\
.\x17\xcd!\x06\x9c8\x95^x\xe5\x16G\xba)\x85\
\xb8Hv\xbb,\x12\xc2\xe5\x86sm\x90j\xb1p\x86\
\x01\x07\xaaq\x93UH\xcf\x17\xd9XS\x15\xa9\xc3g\
\xfc\xab{o2\x83\x85\x83F\xf3\xf7\xbd\xaf-\xd1\x1a\
\xf2\xc1\x8e@\x8c5\xd7nAlj\xba\xc6\x89\x8e\xc2\
d&\xb7\xcc\xb4\xd5Z6\x16\xf0\x9bq\xbc\xb4\x80\x09\
\xd0\xdf\xbecD\xfdc\xa52Z\x7fq\xde\xf7\xcf0\
\x82\x00\x9d\xf9\x0e\x1b\xe4\xd9Y?\x04\xc8F\xb7\xe18\
q\x0f\xa7K\xf6\xba!a\xa2\x064\xcez\x8c\xa3Z\
\xdfc\x87B=\x93\xb34\x96\x99\x08\x89\x18\x9b\xf2:\
\x5c\xc6\xe29\x03gK\x9a\xd2~/\xb1n\x22\xad\x9e\
\x1c\x04\x0d\x17ZW 2\x8b\xe6\x04&\x00Xd\xa2\
.\x0c\x9d:dkgK\xdcA\xd0,<3\xb2\xc0\
(?\x85\x18I\x94Dk\x9an7u\xb8N\xcan\
\x06\x0d\x14\xce\xaa:f\x17\x85\x17J\xc4\x8c\x9c\xcdu\
\x08F\xe6\x80ML#\xaa!\x0d4^\x1b\x0c\xf1\x09\
X\xc6/eikf\xf7\x82F\xd5D4\xcdh\xa9\
\xd2\xa9\x8f\x82\x8a\x06.kz\xdcs\x17i\x1b]\x06\
'9t\xdc\xcb\x16\xd94Z[{\x86\xf5V\xf6\xae\
\xb5}~\x07#nCbk\x91\xcd \x02E\x0e\x9d\
\xf3Y\xd9\xe3\x1a\xd5ho\xc4p\x91\xb1\xe54\xc6Q\
\x80\xd9G\xe3\xb8\x9cZ\xa6\x91\x11\xfb\xddd\xfc\x0e\x04\
l\xad\xadq\xad\x90\xd5\x18\x13 \xad\x08\x83q\xd6\x99\
\x87sx\x14L\xfa\xc253q\xd5X\xb7\x15\xab\x07\
R\xad>\xb3y\x196\xe76\x09\xa9\x81p\xe9s\x0b\
@p-\x92t\xb8-\xd1\xd6\xe0\xb1p\x0a\xfc*B\
\xd9\x05\xba\xd3]\xd0\xb4\x86\x16\x90'\xaav\xb7\x06\x98\
\x9c\xa2\x97\x88\xac\xe4\xdd\x19j&s\xb5\xd8L\x84\xe0\
\x08\xc4\xcd7\x1d\x10\x88;#{\x5c[\xa5\xd2\xb1\xe9\
J\xa7v@\xc2\x94\xd3Z\xa7kK\xf4\xb8\x15\x89\xb8\
\x22+\x98\x18\xd2\xe0\x83f\xe0`\xa7:L\x9dQ\xcd\
\xb6@\xadp\xd3\x0ey\x9dB\x8b\xc2\x01a\xcd@\x9c\
g4S)M\xe0n\xba\xec\xb1\xdcHG\xe8T\x84\
\xd1*\x14V\xe9\xa4(\xa6w\x19\x8fd\x11;g\x89\
\xd1ao\x85\x12\xf8u\xb6\xcd\xe8\x9fh\xe7\x92\x5cf\
\xe9\x83\xe8B&V\x22@\x04\x92\xd1\xa0\xe7\xb9\xd8\xb5\
\xe5Kp\xe9[\xc6\xa1;AU\xabx\xa2Z)D\
\xf0F\xb2\x85\xcfyy\xaa\x0e\xe1D\xcd\xce\x11\x15\xbd\
\xca\xcf\x0dq\xfceg\xd2\xf3\xda\x11\xa1\xbe\xcd\xd8\x1e\
\x1c6G\xd4\x1a\xd7+\x1f\x06H\x94j\xa1\x04\x18N\
\x88\x5c\x02\xaa\x10\xec3\x01[\xb46\xd0\x8a\xc2\x85\x8c\
\xdeo\x0a)\x99\xce.\xd4\xf2Xp\x99\x09\xed\xa6&\
}?\xc6SK\xce\xbc\xa6\x98\xbbk\x98p:Kg\
\xb29\x1a\xe2\xd6\x9d \xd10\x89\xa8\x94s\xb4Mz\
 %aP\xa1@N\x0a9\x04E\x0f\xec\xa3\xa2\x0a\
o\x95<\xe6\x18)\xf0\xf3\xc0\x11\xbbd\xd3\x0e\x94\xf7\
\xe2l\x06\x80%<a\xa6\xfb\xa1J\xee\x10N\x18I\
\x9e@\xaf)\x8c/t5\x12\xdf\x0a!\xbcV\xdd\x7f\
J$\x93_E\xa5\xc3&\xd9da\x88\xaf[\xb0\xf2\
\x85\x93\xba'\xe5\x09\xd144\xbbM\x10X\x9b\xe4\xe1\
\x8a\xa8u\xb3\xb5\xfb\xa6\xd9\x131\xb5S\xb4\xd1m\xa5\
\xf6e\xa2q\xb6P\x13\xa5\xc1=\xe5\xe7\x8b4\xc5\x80\
\x1dL\xf3\xc7$\xebL\xa3 \xba\x06\x1dj\xa6\x91v\
3\xf2\xa5\x1e\x89\x8f\xc3\x14\xd1Z\x90\xe7R\xe7\x02\xea\
\x1f\xaa)\xde\xe9\xb8P\xa3S<\x80\x8e\xb4\xbd\x8f\x80\
h\x11\xbc\x1c\x8cya\x90\x9dg0\xeb?\xa0\xd3\xd9\
\x1c\x92\xd0(\xb5*\xd1\x98\x0c\x1b\x8d\xc5v\xbbm.\
k\xa3i\xb9\x90>\xa1{\x9eJ\xd4\xf7\xbb\x11\xc3\x17\
\x84\xf1\x1f<\x86\xb6\x99\xc8\xe4\xe2\xbaT\xa8T\x17\x18\
S\xccg\xbeI@\xc9\xa9Vf\xa0\xb8J\xb5\xfa\x8a\
\x01\x0f\xaa\xa828\xb5\xaa7\x9eXV6&\xd0\xc3\
S\xed\x1bb0X\xeb\xbb\x91\xe7\xed\x99\xbc5!:\
#J\xdfej\xeb,Xc\x88F\x7f3\xfaXk\
\xac\xf2\x98\xe82\xad^\xdaa\xf9[\xad\xd1\xb3\xc5\x84\
6\xa9\xed\xc3~\x977\x85\xb8\xf7Z\xc2x,t&\
\xbfj-\xaf\xb2\xc3\x8b\x8fDN\xa9\xc3\xcbw\x0b\xa7\
\xd9\x01:#\xa1\xae[7\x06\xbc\x12$+W\x07\xda\
H\xa2\xb7\x18p\xb7\xa0\xe6\x9b\xc2<\xc3\xad3\xb4P\
\xde^\x5c\x1a\x0e\x81Z\x10\xe20\x84D^\xd3\xc4\x14\
y\x9a}\x7f\xce@\xde\x12dS1\x1fk\xb6\x9c\xbe\
YE\x84\x09\xcff\xe2\xca\xed\xa7\xba\xb4e1\xb2\xac\
?\xb5\xcc\xd6\xa6/\x95\x8e\xb7\x18L\xc3<Y}\x90\
\x8d\xc2m\x13\xa0\x93\x14\xe7\xc2\x8e\x1e\xe9\xb0\x81\xceQ\
\xe5j\x84l\xb1]9\xb4\xe5\x13)\xb1\xbd\xc0Jl\
\x83DI\xd1\xdb\xa7L\xdc\xc7R\x17\xfedn\xd2\xe8\
\xcc\xd6\x97i}\x85\x81\x7fa\xd5[[\x06\xb7\xcb\xb1\
\xfaw=Q<\xe8\xa1\xcd\xbd9\x00I\xb8d\x04\x83\
#^F\xd7\xc5%\x04\xd7B\xb4yy\xad\xc7\xf7\xb8\
j\xaa\x16\xean\xfa\x9d_\xd9i71\x98\xb7\x0b\x0c\
\xccmu\x93\x8b\x1d#T\xe2\x0ek\x116\xad\x07I\
^)\xf8\xed\xdcF\x99\xc6\xb5\xd36\xde\x8e8f\xef\
t>\x83K\xdd\xef7E.77B\x85\x08\xaax\
\xf3%\xec\xd7p\xb4X\x89\xd6\xe3\xad\x04en\x87\xf8\
GL\xac\xb3\xebqN\xd7=\x93\xf0m-:\x8e\xaa\
\xde\xcf\x0c9\x86l\xce\x9c\xc7\x08\xde\xe8\xcf\x86\x9a\xdd\
\x84a\xef\x9b\x0a\x0dD(Qx\xbaS\x94\xa2Q\xf4\
{\xf2Z$\xc2p\x83x\xd5\x1b2\x18\x1c~\x92\x9a\
\x06\x12f\xa9\xc5T\x9dn\x1a'\x197\x0do\x9a]\
\xf2\xa9\x01\x0b\x9a\xe2\xdd\x10\x12\xac<<\x8cN\xe1h\
\xd4\x95om#\x0b(\xcfG<\x88\xfcGt\xe0)\
\x07\xd3\xe8'{\x99\x10g]\x95\x96\x0a\xcfEj\xe0\
[\x03E4L\xb3%\xb2\x06\x8b\x0e/\xa4'4\xb6\
\xff\x00\xda\xfd)\xf0\x9c\x00\x8a\xf3b\x99\x5c\xd2\xd8\xd2\
\xe6\xa3\x90\x99B\xe2I\x89\xdb \x123\x8d/\x0b{\
\xc2v\x1c\x225\xdf#\x8c\xf6\xb8\x1c$\x11\xaa6b\
\xda\xc8\xdaY\xfdC\xeao!\xc6\xe7\x08\xba\x10nG\
\xdd\x19\x0d\xd6o\xc1\xadZu\x0a\xd6\xcf\x0c\x16\xd5\x87\
C\xc9\x147\x0c\x83\xbalMsM\xf8J\x0d1\x08\
\x08\x19I\x19eJ\x9b\xdb\x15\x9c\xb4\xd8/u=\x07\
/\x17^w\x99\xa7dM\xcd0\xb5u.\x08t\x95\
\xba\x8aS^C\x18\x5c\xac<8h\xc5i\xa7\xf2\xbc\
M\xbe*\x0a\x01\xb2<\xf1\x13\x5c\xb1\xd5\x1b\xbae\xc2\
`\x9d\x94\xd22\x8f@4\x93\xa6\xdd\xd1QBg\xe2\
\xe6\x09)\xaf\xc2\x1c\xd4Y\x0d\x925\xd14\xbfA\xf8\
\x93!\x8dv\xee\xd1>h\x5c\x15\x9bY'\x16\x89\xfa\
\xa8\xa4\xa3%\x01\xbfD\xfd}\xaf:\xd0G9\x8e-\
4\xc89\x83 \x22\x88\xeb\x96/\x9a^5G+\x1c\
Ze\xa6\xb9B4<7\x86\xa8\xae\x94Mm{d\
%bD\xf26VO\xc3B%\x87P\xad\xac\xb0\xd4\
U\xa7C\xc8\xf6C\xbevD\xf1T#\x98&\xe6&\
\xf9R\xa7.\xdd\xef\xc3\xd6\x8aCt\xcd\xb7(f\xd9\
\x1c\x8dt\x5c\x0c\x1a]\x17\x0b\xc5\xc7;[+\xc3\xb1\
\xb6-\xc5h=\x82\xf16\xe1\xeewDy{g-\
-5\xd6\xe8\xc3\xaf\xd5\xd3\x934\x8c\xaf8\x8c\xc0\x1e\
\xd7\x13H\xe75\xbf\x89\xdfJq\xc4rh\x9b\x1dj\
\xb1\x17@&\x8b\xc3\xd9\xe3\xb5\x00'2\x1c\xade\xed\
\x92\x11\x9c4\xd1P\x89\xdd\x0b2\xe6\xc8\xf9X\xdc\xd6\
\x16\xecS\x5c[*\x93\xe8\xa9\x1a\xe4<\xc1t \xd9\
\x1a\x85\x87\x87_\x8b\xc2\x22.\xdb,\xca\x93\xb6\xab\xf7\
Q\xfa\xae\x22\x10\xb8\x99\xcb\x8a\x90\x9a\xde\xa9\xb4\x0aQ\
R\xa5\x07'\x1c\xee2t\xc9\xec\xacmc\x85\xf5a\
\xd9[Y`\xd2\xad:\x1c\xa7,]M\xb3\xb1\xb8\x8d\
\x11\xb9\x95\xa2\xfaV57\x0dQ7\x9c\xe1B\x08\xbb\
\xd5\x04{e96\xc9\xb6P\x98\xd9Lc,\x1a\x0b\
\xea\xee\x8a\xde\xd4\xbc\x93\xaf\xa2\xda\xea\xb8\xf7G\x83O\
\xab\xafNW\xf3\xca{\x0b\x0c;\x94\xc6\xe2=\x86\xa5\
=\xd8\xb4\xa3F\x99\x1aKL\x84j\x8bx\x1adW\
k\x99;+\x22-?\xb8t\x14RK\x0ch\x0c\xa2\
\xe2\x01\x1dS\x04\x95\x8a$\x0d\x13\x18^\x0fA\xaa}\
\x0c-Q\x10\xb1pFB#^L\xf6\x19\xf6\xc8M\
\x06`\xbc\xb3\x87\x16\xc8\xa8\x18U0\x8e\xb9u\xf7\xc8\
\x04\xa7\xb7\x0d7\xde\xe1{0\x96F\xea\xcd\x98\xdf\x14\
\xf9Od8\x8b\xc5\xf0\xa8\x16\x10\xb0UB\x0d\xbbW\
BsZ\x11\x99\xaa\x0d\x84ZMQe.\xf2\xd5\x02\
\xd5`+\x02\xc0T\x1c\x9e\x1e\xd4}\x16\x9fA^&\
\xc3\xcb\xa8\xa87\x16\x90\x05\xc4\xa8\xbcQ\x02\xdc.\x9d\
Q\xd2\xe0\x09Od\x00r\xb5a\xe1XT](\x15\
\x89J\x959#\x86QZ]\xc2;\xacS\xdb\x90(\
S\x8c\x99\xfc\x9e\xce\xceW\x0f\x87o[O\xe1ZZ\
\x17\x1dy\xcd6~[\xc3\x81/\xfc' \xd6\xba\x5c\
\xd6\x97\x18\x08\xb85\xb8Y\xf2\xec\xb3\xc3\x11\xe8\x0dn\
\x9aE\xc7+\x1a\x5c`+G\x8c8\x19\xf4\x8d\xfa\xe7\
m\x0d\x15\x95\x89}i\xf2\xac\xc4\xbbt\xee\xa1\x07@\
\xa7\xca|\x93't\xe7\xfc\x1d\xfb\xa3\xaa\xb31Bi\
\xba\xd4\xca\xb2\x8cC\x16\x8b\xc4\x19~\xb3\x90#[\xc9\
\x94E\x11\xe5;\xb73\x19\xc3\x86h\x8f \xc1\xfaS\
hA(\xea\x99\xaa']\xf2\x85*\xb7=\xf8\xa2o\
\x016\x885\xbb\xae\x1b\x82:'HMGN\xe9\xa3\
\xaa(\xa3q\xaa\xc2\x85/(\x9b\xc7{\xacm\xe5\xbe\
]\xa7\xd1\xfc/\x11e\xe5\xbb\xb2\xd6\x89\xcc\xc3\x1d\xee\
\xb3n'B\xb6f\x17#s5A\x8dE\x81\x1a)\
N\x15A\xd4\x8e\xaa%5\x91s\x8f6Q\xe4\x8dS\
\xfe\xaa\x08\x1c\x81\xadt\xe4\xcd3\x8dn\x89XJ,\
@\xe1\x9eX\x0a\xce\xc4\xb8\xc0E\xc2\xc0C*\xff\x00\
\xd4\x9e\xe9>\x82\x94\xebq\xba\xc2\xc5\xd6\xae\x86\xabR\
\xd6\xf0Y\xe9\xb9\xeb{\x1d\x87O@D\x1a\xe5kf\
\xf3sI\xa8\x9a\x1dU\x9d\x99y\x01\xa1Z\x91f\xdc\
\x0c\xd7s{,\xf1Y9\xd8\xb4L\xa9\xa9\x8c\xadq\
S\x1aL\xee\xac\xf0a\x0c\xa4\x9f\xd9<6\x95D\x88\
\x81\xf7\xb82\x81\xc7\xe9D\xdd<(\xf2\xc1\x8f|\x83\
6\xf7\x11\x07(\x13\xa5\xdb^L\xd7!nC\x93d\
O\x0cms]\x17m\x08\x8b\xb0\xe4l\x05*\x13\xa8\
\xa6\x92\x83\xd0)\xd5C#\x8c\x1a\xacRr\xca\x94]\
x\xaa1&\x97\x05\xe1\xed%\xb8\x1fV\xff\x00\x0a\xd6\
\xc8\xb1\xcb\x15+p0\x8b\xa6\xe0\x07u\xb6\xeaB\xc6\
\xb6Pn\xddMV>\xe5b\xb9\xa62\xcd\xc7AL\
\x9b\xdcD~D+sL,K\x15\xc3 \xbe(\x80\
Mj\xb2\xb1\xc4h\x9e\xf6\xd9\xb0\x86}\xfa\xabGr\
N\xdc\x81\x90<\x86\x16\x83C\xc8\x8fN\xdbf\xd9X\
\xc5\x9f\xd6u(\xf1gh\x93Z(\x13\xd9\x11K\xa8\
\x06\xb2\x8d\xe3\xa3\xa8\x0f\xf0\xb8k\xad\xee\xc3\x84F\xbb\
\xdc\x11\x89\xe1\xd1Y\xb5\xa5\xa7\x11G0\xc9\xf8r\xb7\
[\xa0\xeb\x14\xb9\xb6np%\xa2\x830\xa2\x0ds\xb4\
\x07\xaeg<\x98\x9a\xc27\xe2\xe1\x84*r\xc0\xa5Q\
\xd6\xfdSB/`\xc2Z\xdfyNbpN\x15\xa2\
\xb3\x11q=\x13\xb4UAbR\x84\xa1t\xa3Th\
\xe4/\x9eIC\xb2\xf0\xe4ZY\x91hh\xbcE\x8e\
\x03qt\xf4\xbf\x17\x06\x1c\xfa\x9d\x87!\xd043\xcc\
\x0e\x86\x91\x1767\xbd\x98g\x8ec\x91\xb29F`\
\x9a\x13\xbb_\xfc\xad\xb5\xaf0#R\x82c$\xab;\
\x0d\xcf\xca\xb5\xb5\x81\x0d\xa0O|\xf2\xe1a\xcao\xdf\
\xa5\xdbr\x18\xf8\x04@\xaf P\xa7\xb8\xbd\xc5\xc7S\
\xe9B\x06.\xda\xef\xc0t\xb9\xa6\x0a\xa4\xea\x9d\xee\xa4\
`\x88\xad\xcd\x89\xae\x88\xad:'\x19q7V2\x81\
L\xdf\x81\x0d+\x98\x17\x10\x1a\x0e\xabt\xcbG0\x10\
\xd3\xaepv\xb8'\x0842\xbd\xb2\x1e[bk\xa2\
\xd0\xa2\xea\x05gS\xdd8\x99A\x11\x15F\xd1cX\
\x913v*l\xb6C\xba\xc6\x11pS[\xb1/\xab\
\xddI\x0b\x11\xce35\xca\xc9\xd8\x9a\x1bi\xa6\xcb\xc4\
xl(\x8eO\xe1\x8eI\xbf\x09\xc3;g\xdb,#\
\x9d\xa2M\xc3Z\xa8F\xe1C\x9bk\x83k~\x1ex\
P\xac\xac\xe5YX@\x97P+w\x808tV\x8e\
\xaa<\xc9\x83]T\xb4\xeb\xaa\xc0\x8bc\xd08\xcb\xa7\
\xd7\x0dS\x8d\x05.\x02T\x5cSxD\xc0\xa9Z\x94\
Y\x07P\x88\xban\xa6\x1e\xf75\xd1\xcb\xfc\x1e\x85\xd5\
\xad\xc5\x0c\xe7\x95\x0bD\xda\xa2\xfd((\x9c\xe2\xe8\xcb\
\x82\x82h\x85\x0e\x97\x1c\x98\x91\xbbQ\xdf3D\xf2Z\
\xe8^\x1a\xd9\xb6\x96~[\xd7\x8b\xb1\xc0\xe2\x8el&\
\x09\xe9t\x8c\x1aW\xd3\x84\xd2\xdc\x06EQ\xccb\x02\
\x06\x0d/\x0f\x86\x11\xd5\x15\xc2\xd13'\xa4 `\xf5\
\x08\xeb\x90\xe5\xd3U\x89\x1epVVj\xcd\x82\xccI\
V\xfe#eik%M9\xf2V;\xbe\x10\x8d\xd4\
k\x0b\x0eK6\x17\x98hG\x98\x11\xd6\x9asgn\
I\xc3\x80R\xb7i\xee\xb7X\xb0\xb0\xb65Lya\
8w@L\x94\xf8q\x100\xa2i\xad\xde_\xf4q\
\xcdz,-\xf2\xb7\xc4\x8eA\x04\x22\xc4\xca\x03\xc2\xa0\
\x15\x82\xe8\xb8F\xf9\x0f\xf6\x87\xbd\xe3Z\xe7\x0a\xd3]\
!\x18\x9di\xed\x90\x88\x01\x0e\x99&\x9ad\x00a\x99\
QE\xa2\x06\x1d)\xf14\x9c\xbb^\xd7\xe1\x07\xba5\
Vf\x1b\xddE4\xce\x13\xac\xbf\xa6\x1f!\x153\xae\
I&\x1b~\xbc\xb6\x82\xe3\x03\x5c\x8c~\x14\xfb|L\
\xc2\xef\x84\xedn\xfc<\xb6\x11\xba7i\xc8m5\x12\
\x8eCx\xf4A\x1fKe\xaa\x16\xe2\xc4\xb4\x013\xba\
\xb5\xb6=Qu\x14\xa3\xcf\xda\xf0V+\xe6\xf1\xdb\xf2\
\x08$r\xff\x00\x0f\xba7y\x87\x0e\x19\xa2\xc5\x87\xba\
\x90TUY\xe1\xe2\xc4>\x13\xb5TVz\xd4\xd1;\
\x87\xe7\xa2k\x82\x05\x14\x0cf?\xdb\x8e\xe8\x80\x1d\xa1\
\xc3v\x1e\x95\x19\x9b\x13T\xe8\xc4p\xe8\x8b\xa9\x9c\xf2\
,\xdc\x1a\xd7\xb5\xdb\x84\xcc%\xdcZ#\x9fl\x94\x9a\
'\xdb\x07\x16\xf0\x8a'}=\xf3\x897@N\x11q\
\xcb\xaew\x08\xdc\x1c\x8cf3\xd3\xd0\x81 \x9c\xa2\xe6\
\xc4\xa7k\x93~D\xd3N{bx\xb4[\xf2\x22\xf0\
9\x81b\x8d\x112\xa6\x9e\xb6s\x11\x19\x85Jx\xc2\
\xe8\xf4LyoO\x9c\xa3\xba\xb3f \xea\x81\x09\xf5\
(\x84\xc6H&E\xd6\xcc\xc1\x87Hp\xa4f\x08\xe1\
\xf2\xf5\xe2\xe8\x89T\xbbT\x02\x0a!8EF\xf7Q\
aQAE\xa2\xfc\x03\xdd\x1a\xdd\x88\x81\x03N{5\
\xe5my\xedsD\x9daS\x0e]PQ\x9c\x13\x11\
qG\x90G\x0c\x8dy\xc4\xce\xb96\xef\x98\x09\xb8\xab\
?\xa4\x84P\xe5o\xc9\x01\x15\x0b\x0a{\xb1Gk\xe7\
\xaa9\x1a`\xdeH\x81\xd5M\xdb~A<'\x9f#\
\x06\x95\xf4\x8e3x\x1c\xa6\xc4\xd7D\xe8\x9ah\x9ac\
<\xa3\xad\xc1\x1aM2\xc7\x0c\xcd\xf3\x93\xf8Un\xe9\
\xba\xd5>\xd3\x13@\x8d\x16\x1e\xb4T\xc0z\xa0F\x17\
\x0c5\xea\xbb\xa9R\xbf\xe5\xfc\xf26\xcc+\x94\xd6\xb7\
\x0a\xe5p\x85\xb6l:\xde\xd7a#\xb5\xf0\xb0\x1c8\
\xb6Dp\x82\xb5\xd5\x0eX\xe6\x0eh\x13\xa6K8\x9e\
-\x11\xce0\xe0?\xab(\x12Qi\x98\xe4\x85\x0a\x8a\
B\x92rB\x14@b\xd3\x5c\xb17a&\xbf\x96\xcd\
3\xba\x84\xc1\x9b\x86\xb4\xd6\xe3\xe5\xf9\x22'\xcc\x9a\xfe\
M\xa2:\x98\xac'0\xb2'q9\x1b\x1dV\xdd\xb3\
\x0b\xc2{\xcb\xa2}\xae\x11\xba\x9f\xe9\xc4+6\x17\x9c\
!9\x7f\xca\xf9\xb8\x18T\xc2z\xe4\x1a\xfa\x08Q\xc3\
~\xf3\x08\x92u\xb9\xc2\x93{]Q;'\x1cE\x18\
\x8adl~+\x8a\x0b`\xb6Qv\xc2\xe8\xe1\xd6\xed\
\xae74\x8c.\xeb\x9b_@\xd6\x97Lm\xcd\x91\x87\
J\xfa\x19\xe4\xc2\x11\xba\x8c\xb8\xa9\x1e\x8cz\xcd\xf2\x0d\
n1HG\xd3j\xa2\xe02n\xadY\xe5\xba3\x11\
A[\xbe.\x08\x12\xd1\xc2u\xa5\xd00\xeb[\x80\x9b\
\xe9\x1d\xf9\x0di&\x1bYL\xc3\x5cH\xde\x11DK\
$\x03\x19G\xa1\x02M\xc2\xf6\x80A\xaePbs\x03\
\x00\xfbE\xfa\xdej\x14\xcbb\x05\x10\xae\x97\xd3\x09\x9d\
n\x06\x07\xbf,\xf6\xe7\xcf\xa6\x115\xcb\x0a\x8a}\x09\
C\xf3\x1d\xb9\xe78DJ-\xbc\x90\x9bq\xe7\x1e@\
\xe4UNh\xfe\x94\xf7@qu\xf6\xce}\x00\xcb\xbd\
\xdb(\xceL\xe4\x1d&\xe3\xd4f\x8ea\xed\xcf\xc1\x84\
I\xa1]\xfd!\xe5k\xcb5\xd7,\xfeL\x0c\x19\x19\
\xf6\xcf\xb7\xa2\x02\xe2S\xbd\x10\xeby\xd7\x9c\xd6\x17h\
\x9d\xdb)[f\x95\xb5\xd1\xe8\xe7\x0c\x8c\xee\x8cp\xdf\
\xba$\xe1\x02\x11B\x86S\xaf7\x83\x09\xc0@-\xbb\
h\xbf\x1f\x06\x1az\xb7<\xbbS\xe8v\xcc\xd1\x88\xc0\
DFQ\x90r\xc222G\xe4\xa2\xe0\xad\x1a\x06\x86\
y\xce\xd7;n##o:\xdf\xb5\xcd\x84y\x14F\
\xbe\x86\xcc\x078J}\x1c@\xbb\x0d%\x0b\xa2\xfa\xc7\
d\xd6\xe24[\x22\x85\xd1\xc33\xe9\x81\x89\xd3\x92b\
\x07\x15Q\x7f\x00\x06\xe1Sp\x882+y\x88\xa5\xdb\
&\x98\xd7DE?3lMtG\x91\x13\xa7\xa0k\
\xe9\x85\xda\x5cn\x1f\x93\xcd9@I\xe6\x0c\x87T\x16\
\x88\x14o\x0dXQ\xccFW\xe1c\x88\xb3v!\x1a\
\xc5\xe3\xbe\x88\xf26\xe5\x0a\x9a\x5c.\xda\xf8\x93\xc2\xa3\
!\x10`\xa1\xdf9\xedt,+\x0ap\xc5U\x81G\
6%\xb3J]\x11\xaa\xdf\x94\xc2\x22\xa9\xec\xc3\x07c\
\xf9\x14]P\x8dM\xd2\xa6\x9c\xf1\x97\xea\xff\x00\xcds\
S\x9d\x89\xd3\xf9\xb6\x08\x00\x91C\xcb:\xf3\x01\xc97\
J\x22\xea)X\x94\xa3\x92\x14f\xdb\x96y\xa5\xd2\x1a\
 \x08\xca\xd7a2\x112n\x1fI\xa6F\xc4\xad\xee\
a\x82\xb7F\xa7\x98\x13\x84\x1d\x13js\xc7\x0f\xf0\x82\
{\xcb\xa2N\x94\xbbnT\x88jsp\x9fU\x224\
\xaeyS\x92s\xc6a\xc9\x99\x10u\xd8\xa7\x0c&\x0f\
\xe6\xe5\xd4\xe7E9r\xa7\x93\x08\xa9\x18\x08\xc3^\xb7\
\xce]\xbd XP_Jv\xb9\x02\x84B\x8eX\x0a\
\x13\xa3l\xaeh\xc0:\xe4\x147\x04N#'0\xba\
y\x02+*\xc9\xb8\x9c\x04\xc2\xb5n\x17\x10\x86\xa9\xd1\
4\xd2\xf6\xf1\x8c.\xd7\xf0\xa3C\xea\x01\xf4\x84\x98\x8d\
\xbd\x03N\xce\xd19\xb8}\x8f\xe6'\xf2M\x90F\xe0\
\xad\x1f\x8c\xd7\x96y\xf1E\x080\xa0\xd8\xb9\xe1m\x90\
\x05\x86\xe9S\xd7 $L\x1dnm\x0dr\xd9\x9e \
\xad]\x89\xd2\x04\x5c5\xaa+k\xdcg1\x11\xaeS\
\xdb\x98\x0a'#Y\x89\xd0\x11\x10\x8f\x1f\xbf&)3\
\xeaOl\xc0J{KM}#\x1d\x06\xa2GD\xe6\
\xf42?!>\xack\xea\x00\x92\x8f(d\x1e\x80 \
\x11\xc8\x07\x12sz\x5c\x14\x5cQ\xe4\x86\x82\xd2f\xbe\
\xa4\xfe\xde\x80\x184N\xeb\xe8\xb6\xbcs\x1e\xdc&.\
\x85\x87&)\xfa\xe4\x9fJ\x1d\x09\xd0j>\xdf\x97\x94\
yl\xc3'\x14\xc27G\xa5\xd3\xdf\x923\x1c\xc5\xb1\
\x1c\xb9\xbaT\xa9F/\x17\x12\x9d\xa6y\xbd\xcd-\xd7\
\xdf\x92\xddd\xe8\x9d\xaf6k\xc9\xde\x9c\xa0a\x1f\xc8\
c$#\xc8\x1e\x83_\xc8\x0f(k^@\xb8W~\
X\xc8\xd1\x88\x81\xd5\x1a\x1c\xf1L\xc3\xaa:\xe7\x19\xc6\
AtS)\xa9\x93\xaf\xa0\x19A\x83w\xb6]\xbf\x22\
lO\x16\x9c\x99\xa5\x7f!\x19HXxg\xf3\x93_\
Q\x06'l\x81\x1eN\xd9\x1aH4\xc85G\xb6Q\
x\x13\x9e\x14zxn\x0dj\x8eL'\x0c\xed\xfe\xd6\
\x1ar\x08\xbe\x11\xff\x00b\x03\x06Q\xd7 \xbbk\xc0\
\x94z\x0d=\x11\xd30\x125\xe4\x8e\xbd\x13^[=\
\xd13\xce:\xf2\xcbb\xf7\x1cG\x9245\xf5\x06\xbb\
\x01\xf9\x94s\xe1\x11\xe8\xc1\xe5\xc7\xe5\xb2D\xa1T\x0e\
\x16\x96\xd2\xba\x9fI\xb7$\xf6\xcaiNf\x13\x86v\
\xbc\x92My\x87\xd4\xb9\xd8\x8c\x94y\x94\x8e\xfe\xa5\xad\
\x96\x93:z\xa9R\xa7\x9b\x17\x1c\x80\xc1Dn4\xf4\
\xc7\xd6k\xe8~\x9f\xfc\xdf\xc7\xa1\x02M\x04\xa0\xd4k\
\xc9c\xb0\xe8\x9c\xecQL\xad\xeb\xd3\x9b\x8b\xd1\xb4\xc1\
\x94\xe3&yG\xf3\xac&'oM+^{L(\
\xe9\xf9\x00\xe6E\xc7_F('\xec\x89\x93~\xdc\xe6\
\xeb\xac\x22o\xdf\x904\x8c\xae\xa5>\xfc\xbd\x10\xa7\xaf\
w$j\xa3tj\x7f\xd80\x80C$(S\xcb7\
1\xd8J-\xdf\xf6\xfc\xfc\x0d\xce\x88\xd4\xe4\x11\xbeS\
\xc9\xd0w\xc8\xe39Z\xd2\xe1A\xa6N\x1c\x1a\xf1^\
\xce\xa7A\xc8v\xb9\x0du\xf5\x87\xd7\x84}\x0c\xd22\
\x1fM\xb5\xc0(\xe5\x149D^\x11\x0a=h\xf5\xe0\
}\x913\xe8\x85+\x93c| &\xe9\x8c\xb1I\xb9\
\xdc 7\xe4\xa1\xaacA\x06\xa0B9\x02\xb4~=\
\x7f5tm\xcb\xdb\xf2\xd1\xea\x83\xba\xfc\x22'\xb7\xaa\
\x8b\xc7\xae\x02J'\xa6\x9e\x80F\x17I\xae\xdd\xefq\
\x9c\x8dV\x8d\x0d13\xdd\x04\xec\x22#'T\xc3\x1d\
>rY\x8a\xc9\xd0U\x1a\x999b\x99\xac\xcbA\xe2\
\x12\x11\xcbH\xef\xcf\x06\x86\x9e\x9c\xeb\xe8B\xdb>\xdf\
\x98\xba&\x9as\xda\xeaav\x89\xec\xf3\x08\xc2\x06-\
}\xfdD\xdeo\x9fV\x04\xe8\x8fA\xe8\xcd\x07:/\
w\x0bCw\xd4\xf2H\x8b\xc5\x0eX\xa4\xfe@3\x9d\
\x07\xa2\x1ad\x8b\x8dn\x1e\x91\xcd-0y\xe1\x0b\xcf\
\xa9\xb3p\x14:'7\x1bF*?\xafTD\x187\
\x1b\x85\xe7\x92o\x8c\xa2\xe8Z!\xaf\xab<\x227\xdf\
\xd1\x8aW\x98#{\x82v\x18\xe1\xba\xc8\x0a\x97h*\
\x89\xc4d\xeaT_<9\x1a\xad[\x85\xd0\x0c\xf2q\
p\xe9^\xbe\x88a\xc0z\xa3S\xe8\xc6\x87\xef\xces\
p\xea\xa9\x1d\xf2\x11J|_7c\xe0-\xdb\x929\
#\xd1\x8c\x87\xd5YZG\x0b\xe7\x0a\xc1\x8b\xeb\x9cG\
\xe9\xca/\x17\xc6s\xcbo\xa9\xfa\x07\xf9\x7f\x1e\x8e=\
\x0c\xd2\x13\xb8l\xc3w<F\xe2I\x897S\x0e\x95\
@#~\x86\x85H\xf9\xe5\x1b\x8f\xae\xda.\xda\xf6\x98\
p;\x22 \x91\xd3\x95\xb6Q\xad\xed\xe8\x8e\xbf\x94\x8f\
L2\x0dk\x96\xc9\xe2\xa1\xfa\x7f\x0a\xd4M\x0cvN\
ii\x87\x04E\xd1\x94\x0b\x8e\xb7i\x9e\xb9\x00\xe7\x8e\
kD\x0cG\xe0#S^F\x80\x88\x1e\x89\x81\xb0q\
r\xacY\x89\xd5\xfaEJq\xc4\xe2N\xe8dc\xcb\
t\xe5\xc7+o_\xb2~\x8dwQ\xca\x0a&\xe03\
\x0a\x83(\xeb\xe9\xa6\x9f\x95\x0eC\x1fL.\xd19\xa0\
\xb6\x1f\x11\xab\x5c\x9c\xd2\xddTRQ\xca\xd2\x88\xbbt\
\xe1\xc8\x0aPG\xd0\xeft\xd6\x8b[\xc9\x9c\x8cm1\
;\xe9\x1f\xbay$\xc9\xfc\x8c\x8c&\xb7?\x82\xc47\
wT\xfa=\x0f0\xfa\xc6\xd6\xc5\xc3\xa1\xc5\x98#\xad\
\xd1\xca\x06\x11\xfc\x9c~D\xc7\x0c%\xaeNh\xfa_\
^\x8eV\x8c,0S\xb2\xb8AA\xd4\xb9\x97\x10\x88\
\xc8\x1c\xa9y(-\xb2m\x98k\x5c\x92\xa5j\x85\xc1\
MQ\x84P\xb9\x8d\xc5\xd9\xa3R\x9e\xec]\x9a4\x1f\
\x91\xe9w\x86f7\x80~\x91Ul\xecv\x84\xfam\
\xbdTp\xcf.\xc3\xfb\x80\x1d\xe8\x9c\xdc&\x0eX\xa4\
\xed\xcef\xbf\xfa\xa2>\xdf\x9c\xed\xe8,\x9f'\x0b\xfe\
\x9e\xea\xd4\x80\xd2\xdbJ\x9e\xdb\xabMz\xa0:\xdc\xe6\
\xe17<R\xf6\x88\x17\xbb1QK\x81\xe4\x8c\xa7\x90\
.\x09\x8d.t\x05h\xe1\x18Y\xf4\x8f\xdf\x94\x013\
\xdb\x94=\x17\xf6\xec?\xc9\xff\x00\xc6p\x14\x0c:\xd7\
\x9ay\x87\xd0\xba6Zrw^.\x1c\xe6\xb9\xbf\x88\
gs\x0bEF\xbc\xdf\xc3\xca\x8b\xa9\xd3\xd1\x1c\xdb^\
=P\xe4\x97\x92T\x90\x0bo7\x03\xad\xf2T\x94r\
\x05\x12\xa2\xa9\xcd\x0dotQ\xb8\xe9)\x9c\xc2\x11\x0a\
PT\x94FV\x89\x805O\xe0o\x96\xdf\xfa\x8f\xab\
\x02\x86\xbc\xbb\x16br\xb6v'\xfaA\xaf&9\xd1\
\xc8$\x93&\xbe\x84\x99\xe6\x84\xe1\xc8\xdf)\xad\xd3K\
\x88\xe5m\x96/7\xe8\xa5\x1eX\xca}\x03\xae\x89\xd1\
}3q\xb8\x02.\x02y\x03T\xda6\xb5r&\xe8\
E\xa8\x84(S+q\xe4;D.v\xb9\xd8\xec&\
\x9b\xa3\xfd\x06\xd3\xfb\xa7\xf6R\xa5\x0fPbi\xa7,\
\x04?\xa7c\xdc\xfaQ\xa1D#x\xfc\x90\x22\xd3\xae\
\xdc\x91N[#t\xe1\x07\x9aD^z\xef\xcd\x1a\xdc\
g \xb8\xa0\x14_\x1e\x88wG\x94\xf1p\x19I\x9b\
\x81\x81MTe\x1a \xd9\x09\xad\x8c\xd8x\x96\x14\xd1\
\x1c\xa7\xdd4\xbcea,\x83\x15\xd4'\x9cWaX\
P\xfc\x8b\xc2\xd9\xe2\x7f`\xbc[\x84\xc0\xdb1\x8d\xb9\
\xff\x00\x84}\xd0\xfe9C\x97\xed\xcf\x02r\xca<\x90\
by\x7fS}\x06\xa2\xf8\xe5\x83s\xb4CE\x14@\
~H\xe1+\x0e\xa8v\xd5n\x9a\xc1'\x11\xb8'\xd2\
\xed\x93j\xd5\x86\x88\xd9\xd5\x06\xea\xa1{&W\xd1\xbb\
E\x17\x0b\xc2\xddl\x8d\x9b\x85\x9e/\xc31x\xd7\xd1\
\x81:^9\xf6v\x81\x96]\xd3\x8c\xfaW\xfdQ\xd2\
\x8b\xf0\xfe\xd9\xf6\xf5CZ\xa3\xad4\xba\xcd\xc5\x95\x08\
\xfaV\xb2ZOD[{uOl\x1e\xdc\x9c<2\
\xa3+\xb5\xbf\xf9\xcd\xb5\xdb^\x1bs\xb4\xb9\x97}^\
\x90s1k\x09\xce\x95\x8a\x17t\x5c\xb7Sx\x02`\
\x9dQu\x22\xe1\xaa\xc4\xb1\x5cu@\xf6X?J\x88\
\xf4\x90\x8bj\xa0\xa8\xe8V\xb9'@M/g\xad\x1c\
\xae\x9c\xf8\xc8\xcf\xa8\x5c\xed\x18;NQ\xeb\x9a\xdcF\
\x11\x10}(Sy\xba\xcc\xed\xf0\x9c!\xc4\x1eHV\
\x8e\xc6\xe9(\xb8\x0b\xb1\x0b\xa16\x16\xaeG\x5c\xa0\xd1\
M\x11F\xe6\x5c\xed\x13uP\x9cz,HO[\xe2\
y\x9e\xdc\xe7\x9c\x82\xed\xae5\xcc.\x98X\xd4\xa0\x9a\
\xa79\xbao\xd0\xac\x5c2\x85B\x9a\xc5\xc4\xc2\x15F\
vX\xa4&\xea\x9ev\xbfl\xcc\x9fT9\x04\x16\x98\
:\xa3\xce\x8eK~\x87\x1f\x85\x12\xe5o\xfd\xd3\x1e\xb6\
)q\xad\xf4\xc3\xddi\xea\xa2\xe6\xd0\xcap\x9b0r\
\xb2+'3\xe8\xb1\x12a\x01U\xe5\xddh7@\xc2\
\x89\xaa\x0d\x94hV\x12\xb0\x95\x12\xe8Z\x14\x7fk\x82\
\xd4\x98M\x10\x13\xb4M\x12\x9d\xd0j\xb0\xd2\x89\x82=\
s\xa4Vn\x0b\xfe\x99T\xd7t\xe3(\x04{\x84\xd0\
5\x9a'\x19\x1f\xe2\x9c\x10mc\xe4\xe4\x95\xb5\xcd\xd5\
L\xe8\x9aSu\xceT\xdc.p\x94\xea\x14\xd7\xe8\x16\
.%$\x14\xe7J\x0e\x85[\x89\x9a\xe5\xdb RV\
./U\xb6P(O\xa1\x9aG%\xf4\xb2`\xeb^\
dr6\xbf\xe99\xe35\x91\x00\xf1\x09G!\x10}\
'\x96pb\xca\xd3\xa8\xd8\xa7\x8a\xd3L\xd4\x9aep\
;!\xa5o{{\xa0\xd8\xee\x9fM\x0am\x5cQ\x98\
\x9f\xc2\xa4\x10\x83\xa1NV\x81\xb5\xec\xa1M\xeaw\xce\
=\x0c\xa9G9\x11\x04\xae\x1dT\x92(\x13\xc1]\x97\
\xce\x8a\x88\x16\x86\x04\xe0\x056N8\x93]\x84i\x5c\
\xe1hP\xbaPr\xc4\x85ou\xe0\xa9Aa\xe2\x94\
[\xdaJ\xc3Z,1\xaasb.osub\xf1\
\xadQi\x1a\x82\x10\xd5mx\x8d\xd1\xd6\x88k\xf9\x10\
\x13\xa6y\xe7\xc4\x9a+o\xee\x11\xd2\x9f\x94\xe1\xa4\xe7\
\xddhro\xc8\x9a#\x95\xbct\xe7\xb8HA\xdat\
\x09\xfa\xab6\x99\x95\x12\xe2\x16\x02{\x22\xd34[\xdc\
\xd1%<a7Y\x1aE\xfb\xa6;\xf5 A\xd38\
\xef\xa78\xe4\x05Nr\xd9*\x13\xf4\x9c\x82.(\x0a\
\xc7$d\x94\xc7\x5cQ\xcb(98\xa0T\xdc\xe6L\
\xa7\x80\xd0\x10\xd6\x88\xa0&\xbb\x22!\x05ih\xebJ\
\xbc\xc9\xb8\xefq\x89\xba\x09\xd1M\x16#\xb2\xda\xf1C\
\xcd\xd9\x01?\x92\xf8f\xcb\xe7\xa2}^\x7f\x22\x8c\xee\
8\x8c\x9fT\x0c+J\xd7S\xbejG~A\x0e\xed\
\x08\xb3\xba\xf2\xc2\xd0&\x12\xe7vNp\x0b\x19!u\
\x9dQ\x04\x09Ld+a\xa2h/Ua\xee\x8b\xc1\
mT\xe9CE\xa1RH\x85c\xa1\xe4\x0a\xd3\xec\xa3\
\xef\xcbw )\x0aP9!Z\x9c0\x1a*\x80.\
\x94\xd6ap\xc7\xa2?Q\x08\x0a\xeb\xcb\x17oxA\
\x0e\xe9\xed\xb8\x22\xc5\x08\x22\x80P\x83n\x85i\xedE\
h\x03h\xb5+CD\xd6\xe2\xb3y\xfd5Ml\xcf\
doi\xc3T\xe7b@\xc2o\xd4\x0cj\x8e\xbd\xd3\
OM\xd5\x9c\xc5r\xc5=\x10\xf5\xfe\x1c\xe1c\x8a:\
\xfeo\xb7(\xde\xdf\xe19\xb1\xeco\x1c\xd7\xb7\x12\x88\
\xa3E\x11g\x15\x08M`jkX\xe1E\x86\x91|\
'48U>\xcc\xb7\xd91\xd8S\xcc\xbaQ\xb2\xaf\
\x0ac0\x8eN\xa3\xb8\xe5Bw$\x15\x89bA\xc8\
V\xfbGq\x905F\xa6wN/\xc3Z&\xea\x8c\
l\x8e\xb4\xd3\x9an\x1a)\x82\x83\x90\xaa\x00\x10\xb0\xdd\
\x85aN\xfa\x90j\x84\x01\xba\xd1\xf8t\x12\xbc\xc6\xb8\
\x10h\x88\x18&j\x10c\x88\xa0Nc\x9b\xf5\x08@\
\x13\xa2\xb1\xfaLj\x8e\xa59\xb11q\x1a\xadf4\
\xb9\x94\x01@E\x8e\xc7A\x015\xb8D\x7f\xb2\xc0\xf4\
\x91\xeb\x020G\xf1\xe8pk;\xa3g\xc6\x08\xba\xc9\
\x98g=\xa6\x0f\xc3u\x9c;\x8b~Y\xad~\xe9\xcd\
3\xd9h\xb1)R.%J\x94\xe3<\xd6:\x164\
m\xfa'?\x0b\xc9\x1b\xdc* \xabL-h\x03^\
p\xbc(A\x13HL|Ph\x9a\xe9\xbe'Tl\
\xc2.\xc1\xddZZb\x85\x8d\xb4\xa8\xad\xcecg\x11\
\xa7TP\xb3t\x02\x02\xf0\xd6;/\x11\x84Y\xf9p\
\x0a\x0d\x01\xcf\xd6\x11\x10\xf7\x00b\xe6@\x07\xaa\xb3\x02\
S\x87\x14M\xfa\xc0\xe8\xac\x9c\x08\xa24\xd5y\x82}\
De\x02\x87!\xf4;~Z\xc6\xe2)\xcc\x83\x1e\xb0\
\x22)?|\x9be\xf6\xf4\x05\xb3B\xadX\xc6\x0d.\
\xb28\x98)td\x95*W\xb2\x95\x89\x13qM\xef\
\xac\xdc\xd4PEE\xd0\xb0\xac9B\x15\xbeT\xa2\x86\
\xa9\xc2\xba!L\x9besKu\xe5\x14\x11@\xa6\xf5\
Vos\x80\xa6G\x10\xdf\xa4\x8371\xd8]0\x17\
\xd4\xde\x14m8J\xd5y\xdc<#M\xd3\x0e\x0b\x10\
b\x1cS\xcc\xdd\xe2h\xf0z\x84\xe6q\xe1\x15V\xbc\
<'\xdeV\x88\x80G\x02\x91J\x5c\xc3\x05L\x83]\
/d\xa0\x1d\xd6\x9e\x90\xe8\x85\xa3o\x8b\x8b\xcfD\x1f\
D\xdd?+:'<\xcd\x1cP\xb4wUf\xecc\
1t\x18\xd4\xf3A\x84M\xf1\xe8\xe2\x93\x9f\xf0\xce\xfa\
\x14D\x1fN\xea6\x82Sm\x8f\xe2\x84\xf7\x97\x19V\
\x91\x8a\x82\x15\x83\x87\x97U\x89b\xeb{\xa3\xaa\xa2\xa5\
\xf8V\x14ZB-\x22\xed\xd7\xc5\xe2\x83\x5c\x82\x9b&\
\xd4\xa74\x15\x01@\xbb\x05\x13\xfaJ\x15\xa0\xd1GE\
\x80\xaabQ;\x14E(\x13M*\xa6\xb2\xa4t\xa2\
>\xd7\x8c\x8e\xec\xa7\xaa4(\xdc2\x84P\xbd\xad-\
5\x9c&\x8a\xc9\xb8l\xda\x16#\x88\x89\xa2$\xca\xc4\
V\x97\xb1\xc4\x19\x0a\xd1\xc4\x0e&\x00Mn\xb3\x11\xfd\
9\xe2'\xfe\xca\xd1\xf8\xf4\xd3di\xd54\x87h\xbc\
^\x8dV\x07\x0b\x89=\x13\xdc\x1c\xf9\xa9\xed\x08\xbc\x96\
\x1c-\xe1L\x920\x83\xf0\x9c\x22F\xe2\xe8\xe2\x84\xdf\
,?\x87R\x8d\x8b\x09\xe8\xbc\xa1\xb2\x0d\x8eA\xe5\xda\
;\x0a\xf3J..\xba\xc4\xc8\xb8\xd1Z8\xea\x9bT\
\xd6\x8c\x96\x8e\xc2\x99%\xa2u\xf41\xe9\x9c\xdcP6\
\xde\xfb'\xe0ut\xcbki\x82\x83\xeaVm\xc2\xda\
\xfdG\x5c\xb1\x9a)p\xb8\x0edr\x5cgk\x86Q\
B\x8bxc\xe4]\x14\xf4\xa4\xc1\x03\xaa\xf2\x07\x9b\xbe\
\x1dW\x92\xff\x002\x07\xddx\x86a33+\xc3\xbc\
4\xc1\xddGdB\xc2\xe5\x83\xba\xf2\xd7\x95\xddyk\
\xcbA\xb7B)\x90hf:\xabq\x03\x86\xe9\x9c\xd8\
z,%i|\xa0S]J\x15hi(\x15\x8aM\
S-i\xb2\xb7yp\xec\x85\xa4\xb0\xe2\xd5R.9\
\xf6\xcf\xaez\x7f\xedsAq\xe1\xd5\x0b^\x0c\x16\xa0\
\x83\xa4\xabV\xda\xbc\xcc\x10\xdd\x93M$\xea\xd2\xad%\
U\xc5\x11\x17\x84\xe33:\xa6\xfdB\x13[\xe5\xbc\xbc\
\xb8F\x94\xdd1\xed\xb3\xc6\xdd\x81E\xd28*\x99X\
^)\x90\xe9\xadni\x82\xbc1\x12\xed\x95\xa8s\xb0\
\xf9d{\xa6\xc8\xb4d\xc1t\xd5x\x869\xd8p\x8a\
\xf5Nc\xb1\xc3\xf5\xfeU\x95\xa3A\xe3\x1c]P\xae\
\x88\xdb4\x1d\x0ae\xa0~\x89\xc44IVo\x0f\x14\
\xf4\x0eN\x18\xb5\xfb\xa2\xc8Md\xaf(\xa60\xb4\xdd\
h\x11\xe8\xac\xe9\xa8\xa2\x02\x9a]\x88|'\xbf\x8b\x81\
\xc8\xb9\xc5\xe2kT\x5c\x1a\x99i\x88\xfeO\xe2\x19\x1c\
WX\x00q\xcfE\xe1\xa7\xcb\xaf\xc5\xc4\x80*\xad-\
\xff\x00G\xdd1\xd8L\xc4\x94<A\xdc\x04\xdf\x10\xd3\
\xad\x10\xae\x9f\x90\x9a\xe7:\xdc\xde\x9b\xec\x9d\xd7oG\
o!\xd4%2\xdb\xf5}\xf2\xf8\xcf\xc0\xac\xd8^`\
+1h\x08\x98\xc2?~A\x9d\x95{(\xebs\x86\
!\x09\xd6$VE\x13u\xa2h\xeb\x00\xaf\xf9\x98h\
\xb0\x22\xd8\xc8\x15\xab\xb0\xeb\xaai\xc4\x15\xa3\xbe\xe8\x98\
\xac\xc8E\xc8<\xa7\x17N\xbfk\xbb\xee\x8b\xc3\xa0P\
u\x94\xe3'@=\x94\xd2\xfd\xaf1\xe8\xc2\xc7\x88\xfe\
\x90\x06\xcb\x1c}?\xba\xff\x00Pw_Qwp\xbc\
\xcd!a.&\xa8Y\xf0c\x05\x10\x5c1\x22\xa2\x92\
\x14\x7fOX=\x0d\xd8\xb8\x0b{\xcaf\x12\xff\x00\xea\
\x13\x09\x81\xad\xb3\x11\xf4\xa6\xb9\xb2t\x0d\xd9x\x8bI\
d-Z\x01\x14\x01=\x98Z\x1c>\x92\xac\xfe\xa5\xe5\
8\x8dS,\x83L\xee\x9d1D\xfb\x22b\x5c\xdcH\
}[\x1fu`\xfcC\x09\xd4l\xbc\x82N\xc1Y\xd8\
\x86\xfb\xabW\x0aWEa\x81\xa4q\x19\xe4\xda\x97\xe3\
\x01\xa9\xd6O\xd5X\xb4\x86\xd5H\x09\xee\x92\x83\x88V\
S\x15\xb8\xb5\x0b4\xd6a\xb8U9\xf8S\xadd \
\xe8*S\x1c\xe0\xe1\x08bw\xe3\xfd\xd6\x1e(\x91\xee\
\x8d\xcd\xa9\xe2\x98^\x1d\xa2g\xd1m\xe9m\xadq\x98\
\xfc7xv\x07\x93;mu\xad\xb6\x0a\x0f\xa98\x97\
\x199Z\xe2\xd3\xc2S<G\xeb\x1fd\xdbF\xbbG\
\x0fZ\x229\x9f\xc1DA\xe7:\x8d%6\xd1\xd3\xd5\
5\xedv\x86\xa8\xd0'\x92\x5c\xacX0\x99\xcb\xe3\x7f\
\x02\xf0\x9f\xdd\xf8\xe6\xdb;\x0e\x1a\xf0\xcdW\x88\xc33\
\x8a\xab\x01\x92\x0d\x1c\x9fO\xfd\x93\x1e[\xa2c\xdd\x8c\
\x99^cw\x0b\xcc\xafd\xc7\x83\xee\x85Q\xe3\x04'\
\x0cU(8\xb7\xe1b\x97ISy#\xf0\xfa\xad\xb9\
\x00\xc5\xc3\x89\xb4\xfa\x97\xb2\xc5\xdb\xdd[\x07n\x00\x02\
\x94\xbb\xcc\x9b\x1f,\x89\x8f\xa4\xf4\x5c1\xde\x17t\xc2\
\xd12\xd9\xa2\xf3m0N.\xda!i\xc7\x88Y\xcf\
Q\x0a\xd6\x1c\xe6\xc5\x01F<\xc7~\x95.\xa93\x0e\
\xfd\xd1\x1c\x0d#Uf\xcf\xa1\xe0\xd24E[ZC\
\xb8\x1c\xef\xfb'\xbf\x1e\xb0\xac\xdb/\xd2{&\xc9\xb6\
\xe8\xfd\x0a\x8b\x9f`\xd8%\xa2\xaa*\xac\xed\x1a\xf1C\
[\xad\x1e\x18*\x9a\xecZiy\x12\x10`\x8a\xd7\xdd\
Q\x07vNp\x8dQ7\xb3.\x06\xf4\x0b\xcb\x0b\xca\
gDl\xd8\xd10S\xe0\xbd\xdbd\xc2p\xce\xd7\xe8\
\xac\xd8\xf8\xfa\x90\x07\xac\xf2K\xe3PS^\x09\xc8L\
j\x8d\xa3Pp:\x14L\x0a\xe8\x9a\xe0\xed\x0f\xa3\xf1\
N\x86\xe1\xeb}\x93\xf0>S\xbcC\x8e\x80\x04L\xeb\
\x9d\x96%\xed\x96\x90\xbf\xd3;r\x10\xf0\xff\x00\xe6S\
\x18\x19\xa7\xef\xe9\x00\x93\x9bh\xe6\x85\xa8\xee9\x92:\
\xddl\xd2\xe1DZZ\xacA\xf3E\xce`q\xaa\x02\
\x06_\x18\xe0p\xc1^\x1c\x81l'E\xe6\xb0\x9dV\
&\xf5\x08<\x13L\xc5b\xea\xbc\xca\xe8\x85\xa2\xb4\xb5\
\xc5\xadk\xa2k\xab\xb2k\x81\x90\xed\x0a\xb5\xc3\x8b\x82\
c\xba\x1dU\x97\xd3\xdc\xa7YKdj\x85tE\xcb\
\xcc\xa4&Z`\xff\x00\xd1b\xd7\xba?\x95\x811\xfb\
\xa7\x0c.\xae\xc9\xd5q\x8a)\xc9\xb2\xb0\xb4\xf2\xcc\xa2\
X\xeby\x88b\x8b;KHg\x08\x01=\xaf{\xa2\
?u\xe4Z=\xff\x00\xd4\xd0\x04\xc6\xe1h\x01Z\xb3\
\xccl#b\xe1\xec\x85\x91\xf8N \x0a}M*\xc9\
\xac\xc2\x06\xa7TIeCx}\xd1\xb6\x12\x08#\x0a\
\xb7{\x9cp\xb4\xebHM\x8e,Z\xa6\xba\x0c\x81\xc5\
\xb2\xc4:\x8a+h<E\xd2\xac\x88d\x82\xea)\xa2\
/B\xe3j\xbc\xc2\x89\xbc!\x9e\xd0Kh\x89\xb5{\
t\x10z//\x0f\xd4E6N\xec.\xa4\x1e\xa9\xc7\
\xf0\xfe\x14\xedP\xa1M\xb1%\xc2M;!L\xa5\xd0\
\x85\xa3z\xacC\xa8\xbe\xd3\x10\x12\x99/\xa80wM\
\xd2\xf3\x07T\xfb:#\xc1\xb1B\xdbb\x16\x1f\xc5f\
\xa5\xfb\xbd\xa1\x07\x0e\xbe\x86\xd9\xd8\xed\x09\xe4Y\xf8\x7f\
\xd7\xf6A\x8dn\x80\x22\xd0u\x01[XEY\xf6V\
V\x86\xcc\xd16\xd9\x87|\xe4G\xab\xd2\xf8\xcd\xfce\
s\xb0\xaf\xf5\x03\xa2\xff\x00S\xfe+\xfdO\xf8\xaf\xf5\
=Bw\x88w\xe1\xfe\x11$\x9a\xdc\xdbG7BS\
-C\x8f\x10\x0a\x1b\x8adJk\x9a\xe3C\x90\xda\x04\
\xfbG~\x18F\xd5\xfdBy\x945M\xb2i^@\
\xee\xb0\xb5\x97\x97\xb4+[xa\x8dW\x9cI^k\
\xba\xa2J\x99 \xacY\xbc\xc4]\xd4\x92\xb1d\xd3O\
\xcdB\x0aW\x98\xff\x00,\x81\x10\xbc9v\x86!\xb4\
Ohx\x83\xa2\xb7\xb1\xf2\xb8\x99\xf4\xa78>\xc7\x1b\
\x8f\x16\xc2V\x0e*\x98\x1dV'\x0c)\xd6\xd8\xec\xc0\
\x04\x03p&5\xaa{\xfc\xc9.\xd7e\xba`\x1f\x85\
a\xdbQ\xac).l~\x94\xd7\xd0\xe9[\xb1\x14]\
\xc8n\x97b\xba2Z\xb7\x15\xae\xa2\x89\xcc\xa6!\xa2\
n\xa8\x88\x9a+\x06\x87\xba\xbb'}P\x9c#\xddx\
gK\x224\xcaD\xa2\xcf\xf3rx\xc1\xf8\xbft^\
\x08\xfa\x04\xf6@\xd6\xb2\xbc\xce\xc2\x15\x95\xab\x1bH!\
:\xd85\xc3\xa2> l\x17\x9e\xee\x8b\xccq\xea\xb1\
\xbb\xe5\x0bs\xb8N\x93\xbc#b\x99e\xfa\x8a\xf2\x87\
t\x1a\x06\x83\xd0x\x87\xe1\xb3\xeerx{6\xf9a\
\xc4I)\xde\x1d\x87J{/\x12\xd0\xcc8z/)\
\xb25\xaa\xb1cq8\x81\xa1\x819\x08\x9dQ\xb3c\
\xb5hM\xb3kth\xce}\x09p\x0b\xcd\x09\xae\x0e\
\xd3\xd0\xf6\xbc\xa3\xdd\xc4#.\x1a\x82\x8b\x1auF\xcc\
l\xe4l\x8a-\xc3\xa8)\xb6R\xad\x1a\xd6\x1e#\xfb\
!d\x1d\xf4\xb9\x7f\xa7\xee\xbc\x88\xac\xa7\xea\xa4\x82\xac\
\xfcA10\x8b\x9b\xd5\x11?K\x8a6$\xaf!\xc8\
Y\x13\xba\xb5n\x18\xad\xcd\x02(\x11\xf1$Z}0\
7\x09\x8e\x0ep\xa9\x94Z\x22IT4d\x9d\xd5\xb6\
)\xe1\x98\xea\xa6GuA\xad\xc7E\xec\x88\x8c\x87\xfd\
\x80\x09\xf8\xdd5\xd8U\x8b\xb12O\xf2\xad|F \
Z:\xeb\xd6\xecT\x1a\xa2fgS\x90-f\x9d\xee\
\x93\x225@\x80\xf3\xe6&\x91V\xf4R\x14\xb7\xf5\x04\
\xfa&\x99 B\x02\x16\x02\x9a\xd9LmQ\x02\x14\xb5\
\x0bP\xb1\x08\xa3\x82m\xc4\x86\xfdHWK\xdfd\x1c\
\xb0~\x1b3\xf4\xabI\x14xS\xc2\x17\x86\x02d\xeb\
\xb2\xf1\x11\x8c\x0e\xca\xce\xc3\x5cH;\x06&\x86h\x9b\
l\xd3\xad\x0eb\x01\xd4&\xb1\x9b\x04lD\xa7F\xd4\
\x8e\xf7M.i\x03TMT\xacHZ\x84\xcbDm\
\xa1\xc9\x96\xd8\x95=\x07\x89t\xdaGL\x9e\x0d\xdc%\
\xb7x\xcd\x1a\x83\xa7\x04\x09th\xac\xdb\x81\x80z=\
\xf9\x05\xcd\xea\xb1\x0e\xa88\x1d\x13\xc2t\x05=\x13m\
N\xe9\xae\xc5\x92\x06\x1e\xe8r\x8b\x80\xd4\xa9\xc4%>\
\xd9\xad1\xba\xb4\xf1\x14\xe1Nqy\xe2V\x5c.\x95\
\x00\xa8\x0a\x02\xb4\xb2\x0e \xee\x8b\xec\xec\xe9\xb8\xe8\xa5\
\xb6\xb4\x83\x09\x8eu\x9b\xa1\x95\x0a\xcc\xda8\xd4\x06\xb5\
ZF\x03(\xa8\xb8=\xc3B\x9bj\xe6\x94|Mt\
\xa2}\xb4\xcd!6\xd5\xc0\xcd\x15\xb5\xa1{@7\x0f\
\x13\x00Q8\xb5\xceqt\xd5X\xb85\xcd.\xfd\x95\
\xbb\xcb\x9cu\xc2\x9a\xec\x0c\xa5qk)\xf6\xa5\xd4\xda\
\xe0&\xe0\xa5I4G\xfd\x85\xba\x9a]glZ\xc2\
\xde\xabk\xa9\xed\xff\x00{\xe9\x8bxR\x9b\xaa\x9e\xd7\
\xe2\xa8(\x9a\xc8C\xfc\x96!\x11K\x81A\xdda\x1b\
Zh\x9bh\xb1\xff\x00\x8as\x89?IX\x5c\x7f\x0a\
\xc0QX\xa3E\xe7\xbd\x12\xe7\x1a\xab;W4!m\
\xd9y\xbf\xe2\xbc\xc3\xd1?\x8dyri?*\xd5\x81\
\xa0EL\xea\xac0y`\x98\x95-\xf3\xdeL\x10\xbc\
\xd2I\x91E\xe6\x05k\x85\xfb\xa6\xda@\x85\xe6\x84\xc7\
\xc9E\xc0jS\xad\x04Qy\x85y\xa5<\x97\x1dS\
\x85z\xa0\xd9B\xc4\xc2{0\xac+\x09Q|\xa1\x84\
\xea\xb0\xb55\xa3\xaa\xc7\x1a!]J\x9ee\xb3\xb0Y\
\x93\x96\xc9\xf8\x1e\x0f\xde\xef\x18?\xa5\xf2\xbc'\xfd\xb9\
\x96\x8f\xa5\x17\x98{\xa1lSm\xa7Qp'\x8a\x9a\
&\xda\x02\xd9\xd3\xb2/h\xddZx\x92~\x85el\
\xecC\x16\x978\xc2\x0f\x17HN\xd58\x02\xa1\x09\xe8\
\x9d7GEf\xccK\x04\x19\xc9\x19M\xab+]5\
Vv\x82\xd0H\x0e\xf9\x09\xee\x0d\x15F\xd8O\xd5\x08\
\xf8\x8c'\x87\x8c'\xdb\xcfd\xe7N\xe4\xa6\xb5\xc7\xe9\
(\xd8=\xbfTU\x1b\x17D\xc5\x15\x93q<4\xf7\
G\xc3\xc7\xe2\xa22\x00\xd1\x0a4\xe3)\x96\xec\xdd\xb8\
P\xb4c\xb4pV\xf6vQ\x8f\xf8Vtp?K\
\x11\x83\xa6\x85a-\xc5\x1auN\x05\xedV\x80Y\x11\
\x8a\xbe\xcb\x10#\xa2=\xd1\x1eY\x87\xac\x04\x98jp\
\xc3\xae\xb7\x9ee0\xf7\xff\x00bO\xa4\x94\xd2\xdc\x15\
5X\xa55\xcd\x81\x22J\x16\xd4\x22\xa0\xfb\xacO'\
\xeb*K\x1d\xf5\x95i\xe21\x08\x85(!m\xb6\x11\
\x08Z\x99\xd9\x7f\xa8\xe8\x02\xff\x00P7j\xc4\xd7\x22\
\x07U\x85`\xee\xbc\x93\xd5ZY\x96\x1e\xc9\xba\xe5f\
\x02\x88`\xd9\x1bF\xaf0o*Y:\x15\xc3\xf8\x7f\
t~\x13Z\xd3\xa9A\x9d.\xa2\xc2:\x5cKGI\
Ns}\xd1hv\x94M\xb2g\xe2\x99^[\x7f\x04\
\x22\x14 \x0a\x88\xd5\x0e\xc9\x937oq\x19\xc8\x91U\
k\xe1\x88\xab4\xe9\x96\xc3\xfb,\x9e\x8b\xc5\x7fa\xcb\
\xc1\x7fg\xe6\xf8\xb9\xd4N\xb4\x84m\xca\xf3OU\xe6\
\x94-\x13\xad1\x0d.\x95+\x10F\xd9\xd1\xaa.s\
\xa2\xa6\x88\xe2s\xa65N\x052\xc8\x9d\x97\x92\xf1\xb2\
\x9e\x0a\x82\xb1N\xd7a%\x18\x1b\xaa\xf5M\xae\xe1y\
\x98\x1fQ>\xcb\xcda\x14zq\xb9\x81YF\x9b\xdc\
\xc2\x1e$+G\x86\x09*\xce\xdd\xae\x8e\xae:tV\
\xef\xf2\xd9:!\xe2XY\x22'\xa1L\xf1\x16\x98\xf6\
\xaaw\x89p\xa1d\x15kkm\xbb\xa3\xd9b|\xcf\
\x14\xab+aSh\xf7\xab{f\xb9\xdc \xfb\xa0\xac\
\xec\xb16a\x1f\x0e0\xce!\xdd\x1c#\xa2\xf3E\x9f\
\xf6\x83P\xf1.\xc5\x8b}\x93\xed\x1c\xef\xc4~\xe9\xb6\
\xeef(\xc3]\xe1\x1bw\xc4Q3\x1b\x85\x1c~\xe9\
\xf6\x8fp\xe2{`\xec\x17\x96`A\xd52\xc0\x87\x7f\
S\xe9N\x18\x0d\x0c\xb0\xa1j|\xb2\xddGug\xe2\
Z\xe1\xc5B\x9a\xef5\xd3\xf8F\x81Za\xc7\x84\xb8\
\xfb\xca\xfe\xe4\xe8]\xfa\x8ac\xc3l\xcbK\x88\x8e\x9b\
\xacu\x9a\x1ft\xdbo\xe9\xb9\x8e\x126@\xe1\xa4\xd3\
\x97\xf8G|\x84G\xfb`#|\xe5kI\x09\xad=\
\x11i\x0eMi^C\x96\x08AbwT\x1e\xe0\xbc\
\xe3\xd0#j\xe4\xe7N\xba\xa6\xe9\x91\xae\x8d\xe1bo\
\xea\xfd\x93\xcbN\xf9I\x80\x85\xa5k\xa2\xf3z,b\
\x11-v\xeb\xd8\xc2\x0e1\x04\x84\xf0\x8d\xec+Z\xa2\
\xf24l\xa9\xb4\x9cQ\xc2\x9c\xf0\x9a\x5cOD\xf7+\
\x17>5\xa7u\x05\xca\x1c\xdd9\x1d.\xf1\xbf\xdf>\
\xc9\x8d\x96Z\x1e\x82\xeb;&5\xa2\x1a\x13\xf4^/\
\xfb\x0f_\xf0\xff\x00\xa1\xfe\xeb{\xf1{\xa9\xc4\x13\xec\
\xf8S\x98B\x8b\xa50+^\x92\x8eK7\x00k*\
\xcf\xc4b\xfe\xee\x8a\xd3\xc4\x0d,\xc0\x03\xd93\xc4a\
\x1fJu\xa6+\x19\x0f\x0cr\xf3\x1d\xff\x00\xea\x97|\
#.\xdc\xaf\xa7\xaa\xc5[\x9b\xaas\xb0\xfe\x04mK\
\x84 \xe9\xd46\x13\xac\x83l\xe7\x8c\x9e\xab\x17`\x8d\
\xa3\xcd%3\x1b]\x88/:\xd6\xa7\x1am\xab\xda\xe9\
\x0e2\xadm|\xc6\xd4\x0c[\xaf\x05\x84Z\x0cF\x07\
\xfd\xd7\x8e\x1f\xd3'\x15\x06\xd70\xe1p#\xddN6\
N7\xfc\xa7\x06\xe1\xd5k\xee\xb0\x9deCQ\x14\x90\
\x83\xa0P\xa6\xb8\xf5V\x8e/v\x22sM\xe1\xc4h\
aM\xec{k!=\xe5\xda\x99S\xe8\x5c0\xb8\x8f\
\xc8\xa2\x93\xf9\xf0\xb4-d\x0571\xc3\xd9\xdb\x10\x85\
\xb1l\xf7\xaa/q3)\x96\xc4j\x85\xb7\xb2u\xa5\
h\x9c\xf7,t\xaeG\xe8\x9b\xa5\xc2\xe2\xb1*\x150\
\xb1 \x81N\xbc\x15\x89bX\xd3\x1c\xd7\x08\x94\xe2#\
#m+\xa2\x0f\x07ek\x85\xc3U\xe5wL\x966\
\x03\x0b\x93\xb1\x1f\xf9m\x1e\xe50\x88\x87\x86\xb7\xd9\xcb\
\xcc\x0d\xe8~S\xad\xad\x09\xa6\x10>\xe8[?r\xc0\
\x8d\xa6?\xf2\xec\x84\xe3\x8f\xea\xe8\xb1a\xa1\xf3\xbe\xe9\
\x84G\xd4\xef\xfa\x91}$T{!Q#Eoo\
\xe5\x9c1&eY\xdac4\x05x\xc86\xe6\x13\x1c\
\x05\x85\xa0\xdd\xc9\x83\x13\xda:\x94\xef\xe9\x99\xfc\x1b\xf6\
F\xd4\x17G\xf9\x05l\xef\xfe\x98\xf7\xfeW\x85\xb4\x16\
x\x89\x04\xe8\xb1b`s}\xd1\xb6c\x1d\x0eue\
\x1c:\xea\x111\x00\xeaQj\x01R\x92\xb01\x1b\x15\
\x866L\xb1\x9dO\xd9?\xc3Y\x86\x13U\x85\x84R\
A\xf6^\x16\xc9\xb6\xc1\xf2x\x95\xa7\x85`\x01\xa3\xea\
(\xf8(l\x97\x80\x8bx\xa9U\x15\xaa\x0dMm\x99\
\xd1\xd5\x1f\x85\x1b^\xe5q\x15=\xee\x12\x0amV\x12\
E\x08B\xc09\x8d\xc6\xe2W\x97\xe1\x99h\x1a\xe6\xd5\
\xddW\x82\x00\xd9N\x00\x0c\x9d\x95\xa5\x98x\xa9O\xb2\
\xb0\xb3\xfa\xed*\x9c\xf8\x7f\x0cQZ?\x14R\xf6\x09\
\xda\xaa\x18\xd6\xd2J\xb4\xc3\xf8A\xbd\xcfs\xb5\xb8\x18\
D\xa9\xb9\xd7\x05<\xf3\xf9\x96\xca)\xfe\xc8i\xeaV\
%\x1c2\x9ch\xb1\x88Nt\xa0{UI\xe8\xa7\x10\
C\x89a\xbanf\xab\x0au\x0ah\x95\x87(\xaa\xa8\
S\xa4\x95\x895\xc1\x1bn\xca\xce\xd3\xff\x00\x90\x85\xa0\
\xdc&\x10E.\x80v\x0b\x03'\xe9\x081\xa0\xd1\xa1\
9\x90\xe9\x0d\x05\x1dh\x02u\xa5\x9c\xd5\xd1\x22\x89\xb6\
\x92\xdf\xf2\xe8\x9dn<\xbcC]\x17\x9c\xe6}m\x9a\
N uM\xf1\x10\xf1\x07\x83X\xe8\xadmq:\x9a\
R\x167~\xa4\xe31\xec\x86\x87\xd90\xe1p+\xce\
\xe08\x06\xdcK\x11\xa8\xc4S\x886`\x07k\xaf\xfe\
\x8a\xc8\x80\xea\x80P\xb5{[6\x93\x84\xe9\x86\x8a\x05\
\xa5\xa0m\xa1\x8a\xd59\xe2\xce\xc4\xb6\xc9\xd3\x1f\xb2\xb4\
\xb6\xc5VI\x11\xc5\xd92\xdf\x0d\xa5~\xcb\xc5Z\x0c\
M\x87\x09\xdf\xb2\xc6\xd7\x0bG\xe2\x1fJ\x16\x8c{\x98\
\x1b<KW@\xf9^&\xd3\xca-\xa4\xcac\xf1\xf1\
\xd8\x8a\x8dGT\x1e-l\xf8x\xbb'\x0a\x01<\x1b\
\xb8\x0aJ\xb1\x7f\x1b1\x93M +Kgb\x07i\
\xd8\xd1x\x8bv\xb4\x80\x0f\xf57M\x0d\x8e\x17\x97\x81\
\xfa\x8c\x04\xf6\x7f\xf5Me\xa1\x07\x16\xb1\xa0V~\x19\
\xb8\xe0\xff\x00*\xd1\x96Va\xd8\xc9\x0c\xe9:\xab+\
\x16\xda\xda;\x0f\x0bF\xb2\x88hw\x01w\x931\x89\
x\x86\x0b7\x81g\x04\x1d:\xa6\x8c6m{fw\
X\xa2\xd89\xb0\xad\xcbC%\xb6\x8d\xed\xddbi\xfa\
\x81\x1e\xc9\xb6\xe1\xaed\xce\x125pO\xf2\xfcKj\
Geikm\x85\xa2LuC\xc4Z\x09\x05\xe5L\
\xea\xa7\xb2\xf7P\xa3\x86z\xad\xd64\xe2o\xc5\xfe\xcb\
\x06\x0f\xfb\x13n\xf9g\xec\xb1\x1c\xb2b&\x88j\xb8\
c\xba\xc7D \xf5N\xd6\xe2#T\x1d\x08\xbaP*\
Q\xcd\x88\xc4l\xac[2\xad!\x8c\xa4GT\xf7\xc8\
\x10\x15\x8bq\xa7\xb8\xb5\xd1\x88\xc7Uf\x0cpZ\xc8\
\xf6F\xdaN\xbc:\xc8X\xd8\xd6O\x1fm\xa52\xd6\
\xa0\xc9\x91\xb1V^+\x08\xe3\x93\xf2\xad|K\xbc\xcf\
\xe9\x9a+_\x11\xf4\x91B\x9eq:\xa8:\x19\x1b\xa1\
hBu\xbb\x9c\x04\xc5\x0c\xe9uM\xd3L\xe2\x0f\xd4\
M\xec\xb4\x81Ju\x8d\xd4\xc6\x8b\x14Y\x91^*\xca\
6\x84\x87i\xc5\xad\x15\x8d\xaf\x94\xe9\x89v\x81\x0f\x14\
p\x9f\xd9=\xee\x7f\xd4e1\xf0F\x10\x10y`v\
\x07Q\xf4\x94O\x16\x9e\xc3X\xb8\xb8\x02c\x88Bg\
\x15\x9b\x9d\x1fOZ\xa6\xdb\x11_\xc7\xb1\xe8\xaa\xfb^\
.3\xd8\xa7\xf0\xfe,%\xbaH\xe2C\xc4<\x084\
?\xaa*\xb1?\x8a'\x8f^\xeb\x1f\x00h\xd16\x95\
\xdd\x17\x17\x1e#=\xd4\x818\x7ftcj\xa9N\xb4\
\xc6\xc0\x1d\xf8Q\xf1\x1f\xd1\xc0\xd6\x81\xddM\xe0I\xdb\
\xe547\xf1i\xd9V\xecfk_{\xb6\xd7\xe2\xf1\
\x82(N$b\x07\xfe\x165\xd8z\xdcL\x94\x1cF\
\xe7\xe19\xd8\x95\x8d\xb3\x9az\xabW\xe2w\x0d\x07e\
4\x8eI\xbc'a\xd8\xf2\x8e\xb4\xe5\x87\x18#\xad\xc6\
\xab\x11D\x97\x19:\xff\x00\xfc\xbd\xc5a\x1c\x82\xff\x00\
\xbf\xa8\xd3[\xf6N\x11\x15\x94\x14(\xe1'a\xce`\
\x93\x1fd\xea\x15\xdd\x011[\xcd\x9b\x83gd+\xa2\
\x0c%\xc0uNa\x0e-\xde\xf2\x9a\xd9\xd2\xbf\xca{\
0\x80\xe9\x05\xa5\x01\xfd?\xa7\xff\x00u\xe4\x98%\xc2\
\x16\x19\xc3\xfeH\xb0\x87\xe1\xddwQK\xa6\xf6\xf1\x1d\
Q\x06H\xc97\xc5%\x1e\xd9g\xff\x00\x04\x9a\x8a\x8e\
\xaa\x13T\x04\x14(\xbay\xb5\xb8\x04\x1a\xa18t\x1f\
(\xb4\xb7P\xa0P\xbb\xaa-\x04\xf0O\xca\xf2\xb81\
m0\x84y\x91V\x22\xc6u2\x9e\xd6\xfe\x05\x1e\xc9\
\xb0u0\xac\xc0c6\xd5Z4\x06<\xd2U\x9d\x9f\
\x99Y^M~\xa9\x09\xcd\xc3\xf8\x81\xf6^Q\x8e#\
\x0a\x0d#u\x07\x0e\x94[\x5c\xd1\xc4\x1b\xd5a\x9d\x0d\
&\x13X`\xf0\xddg$\xf0\x82z\xabF\xe0\xae\x81\
X\xc3\xe8G\xca\xf2xdj\x8d\x91\xa5V\x18\xb2-\
\xd6SF\x16\x09\xd5CL\xc8\xd51\x80\x1f\x88N2\
\xd8(47\xe9\x1cI\x8c\x8fs\xba\xb5\xab\x88\xfb(\
\xac:)\xb26|\x13F\xd3D\xcb?\xe9A\x13\xd9\
\x03\x83\x87\x84\xc5uV\xce.e\x1d#\xa1\xd9y\x9a\
P\xc0^v\x94\x83\xee\xad\x1e1p7\x01\x0a\xd2\xd3\
\xcd\x8a\x09\xea\xbc\xcf\xe9yq\x87\xfe\xe9\xae\xc3;\xc8\
N\x80\xd0\x81\x0dh\x12$\x22\xd1]\xca\xb3\xb3\x0ef\
\x90\x8e\x1b0_\xd15\x86\xdav\xdc\x04<;\xf7\x85\
ifY\xaa\xa5\xe2\xec*)\xff\x00\x81m\x1dh\x9c\
\x22\xe6\xc6\xeb\x04\x91\xde\xa9\xd6xSY\xd51\x92\x13\
\x9b\xec\x8bi\xaa\xc3\xdf&\x89\xb9\x0a\xd5B\x89XV\
\xe8D#[\xf0\xa8XV\x14\xd0\xbe/\x1a\xac \x84\
\xeb>\x03\xc6\xa2\xd1\xff\x00\xa4\x0e\x8b\x09\xebUdA\
\xfa\xd3\x99g\xb15V\x00I\x97\x1e\xcbS\xd9>\xc6\
]\xc2H^Ah\x9c_\xb26\x18\x84\xb9yT\xfa\
J\x0c\xaf\xd0>\xe9\x8d\xc3\xa3G\xdd9\x98\xfe\xa6\xaf\
%\x98\xbe\x9d\x96\x19\x80j\x10\xb1\xa5\x0e\xca\xd3\x14F\
\xad\xc5\xaa\xb3\x00\xbc\x03\xbaw\xd4}\xd5\x9c\x9f\x0f\x0d\
\x89Mm\x1a: 4\xf6C\xfb\xff\x00\xf5+6\xb5\
\x9fN\x8b\xa2\xd0@\xd1\x04L!(\xee\xb1\x04fV\
*\xac]\x11\xb6\x8dZ\xbc\xc6\xc9%\xba\xa0\xec6\x80\
\xc2\x1e\x22\x95M\xb7x*\xd1\xeey\xad\xc3D\xc7t\
l\xfb\xa7\x0cfV\x1fe\x0a\x14&\x85'\xaa\xb2.\
kOD-\x9a\xedXJ\x16\x96~~*\x8e\x18\xd1\
\x07\x03\xf4\xd5\x7f\xa8 \xe8\x15\xa3\x9a\xfd\x06\x1e\xc1a\
\x18z\xa2.\x1a\xa6\xbbhXe\xb4a\xf7\xbd\x8c\x91\
\xaa-2\xa1aQv\xd7\xfc\xff\x00\xe0\x04\x1b\x85\xce\
\xe8\x82\xc4V$\x14w\x085\x06\x7f\x92\xc0\x9ffS\
rEW\xff\x00\x8d\xce\xf6\xc8\x02-\xee\x9a\xd0\x83p\
\xa3\x08OD\x1ae>\x82\xf80\x80+D[+\xcb\
\xfd.X ,5\xa2\xc2S,\x9d=\x11\x14U(\
P-\x91\x12\x83V\x15X\x84B\x22\x97x\x98\xf2\xc4\
uCP\x9d\xf5\x15\xe1\xdc\x18\xd3(8\x1d\x0a`\xfb\
\x8d\x15\x97\xff\x00p\xbbB\x85\x0d\xd9a\xdf\xa2\xc3\xb9\
F\x82wS\xdda\xd6\xe7T&\x08\xd6!}]\x13\
\xf54Q\xee\xa2\x02\xc3!27\xaa,k\x84\xe8\x88\
\xb1s@\xfaJk\x19\xb9\xa7d\xd65\x8e\x90\xad,\
\xed\x0b\xb1p\x14\xe6@\xda}\xd5w\x0b\x07d\x1bJ\
\xcc\xa8P\x08\xddy@nU$\xf1~\xc9\xae\xdb\x0c\
\x85\x86\xba\x18B\xc8\x9d?tl\xde\x0e\x8b\xfd3\xe9\
\xa5S\xac\x1e\x1f\x11S\xd1y\x18\x1b\xc5\xa9\xe8\x13u\
RM\x90s0\xf5G[\xac\xc40;\x87\xee\x89:\
\x90\x8dj\x84\x84\x0a\x94\xc6\x97\x1a#d\xe9\x02\x13\xdb\
\x00\x1d\xf7\x08e\x15DB\x02tB\xcd\xc7F\x94X\
E\xed\xaa{w\xd0\x5cD\x7f\xbb\x19IDVBg\
}\x10kMa`;B-}4B\xc8EuX\
\x0d\xc0\x03\xa9\x85\x85\xbb\x15\xe5\xb7\xaa\xf2\xd9\xd5CF\
\x8a{]%br/s\xa8\x17K\xa2\xf6\xc0X\xc2\
\xe1\xe8\xa1\xa7\xa7\xdd\x1c=?u#\xf4\xa9\xa6\xab\x14\
\x15\xe6{&\x8e\xabAU\x8d\xaaGU\x89\xbdS\x8b\
:\x84\x5c\xd1\xa2\x16\x9dD\xaf>\x8b\x11\xea\xabv/\
\x94\x09\x5cJQ\xbaI\xba\xaaP=\xefr}\xa9\xd1\
\x8a\xd3\xaa\x1a\xdc\xd8\xc2)U\xe1[\xa9@+\x0f\xfe\
\xe12\x9a\xa3T\xd1\x86\xf2\xd5\xe5\x05\xe5w^Z\xf2\
\xcc\xac\x1de\x14ETUR\x13Y!\x1b7|\xa7\
4\x80'U\x84\xc6\x88P\xacG\xe1XhJ\xb4h\
\x9aHEAU\xdc()\xb4N\xe3\x10J\xb3k\x1b\
\xa0\x09\xe8\xc2\x0a\xc9\xf0T\xaaL\xefp\xb2k]-\
\xd2 \xa0!\xb04L\xb3\x0dq0%Z\xf8ix\
!\xc6\x10\xf0\xc28\x9c\xe2\x9d\xe1\x8f\xe1r}\x8b\x98\
F(\xaa\xb1\xb2\xae\xc7\xb4\xabk)l\xe0\xfb(\xec\
\x9a\xe8^s\x86\x88\xbeuM\xc3\x18t\xee\x9fa\x84\
b\x07\x10N\xb0?\x86\x0f\xca\xc1Q\x8c\xc2\xff\x00N\
z\xa1d\xe9\xa2\xc0\xec3\x8d\x1cM\x90\xb1;I>\
\xc9\xc4\xbe\x80&7\x13\xb6\x85d\xd6\xeb2\x9c+-\
\xfa\x82<C\xff\x00\x94O\x07\xeas`\x0e\x89\xb5}\
~1'\xf5\xa7\xc2k\x01\xdf\x87\xafT\xea\xbf\x87I\
Ni\x1br\x87\xfb+{\xac\x9b\x89\xca\xd0aq\x19\
\x8d\xe6\xe8\xe1\x95\xb2\x84#{\xda\xda \xd0z\xac!\
\x06\x8e\xe8\xb7\xa27\xd5yD\x84l\xdc\x02\xb2\x18\x8a\
\xf2\xdb\xd5`j\xf2\xc2s@\x22\xa8\xe2\xc3\xf4\xe9\xba\
\xf3L\x10@V\x0e\xc2L\xfb+\x7f\xa5\x8e\x1dV\x01\
iV}\x90\x00vV\x8e\x0d\xe9*\xc8y\x9a\x88B\
\xcd\xab\xcb\xedv\x11\xd9\x1b*\xaf,L'Y\x98\xa2\
v +s^Z\x8b\xca\x95*T\xdc*\xb4^e\
\x10s\xb5\x82\x9bP\xb0\xc2\xd5\x0b\xe5Ni\xba\xd5\xb8\
\x1d\xd9?D5E10ah\x17X\x98t\x9e\xa3\
4\xa9S\x90\xd5\x16\x15\xe5\x94,\xc2\x0bpPo\x11\
=TvO\xb1\x0e\xda\x0ao\x87?\xa9\x0a\x08\x06\xec\
\x22\xfbM\x114UR\xaa\x9d2\xa5\x02\xb1\x94\xcd9\
\x06:,\x0c\xc58D\xdc\xeb9F\xcb\x16\xb8G\xb2\
\xf2\x00\x14V\x96Dl\x10k\x8e\x81;\x1b5$,\
G\xe5{\xaf4\xa6\x12\xe6\xd5W\x12-n)pP\
\x06\xca\xd5\xf8\x02<N\xe1\x10\xb4h\x9dU\x5ch(\
\xb0\x9f\x94\x5cJ\x81\xd1\x15\xda\xb0\x8f\xa0\x1f\xech\xe2\
\x85b0\xa7\xb48\xd5\x10\x80\xd5FM\xd5\x17\xba\x85\
\x11\x18\xbe\xcbS\xedyXSQ\xd7T\x14\xacA\x18\
\x9d\x02\x0d\x0e\xe8\xb0\xe1\xd1hW\xf1\x96\xd1\xf8\x02/\
.8K{\xa2g\xebr\x03Z Z\x1f5^\x22\
<\xae\xe5b-p#D\x0bmH\x0f\xa1B\xc5\xb8\
\xa5\x01\x1a_UT\xe7a\x12W\x9e\xd9\xd0\xa7[~\
\x94\xf7\xe2\xeb7\x01pN\x1f\xa4,%a*\xce\xce\
P\xb2O\xb2\x98\xa2m\x8c]\x5c\x95\xcd[\xbe\x17\xc2\
\xf8^ M\x9e\x9a)\xec\xbe.\xf0\xe2m&4A\
Z\x7fm\xde\xca\xc4Q\xc7\xb8V\x14\xe1\xda$zx\
\xcb\xf0\xb0\xa3@\x9cT&\xd8\xf5B\xcc\x0c\x8d1\xb2\
\xdd;\xb5\xff\x00e\xf6Q\xedpT\xb86+\xba-\
\x9dB\xf2\x82}\x89\x15\x10P\x07\xa2d4\x22\xe6\xac\
MN\xb4\x86\xfd2\x9a\xecC\x8a\xa9\xecoHC\xfa\
\x8e\x81E\xe4a\x88s\x94QZ\x0e3\x08\xea\x8a\x0c\
(\xd9\xd6\x17\x94!9\x83e\x82\xa8\xb0\x01\xad\xd6-\
\x0e\x06U\xa8\x0d\x88\x14Z\xc9\x88\x09\xec\x96\xb7\x08\xaa\
g\xd5\x05yb\xb5\xaeh\xfc\xe7nT\x1e\x89\xb6D\
\xf6Mc\xa4\xd7D\x13\xde\xfd\x03HV@\xb6\xba\x94\
\xed{/\xaa\xaa\xce\xce\x95\xd5>qUDvXp\
\xb4\x17o\xb5\xcd\xdb\x85Vc\xee\x80\xc5\x89\xd4\xa2\xb2\
i5\xefT\xe1\x07t\x01+\x01G\x5c\xf6Z\x5cZ\
\xa2\x8ac[\xa1o\x1b\xaby\xc1MS\x9e\xea\x1b\x8e\
\xc8H\xaa\xb5v1\x8a\x02\x92\x04B\xf0\xcd\x97\xcfK\
\xfe/.\x7f\xe9o\xddy\xa4G\xd2\x80f\xf3=\x16\
\x03\xb0\xa2\xf2\xe9\xb8LcqT\x1f\x94\xef.0Q\
yl\x88\x80\x8d\x83Q\xb0\xf6F\xc8\x8f\xff\x00\xd4\xdb\
\x01\x15Xp\xb7\x87\xf9F\xd7\xd8\xfc\xa6Z8\x99\x1f\
e\xe6\x1f\xd2\x9bj\xdd\xd5=\x05\xa3p<\x8b\xecm\
0;\xb1G\xc44i%:\xdf\x15\x9b\x81\xd51\xf8\
DB\x16\xc2Y\xc3\xf4\xf4Mp-\xa6\x87!\xb4`\
\xea\xbc\xf6t(A\x124\xc9\x17a1*2@P\
\xbe\xcb\xec\xbe\xcb\xec\xbe\xcb\xec\xbe\xd9K\x1a\x83@\xdb\
'\xc2\xf8_\x0b\xe2\xff\x00\xba\xa7|\xdd\xae\x95>\xc8\
\xf6\x84A\xec\x1607F\xd7\xa4\x22\xf3\xd5{\xa6;\
\x0a6\x87\xb2m\xa6\x11H^y^qV\x8e\x90\xaa\
\x0ae\x9c\x8e\x22P\xa0\x8a\xa3M?\x84\xf7\x15\x89\xe7\
\xaa\xc4\xee\xa5\x17\x985\xba\xc0\xf0\xea\xad,\xf1Vj\
\x8d\x98j\x92\xb5\xd5>H\xa9@F\xeaP*n\x93\
\xf9\xcdaR\x91\x94j\x9b\xaa\xb6\x0c\x14n\xa8\xb9\x86\
\xccS\x89\x17y\x82wRpN-\x15\x9d\xa69\x90\
\x98\xadK\x9e\xee\x8aPr\xb2\xe0\xa3\xf7P\x1d\x1fR\
\xc0\xd0\xd2\x1b\xaa}\x98-\x86\xfe\xea08H\xf8N\
 \xbaU\x90\xc0\xde\xd3!Z\xd0\x12>U\x89\x92:\
j\xa8\xb0\xd56\x82\xebFMW\x97\xdc\x22\xd8\xba\xaa\
\xb73M\x17\xc2\xf8_\x0a;/\x85\xf0\xbc\xa7:\xa4\
\x91TqY\xb98\x83\xb5n\x06+\x09\x8d\xc4\x08\x8e\
\xe8\xe9\x11[\xb1\xb9\xa3^\xea\xc6\xd3\x1bk\x9b\x0b:\
5S\xb2\xf9\x0b\xe4'\xce\xce\xa2\x03\x0dA\x04\xfb\xa6\
b\xfcN\x0b\xe5}\x94\xa7Z\xfe\x98S&\x0am\x98\
\xdd\x1bV\xb7\x85\x9a\xa6\x87\xc7\xf7\x13\x7f\xca\x0a\xa2\x95\
*T\x8e\xeasN_\x14\xde\x10\xee\x9c\x86=\xcc\xd1\
6\xdd\xbb\xd1y\xac\xfdA?\xc4~\x8f\xbal\xbd\xd0\
5L\xb3k6\xaa\xf8_\x0b\xe1|/\x85\xf0\xbe\x14\
Ra|/\x8c\x9fu\xf7_u\xf7_u\xf7_~\
\x7f\xd9}\x94\xe4\x0a\xa8\xe4\x95?\xfc\x85\x81\xa8\xd97\
\xba\xf2[\xddy#\xa9\xfb#b\x0e\x92\x9fd\xe6\xf7\
X]\xd0\xa1gi\xfaPf\x11\xc4\xe4m@\xd1J\
\xc5\xee\xa5M\xcegu\xe5\x7f\x9a{0\xefu\x93\xb8\
V>\xcb\xcc\x1f\xa5h\xdd\x04\x14+\xb2#\xfcV\x11\
\xfaW\x93\xd9yG\xa2,=\x11a\x13E\x858F\
V\x89^[\xb6\x08\xb6\xa8\x8f\xcb\x08\x82\x98\xa0\xcc \
\xda\xc7\xe2[}Z]f\xd1\xf8\xcc\x01\xfb\xdfD\x19\
\x8ap\x11\x1d\xd3\x9a\x04\xe9?\xc2p\x01\xb0\xd52\xd0\
!a.#\x08\x0ac\x16\xea\xc8\xbb\x09-\x12\xe2\x81\
\xec\xadx\x84a\x05:\xcf\x0bd\x95\xa1\xd1\x120\x02\
k;&\x93\xa1\x0a{+[o,\xc6\x04\xf7I\x9d\
\x97\x85\x1c3\x15R\xa5\x06\xb4h2I\x93\x22\x8aT\
\x0dT\x0e\xc9\xed\xbd\xa8h\xa9yw\xbf\xd9\x17\xd6\x93\
\xf6F\xd25i^x\xe8U\xab\x98b\x14\xcb\xa4\xdf\
\xa27\xd9\x174\xc3HM.\xdc\xb5O\xb2\xa5\xf4\xec\
\xa9\xd9HR\x88i\xd5C:)R\xa5J\xa7D \
h\x16\xb7}\xf2S\xba\xa7uN\x85S\xa1T\xe8U\
:\x15O\xd2U?I\xfb/\xfaO\xd9G\xf8\x9f\xb2\
\x81\xfaJ\x8f\xf1*\x9f\xa4\xaa~\x92\x9c\x1aA\x18Q\
\x18L\x10\xbe\x17\xc2>\x1d\x9bJ\xb4\xb3\xc1\xacgk\
\x8b>\x95\xe7?\xf5&\xda[~\x9f\xd95\xcf\xfcL\
\x8eU\x15\x14\x85K\xe8\xa4)\x0b\xe5|\xa2gS\x7f\
\xca\xf9B\xbb\x85\xf3\x93\xe5|\x85\xf2\x17\xca\xf9_*\
{\xa9\xee\x84\x93B\x83\xbf\x17\xda\xea\xaa\xaa\xaa\xa8*\
\xab\xe4/\xb2\xfb/\xb2\xfb/\xb23\x14N\x94h\x84\
\xe1\x12\x9c\xf8L~%\xf2\xb1,^\xeb\x17\xba\xb5w\
\xf4\x9d\xae\x9720\xe8\x9c}\xe3\xddSu#\xff\x00\
\x85S\xaf\xee\x89\x0a\x8a\x8a\x8b\x08E\xa0\xec\xb0\xf6O\
ef\x8a\x16\x1f\xa7\xf9N\xa8\xfaE\xcc\xd5L*\xdc\
\xdb2N\x8b\xcb8\xb4V\x96p\xe5\xa7\xe4\x94\xc3\xad\
S\x9az&\xd9\xc8\x99\x9fd[\x86=\xd4L\xa3M\
\xd4\xb8Uw\x9a\xad\xaei\x8b\xac\xc4\xb8.\x8a\xc5\xf3\
L1\xf0\x8d^:\x8e\xc9\xcd\x06\xa8D:\xa8\xbf\x5c\
\x22&\xe6\xe2\xfc?\xc2\xf3\x0b~\xa6\xaa\x10\xad12\
H3\xf0\x9eI\x82\xe5\xe1\xda\xc2ff:\x85n\xe8\
u%2\xda\xbc_\xc2p\x90L\x09\x84\xd7\xe1w\xd2\
\x0a\xa0\xe9\xc8\xb4isa\x16Z0+\x10\xfcU\x9b\
\xad\x195\x85\x80\xcak\x1c\x0d\xd8\x962\xb1\xd5\x05(\
\xd7Tl\xda\x9e+\xd9\x16\xd6\x89\xacqX^\x22\x0a\
\xb4.45Nt\xebtQy\x9cs\x10\xb1\x05*\
T\xfb/\xb2\xfb/\xb2\xfb/\xb2\xfb/\xb6p\xaa\xaa\
\xaa\xab}UUUz\x95^\xa5W\xa9_+\xe7=\
\xad\x96=\x22nm\x1c\x08L8\xbb8j\x11h\x22\
\xaa\xd2\xc0\xb7\xe9\xa8\xca\x01v\x89\xbe\x1f\xf5\x9f\xb2k\
Ct\x1e\x8a\x8b\xec\xbe\xd7\xfd\xaf\xaa\xaa\xaan\xb5\xd1\
\x1dUz\xaf\x95\xf2\xbeW\xca\xf9_+\xe5|\xaf\x94\
:I\x92\x9c\xee\xe6\x17\xc9_uEE!J\x95*\
T\xfb\xaf\xba\xf8+\xe1|'\xd9\x92\xea\x04\xc6\x01\xb4\
\x95\xf0\xad\x9b\xba\xb3v\x17&\xbb\x16Kh\xf2\xddM\
\xae\x0an\xff\x00\xe6\x97\xfc\xaf\x95\xf2\xbeW\xca\xfb\xa2\
6\x95\x0e\x0c\x1a\xad\xd4;\x0a\xc2W\x92\xf8\xa2\xf2\xe3\
TZ\x9a\xdfe\xf2\x15z\x85k\x8b\xea(U9\xb8\
zd\xdb\xd7\x1b\xac\x99\x8a\xae(\xb6D\xb0\xa8 \xc9\
U\x0d\x89Q\xdd\x19\xeb\x904\xe1\x06\xecnkD9\
D\xda\x01\x1aU\x06\xd2\x16\x8f5\xaa\xb7.\xf2\xf4\x9e\
\xb7\xb7\xfb\xad\x84\xfbF\x86\x91\xa1N/ke\xe7Q\
\x01b\x0d\xb1\x89\xd0l\x9d\x8b\x00/4\xd96>\xa7\
\xfd\x90\xd2\x82\x89\xcd\x0e\xd4!f\xc1\xb5\xc1\xa0:@\
\xae]\xf5\xcf\x19\x5c7)\xceMt,e\x07\xb8\xa1\
=\xbe\xe9\xc4\xc5\x00N\x99Z\x9a\xab8\x8a4/\x80\
\x8f\xb3U\xa6\x22(\x1b)\xd6N\x0d\xd4+\x1f\xa2)\
N\xc8\xb2\xb2\xa7\xba\x95*T\xa9R\xa7'\xddS\xba\
\xa7uN\xe8k\xba\xa7uN\xea\x9d\xd5;\xa9\x1d\xd4\
\xa9\x0aB\x90\xa4)\x0a\x8a\x8a\x8a\x9d\x15:*t\x0b\
\xe1|d\xb5\xb4\xc3\xefp0AM\xe2\xf1\x05\xc3E\
=\x94\xf6)\xedk\xf5iNn\x03V\xcbP\xb2\x06\
\xa3\x14!d\xcf\xd0O\xca\xff\x00\xf6\xd7\xfd\x0b\xfe\x80\
\xbf\xe9\x08\xff\x00\xe5T\xfd*\x9d\x14\x8e\x8aGEN\
\x8aB\xe1\x5c=\x17\x0fuN\xea\x9d\xd5\x15\x14\x0e\xea\
\x07u\x03\xba\x81\xdd@P\x14\x05\x01F_\xb5\xd1\xc3\
4\xc9*T\xacT\x0a\x89\x80k\x14\x1a\xa7i]J\
\xfb\xdf\x1d\xd4wQ\xddGr\xa3\xddG\xba\x8fu\x1e\
\xea=\xd4{\xa8\xf7_u\xf7_{\xad1G\x0ae\
\x96\xeeB\x82\x8b\x12\xc5\xddJ\xb6\xfe\xdb\xbd\x96\xe9\x82\
\xd1\xed\x9cdtUUU\xec\xab\xd9\x7f\xf8\xaa\xff\x00\
\x8a\xaf\xf8\xaa\xf6\x5c]B\x87uj\xe2\xec\x8e\xba\xb5\
9\xcf\xf6\xf8Fg\xba\x14\xfcH\xd7R\x81=W\xbd\
\xf0\x83{'\x81\xd1@\xe8\x8f\xb5\xd1\xee\x80E\xa8\xdc\
\xdc1STk\xd6y\xbb(\xa4\xaf\xe1m\x9cd\x85\
\x07eg\xf5\x11\xd1=\x84\x90\x9c\xc2\x83\x0au\x1dx\
i: \xdc4s\x8dv\x08\xebEe\xac{\xab\x0e\
/\x0fM\x8a=\xe5P+Gp;\xdb\xaa\x12 \xab\
`0\xe3\x10}\xd3C\x08\x15\x82\x80\xfe\xa4\x02\x11&\
x\xf6\xbb\xec\x99h0\x86\x94\xebF\xb6\x83U\xe6\xa0\
\xe9\xba\x14(P\xa1B\x85UUUU^\xcb\xed\x94\
\x89\x0b\xca^QEX\xb7u\xf6_d\xf6\xf4XH\
Lt \xe9R\xa5Jcp\xca\x9e\xca{)\xec\xbe\
\x02\xfbg\xfb\xaf\x82\xbe\x0a\xf8+\xe1|~\xeb\xe1|\
/\x85\xf0\xbe\x17\xc2\xf8_\x19\xa5J\x95*T\xa9\xbe\
\xd0\xd6\xba\x8a\x5c\x04\x90\x13F\x11\x00*\xaa\xaa\xa2$\
U\x01\xe5;\xfc\x0eO\x9b\xe1FZ#\x0a\x8aT\xaa\
****)\x0aB\x90\xa4,BV \xa4,A\
b\x0b\x10X\x82\xc4\x16!\xd5KpkU\x88uX\
\x96%*oi\xc3\xbd\x07\xeeQ$\x999~\x17\xc2\
\xafEU^\x8b\xe0\xaf\x85\xf0\xbe\x17\xc2\xf8\xcek\xaa\
\xb7|CB\xb5\xb4\xc7\x14\x85\xe6\x1f*\x0deY\x89\
x\x9d\x10 P\x04]\xd9OE.\xee\xb1;\xa1X\
\xcfu\x8c\xf4+\x19\xe8P'\xba\xfb\xaf\x82\xbe\x0a-\
\xea\xd4\xe3M#\xd9ES[M\x14(XV\x15\x86\
\xe8EaQ\xdd\x16\xf7\x0b\xe5\x01\xdc#\xc3\xf8\x82\x8a\
\xea\x8bh\x98\xd9\xde\xa9\xc3\xfc\xc4\xab1\xb9)\xdfW\
3\x11\xe7\x01\xd0\x04\x19\x1b\xa1\xee\xb6\xba\xd7\xf9N\xf7\
@\x7f\xee\xac\x9a\xc0\xdaU\x1b9|\xa7\xe1\x93\x15V\
Mk\xdaf\x17\x82\xc3e\x22\x95V\xf6a\xa7\xb2\xa7\
P\xad\xc8\xf2\x8c\x14M0\xa0F\x18q\xa6\xd7Q\xa3\
\xba\x18 \xce\xa8\xe1\xd8\x95E\xc2\x0a!Q1{\x15\
\xc2\xb8U\x15\x15\x159#6\x119%:\x0e\xe84\
uB\x06\xean\xf9T\xea\xa9\xd4\xaau*\x8a\x8a\x8a\
\x8a\x8b\xef\x9e\x8a\x8a\x8a\x8b\x10X\x96%\x89IFn\
\xfb\xaf\x85\xf0\xbe\x17\xc2\xf8_\x17\xca\x95\xf3}\xa3'\
\xba\xf2\x8ae\x98o\xbeh\x084\x0d3}\xd7\xc1_\
\x0b\xe2\xef\x8b\x9dg\x02J\xa2\xa2\xa2\xe1TR:)\
\x1d\x14\x8e\x8aGE=\x94\xf6S\xd9Oe=\x97\xc2\
\xf8_\x0b\xe0/\x80\xbe\x02\xfb!N\x8b\xed|\xde\xc3\
\x15\x1fV\x819\xdb\x0d.\xaa\x92\xa4\xa9*Ou^\
\xea\xbd\xd5{\xaa\xf7UUUUUUUUUU\
U\xbd\xd65\xa3\xb5V\xb6[\xb5p\xf9\x7f\xe5+\xc3\
\xfd\x7f\x17a:\x85%b(\x97)*J\xafU^\
\xea]\xddK\xbb\xae.\xeb\x8b\xba\xaa|\xca`\xe1\xd1\
\x10\xa0\xf4B\x7f\xc5\x10{/\xb5\xc27+\x03z\xa3\
\x11\xaa0\xa8\xa9}\x0a\xfeP\xd19QP\xa1\x09\xc1\
@F;\xf3\xcd\xc1\x1b\x80Ml\x98M\xa0\xd9\x0f\x84\
~\x17\xd9\x17\xf6C\x8b\xa4'Y\xb6\x15\x88\x86/\xb2\
\xb4~\x1d\x04\xabS.\xd1\x0e\xca\xc1\xc7\x14+;V\
\x9b2\xdbM:\xabW\x87Z\x0c=S\xf8\x9c\x1a\x02\
|\xcf\x16\xa9\xbdbS\xa8\xe3\xd1<\xcf\xb5\xe1\xb2\x0a\
\xb3oP\xaa\x8bg[\xbe\xeb\xee\xbe\xf7J\x95!b\
\x0b\x12\xc4\xb1,K\x12\xc4\xb1)S\x92B\xa2\xa2\xa2\
\xa7uN\xea\x9d\xd0\xa1\x91+[\xa1R\x16\x10\xa0(\
\x0a\x02\xa2\xa5\xd0\xa1B\x85\x0b\xe5|\xaf\x95\xf3\xc9\x92\
\xaa\xaa\xb8\x95UUUUUUUUUUUU\
UUy\xdb)R\xa5O\xba\x9ftmdEa\x17\
I\xac\xa9\x1d\x0a\x91\xd1H\xe8\xa4tR:*tT\
R\x14\x85!b\x0b\x12\xc4\xb1,K\x12\x95*T\xa9\
\x1d\x14\xa9R\xa5J\xfcP\xb1\xc6\x9d\x14\xa9\xbaT\xa9\
R\xa5bX\x96%\x89bX\x96%*T\xdf9M\
\xb0\xabL\xa7D\xd1xx\xaf]\xaf\xaa\xafU^\xaa\
\xbdW\xca\xf9\xba\x0fU\x1d\xd4\x22\x8a\x8a\xdd\x0a\x14(\
G\x95\xbd\xf0\x80F\x97M\x10F\xf1\x96i\x98#p\
\xb8\x0b\xb1{,a\x07,~\xcb\x1aq\x91\xaak\xa1\
cS\xddOtj\x22PcB.\x87\x13\x02\x05/\
\x154\xd53\x86\xd2\xba\xabc\xc5\xa8A\xc4\x0au\xba\
tSN\xe8\x9a\xab#\xaa6\x91\x0a\xd9\xdd\xd5\x9b\x8e\
\x87/\xc2\xf8_\x01|\x05\xf6U\xec\xab\xda\xea\xaa\xaa\
\xaa\xaa\xaa\xaa\xaa\xaa\xaa\xa9*J\x92\xa4\xa9*J\x92\
\xb1,K\x19X\x8a\xc6\xb1,K\x12\xc4\xb1,K\x12\
\xc4\xb1,ab\x0b\x10X\x82\xc4\x16 \xb1\x0e\x8b\x17\
e\x8b\xb2\x9e\xc9\xb51\x0a{)R\xa7\xd0J\x94\x5c\
J\x95*T\xa9S\xd9Oe=\x96%\x89bX\x96\
%\x89b\x0aB\x90\xa4)\x0aB\x95EE\xf0\xbe\x17\
\xc2\xf8R\xa5J\x92\xb1\x15\x89J\xc4\xa5J\x95*J\
\x92\xaa\xaa\xaa\xaa\xa7\xee\xa4\xa1\xf4\xfe\xeeNqs\x89\
\xe4J\x95*T\xa9R\xa5\x17\x1aQ>\xd0\xc6\x90S\
\x1d\xc0%9\xff\x00\xd4\x0aT\xa9\xc9h\xf6\xf4\x04\xdd\
gA1'\x968G\x7f\xe1:t\x0a\x14(\xcc\xee\
h\x92\xb0/.S\xd9\x10\x13\x9b\x84\xa60\xaaVr\
\x7f\xff\xc4\x00-\x10\x00\x02\x02\x01\x04\x02\x02\x02\x02\x02\
\x03\x01\x01\x01\x01\x00\x01\x11\x00!1\x10 AQa\
q0\x81\x91\xa1\xb1\xf0@\xc1\xd1\xe1\xf1`Pp\x80\
\xff\xda\x00\x08\x01\x01\x00\x01?2\xd7)\x02j\x14\x00\
.\xa0\x17P\x91m1\x0d\x97\x09\x5c\x8cS)\xb8\xc0\
\x08\x0f\x07\x0c\xca}\x0a\xfc\xbe\x00\xb4\x06\xc1\x80(B\
yO1\xf5)\xa0\x1fD\x01S\xf7\xa1\xa3\xfd\xb5\x07\
\xbf\xe6O\xe1(\x85\xee\xfd\xc6H\xca\xd66!\xd8A\
\xf9j\xf8\x82\x199\xe2\xa1\x06\xef\xd5jD\xdf\x02\xb5\
}V\xd1\xa3\xaf18\x8e\x88q\x22\xb6\x8c\x88$\x00\
\x86\xc0%\xc2F\x18\x0aX5\x17\x06'\x106}\xc2\
!\xa4\x8b\x04B\x93\xb9\xfc\xc0.q\xa1\x86F@\x1f\
b\x10\xe4!\x0bA\x0d\x19\xe1\x0f\x8a\x11L\x0fc\x00\
\x12ZT%\x5c\xc0\xe1\xec\x87_a\x81\x90\xf19+\
\x10\x85\x9a:2zq\x16\x84#\xa9\xd0\x02I\xe0B\
\xf0\xfcb\xb0\x10\xfcA\x89\xd9\x0c\x18z\x12\xa1\xae\x0c\
5]Ay*\x0b2\x87\xe0\xce\x86\x08`d1\xd4\
\xb1^A\xd4\x00\x1f$\x0eg\x1e\xe0\xba\x17,\x86e\
\x81\xf4\xfa\x84\x81\x03\x11\x1a'\xe6\x02\xca\xc1\xfa\x80\x05\
\x98\xc1\xf1\x04\x1b\x02\xb9G\x04\x198b\x02\xb19\x13\
\xcaq\xbe\x10Z\xe4\xe9\x8e\x1f\x11\x1d\xe2\x0c\x00>\x17\
\x0et\xe4I\x0ds\xce\xa4\x0b\x1c\xc2\xcb\xae1\xa6\x0d\
B^\x97\x80\x85#\xc4.\xe3\xaf=\xc7\x01{\xea\x04\
rZ\xa1\xe8\xf1\x05\x1b\x0e{\x03\x09\x10\x8cl\x95\x9d\
1p2\xe0\xc1\x0d\x00\x92|\x89r\x07,\xb9@h\
3+\xfe\xfec\xce_\xb8\xf9\xe0\xef\x99\xe4\xfdG\xb2\
\x01\x0e1*a\x87\xb8Ek\x05CTc\x80\xca\xa1\
\xefz\xd45\xe6\xca\x85\x01\xac\x08\xe1\x83:\x84\x10\xcf\
Z8\xa1\xf1\xa0N\x18\xf4=\x14P\x88t:(X\
o^\xf6;\xacB\x10#B\xd4j\xb33\xa7\x10\x88\
\x0a\x94H>QE\x14\x88\x22\x14\xed\x12@\xf4\xde\x0d\
\x04\x18\x84\x9f\xd3\x07@\x11\xae\x5c\xae\xe1%p\x0a>\
\xd7\x1cp\xd1\x80 \x00x\x10LV\x83\x19\x19G\x09\
\x04qp\x99q\x82: q\xb3\xa1\xcc\x04\xa3\xb5\xc1\
\xe6\xbc\xcc\xa0\x18s\x8f;\x00LH\xaa\x1d\xe9B\xe2\
=\xd7\x0fLGw\xcc'\x85\x0d\x00\x10C\xcb\x0d\xa7\
]0\xe0\xc7$\xf0\x9e\x5c\xb0%\x06\x02)\x87>\xc2\
\x06\xc09\x08\xd10\x99\x0c\x9aF\x03D\xc0L#\xd3\
\x87\x97pQ\xf8\x02\x0c\xdb\xf9\x80e\x95\x08\x06\x8e\xbf\
\x10g\x07\x81\xd8M\x8ff4\x84\x22s\xc5\x0e,\x99\
\xd0`\x82\xcc'[\x10\x09C\xbe\xb5\xb1\xb2\xbc\xea\x97\
\xc9\xe3i\x5cl\x05G,A\x13\x90=;\x9dp\x02\
\xa5S\x00\xdc^\x9fD'\x92YC\x97\x99\x16\xe0\x07\
\x22\x00\xe4\xb8L\xcewF1W\x87\x94\xb0\x08b\x10\
\xa3#\xf0\xa3\xbc@|\x88u!0oE\x0b\xe9q\
\xdcu\x1e\xe7<\xe2)HA\xa1.\x22`\x9e\xb4\xfe\
\x86\xc7\x08\x22\x0a<*\x99\x80\x1fId\xff\x00\xb9\x13\
\x09\x9cJ\xc1\xd0\xc1\x9e`,\x95\xf5\x05\xeagD\xc2\
\x17\x00R\x85\x8b#\xf0\x9f\xd0c\x1eey\x95\xe7Q\
\x06\x80\xc0c\x83P\x18Q\xc7\x1e\x80\xc7\x0e\x97\xa0\xd1\
\xcc6\x03G\x01\x85\xb5\xd1\xcc\xccI\xe5\xe2\x12!Q\
\x11\x14\xf8\xd5\x85\x88\xea\x10\xb3\xa1\x19r\x16\x8e\x97\x1a\
\xb7\x83*\x1ddA\xecB\x5c\x1ej\x00\xe2\x8371\
f\xb2\xa3P;B\x16\x85\x130\x84\xbb\x84\xe8%6\
\xe2\xdc\x1a\x10\x8e\x5c\xc0\x9eT\xca\xb6<+_\xe7j\
\xd5\xcf'Nt_\x8e\xe64\xce\x8a<4:5:\
\x80\xa8K\x7f\xc4\x00\xb1\x12\xe0\xe4xf\x1d\xaa\xa1\xa3\
\xb4\x06\xa1:\x19^\xd1\x82a\xf1\xe6\x0b#\x04c\xb1\
\xe31\x1cI\x9e\xe0h\xf5\xc9\xe0l\xcev\x00\x19\x9f\
\xa9CpB\x09\xec\x07\xf71\x981\x88\xa1\xc0\x08\x8e\
=\xe3\xf2\x800\x04\xb6\xd7\x00!i\xadf\x9e\xa7\xa0\
kB]h4\x19\x88jiK\xb80\xf2E\x97\xd6\
\x84I\x9c\xef \x89\xf4\xae\xe7\xa5\xe8\xd2_2#Y\
\xd0QFu\xe6\x10Xk'\x981\x1a\x02\x9c!\x18\
\x22\xaf\x15\x84P\xe6\x15\xd4\xee\xe2'\x87,\xdf\xd3\xd0\
\xe76\x1e\xa1\xcc\x82G\x0e2%J\xb5\xa8(\xd1Z\
\x11P@\xe8\xc5\xa1\x8c\x10\x07Z\x83\xc9\xd0\x1f\xfd\x88\
*\xc4:\x81Z\x10\x13\x1f\x89M\x9dD\x02\xc7\xc2\xd0\
\x10b\xc3\xf1\x009M\xe8\x85\x05\x8d\x0d\x18\xf8\xccy\
\xa9\xfc\xc5\x1e\x82\x15\xc4S\xe2\x1c\x99'\x10\x82\x10\x8b\
\xeaq\xa7\xbd\xe0\xc1\xa0\x80j\x069?Q\xe88 \
\xd5\xc7\xa0\xe0\xcc#G\x09\x8fK\x98\x18A\x01\x8cG\
\x1e\x8bP5w\xb8VN`G\x14\xd0y\xd8\x0a\x88\
X7'\x11\x1b\x0cu\xd6\x80\xa8\x0a.\x10\xb9\x8d\xe8\
\xf5s\x8d\x1c\xe3?Z\x12\xf5>\xcc\xb7\x92\x0e\x02\xd8\
\x09b\xe2~\xe67\x0d\xcd)\xbboA\xea?QV\
u\xf5\xa03\xa6i\xe5CT'\xa09\x80z\xa1W\
\xc9\x9c\xba\xd9\x8a1\xd0\xb7\xe9\x00\x94Q\xecB@\xaa\
\xe7U\xee&\xac\xe6\xd4)^\x0e\x971\x9d\x9c@U\
\xd6\x84!\xaf\x1e\xb4\x14\x80\xbdJ\x10aH-A\xd3\
\x95\x83\xe1\xd2r\xb7\x81\x0f\xcf\xf5\xa9\x93\x1e\xe2^\x04\
U\xa3\xe3\x8e\xa1\xcdig*\x17\xb0y\xd8H\xcb\xc4\
9\x17\x08\xa0\xc8\x1e\xb4#3\xea\x80s\x1c\xe7F\x1e\
K\xe1\xb82\xb3<\xc0\x0d\x90\x5c\x7fP\x020\x05\x5c\
@H{\x94\xc9''\xa9\x10l\xa7=\x95'\x11\xb4\
+\xdc*\x12O\x10\xc6D\xa7F4>\x0e\xc0ny\
_\xb8Q\xcb\x86<=&!\x9c\xe8\x94Q\x11\xc4P\
\x09\xc7\x17\x1eA3\xc4\xaa9\x13\x87\xb3\x8dX(\x02\
\xe6\x08 n\x01\x95C\xccH\xde \xafq\xe1\x98\x8e\
\x03\x11\xc2J\xa1\x93\xa1\x08\x08\xe09\x94\x16V\xe5\xb4\
 \x82\x19@.\x19\xbd\xbfS\x007OX\xd9\xc4p\
C\x0e=\x0e8\x0c&8\xf6\x0e \xd1\xbcA\xe68\
\xd4\xcc\xf2\x84+ci\x08\xad\x1e\x87\xfau4b\xf2\
/:cG\xfa\xf8q\xa2\xd1\xc0#\xc4&h\x0fZ\
\x10\xb6\x85n\xfa\xd2\xec\xfe\xa7}\xc3\xa1>\xb6f\xf6\
\x9d=\x82\x10S\xd1Z\xac\xf2j\x05\x11\x1a\xf9@P\
S\xf0y\x8d\x14\xfc\x08\x08/\xcc\x07>^\xe0\xe2\x07\
\x84a0#\xab\x97\x04\x06\xb04\xe2\x1a_\x99\x95\x98\
P\x92\xf3\x14\x97\x03\x8ap\x0d\x9d\x13\xfdB0H9\
\xefa,y\xc5k\x9e\xb6\xe0\xd6\x95\x05#\xf0\xacw\
\x1a\xa6O\x1dB\xf2\xfb\xd2'\xe4\xe0\xf8\xae\xbfPy\
\x99\xdb\xc7\xee\x10\x160\xc0\x13$o\x99\xcdBDd\
\xddN\xc4H\xb8\xd0G6\x887p:\xe2\x1a\xbb\x1c\
N\x22\xd6\x17\x15\xb0&,\xa00\xa0&\x88\xc1\x8d.\
<\x98Z\x88`dQ\xd7\x137\xc6\xa6\xfd\xe89\xfe\
\x86\xe3.\x08\xf2%\xbf\xe0%\x11'\xf9\x8a\x0a\xcc\xa5\
\x8f\x01\x9fp\x8e-\x0dF\x1f\xd2\xde\x88\xf0\xd1\x92\xe2\
9\x90\x0e\xa3\x87+/FF%\xc8\x98S\xc6.\xae\
\x1f$\xf3\x09[\x0f\x8d\xe4\xc0p:\x01\x04\x0a\xd1\xc2\
\x85+\xdbNB\xba\xd0\xe0\xd1A\xe6\x15\xa0\x85\x0c\x18\
z8#\x8d\xea\xe3\x8fG/\x93\x1a\x84\xb1\x04Zq\
\xcb\x0a\x84E\x0b\xea\x00\x7f\xb2\x118\x98\x0et.\xb6\
sd\x88\x0chP\xe7E\x93\x1a\x01$&7\xfb\xda\
v }\xc2@\x80\x18\x1d\xc0e\x0b\x84P3\xe2s\
\x04\x0d\xf1W\xcc\xcd\xf1\xff\x00\x19\x08\xe7\x8d\x06nP\
\xee\x01\x9b Ap\x13\xf6\x11\x94\x9dB u\xb4\x80\
9\xea\x11\xe53\x04xD\xb5\x0d\xe9:\x10E\x88\xe1\
\x0dT\x0a\x81D\x19\x1e\xc8\xfdE\x9f\x10\xc6raB\
~\xe3y\xd0\xa0\xc1\x06\xd2X\xf3\xb1Br\x01z\xd8\
\xf5U\x1f\x02\xf0\x9e|\xc3Z\xc28\xfd\x06\x99\x86L\
\xfc\x5ck\xfbu\x16\x83C\xb9\xc0\xc1\x8a\xb0R!6\
\xdf\x10\xd4$5q \x0c\xa93\xcc<\xa1-\x5c$\
4\x8c\x95\xae\xa0\x9d\x16\xa4\x10\x05 \x82\xee\x84OR\
j\x92\x96\xae\xe1\xca\xe0\xac\xe8\x8d\x8cF\xd8\x1c\x98C\
\x81\xa7\x89|cW8\xcbiK\x92\x81P\x10\x808\
\x16A\x8e\xa00g\xf1\x8c\xf8!p\xbd\x1a\x8a4\x9e\
\xb0B\x18\xb80=\xc0\x00?)N^\xa0\xf6\x1e\xe1\
\x1cq\xc0tA\xa3\x9c\xd0\xc6}\xd3\x84X\xf1\xb10\
!\xd4\x19\x9e\x10\xebK\xce\x82\x16\x83\xb6\x10\x99p\xa1\
G\x1cr\x90\x9e\x810\x0a\xdc4q\xc7\x1e\xcc\xc0\xb4\
\x00\x05\x88\x12\x08\xc8\xb1K\xb3\x00\x5c,\xc4\x18h\xe6\
\x00\x80\xf1p\x90\xe0\xcf\x12\x8dZ\x01\x18\x92\xdcj@\
Q\x84\xdf\x0d2u\xf5\x0a9\x80\x9cB\xa8`\x01\xb3\
\x1d\xec\xcb\xd4A\x00\xc9\x920\xa32\x0fb8\xe3\xd0\
\x9b\x8f\x88@\x05o\x982\xa2>\x9aex\x84\x19\x10\
@\x92\xb1\x08\xe9\xedX\xa2P\x95\xf0\xd9\x7f\xa80K\
_\xeed\xce\x043\xea\x8c\x89\xfd\xb4\xb5\x9d\x01\xe3@\
\x0f\xf0;\x85\x02\x88\xaa\x8ea\xcc\x10\x99\xefp\xce\x80\
\xce@\xf7\x1d\x9c\x80\x1c\xcau\x05\x81\xa8\x82m\x14S\
\xe5\x17\xfa\x83\x00p\x04\xff\x00\xd3\x08R\xd5_\x98L\
%\xfc^\xa1\x80l?\x1a\x14\x83\xad\x8e\x8dh\x00(\
C\x0f:\x036W\x99\xce\xc2F\x07\x008I\xc0\xf1\
9\x9e\xa1\xd5\xc2z\x9e\x5c\xa8\x85E\x09{\x1b\xe8p\
\xe0iGf\x0a)\x89~\x98\xd12\xc4\xebNa<\
a\xad(\xb7\xd4P\x0c1\xeev\xeed\xc1h\xbe\xa1\
\x07\x95\xdc\x11\xc3>\x0dB\x09\xa0\x22`,\x1d\x8f\x07\
P\x94h\xc2|h\x18\x81\xa1\xe4\xe85\xc9\xd4\xc7\x1c\
\x00\xb2:\x85\xc9Q\xf8\x05\xcc+\x88we\xa9\x03\xb0\
)c\x0c\x13\xb1\xe0\x88D\x12\xec\xa2\x03Z\x03\xf0\x88\
Z\xae\x13\x0c'b\x9d\x03\xb0m\x02(\x96\xa3`1\
\xd4q\xa3\x01w\x09\x9bw\x00\xb9\x80\xc2\xe13\x05\x1f\
\x0a\x18\x1e\x13\xcb\x88\x13\x00#\x88H)B\xb0\x00\xa7\
\x0b\x07\x98\xbb\x1a\x0b\x12\xaf\x87\xaa\x0f\x03q\x5c\x7f\x81\
~\xa4\xc1`\x8b\x1eg;\x0cU+\x18\x1e\xf6\x1d\x05\
\x9f0\x99[\xea\x08`\x0f\x91b7\xa6\x07\xbdB\xc7\
\x8a\xb9L\x89=\x91-]\xd8\xff\x00\x98\xccUX\x80\
B\xf3\x1f\xc5K\xce\xa9\x05q\xa6`\x10E\xb2  \
\xc9\x9c\x97\x9d\x01\x8a\x9d\x0b|\xe8\x14\xbd\x98\xd4\x0a\xff\
\x00\x04\x92\x85\x94\x22[\xd5V\x83\x986^\xe5\xc4;\
\xc9k\xc6\xa8|4\xa6\x0c\xe6r\xf3\x08@\x1c\x88\xb5\
\x13\x0ckG\xeeQ\x1dcC\x87zb\x03n\x19\x0f\
;+\x98\xf1\x09\xb3\xce\x80*\x9dA\xfb\x9a{\x97\x83\
F\x1a\x82>a\xcd@\xf6 \x12\x83\x91\x07\xd6\xc4\xb7\
\xd6\xae8\xf8\x84\xedu\xefs\xc1|\xa6\xce\xaa\x02\xe6\
W\x1e\x8e9\x98p\x82\x0b\x1f\x18\xd4\xa2\x8a-\x0c\x1c\
\xa3g\x0f1\xb5\x83\x1c\xec4T\xc0\x97\x8d;]A\
\x5c@\x19\xe3\x11\x1c\xe8\xf2\x89\xc2&%#\x84B\x1d\
h^\xe7\xbd\xf3\x00\x11\xbd8\xf3\x0a@\xd0\x8ea\xf8\
A\x0cB$&\xcew\xba\xd1j\xdau\xe2\x080\x8c\
\x90\xc4\xff\x00\x89\x80\x88\xcd\xeb\xc0\xf4r\xe4S\xf1\x17\
\xb3\xa2\x05P\xde\x029G$@\x18\x92 \xefSG\
\x8e\xee\x13\xbf\xd6\xa5\x10;ov\x07\xe7`\x80KB\
\x89 \xb8\x978PL\x04\x1e\x0e!\xecZ\x88u\x19\
\x84\x82c:\x08\xca\x00\x06\x0d\xf0\xd1\xd2\xfdha\x0b\
Qso\x8d@%\x00e\xb5\x08\xbd\x04\xb8\x1e\x8d\x08\
\x94\xd3'\x02\x13TR\x85\xfd\xc7\xc6\xdaLK_\xee\
\x14\x00\xf1)\x0d1\x03\x00\x05\xa8\x19\xa2\x05W\xe2>\
\xcb\x84\xbe\xaa\x0cCx\xc6\x8eGD;\x0cCd`\
\xda\x11\xf0\xf4P\xaa[\x05'\xe8lNK;\xaf\xe1\
w\x00\x83B\x0f\x9d\x157\x7f\x11\xf1\xb8\x18>.\x1b\
;\x01GF'\x18\xfb\xda\x8a|O\xa2\x1c\xecoG\
\xa8*\x18\x993\xabZ\x0b\xd0\x9a]o\x82#\xf1\x02\
F\xf6(3qfV\x01\xc4gn\xda\x13=\xc1S\
\x0b\x831\xc3q\xb1\x04h\xcbb2!\x86e'S\
+\x09\xb2?_\x04\x08\x00\xc9\xaa\xf8\x0a\xe3`7\x08\
[\x96\xf1\x0b\x14x\xd0\x940px\x99Q\xf5\x1c\x1f\
\xa30c\xa49\x84)\xe5\xe8\x08\x89:\x1f>\xa1J\
\x7f\x90\xc3HZ\x18\x8c\x0f\xa8\xef?\x88\xc9\xfe\x22l\
\x02\xe3\xb8!\xb0\x1e~&\x8d~\xe1\xda L\xcb\x92\
\x98\xdd\x14F\x9b\xb1\x82h$r\x8c&3p\xc3\x7f\
Z\xf1\xb0\xe7\xb0B\x99\xc6\x80@+[\xb1\xf0\xb6\x03\
\xa9\x82\x087\x1c\x00\x1f\x92\x1b\xdcI+,\xe8\xeb\xcf\
{\x9a\x9cu\x19\x03\xc1\x80\x89FZb\x19\xa9a@\
 \xd2\x0a\xc0s\x01\x1a\x95\x01\xa0\x98|\xb8\x99\x05\xdf\
H\x1c1\x14\x0e\x12\xf6\x00\x1c\xbb\x1cw\xb0\x07ek\
\xdb\xda\x18EtZ{\xdf\xc8\x95J+\xb4nt\x1b\
\x11O\x8dQl\xb9Q[\x87\xc2\x07z\x06[\xe0{\
A\xfc\xce\xb6\x86\x99G\x88\xe3\x85\xa6e\x98q,\xeb\
f\xf5Z\x98\x11U\xe3E\x18rU\x1c\x1a\x89hL\
t\xcc\xa9\x8c\x1ea\xf1\xb1\xfcJ\x87\xbd\xa2\x01\x02c\
\xbd\xc6\xeeA\x0d\x80\xf8\xd2\xed\xe0/\x1a\xbc\x98\x1e\xe2\
\xba\xd00\x08!#\x9d\x8d\xeaEP\xe8o\x13\x1a/\
\x062x\x13\xc5\xeca\x09'$}\xe7B\xa1\x91\xfb\
\x83K\x81\xc3\x01\xcbq\x08\xb2\x81D\x08\x9fpAP\
\x0et\x04\x0c\xac\xa0\x91\xd3n6\x03\xe2e\xa8e\x97\
\x89\x0a\xcc\xea\xcc\x08dKiFX\xfc\xa5\x00\xd5\xe8\
\xa8\xc8\xfd#\x10A\xa1\x9f\x842\x17\x02\xe7\x13\x99\x83\
\xc1\xd4\x98\x02\xc1\xda|AFP<\x0c5PB\xb4\
\xa8\x11\xc1\x87\x18\x86O?\x03\x10\x99\x124\xe2\x02A\
\xa8\xbc\xec\xa8`\xe0*\xd0\xe0c\xde\xa0\x85\x08\xae \
Y\x15\x1b\x80\x91`\xa8\xd4\xfd\xca\x0c\xaf\xa3\x1f\xcc,\
\xa6|\xd8k\xc4\xf7\xf3\x11\x83#W\x87\xf8\xa9o\xb1\
\x89E\xb1\xc7\x1d\x08\xb8\xc4\x1c!\xe02\x01\xc2\xf5\x5c\
\xea$\xe6\x5c\x00\x81\xd4:\x18\x8br\xa2\x80\x00au\
\xf8\x96#\xd5\x9e\xf7\xde\x86\x0c\x8b\x1e\xa0\x1f\x18\x0f\xea\
-\xdbq\xb4\xb0\x03\xa87\x22p\x89\xb5\x81\xa16\x90\
<\x08a\x10X\xe2\x19a\xb2g\xd2\xc4N\x11\x021\
k\xfc\xeb\x98\x93/\xea_P\x02!c\x16\xc7\xe2\x15\
C\xfd\xc6\x02\x80\xfc\xe8,\xe4\x0f1\x18:\x99(J\
\xa4A\xbd|\x940\xde\xa06\x13\xdc\x88\x0d\x90\x11\x18\
\x15T\xc71 x8\xd5\xd2\x96\x04\x069q}\xa5\
q<\x0cg\xdc\xf3\xf8c0\xe1\x8a\xb5\xe2c\x7f\xbe\
\xfb\x1e\xcf\xb8B\xcdl\x11\xa9P\xeb\xa8\xa0\x0e`\x07\
\xd4\xc5\x93\x868l\xbdM\xfc\x00E\x00\x87\xa7G\xbd\
\xd9\x0e|C2Wc@\x5c.\xbe\x16c\x17\x08G\
E\xa0\x02 \x91s\x0ef%\xa12\xbdD\xc4&\xcc\
=A\x9a>\x83?\x8f*a\x85\xed5\xf6\x1b\xbew\
\x90\xa0\x0f\x1b\xc9\x02\x8eD6o\xfc2\x12#\x02\x1d\
\xab@M\x1e\xe68\xd0'\xcc\xbb\xb4xl\xea\xc4p\
\xa6`+\x10\x81 \x17\x92\x02\x01q\xf9su\xb5\xc0\
v\x8c\xb0YcW\x06n\xbe\x1f;\x0e\xc3\xf1\xab\xd9\
H\x90\x8cy\x1f\x10\xfd\xc2\x22\xb0G\x89\xce\x83\x14\x1b\
\xa1w\xa3\x86\x8052\xe2R=\xedkDL! \
\xf6\xfe\x96\xa38\xc0\xf1<9\xd0\x91\x8f\x06I\xf3\x10\
\x92H\xa3!G\x16D\xf0\xe6\xa1\x0fb6\xd8\x85\x0a\
(\xa1\xcc\x7f\xa8\x8f\x13\x97s=\xa1\xb0hb`\x16\
\xfa\x9c\xc6tC\x96\x0d!\x0d\x9b\xd2\xd5\xa0-\xf3\xf1\
\x8ebd\x07\xf9\xd8|\xf3\xb3:\x1b\xb3\xb0O0\xf2\
tq,\x0a\xc0\xce\x8c0\xe0\x0824T\xe2\xadT\
\x15\xa8\x02<!\x8aq\xcc,\xc2\x22<\xd44\x08\xf1\
\xa6g,{\x8a\xb7\xac\x0e\xe2\xd0\x85\x12J\xad\xf9\x07\
\x15\xa12\xb4\x14[\x02?1\xb2M\xa0\xd5H7e\
\x88\x0c\xb1_\xfds\xf9d\x9f\x89\xc5p\xefQF\x1f\
\x12\xdc/\x92a\x14/<B\x0c\xfb\xd0\x12!\x0b/\
\xbd\x14T\xf5\xe0\x81\xf7\x0e\xf3\xf2Z\xd8\xa0\x85\xa9[\
\x0e\xa9\x09\xa5\xaf\x1a\x1b4\x16\xc1A_P\xd9\xde\x87\
%A\x98n\x83\xebF\x95gf(\xea\x0f\xeey\x1f\
\x9f\x8b\x8f;J\xe3R^\xd5\xa2\xd1\xa4\x1e\x84CF\
\x8f\xdc\x17\xe4{\x8a)a\x88\xa5PF\xf1p \xd1\
f\xb4P\x01\xe2c\xa0\x85\xfd\x10\x88\xa5Uh\xf0C\
9\x8a\x92\x10va\xac\xbe\xe1\x82\xc0:\x86\xe2\xa8\x1c\
\x8aB\x00b\x1f\x99\xee\x0c9[\x84\x085\x82[.\
H\xb8KT\xf2Ts\xa3\x98\x94\xbdP\xbcK\xccM\
s1\xa8\x8b\xad\x1e\xb2 fu\x13P\xe1^\xa6\x94\
\xfbnZ(S9\xd0\x96\xbcC\x00db7\xe3f\
>\x12\xc3\x81\xca\x9e\xae#n\x0e\x82\x097\xa2\xfd\xc5\
\x16\xe0\x901\x0eMJIC\x8c\xc0Ah\x14\x04%\
\x01\x892\x03\xa3\xa0\xb3<o!\x91\xd0\x01'\xec(\
u\xc8\x5cl\xad\x97\xa2j\x18\xfb\x8d\xa4D\x14r\x0c\
\xcd\xd9\xe7a\x0a\x8a\x80\xbfo\x7f1\x8b\x0c\x12X\xfc\
\xcf\xb7\x9a\xc7\xe6\x15\x12\xa1\x9f\x1b\xc9y\x8e\x0au\x0b\
@\x91m\xf1\xb8\xaaCP(\x02\x0c\xb3\x16\x96~\x10\
\x1e\x8e \xe8Cy\xe1Ep>06\x10<-\xd4\
\x84>'\xf3\x0f\x8c|/\x8e\xb4tk\xee\x08\x8f\xa7\
\x98B\xce\xa3\x9f\x80\xf8]=]-@2e\x1f\xe7\
a7\x1f{8\xff\x00Q\xe4\x9d\x02!6\xc8\xee\x1c\
\xe9Dp\x17\xefG\xdcpy\x86\xc3\xf3\x14\x1c<\xe8\
\x06N\x1cFr\xf60\xe0\xbdK'\xdc$\xff\x00\xa8\
\x0a\xb7s)u0\x03\xa8\x88\x1e\xe6\x0e\xae\x90\x8c \
\x8e3\x04\xb4\x01\x81S\xa9\x8f\xdcD\xa8\x17<LQ\
\x8b\x98>\xa0\x84*\xcc1\xa7\xd0iP=\xc0\x0a\x98\
D7\x08\xecgD\xf4\xce\x95\xa7\xb8\xcf@\x11\xee\xce\
\x83\x08\xa1\xfdjI\xf9\xdaK.\x00\xe0(\xc2\x1c\xcc\
\xb9\x99\x9b|{\xd0\xd8\xcdp\xe6r\xc3;\x95\xd1\x8d\
\xaa\x9fz\xe1\x8et\x021\x90]\xd7\xc2\x04\xce\xaa\x9e\
\x8b\x08\xc3'\x22g$\x0c?\x11p\x1a\xf0 $<\
KP\x08L\x02W:\x88*\xc4\xe6\xf4T\xe0\x16O\
HH\x04\xd0\xdb\x98B9PS\xc3\x99\x8d\x0a\x01\xef\
a=\xefIN\x09n.\x85~tF\xe2!\xefe\
\x08<\xc3\xa0\x0c\x86~\x10KN<\xc2\x16\x80\xc4B\
l\xbe\x11\x8dB^\xa1\x15\xd4\xa0\x80C)h\xb7\x08\
\xdb\x82\xe5\xa1\x0b\xe0+\x87\xa2\xa6\xabB\xe8\x07\xad3\
\xcb\xdaw\xa9\xe7Q\xb0\x1e\xb4\x06\x92\x17\x14\xbeC\x84\
\xcd!\xebg\x1f\x19\x08\xe5\xe9\x84\xb1\x94\xa50\x0f!\
\x00x\xe2\x03\x19\xbe''\xa4\x19\xf6XF)\xc5\x81\
;0\x92\x14\xe70\x92{\x8a \xa2\x96\x18\x05\xdcd\
\x8e\xae`ZPq\x0cq7r\xde%\xcc\x09\xd8{\
D\x98\x0b|@A\x84-\x98LC\xe2\x84r\xfaE\
]\xda\x0b\x99\x10\xeads. 0\xb40U\xc7!\
\x13B\x02\xa0-\x0b\xda\x00\x80\xa1\x98C\xc2\x08 \xa1\
<&2\x86\x8c4\xba\xd0&\x03\xc8s\xa9\x0bo\x0a\
\x0d`_\xb8ttEC\xba\x86\x02[\x8c?\xde\xa3\
1\x99\xaf\xad\x01\xa3[\x00t9\x84\x10@\xe7Bf\
8\x870p.S\x1a-\x96p\xf1\xb5\x90!Wp\
{@\x09\xc6\x89\x12(\xc6\xdb/\xb8SZV\xcc#\
\x88\x0a\x87\xa7\xe5\xee\x10Fc\xfb\x0d@q\xc2\xee\xc7\
R\xe4\x08\xec\x22\xb9\x1au\x00\x04 Gz\xd8\x8b#\
\x1e\xcc\x00\x0d|\x04P+\xe0OA\x07\x9c\x0b1\xc9\
\x1a\x02\xb1\x1f\x01\xef \xb6\x1f\x95\xff\x00H00\x86\
d\x82(\x8d\xa0\x01\xa2\xf5)n\xfa\xd8\x0es\x00\x84\
\x05}\xea\x9c[\xa8P\xf7\xa0\x8d\x85\xab\x93C\xb8\xe8\
\x02\xd33\x93\xf1\x87\x83Um\x10\xf8\xff\x00\x11\x92\x00\
&\x86#\xde@\x9a\x08u\x0aA7\xcc!G\xa8\x08\
\xa4\x05\xcb\xcf\xcaNSN\x05}\xe8b*\x03U\x1f\
<\xb8\x1a\xc1<L\x88\x02\xd7\xe26\x95\x99CJ4\
\xa1\xda\x13f\x13\x00\x16Za\xab0.'\xfeH1\
\x86 \xb0!K\x10\xaen\xe1\xcd@\xc9\x9fS\x94\x14\
Rs\x11\xc3\x09J\xc2\xb8\xf4l\xe8,\x00\x10\xa2\xb1\
\x80\xf6 \xce@\x03CP\x98\x0a\xd5\xd0\x1c\xc3\xc8N\
?\x08\x04\xa8\x5cP\x19P\x10\x0e\xa1\xafLJQ\xb8\
\x99h\x10\x8227<\x07\x86k\xe1%\xd9\xd9\xde\xb9\
\xa2P<\xc1\x08\x04\x9e\x1dB6#\xbcGZ\x1e\xa1\
up\x8b\x830\xc0\xfb\xdb\x91\xea3\xde\xb8\x87\xc4Q\
q'B\x15h0{\x835\x02\x0c)g\x92\x94B\
q\x1c%\xe8\x06\xd0\x0e\xcc@Gf!\x12\x9f\x1b\xcf\
\x8d\xa0\xf8\xd8t\x9d\xae\x08C$&\x03\xd8z\xb8\xfb\
\xe2\x06\x01\xaf\x86Td\x8b\xd0\xfe\xe6\x01\xbb\x8e\xd4d\
\xd5F`\x89.\x01\xdc5\xa5!\xdc0\x01\x87\xe25\
\x0c\xc2Y\xee\x1b3\x17\x0a/0\x80K'\xfa\x86$\
[\x06\x80\xd6\xa1\x8a(HA3\x1e\xd2\x12\xf3\xa1\xd6\
\x90`(\xce\x938'\x8c\xf5\xc3\xe5\xf1q\xbb\xf3\xf0\
\xf0\xf5\xc6\xf1R\xcf\xe6\x8b\xe6!xw\x04 R\x0a\
\xa2\xd7'\x04<^%=p\x04~a\x8aK%\xc0\
\xb0\x18)\x91\xdczNG\x89\x9d_\x94\x0c\x09\xafN\
\xe5A\x18\x1c\xc68C\x00\xda\x22\x1d\x8aa\xfe\x04\x12\
\xc8\xab\x1cD\xe3S$_\xd4&\xe6p\xc1\x81\x09\xf9\
\x98\xce\x84\x02G\x01\xc0TtR(B\x10\x98L\x07\
\x88L1\xd2\xafqS\xd38o\xb8\x18\x93\x95\xda\x02\
 \x05\xc6\x07\xb1\xd4\xf9\x86\x9ea07m\xee\xb5T\
\xf7-\x0c\xe2I\xf7\xb0G\x13\x10\xaeZ\xe3h\xb31\
\x0co\xd2\x1b\xe2T2,Aj\xb0\x17\xb8Q\x06\x8c\
!o\x1d\x01'\xf5\x06\xbcC\x94\x18P(\xe4@F\
\x8b\xadE\xceQ\x0a\xb5\xc3\xf1\xf3\x0f\x8co\xc1O\xc4\
\xed\x88\x86\xa5\xb1\x1br\x90\xc2*\xccR@\x9c\x1dF\
J\x8a\x02\xa0\x84\x1f\xe8\x19\x89\xfd\xd3\x10\x87=`g\
\xf11\xbcE\x0b\x940\x0d\xcb\x1dE\x90\x1dA\x00\xa8\
<\xeeC\xbe%\xe0s\xa1@\x94o\x99\x94\x1a\x1d\x0e\
\xd0v=\xe8\x18\x82\xd1p\x13\xba\x89\xc2\x07\x87\xa9\xd8\
\xa3b\xe22\xa3?\xa8\x1e\x22\xb9K\x1f9\xcdX\xd4\
\x96\x01\x1f{\xb3\xb0\x22\xe2@0\xf9\xd1\x9a<4\x0e\
\x84\xc5\xf8\xebN\xb5\xc0\xf5I\xf8\x09\xa5Vb\xce\xdb\
\xd0Y\x8a\xcboG\xa1\xc2\xe69V\x04K\x1b\x94\x00\
c\x81\x16\xa1\xe18\x12 \xc9\xa8))\xfe\xe2\xbe'\
\x87\x01\xc4D01\xd5&\xe9h\x03\xc5\xcc\xeb\x81E\
B``t\x85\xd9C\xebB\x80'\x07@\x1e\x97\x84\
L\x22b\x0e\x80q:D\xdc/\x0d5\xc0\xd4\x1eC\
I4*\x15pe|8\xde\xc9:\xdf[\x16\x1dl\
\xfb8:\xafp\x04\x8d\xd7+h\x8f#\x1f]\xcfO\
\xa8\x00*,\x18\xfcm\x1a\x0d\xa0\xa3\xb0\x90^X1\
\xcb\x8c|h\xe6\x0brx\x9d\xe8\x87 \x18\x94\x06q\
\x11\x1cAFj\x13\x1aa\x8d\x83\x1b\xf5\x1aZ\x1c\x00\
L0\x01\x9e\xa8\x10z\x87\xa5\xcb0#\xd70\x01\x06\
P\xeed!\x95A\xa4! nc\x8a\x1c\x80\x0f\xcb\
\xf3\x01,7|\xd8\x9dBy\x17q\xb1\x98\x5c\xb8\x8b\
z\x8a\x04\x01\x85\xcc0\x81\x22P\xe2\x140\xf5\x7f\x0b\
\xd1\xeb\x98!@D}\xc2\xa7\xfc\xdaxh\xccP\xb1\
\x88\x0b\x913\xcc9\xff\x00\xa8QB\xe77\xe30o\
\xfc\x93\x80\xfb|c0\x08\xcf\x7f\x01\x06I\xb1\xc7p\
\xa0\x1d\x85\x88n*\x82\xca\xac\xc0qH \x8e\x0e\x99\
\xd749\xd1\x8a\xad\x1c\xfc\xb8q\x5cs\x00\xa6H\x8f\
Nc\xe9\xd9\xc1\x0d\x1f\xf2\x04:\xbd?!f\x13\x89\
R\x8et\xb1L\x0f3\xc1\xd0\x89\x03\xc3\x86\xa7\xad\x1e\
\xb5=]*=A\x0e\xd3\xc3\xad\x0a\x15\x96<\xea,\
\xec$\xe7\xfc\x01\xe29\x95p\xf1\x08\x92>\x09\x83\xe2\
4\xa8rz\x08\xa8\x0d\xe2\x1c\xd0\x87F$ \xc2\x84\
JGYZ\xac\xacBD\x1e\xa1\xbdF\xa3+\x1eK\
h \x08\x1c\xec\x05\x1b\xb1\x04\x00N\xf9\xd3\xb4:Z\
\x8c\xee/\x070\xeb3\x1e\x10\x0e\xa2\xc3P\x8f(B\
(\x13\x1e\x1b\x00\x98\xbc\x08\xd4eh\x82\xe5\xf8\x847\
^aK\xa1\xd0\xda`\x9e\x03B 4\x22\x11%\x84\
\xe8\x0a\x8cC\x81\x0f\x10\xdf\xaf\xdc5\x87\xef8X\x08\
\xae*aB\x0e!\x04\x00\x88\xa2\x8a(\xa0\x8d\xe2\x9d\
\xec\x18\x17\xdcq\xee\x18\xbb\xf8\xcc\x01\x22\xc7S:\x0b\
\xc6\x84I\xe8pA\xe0\xc1\xe4\x98\x8fL\x0d\x96\x22 \
\x024\x02q\x11\xbc\x06S^\xf6\xe7v3\xfe\x01\x80\
l'P\xf5\xfb\xde\x08\xd1~wb\xd0\xb6\x07\xda \
\x8f1\x22\x8f\x1a\x98\xadAPp4q\xe21\x06\xbe\
dP\x97\xee\x06\x11\x89\x5c\xd0Zs\xa9q\xdc\x12G\
\xfcm8\xb2\xd4\xf4\x09\xa3\x0a$\x0a1[\xf8B$\
.`\x06$\xf0\xeaT\x83\xd4\x05\x80{\x83\xe5 k\
\x5cw\x10\xb4R\xa0\xa0U\xfe\x01\xa3P\x9a3\xe8\xd1\
\x8e`\xbc\x9d\xa2\x0b)\xa8\x08\xdc[I\x96\x02\x81\xb7\
F\x02\x8b\x10\xa5#&\xde\xf6\xc1G\x9d\x9c\x06\x00\x82\
\xb28\xdc\xb5\x1e\xa3\x0a\xf3\x1b\x1c@#K\xa3\x8fg\
`\x12:\x8b\xbdA\x86\x10\x08\xc0\x86\xc2\x5c+\x8b\xcc\
@4t\xa7\x19\xfa\xf8F\xc8\xff\x00\x1a\x806+\xcc\
\xa5!0&8=\xccAp\xa7\x87q\xf8\x848\xcc\
\xef\xfe\xa1;\x00X\x86\xe1\x19@\x1c\x0b\x9e\xb7\x14[\
\xc4?\x0ew\x92\xf2N\xf5\x19\xbe\xe1K\xb3\xa0\x8e%\
\x97\xfc\xceA\x99\xc4Sc\xf1\xf3\x09\x95\xcb\x85\xc6\xe1\
\x82\xf4T\xf6w\xf1\xa5\x06\x08'\xb4%\x91<\xfc\x0d\
\xed=\xa1\xbdw\x09\xe0cJ\xa3WpbTH8\
\x22\x00\x0a\x02\xc1h\x0c\xab\x12\x05\x9eu\x05hB\xef\
o\x06\xa2\xcd\x98\xcaL\xae\xb4PD\x18E\x9b:\x08\
h\x03\xc8^`\xb0\x89\xf1= \xd3\xc5\xe4\x8d&\x09\
\x97\x15\xf1\xf1\xe7p\x00\x16\xd8\xe3\x8d\xfe\xe2\x8dcZ\
\xb9\x00\xd80\xee\x1d\x95 \xff\x002\x91\x9d\xb6t}\
T\xe3\xcc!j\x0d\x1d\x84\xc6\x0bRlK\xd6\xd3a\
\x00\x0f\x03C\x1f\xd4\xa1\x09\x1dA\x0f\x8a\xb4&\xeba\
M\x98\x07B%\xa3\x8e\x12\xa1 \x88\x22ch\xdcI\
\xda\x13\x16\x94L\x1f_\x01.&\xac\xe3\x08\x0b\xad\x00\
\x80\x8e\xaa\x07p\xc2\x1c\x17\x0c\xf4\x13\x81$\xbe\xc29\
\xb0\x1d\x82\xe3\xa3b!\x07\xd1\xdc[\xf2a8\x10\xc3\
\xf0\x12-?\x99\xe1\xf2\xe2\x00\xf3\x08d\x9e\xa2\xf7<\
\x90\x90\xf8G\x90\x1f\xcc\xf5\xaa\xd8\xa9\xc2\x00L\x02\x13\
\x1f\x0aR\xdd\xc1PxG\xf6D\xa5\xb0S\x87\xf9\x96\
\x01@u\x0at1\xa1\x82\xe1\x0a\x19\x1c\x08b\x98\x94\
0~!\x809\x9d\xd6\x9d\xf7\xb6\xf3\x86+m\xb4\x19\
\xd2\xbb@\x82,\x9d\xe9\x96\x95\xa3\xb8i\xe1v\x833\
\xff\x00\x07\x88N+\x1a\x1foU9\x86\x0d\x08q\x1b\
\xd0a.s\x83\xb5\x0ev\x1f\xcc\x1a1\xf7\x96b\x96\
\xb8\xd9\xe11\xf9\xef\x05cP\x1c\x08\x81a\xfa\x81[\
\xfa\xda\xa0\x0b\xe9\x1e\xa1\x89\x1dU\x0b\x1e\xb5\x10M\xc1\
\x0c\x0d\x86\x1c2a\x08jXhx\xde\xb5\xf0\x16\x81\
s\xf0!\xc1\x9c\x0e\x95\xc2\x12\xd0\xd1\x82`\x0b\xc6\x99\
\x19\xf5\xa0)\xf9\xd0\xe0\xc4C\x8d0O.\x1bJ\xf7\
\x02\xe0 \xc8\xe3\xe8E{\x11\x88t?;\x0b/\xf0\
\x1d\x0f\x1ap6c@H\xc4%\xfc#\xc4P8\xa9\
\x83.P\x83\xc6\xe0\xb8_q/\x80\x99q\x94\x9du\
1\xb1VtNto\xebK\xa1\x98\x03N\xe00u\
\xd4d\xe0k@\x80\x04\x0b\x0b\xd47\xe7\xfa\xa1\x12Y\
\xce\xdb\x15\x0e\xcaqP\xcaw\xe64\x09\x8fR\xec\xd7\
\x8d\x0a\xefA\x11z\xd4\xf1Z\x18;\xdeH\x8eW\x06\
\x0dEwt3\xa1F\x09\xbf1F\x18\xde\x0cG\xfe\
\x103\x95\xa0\xe8\x22#\xc2r\x95\xcaT\x104\x80\xad\
\xac\xea\x0d\x14C\xc4&\x15\xc49\xd7'\xe0Osy\
\x84J\xf4\x01\xc4\x9f\x01\x0c\x1fa\x06VP\x02\x83\x81\
\x0d\x1dX@\x90\x09\x8e\x13\x1b\x08\xe1\xd7\x18\x9e\xe2\xea\
\xf7\x02\x80\xe7\xc6\x84\x10Q\x08\x8e7\x10\xb4T\xf6\x08\
h\x17Z\x02\x8f~60M\x1d\x8f0@a\xf0\x85\
\x05\xb8\x14/vn0\x00x\x8fGT0\xa2\xf9\x87\
\xf8 \x11\xc0\xc5\xff\x00\x82\xa0\x87\x0d$#\xa9\x828\
%\x0d\xd3\xe0\x22Brb\x98\xd0\xd9\xeb\xe4\xaba\xcd\
G\xdd\x87A\x98r\xc1\x13K\x8d8:\x8b\xc9P\x0d\
\x04c\xbf\xfaV\xf5\xcc3\x89K\xce\x89o\xea\x13\xea\
0\xbc\xeaB\xce\x82\xa1\x80\x03\xc6\xd0$\x02\xdcGb\
V\x98\x83\x95\xe0a\x13\x8e4\x10i\xe9b[\xefN\
\xd7U\xa0?:O\xf8\xf8\x9e\x13:U\x88\x05pa\
#\x81\xaaa\xfc\xc0\x80\xc0w\x0d\x92c\x80\x13\x8d\x05\
\xfcE@m \x01\xc57W\xa3\xfdhK\x1f\x01\xdc\
\x01b\xfe\x8f\xa8G\xaa\x0a\xcc\x06\x15\x00\x88\xf7\x18\x22\
y\xdc\x10\xb5\x07\xb0\xe7\xa8\xb9\xdac\xa5Z1U\xed\
\x08EQ\xf5\x14\xa7$\xf8mo\xe0d\xe8@\xdc\x88\
\x0e\x80t\x13rt\x09\x8fj\xf9\xd98\x03\xc1\x0d\xce\
\xe7\xf0\xb8\x84dS\x85\x15\xfd\xc2\x08\xce\x8b}K\x8f\
\x0d^\x15\xb6\xc7\x88\xe1')\xc5d\x9e\xe0\x186*\
\x03\x80Y\x0bQ\xb2\xe2\x82\xde\x88Y\xdb\xc7\xc1\xfe\xb4\
$`\x5c\x09^\xafvv\x03\x99N\x1f\xe5\xb5!\x5c\
Ka(\x87\xdb\x8d\x06\xcf\xa69\x98L\xb9\xad\xa1\x02\
\x07!N|K\xb7\xe8\xe7p\x84\xd8e\xed\x14Zq\
\x06\xc0CQ\x14\x0cq\xdc\x10\xe5\x8a4D\xed\xce}\
\xe9R\xe8i\x07\xf8\x05k\xfb\xed)\x03\x161-\x1b\
\xe4\xbd\x12a\x0b\xd38B\xf9\xd4\x02Y\x1cL\x12\xfb\
\x81\x03\xcd\xd2\x08\xba>\xa1\x5ck\xce\xc7;](@\
\x1b\x0fj6U\xdc;\x98\x15\xfd\xc0\xf8\x85!A\xa0\
.8\xf4\x18~c\xd4\xba}h\x9ch\xb5r\x8e(\
\xc4Ft\x1e\x8ePgJ\x87G\xad/1]>'\
\x07+\x83\xa8\x11A\xab\x84\xff\x00\x82H\x80:\xd4\x02\
0\x86\x98\x87\xe2\x08)\x05\xad\x86\x8e\xf2\x10\x8d %\
\xc3\xe32\xe0\x964\x10\x84\x8b\xa3\xf39O\xea\x19D\
4(l&\x02\xd1\x82\x85p\xbf\x80\x96\x03\xad\x0a\xab\
B\xc4\x93\xce\xeeu\x161\x19'\x02\x16,q\xa0!\
\x12}'7\x04\x03d\xef@\x81\xc1\xc0\xe4\xc3\xfap\
\x06\xcam\x1c\xdcP\x0f\x1e!,\xe8\xb4j\x0c\xc5\x08\
\xae\x94\x06\x95\xf7\xa9\xa8\xee\x13\xf0m\x06F^<w\
\xa1\xd0T#.\x03\xd5u\x1a\x84\xa1B\x8b/A\xed\
\x06\x0e\x80j\xbf\xc1\xc4\x06CL\x0e;\xde \xc0\x85\
G\xff\x00|\xc6\xceTB\xae*\xd7\xdci\xd6t%\
\xfb\xd0\x96\x05c\xe2\xe0\xb5\xf0\x0f\x95/\xfa\x07\xc4)\
\x0a\x0e6\xfb\xf9\x818J\x82F\x10H?\x12\xdc@\
\x81\xc2\x81R\x8a)\x8d\x19\xaeS\x80\x91\x8d\xcb\xe0Q\
\x99\x8d\xb4\x0cjO\xc6\xbe\x03\xa9W\xc8Z\x13\x9b-\
\xc7d{\x09{\x877\x9dIy\xd5\xa7\x8b\xf8\x97\xd7\
\xb9C\xcdN'\xfb\xf0\xfb6cX\x99\x8a\x00\x08\x93\
\xca\xb6\x80\xf4\x02-Y|\xc3\x08\x1f\x9d\x0aE\x98\x0c\
\x05_z\x80\xe6\x0a\xd4\x96x\xfa\x94\x0a\xfb\x87{L\
\x18F|A8KF\x06>\xd38\x88q\x1e\x9dB\
\xd8\x9b'\x9d\x06a\x98B*\xef;\x13\xd0{\xcdz\
\x8a\x81\x85*\xd4@c\xcckRf7\x10\xa8\xe8\xf5\
K`\x0e>\xa0\x83bXu\x0a\x81GA\xcc\xc3\x94\
\xc4\x08\xf4d\x07f\x85P\xe8O\xe2Oz;\xc4h\
\xec*P\xc2\x1d\xc7\xf5\xb0 \xc1\xe1\x95\xf2\x83vt\
0\xaaB(\xf5\x10\x12.\xa3\xdf\xcd\xc2\xbf\xd8\xd0N\
EO\x97\xd4ae!\xe2\x1dR\x163\x8a\xd8 \x11\
\x0a7\x1e\x0f\x88l\x22\x03\xbf\xf1:\x16\xa3\x04\xd3\xd9\
\x12\x82\xc7\xac\xed\x22\x0b\x1aq\xe7J\x18p\x13\x90\xe2\
\x02:\xc06\x13Q\x22\xa2\x8a\x01\x16\xae=\xee\x97\xc2\
\x03\x86\xe44G\x92\xd7(\x19\xc8\x96.\xb6\x02;F\
n\xbc\xf5\x0dV\x8dj\xb3\xf0\x02\x8b\x14v\x009F\
8\x1fp\x96Y\xd5\xc6=\xbb\xd7\x10\xe6\xc8t$\x07\
\x90\xad\xe9H\xabR\x01\xb0\xf6\x91@I\xeb@Qb\
\x11\x0dr\x16\xd2\xb5\x0d\xc9\xc0\x8bK\x9e\x7f\xe3\xa0!\
\xd2\xdc\xc9\x9cy\xf8pw\x84\xa0+\x91\xb1\x0b\x0c\xe8\
K\xce\x80\xcc\x19\x81\xc0\xbf2\xa8\x05\x16\x8c6\xe2\x9c\
\x86\xbbG^:\x86\xb4 \x00I b\x08\x0c8\xa2\
y\xb4j\xc67\x01\x90s\xa2\x88v\xf2\x0b\xa7\xa0\xa7\
(\xe4(``w\x7f\x5c\xf0 g@\x186+n\
\x02\xde\xc0 \xcc\x85\x98\x11\xb7\xfb\x5c\xce}\x18\x9c\x0a\
\x22\xe0\x0b\x09\xdc\xa7\xdc4v\x0c\xe8\xb9\xf9\xc8\xc5a\
\xb0\x13\x07\x8e\x00Q8\xf0|C\xd0#\x88\x10\x88\xab\
\x0f:\x9a\x0a~\x0e\xc5\xa9\xad\xdc\xc3\xa0\x04\xe3K\x91\
\xc1\x03\xef\xf4a\x04dm\xcc\x027HC\x05\x88\x16\
\xb8\x00b\xe5\xa0\xa8\xff\x00\xc5{\x1fv\x86f\x0c\x7f\
\x02\x01\xde\xaa\x9a\xac=DT\x8a\xc0\xd0a\xa8\x01`\
\x9f\x83\xfe\xe2Px\x8e\x0cz\xd8.\x10\x94\x11\x91\x05\
\xc3GPe\x08$\x0a\x91Z{>f\x98(U+\
b\xa7\x03[\x10gi\x98\xda\xfeq\x12\xc7\x92\x80\xa2\
\xc42L\x8c\x9f\x8c\xa4\x16b\x8b\x18\xdb\xce\xf4\x1c\xbb\
x\xd0\x09\xe0O-.!\x8e\x01L\xc6I\x08b\x0c\
`Mn5\x1a\x0e\x1c\xed\x11\x88\x15\x93\x91\xd1\xd3\x8e\
\x80\xdc\xd4\xbc\xc6rvZ\x1dHC\x94\x04op\xcd\
\xec\x14^u\x02\x07\x8a8`\xf7\x00\x9c\xbc_Gp\
\xb4$\xe8\x1d\x15\x8b\xfa\x9ch\xa9\xc0Z\xc5\xf6\xe3\x88\
\x9f\xa8\xc8\xaf\x89\x8c\xc7\xc0\x0a~`\xcc\x17\xc4\x05\x97\
\x09\x8d\x8cv4Z\x16\x88{l!\x1d\x0c\x87t\xd9\
\x99\x14\x10\xd0\x81\xaea\xe3R/\xca\xf1\x00\xfco\x8f\
\x98\xa2\x8a\x08 \xc0\x8a\x15\xc4\x22\x05\x08P\x8f\x85m\
P\x88F\xe5\xa1\xadpc s\xf1s\xb9\x16\xee\x1c\
\x82\xe0aO\x1a\x00S\xba\x86\xc9\xa5\xe3C\x81\xcb\xa4\
 \x14K\xea\x0d\x1dB\x16\x80\x13\x89R9 \x1c-\
\xe7\xb8D\x99\xcf\xc8\x0a\x84\xf3\x01_\x08!\xa9\x9dx\
\x89I\xe9\xdc\x05\x80\x01&C\x8e\xe1\xbd\x940\xbe\xd0\
\xb86\x15\x07\xf9\xf1\x0b\x9e\x06\x00\xe3S\x02\xc1\xc1r\
+\x8dO]h`\x09\x0f\x07q\xfe5\x177\xd7h\
\x0eE\xe2SO\xa5a\xdc&Gn*7\xbe\x96\xd7\
KDg\xd1\x1f&S+\x87;\x98p\x00\x02\xd1\x84\
\x0a\x012\xd0\xe3A\x04(s\xfa)\xe6Q\xb2`\xf3\
\x0d\xd1\x97\x19\xbfP\x1e\x92\xb4a5xFj|C\
\x81\x02\x0f\xdc\x22m\x9d\xe1\x811f\x03\x0b*\x10/\
\x1a\x84\x0eO\xf5\x066\xc3Z\x00\xa1uXc\x9d\x9e\
:\x10\xed\x08\x8d\x8f3\x8dTj\x06Az\x90\x8a\x80\
\x8d\xeaB(\xe7E\xed\x06\xf5\xcd\x0e\xd3\x81\xb1ON\
u\x14`M\x22\xff\x00\xa8\xc30\x90D(\x12\x06#\
\x93\x98D`\x0e \xd2\xbf\x11\x063\xbe\xa1\xd6\xe5\x80\
\x83\xd8D\x01'\x85\x01\x1f\x80\xc2\xb3\xd0\xc1\x06\xeb\xf8\
L\x88\xd2*\x09\xc4\x02(\xd9\xe6\x1d\xca\xf6\xdb\x9d\x5c\
z\xa8\xb41B\x22\xd7+\x88\xdc\x22\xa2\x81\xf7\x16\x93\
\xfb\xda\xa9\xee$\x00\x90Q\xc1\xd3\x0af\xec\x16=\xc2\
\x04E \xe0^$\x15^gj\xf7\xa5\x83\x01\xe3U\
+\x09\x81U\x1b$\xc2\x15@\x86q;\xe7\xa8E-\
\xb8\xd0\x06\x01\xa7\xc9\x8c\xc0\x00r9\xdc\xff\x00\x7f\x08\
0\x08p\x97\xdc) \x1c\xe7L\xa1\x92B+\x982\
#\x84\xf2m\xc4a\xc6\xa8\xf2^v\xf1\x04\x90\x08\x91\
\xf6B\xc4T\x03\x8f\xf9B$\x92D\x9f:\x11\x1f!\
\xe8\x8fZq\xa88\xaf\xcc;\x0ek\x11\x013\x1d\xc2\
 \x09'\x81\x00q\xed\xb3\x0b\x0cu\xdc-\x08[R\
\xd8\xbf\xe0\x95\xe5\xfc&3\x0e(\xf6\x88\xa9\xce\xc1\xa1\
C\x9e\x14e\x1e\x05\xa3\x9f\xfa\xd0\xe4,\x19\xd8\xcf(\
\xed\x03\xa4\xa1\xbd\x09\xefE\xf0c~0\x13,\x81\x18\
\x05\x1f\xa9j\x90\xb2LWEA\xdc-\x08\x06\x06:\
\x99\x9c_\xb4\xb9AN\xe7\x89\xc4+\x8a\x80\xcfQ*\
\x01\xcb;\x07\x9f\x81\x1b*<\xed\x0e\xdc&r|\xc5\
\x1f-C\xbf\xe21\x13\xf1\xa9\xb3\x19\x85[\x01D\xfe\
\x22\x98\xdf\x05\x1c\x88\xb2$\xf7\x05\xc0D\xf2\xc9\x940\
C'P\xea\x0fs\x8dJl\x880\xfc\x03\x00&\x7f\
\xe1\x00\x1d(!\xa8#P\xc1\xc3\xb3?1\x87r>\
\x0cj\x0ek@\x9f\xde\xc3z>I\xc0u-.%\
,}\xecl\xce \xf3Z\x02\x880\x02\xa0$\xf4\x04\
k0>W\x0aIx\xc3\xcc\x80\x9d\x85R\xf8\x8a\xa5\
\xbc\x19\x97x\xa3\x84\xe8\xf3\xa6z\xd12\xa0\x11\x9fz\
q\xb0\xa0\x07\xbd9\xbcx\xd0\xc2\x84\xb0\x9f\xe8\xa0\x0f\
k#\x04\xfcy\x89g0\x9e\xd5@\x8b8\xbe\xda\x80\
p\x85\xa1\xbd\x08Y\xa8\x98&4\xc1xp\xf7\xcf\xf1\
\x00\xb1~o\x98\x0d\xef\x1cB\x8a`\xfc@[o\x11\
\x08\x04\xbeV!\x19\xe5s\xa7\xb9j\x03\x01\x96\x81\xc9\
\x80\xd2\xe2W>\x80V6P\xd7\xb2p\x5c\x1f\x1a\xc9\
\x1a\x02\x8d|\x0bA0r\xefB\x16u\x01\x9bq\x06\
\x8c\x0a\xe2'\xa3\xbbEHL<\xbf:'6 S\
\xee\x1a+P\x15|\xebq\xfc9\xb0Y\x0b\x1b\xcc\x01\
\x1c)5\xd5\x95\x12F\x80\x86\x0a\xd4\x07\x0a\x03\x1a\xf0\
\x82\xdd\xc3\x14\x81\xaa\xd1\x064Z\x9f\xea\x10\x12\xcc\xe5\
\x8a\xbd\x82\xcd\x95\xe7y\x06\xa4'\x03\x88h\x94kU\
\xac\xa5\x16\x88\x87\xc2\x0f\xa8\xa5!\xdcr\xb5p\x90\xbc\
\xc7\x01\x8e8\xf6\x13\x1d\x7f\xbd\xbcy\xde\x9e\xa4\x08\x0a\
\xfd4\x22L\x91\x1b\x09\x19\xd3\xcb\x08U\xa5\x00,\x1d\
5\x0c\x16\x9afdsQ4!==S\xfc\x80\x02\
\x870q\xa10f\x18\x15\xbe6b\xb309s\xaa\
\xd1\xe8\xabQ\xca=/\x07~\xf5@\x1c\xd4+\xd2\xcd\
\x9f{BU\x80\xa0@\xfc!r\xb8K\x05@;\xa1\
\x1a?\x01\xed\x1e`\x852\xb9\x9e\xd1\x98\xaf\xcc\xf2\x07\
\x16 +\x83\x09e\xc5\x19\x00\x1f\x15\x1c\x00\x02P\x86\
B\xb2\x80i\x01xN\xa5WP\x16\x00\xc8\x19\x11D\
\xe3\xb83\x09cBO\xa9L\x9e\x1a\x00\x04\x0cK\xe2\
}z\x87\xbe\xcaT.(\xbe5\x06\xb0o\xe3\x22\x00\
\xaa\x06\xe0<\xf7\xff\x00P\xc2Y\x82\x07\xe0\xe9\x9d\x87\
\x05\x81\xbf:\x04!\x01\xb7;\xab\x81\x83\xa9@C\x93\
\xd8\x12\xed\xb8\xfc\x0b\xfaf\x01+6\x08?\xc3\x98\x96\
TY\xf1\x14\x10\xe1\x86|K\xc4(x\x22\x0c\x87c\
\xdc\xee\x03\x1cq\xe8F6\x028_p\xde\x88s\x80\
\xe8\xf9\x08\x11\xb04R\x13\xa9\xed\x09\xb9h8\x80x\
L\xb60\xb1\x98\x04\xab\x8e=\x1e\xc3[\x01\x8e=\x1c\
&=\xabB1\xb8\xc1\x86\xba\xda\x02\xc7\x9d\xa2\xe8N\
\x97\xa3\xe6\x0eB_(Rv\xc6\x15\xa1\x1c\x8c\xc4v\
\xc0\x84\xfd<Jp\x0b\x97}E\x19\x8b\xee\x08\xbbd\
\xf4\x86\x14\x87\x7f0\xf3Z\xe3\xa3\xa2\x03p`\x8b\x00\
!\xe2{\x82\x8b\xebVZ\xd6\xc4\xd9\xc5\x1d\xd7\x0fK\
\x90\xb3\xcb\xff\x00Hl\xa0XF\x16\xd7\x1e\x9c\x81\x17\
\xdc!m\x05\x1f\xf9\xd0\x12 \x1a\xcc\x00\x93W\x18\x00\
\xfc8\x84\x93\x09\xd4y\xf8\x99\xa3\xac\xc5\xd4dd\x9f\
N\x10\xa2\xa3\x15^S1(b\x14<\xe8A\x02\x08\
\xae\x10']\xcf#\x10\xc0\xd3\x83\x0a L\x81z\x84\
\xc6y\x85\xea\x02A\x0a\xea\x1f\x18\x97\x88/\xab\x18\x04\
\x03&\x0e\x98g\xf4\x98]\x8c\x1c\xeb\xa0\x81Y\x08\x92\
a\x85\xa1\x84\xb0\x07P\x85F(\xa2\x80\xce#\x82\x8e\
`\x91\xa08\xc1fu\xc0\xcd\xe2\x1a\x88C\x9c\xfa\x94\
\x8c\x98w\xaa\x8a\x01Q\xfd\x18,A\xe3U\xddD\xe0\
H\x0c\x18\x827\xf5\xa9\x0b\x91\x10\x0f\x9b\x98\xbd\x836\
+Pf\xebBu\xf3\xa0\x99\xa0A\x96\xf1\xfc\xe3\x05\
\x06s\x82+\x86\xce\x80\x91`\xce\xb4@|w\xa7\x96\
\xee\x13\xdc5\x08\xa6\xe3P@\xef\xb8R(b( \
\x06\x02F\x98\xd4c\x86I\x80\x88B\xb8|\x88\x89W\
N\xd36\x0fq\xc7\xaes\xb9\xc5\xbe\xf78\xe3\x8f\xad\
\x80\xe1\x00\xc8\x05\xc7pp\xaf\xb8t\xc2a\xa3\xab\xc5\
\x0e\xde\xfcDP(\xa3\xb0C\xa3\xb3,\x0a\xc1\xdd\x01\
\xee\x1eh\x0e\x87\x1f\xf7\x05`\x8a\x82\xba\xd4{P\xea\
\xe2\x9aBd\xc5\xef`\x22\x8e\xa0\x88$\x0a\x11\xc9\x06\
\x06\xe1\x18\x05\x1b\x0clE9\xcd\xed\xe2\x0fqr\x0f\
Z&\xa4\x00\x92\x16gK\xf8\xde\xd1\xe0\xc9>w?\
\x152*\x84\xe2\x7f\x0d\x1c\xa8ID}\xc4\x02\xe1\xe4\
\x1f\x10\xce?\xb2Q\x16\x02`\x864t\xbb\x80:\xd4\
\x11l|9\xd5U\xe8c\x81\xca&\xaaz\x86\x08@\
\xaa\x884Rv\xe2\x19\x0a\xe8\x0e\x12\xba\x0e\x87\x18\x80\
\xa8\x89\x8c!\x05\x13;\xa5\x9c\xaf\x92\xc8\xd1\x04b\x04\
\xe7\xf4a\x09S\x88$\x01\xc3\x00\xc0CE\x0c\xd3\x88\
p\xd0\xc3\x1a\xad\x81e\x8d\xc0x\xa9A\xb1\x11\x8a`\
[\xb28\x10\x12\xbfM>\x9b\x84z\x06k\x8b\xd4\xac\
E\xf3p\x04L\x05y\xff\x00\xb9\x83\xf2\xb4&/\xcc\
D\xb3dFCU\x08\xac\xca\xd0-\xe0m6\x0f\xf1\
\x08\x92*\x95\xed\xa7\x1b\x84\x01\x0c\x0e#\x22\x9dB\x11\
\x85\xe3\xde\xa2\xa3Q\xc2CgC)m\xb3?h\xab\
\xe3\x10\xcc\x95\x94\xe6\x1a%\x17\xe7Q\xc2^\x84\xc2f\
H\xb9B\xb6\x05,Xp\x88\x08\xdc\x13\x00\x02`\x0f\
;86(U-\xaf\xa7\xde\xa2\x01\x8c\xa3\x9e\xb1D\
\x8by\x808\x10\x05\x9b\x80g`f\xae\xa6m\x97A\
\x8f\xb1\x10~\xe0q\x1b\xc0\x1c\x8f\xfa\x96a\xdc\x01@\
)\xde\xa6\x8e\xa7\xc4G@\x1e5T<\xea;\x1bZ\
\xd5<\xaec\xea\x14\x03\xc1\xd0A\x03\x00$\xf1\xd7\xc4\
\xde\x0e\xb5\x02\x91[\x86\x80\x05\x19\x86k\x10\x80\xe0h\
\xba\x5cnG\x81\x0f\xf5\xa1\x03\x1c\x18\x05\xff\x00\x0e\xe5\
\x0a\xa5\xf2\x0a\x04\x8e /\xe6\x0c\x0d{\x9cO\x1a\x0f\
\x90Y\xa8B7\x00e\x086Y\x84u\x0ap(y\
!I\x85h\x02\xd8\xea\x01[\xccxw\x1f\x98\x0a\x1e\
\x9c\xcfF\x22\x1c\x93l.!\xe8\xb9\xe3\x03\xd4\xe3V\
\xb5\x1bh\x06$\xcb\x1e\xa06\xc4\xf8F\x22I\xf7E\
\x1b\xe0\xd0\x22\x00L\xf8\xcf\x85\x8e\xa0\x03\x0c\xb2Z(\
\xc5W\x22z\xcfXU|\x1c\x1d\xb2\xa7l\xf6\x9f\xc4\
\x86\x82{\xfaP\xef\xc8\x8c\xbe\x9f3\x12;\xdcf \
(\xd4.E\x80U\xce\xe2\x84\x06\xd1y\x9c\x08.\xb7\
\xf1\xa1&!\xe9\xf5Q\xd1\x0b\xefp\x0f@g\xe5\x17\
\x12\x01\x5c\x19\xfd\xdc\xe85_I\xd4\x13\xcc\x14p\xf6\
\x1c\xed \x83\x22\xe1dO\xdc\x19\x84\x84-~\xf7\xb2\
\xa8\xe3\xd0\x93\x03D\x0aC\x0e\x13\xb7&u\x08\xff\x00\
\xc8-0\x1dG\x1cO\xc7\x13+\xf9\xd8\x9fS\x01j\
\x17\xcb\xa8\xe7\x8a\xbb\xd5\x05\xb6\x03\xe1\xcb^\xf49\x82\
(\xe7\x11w\xb1\x93\xe3F)\xe4\x0c\x1b\xc00\x87\x81\
\x22\x8dA|\x80\xe4\xa5-%\xfe\x8e\x13|>&s\
\xabj]C\x95\x98E\xcb7-NW\xa6\x8dJ8\
\x8c4\xe8\xe0\xf2\xe43\x16\xcc\x946U\xa9,'K\
.\xbc\xc0\x1e\xf3\xe0\xe5\x5c\xfb\xde\xe8\x0a\xdf\xc2\x96K\
\x88\x22\x9d\x87\x9fo\xf8\xd4\x80#L\x08\xd9\xb3\x06\x0d\
lz\x15\xc4!\xa8\x85\xe2\x02=\xebO\xf4\x8c\x93\xaf\
\x88\x1f\x1aq\x8dA\x22K\x80x\x84\xa79\x93\x22\x1b\
ja\x1d\x00\x08B\x02\x000\xaeQ\x15\x05\xcc\xe4\x00\
\xc2\x0a\xc7\x09\xe2\xe3\xd4\xcc\x15\x87\xcc+WQ\x15\xf0\
\x8c\x8d~\xa6B\x05\x96`\xee7\xc2\x98\x8dG\x16*\
\x02I\x18d\x90\x0eD\xc1\x81\xd8\xa3+\x97\xe8jx\
\x0f\xdc\xb0 =B\xb0 S\xd3\xd4\xc7+\x8d4r\
C\xfe\x84AFG\xbd\x10\x12\x85\xd0\x95^\x12k\x97\
\xc5\x98RdI<\x98B\x00\xb1\xa9\x00\x1b\x0d\x8d\x01\
\x15\xfch\x81\xcf\xd2\x22J/\xc2xX+?\xb8W\
-\xd6&Ml\x0d\x0e\xb5\xca4\xc3#L\x98B\x80\
\xf3\xa6~%O@X\xc1|\x1d*\x8e\x8e\x0a`<\
\xc5\x98\x87\x1a\x8f\xd6\xab\x02\x05\xd7:\xbaZ\x0f;\x0d\
\x17\xd4\xb9\x03~6\x98\x00,O=F&\xa0\x80\xd4\
\x1e\x84]\x87\xce\x8e\x04\x04w\x08;\xa8z\x13\xf1\xd3\
\x0c#8dr`pC:`\x82AB\xa1\x08I\
\xe9|\xbd\x8bZ!\xf6\x88R2\x80\x10|\x8d\x0a\x04\
\x80j\x04#\xa0\xb0\xa3@\x0b\x0aw\xd0\x97\xa3\xe4\xa6\
\xd6\xc2\xd5\x0e\x15p1\xbe\xb0'OI\x00\x9c\xba\xd7\
\x8f\x08c.\xa6\x0e\xe3\x81p\x00Z<\xc3H\xb3\xa1\
\xab\xc1\xfdB\x80\x0c\x9a\x94@s\xe8\x04@\xda\x01\x86\
<\xce\xc86\xd2\xd8\x0d\xd8c\xad\x1d!O\xf7\x00g\
\xad}h\x03\x22\xc7\xc2\x0at/\xbd;?\xadF\x1d\
<\x03\x98\x02\x04\x01\xe0x\xd8\xf5)$\x03\xe0\xc2e\
\xa9K;Ul`M\x5c$q\x13:S\xee\xf0\x98\
\xc7\x1c\xf0!\x08\xa3\x9dF\xcc\xc3\x15\x03\xc1\xcc\xb6\x22\
\x0e;\x84\x92C\xe2\xa1\xcc\x06C`f\x10\x83\x19(\
C\x98\x0e@\xce\x9d\x00s\xd4\x055\x83\x0e\x8c\x15\xa3\
\x1b\x80\xd1\xd8\xa1\xb1\xbe\x8e\x87\x00\x98\x10a\xc0`U\
\x00FQ\x96\xd02\x07\x9cX\x81\x94+\xb1P\x19f\
c3\x0c\x03\xf0\x99\x99\xea\x00\x1c\x11\xf9\x84\x81\xc8\x84\
Y\xfc\xf0,L\xff\x00\xd0\x9f\xca\xa2\xa6\x0e?N~\
\x1b\xc9\x84&c`%n\xa0*f\xf4\x05b?\xb1\
\x047Q\xfe\xc43*\xebF4O\xe6ss'\xc7\
b\x11\xad\x87\xc6[\x11\x12\x869\x19\xeeq\xa6 \x1e\
\xce\xa1\x0b\xe0GX\xd1\xd2\xd2\xe2\xb0\xea\x02\xa1\x1c1\
\xc8\xef@\x1d|`\x13\x8d\x018s\xb4\xf4\x06!e\
Y\x89h\xf48\x0d\xc2n\xb4\x16t\xe3s\x8d\xa29\
;8\xa0&\x1fpB\x1c=\x88H\x80\x0e\x04{A\
\xe0\xd1@\xd0.2\x08=@a\xf9\x94%9*\x99\
5s\xe8\x83\x8a\x88\xafq:\x02\xf4\x01\xe2>\x93\xa7\
?\xees\x1cR\xee\x05\xc2\x0c\xf3\xd2\x18\xbb&\xe1\x8c\
\x1c\x1c\xc2\xd0\x8e\x14V\x06\x07z\x04\xe03N`\xc4\
K=@&`\x1ar\xe6\x00\xf9\xf3\xa8\xe8\xc8\xe6\x15\
\xdb{f=\x0d\xeas\xbc\x90\x04<\x07\xbf\x85\xa5\x89\
\x80q8\xd1<@\xa0r\xff\x00\xc9,\x03\xf4\xbcm\
e-HP\x1e\xe125}l\x01\xca\xc2\xf4)\x0b\
\x83\x5cc`(\x1d\x09'%\xf1\x09\xe82aX\xfc\
\xa1-0\xa7\x0bh*{\xd0B\x00\x01\x8f0_\x83\
\xee\x12\xe1\x80\xc2\x22\x15s\xdc\x1f\xf9\xcf)G\xff\x00\
\x11\xfe\xf4$\xfc\xe9\xd2\x00|\x08\xb4\x5c\x09qik\
\xfd40\x0cp\xb2AK\xccq?\xf3\x0el\x5c`\
\xe5\x7f\xea8\x0fQ\x5c\x03\xe67:\x10\x10 \xfdN\
N\x88\xe0\xfc&B\x22\xfb\x99!\xcc\xceC\xe2\x1e\xc8\
\x5c\x91\x02\x82+\xa3\x86\xdf\xf13\xa7\xb0\xea.\x22\xb5\
}\xc3\x04'\x9e\xf8\x10\x18\xac \xc1xia\xd2\x13\
!+\x84(j0g\x80\xf8\x8a\xe3A\xc7\xf3\x14\xe6\
\x08=1\x16c<\x8d\x9ch\xb9ck\x86\xa1\x99\xa1\
\x03\xad\x8a\xa0\x82bLC\xec5&\x16\x00!\xb0\x9d\
\x86I\x92\xcc\x1f\x18\xec%\xd3\xa9@\xdep\xaaX\xe9\
\x02\xe7@EH\xb7\x98\xa8j\x80!A@\x5c,\x05\
M1\x01I\x0b\x10\x10\x8b\x8e;^/0\xbc\x8a\xe2\
\x13Z\xe0AFLA\x1c:\x06`\xf0\x8fA_p\
\xb3\xa1#\x07\x82\x97\xadJ\xe6\x02\x01q\x1f5A\x9c\
\xa8\xc8k\x06g\x88+\xc44aF\x91\x9c\xc20\x81\
s1\xf9!\x82}n%\xeaB\x80Ss\xd7\xcc.\
a8\x11\x8b\xeex\xff\x00\xb4!\x88I6\xce\xfe \
(\xeaF\x14!g\xdc\x5c\xc5\xdc{\x16\x85Vax\
\x96\x0f\xad?\x8d\x00$\x12\x05\x0d3\xbe\x01\xdf\xa4u\
$\xb06\x0c\xdc\xab\x84e\xc0qh\xa7\x1b\x05\x8c\xf2\
\x96\x8a\x18\xb0\xf9\x94\xcd\x7f\xd4\xc0>\xd3'\x8b\x82\x02\
p\xe7k\x82\xadQ\xf6\xd0\x97\x9d\x0ek\x1ae\xfb\x98\
\x87\x01\x1d\x1dG\x1c\xe0\xee8\xf4q\x84\xe2\xf5\xcf\xc0\
\xb4\x19\xef\xde\xa2X\x88\xfcF8\x07\xdc\x1a\x18\x1eL\
98\xd7\x8d\x19J\x01\xc3\x89\x9d\x19\xbb\x84\x1d\x04A\
b\xa1N \x9d\x0b\xfe\xcd\x7f\x9d3\xf0\x10\xa3\x8c\xb5\
\x04\x8b\x1cD0\x0f!\xfe\xf4\xe3\xcf\xc0\x85\xe7u \
\x98\x94\xa6# \xa7\x01\xee\x03\x05\x82\x88\x99\xdeK\xdc\
\xf6\x08\xa6\x07N\xe2\x83\xcc\x0b\xb8\x01V\xbc\xc2\x80\x0b\
&\x07\x96!\x0a\xc7\xdc\x07c\x04\x10\xd4D \xfc\x0d\
^\x15\xdc\x10\x15\x0bk\xa1\xe3Pn\x02\xc4 @\x10\
\xc2\x8a\x96T[X\xc0\x8a\xb0\x05w\x18\x05\xd7\x17\x08\
\xa7\x90\xe7\x9cL\x9bP\x04\x81\x13\xc0\x9d\x1f\xc5\x88\x8b\
\xcb$\xa7\x8ap@JL=\xe8\xa8~\x03E?\x10\
\xa5\x96\xbfqEG\xad\xa4\x93\x92\xe2\xde\x91{=B\
\x03\xb2\xae\xef\x03\xc6\xd0\x1e\xd7\xd6\x9ch\x12.\xe7\xa8\
R@\xcc!\x1d\xd8\x09gGZ\xe6\xaa\x00\x1f\xed\xde\
}B\xbb\xe1V\x8bH=\x18WhF\xe1\x04&p\
Y\x84Ds)\x11\x06\xeb\x88b\xa7\xc6%Q\xfcB\
PdA`\x99\x0c\x98\x8f\xa6\xcfq_\xa4\xcc\xc9\x89\
s\xb0\x7f\xa2g\xc6\xa4s_[\x07\x9cG\xaf\x07i\
(L\x1c\x96\x1a\xa8;\x10\x12\xb7\xcc\xe7\x104j^\
\xa2\x8ac@2\xd0'a\x8d\x065\x01\xfe \xc3\x01\
r\xe7J \x1e\xfa\xd0\x18.\xed\x00LX\xc5\x87;\
\x01X\x86\xc3\x0b\xd4\xc06\x16\xf1\x0b\x99h)\x99`\
\x02\x15\xb0\xd0\x1cB\x01!\x8f\xfd64\xc6\xc2\x10\x1e\
t\xc6\xaa\xd6o\x89\x8dAX\x84\xbd\x7fP\x90\x0e>\
6\x80\xff\x00\x98\x0a\xdb\x9d\x08F\xe3\xd1\x90\x90\x18\xd2\
\xc0%p\xc4\xcebp\xc0\xd4 \x08\xd7\xe8\x84\xf0f\
\xb4\x10B\xe6\xb0\xb1\xbf0\x19\xd0\x10\xb51\xc00\x22\
\x03\x98\xab@\x09\x12\x85\xd6t\x8a\x0a\x9f\xc3r\x85\x01\
E+\xaa\xea\xca\x87\xc9~\x7fQ\x18\x00\xa8?\xde\xaa\
\x97\x14I\xcb\xea\xbd\x02\xd4\x03\xd0\xe6\xb5At|E\
$\xca,,C\x0d\x92|\x9f\x81F\xcf\x00Y1\xdd\
\x00\xe2\x8d\x08<\x00#\xe2\xbby\xf7\xf8\xdf\xebQ&\
\x88Z\x8f\xf6\x11\x09\x01\xcc\x94o\x880\xda\x1c8\x11\
sj\xdf\xfa\x825;\xea\x05\xe8\x03\xaeu\x1a\x08\x05\
X\x19\xee<\x08pu\x93R\x1e\x0c\x16\xbe\xe0\xc8\x07\
\xa1r\x94\xf6@\xee\x19\x0b\x04\x84l_S\xdc]K\
\xef\xf7\x18c\x8fC\xe3S\xb3\xb8\xe2LzP\x1d\xde\
\xce\x03\xc0\xd4\x02q\xa8(\xbd\x9cr\xf4\xf5\xb5\xe1\xc6\
\x86=\x05_:\x98\x02\xc7/a!B\xc3'\xb8`\
\x8d\x81x\x84\xf0bg\xe6R\x18Y\x18\x84\x9eD\xe8\
\x061q\x5c02#\xc2\xe3\xd0\x9f\xb8\x02\x02\x1c\x88\
\x8fV\x0cL\x8f\xc6\xccc\x9a\xd0\xae4\x06\x0d\xb8%\
;\x11X\x0e \xd5%\xf4y\xf5\xa9y\x88L\xea\x0c\
\xa6\x07\x93\x14Q\xd8/\x81\x15gF\x0f\xf5\x0a\x05\xec\
\xb2\x84$|\x5c8\x07.c\xa7\xc4\xc5\x1c\xd9\xf0\xde\
5&H.\x84\x14e\x8a\x07\xc1\x84\xce\xb4f\xe5\x1a\
\xe9[\xd8\xe6\x14v\x08}U\xa71\x88@\x5c\x08\x11\
R\x9fp\xba\xd4\xe8@6\x1e\xc1\x8dhz\x16\xd0\xfe\
\xa0\x10\xf3\xc7\x88\x0c\x13\xd6\x8f\xeaa|t\x22g\x97\
\xd8\xd0\x94z\x05:\x5c\xf1F\xa1`\x95\xad\xc3\x85\xd7\
H\x0a\x92\x82\x88\xf4L\xc0QJ\x02e\xc0z=F\
aU\xe5\xcc\xc3P\xfe\xe5m\x1e\x92\x9c2\x5c'!\
T\xc3\xdb\xce\xf7X\xd0K\xa7\x0f\xf3\xe9\x0c\x83\xe1\xdf\
\xdc\xfc\xadcC}\x8e\x82gj\x19\xb4\x7f\x110\x8d\
\xccn\xbdh#\x99\xe3G9\xb89\x8a\x10\x80p\xe7\
KI\x87\x92&\x04o\x98\xca\x0f\xee\x11`\x1f\x98\xb6\
\xe51^\xe6Z\x80\x85\x80\xf7\xa8\x0c\x04>5\xe7\xa8\
\xd9\x83\xd8\x1fR\x92=\xe9\x9f\xb9\xc4\xc0MA\x06\x8e\
t\xf3\xc4!C\xc7\xc0U\xa6CB^\xce\xa0(\xb1\
8\x89i\xc6\x85*\xcc\x01Xb\x10\xb5\x09\xd8\xafp\
9\xd5\xf9!/G\x85G\xf8\x96~\xe3p.\x11\xd0\
}\xc3`\x97\xf5\xb0\xc0\xc5\xf7\x03\xd1\xfcmO\x04Y\
#\x11\xb2\xcca\xb4H\xe5\xcc\xc8\xad\xa3\x98\x12TD\
\x19\xc7_\xd1\xebC\x90\x0e\x03\x87Sbp\x88\xc4\x8f\
(\x890f!\x0c}\x98\xbaG#\x09\xa0?\xf0l\
#0\xc9\xe6)@\x0a_\xee+\xd0\xac\x0e\xe5\x1a$\
X\x14\xc6cR\x1a\x02O\x88B\x82\x104\x0e\x04\x04\
|\x84\xe3\x0b\x1b\x0f\xda5\x8fH\xc3\xa8\x04t\xe9k\
\x88\xda\x13:a*%\x0c\xc1\xb6-u\x19.\x0e\x84\
a\x10{\x110\x8fc\x88qf\xc3\xae7V9f\
\x04\x05\xa1\x11\x0fI\xe5-\x86\x03\x08;\xca\x13\x8a(\
)\xdc\x0f\xca,?\xc7\x99t4\x1c\x89\x82~hD\
\x81\x00\x22\xa12$\xfc\x90\xf2\x1a\x0a*\x12@\x06\xf3\
\x97ez\x22\xa6Q\x03\x8b\x13\x06\x00\xe4\xa1\x17R\xc5\
\xc5\xafpfV \x8cq\x11Mw\xa2\xef`\x86\xcc\
\xe0(\x9c\x11u\x81\x9f\xf8\x08\xc5\x87\x06\x07\xadH\xa1\
b\xf6\xac\xb8\xf8;\x15\xe2&kR|\x19\xcbc\x8f\
:1A\xd4B\x18\x0eEj\x02\x09\xe6#`\x8a\x0a\
,gcC\x91\x95\xdc'bL;\x19\x83\x08L\xa5\
\x88Y1\xccH\xae9\xb9\xf0#\x00\x98\xb3\x83\x0d0\
\x0f\xdc\x04\x80}\xc3p\x0f,q\x00\x1c\xc5n>a\
8\xca\x1bmH\x03V\x11b\xb8\xee\x0bn\x1b\x84\xc2\
\xc9\xb8\x0a\xe1\xcb\x11\x01\x0e\xa1\x84\xe4\x22\x02\x19\x08\xbc\
jP\x01<\xde\xcf\xe2~S\x001\xe6\x96\x97\xf6\x8a\
\xd4\xc7J\x16\x8c\xaa\x12K\x1c\xb8\x0c\xa1\x89\xe5\xce\xe1\
\x8a\xff\x00\x94V\xbb\xea\x14@\x01\x7f\xcc\xe1=>\xa0\
\x15\xe3\xcb\xa8,b\xa86|C(x\x1b\x13\x04\xd5\
B\x82:\xc6\x95X\xf8\x803\x0d\x19\x88G\x03\x00\x96\
\xc7\xc0\x0c\x048\x91\x7fC\xf1\x1c\xc3A^e\xa0\x0c\
\xa8fPE(K\xd0\x9c\x009\x10\x814P\x90Z\
\x01M\xc70\xc1.\x1a\xe4\xc1\xfcF\xcd\xe8\x02;\xb9\
\xcc\x98\xf4\x00\x98\xa1\xcd\x92\x84\xb8\x0d\xd8\x11\xce\x07\x93\
,Cy\x04#\xc6Y'\x98Og\x1a*\x17\xf5\xa2\
\xd4G\x97\x16\xfb\x8dnV\xb8\xf7\x88\xc7\x17N\xb4\xcc\
\x0d\x10\x02!\x05G\x0d\xc49\x8f\x04.\x81\xaa\x5cf\
0\x03\xc1\xd1i\x98\xe6\xadB.\x00G\xf4q\x9b\xfe\
#\x03\xb4E\xc5)\xfb\x82\x152{\xe2\x10'\xdc\x19\
\x90I\xf1P\x9f3\x80C\x1b\xc5\x98P\x0fqN6\
\xf9D\x98\x849\x84\xe5\xa1/h\x22\x00,\xc0\x9f#\
&<\xcc7r9\x80\xc0\x81\x19\x13\x9b\x99\xc6~l\
\xc2\xc0\xfdJ\x98\xa8y\xde\x13\x1bUy\x10V\xce\x16\
\xc1\x0c\x8cJ\x0a\xf6\x91\x88\xabaA\x15\xafE\xd1\x99\
\x0e\xdc\xb6a\x81\x11\x81\x04\xca\x1d\xa8\x13v8\xd0(\
\xfa\x8e\x1c`\x81\x05|\x1e\xa1\x8c\x93\xc9zp\x02\xc3\
\xae5\xa2\x04p\xe7a\xe9\xdc\xe3\xce\x85:\xc6\x83\xea\
\xfe\xcf\xfa\x83F\xa7\xcf\x89\xc2z\x9a\xa3\xb0r;\x1a\
\xaa{\xd5=\xf5\x0dJ(%\xa5\x182\xc8\xe7\x00\xcc\
\xef\x99V\x06\xac\x88\x03\x97\x5c\x88D)\xc4\xfe\x10P\
P\xe2\xf1\x01\x0ap\xc23\x82\xb7\x00\x1d\x03J\xc4W\
9\x8bKRG\xfdB\x80Ac\xf8\xda\xd1\x84\x19\x8f\
\xbd\x13\xd8\xd65/\xf2\x9c\xc1~Xw\xea\x02\x81\x15\
{\x00\x99\x070if\x01x\xd8v\xa8\xd6\x01\xf7\xa2\
\xc9\xfdA\x04\x84\x1d\xa0\xbb\xd1h\xb3\xa1\x90\x81\xba\x8b\
\x13-\xe9\x1a{G \x0e\xa6\x18\x8b\xa8\x92\xde3S\
\x18\x05s\x19r\x10\x11z\x1e\xa3$\x9e\xa5\xe8w:\
\x82>e;\xb8\x07\x90\x0f\xb9\xc1\xe1a\xea\xe0_\xd4\
P\x8f\xdcKq\xaa6\xa4\xd1H\xf7\x0c\x0a\x16\x00u\
\x0e\x00S\x8fa\x9ch\x18\x00\xe7\xde\xa6R\xc5\xf7\xa8\
\xf1\x04\x1e\x13&U\x9eN?\xf6\x87D\x99<\xec\x7f\
!,\x93\x8fZZy\x87=\xc0f`\xea\xda}\xed\
\xf6F\x86O\xe1W\x0c\xa1l\xce\x14\x96\xd1f\xf1\x04\
\x0c89\x9c\xa8\xff\x00\xe4\x9e\x10\x08\x98\xe5\xb3\x05\x83\
!\x92\xea\x01F,e\xf0\x00\xe3`\x05\xbb\xd1B9\
\x11P\x98\x19\xd2\x82\x03\x12\xb0\x167\x1f\xea0\xaf\xf9\
\x87\xfe\xf6\x10\xb5?[\x01\xb0\xc9\x84\x22t\xf2\xa7\xae\
62\x97\x1a)\x22\x08u\xb2\xea\x17\xe0\xea\xa0\x8ek\
B\x89N\x0aS\xf9#\xb7<\x87\x84p\x08\xb0\x08\xc7\
r\xa4\xa70dkv\xfb\x8d\x1c\xae6\xa2\x8e;\xd1\
0_\x5cL\x0fp\x96a\xa0\xf5\x0e\xe7'`+\xee\
\x11Lk\x95\xc1\x00\x99\x8e\xf5Dc\x0a\xe5\x7f\x9dH\
\x1f\x9a\xd9A: \xe0\x8e\xa2YFF\xcf\xa3\x01\x15\
\xa2\xc4W\xe2T\x83b\xdf\x11\x0aq\x0aR\x06:\x9c\
\xc4\x1a\x13\xeb\xa8\x19^Z\x02\x1cdy\xd0\x19\x07\xb6\
\x84\xeb*\x15\xdf\xd4\x15\x10\xb3b\x84\xbe\xe2:\x5c\xe2\
K\xc6\xbfHT%r\xa83{\x83\xe2)\xb9\x8e=\
\x98\x9dX\xde\xe0*~Q\xf9\x84\xe0\xfb\x98\x0c\xe6\xa2\
\x83f\xa1\x07.\x1d\x0bE\xa8\xe7G\x1cr\xdd9f\
\x12\x9c0\x5cp\x07\x8b\x10\x9d\xa72\xa8r\xben\x01\
\xa8}u>\x82!0\xce\xf9\x8b\x02\x00)\x9c\xc1Q\
\xa20a3\xc7\x10\xccAS\x97\xb1\xb3{\x0a\xa3\xf3\
\xd4/\xb0\xbf\xb8\x86\xf58_!e\x8f\x15\xb4\xe6\x1e\
\x00\x83W\x09\x03\xd9\xa0\x0f\x13\xccb\xc3\xad\xd80\xd6\
=\x8b\xa9\x93_\x00\xcc\x0a\x9d\xe2\x11H\xf0\x99\xb5\x08\
Q\xa0C\xa8\x04lp\x8c|\xdd\x83\xa5\xcf\xdb@O\
bK1\x84\x03\x0c\x8f \xac\xce\x10\x06\x13&\x17g\
\xe6-\x15I\xf1\x19\x8a\xa2\xb9T\x16\x19\x83\x9a\xca\x00\
\x14\x05~u\x10\x98\xa7\xc7\x11IO?\xccs\xa9\xff\
\x00\x9f\xf7\xa8\x80=\x00x\xdem\x1f\x1a\x83*\x02+\
\xe3\xe3\xfdC\x06\x944\x10\xa1@\xc7\x0ek\x12\xd4a\
\xd6\x07\xe2V\x8a*tu\x09G\x9e4d\xaf\x10\x8c\
i\x1c\xc2\x92p\xe7\xc7\xbfs\xd6\xad\xf5G{AO\
\xa3\xc4E\x8c\xa2\x88\xed+\x8d\x22=D\x8e\xecm\x9d\
\x81\xc7\x84\x18\x02\x1e\xc6K\xa3\xa2\x11\xfb\x10\xe7Dt\
\x14\xc8H\x05\xf12n\x19\x00\x85\xf3\x08)$.4\
>\xb5+\xc8C\x07g\xdc&\xb8\xc1G_\x11/k\
E\xff\x00D\x102\x88N\xe1\x81\x16\xf1\x1c\x1e\x9e\xe1\
\x00\xe5\xea\x18|\xc6\xd8x\xb7\xa1\xb26\x8e\x8e\x03\x0e\
\xe3\x130\x80\xd1\xcc\xce\xe0\x1ea\x82J\xc5\xc0XO\
/s<\x84G8\xd2\xd5\xba\x0f\x87\x10b\xc1\xce\x1e\
\xb4g\xc4\xc3\xdb\x8f\xf7\xd7Q\x22\x8e\xd7\xe0Z\xd0\x07\
<\x03\x92\xc0\x12\xda\x0f\xb9.?0b1]\xf3\xaa\
\xe7S\xe4\x98\x82\xc7\x8eN\x84\xbd\x8a\x03\x01\x94\xce\x80\
\xce@\xf7\xa7\x1a\x09\x94\x80\xb0F\xfe\x226\xe3_\x0b\
+0\x91\x99\xe1\x83\x18#\x98K\xfa\xa8!\xf4~%\
\x1e \xf2C\xb8[\xcf\xb9\x88\x17\x10\x15A\x0f\xac\x11\
\x85\x98\x0a\x9fB&\xe3\x15\x14z\x03\x1c\x8e5\x0c\x12\
\x1e\x7f[\x85U \x10Y\xb0\xd6\xf5H\x18\xd1zT\
0\xdf\x0a\xd8R\xac\xc5\xaa[D!m\xec\x0fZ\x02\
(a\xd8\xcc\xe3a\xcb\x8e\x1e<\xc0\x01@C\x93\xf5\
\xd6\x98y\x8b\x9e;\x82- W1J\x07\x9c\x8e%\
0\x87\x15??\xf3,\xbc\xc2\xa0&\x04\x07\xbf\xd40\
Y\x0e\xb6\xf3\xcds\xdaPz<\xec\xcc+\x06\x18\xc4\
J\xc1PQu\xb0\x85\xa9\x0c\xbc\x010\x10#\xca\x17\
#\xc1\xf3\xa1/;J\xe3k\x18\x1fGG@\x9a\x07\
\x93\x1d-\xc0\x09\x90\x149\x8a\xea\x0b/,C\xaa\x80\
\x13\x1aw\xc0\xa8\xa7\x88\x13G\x0aS\x80!\x0e42\
\x14z\x9f\x81\xbc\xc5\xd6\xd5\x9f\x10\x04\x0e\x1c\x98fv\
\x98\x8c9\x8c\x81\xe2\xa1\xd0p5<4\x10\xb3\x940\
;\x85&\xcf\x88\xfb\x03\x0d\x14f\x12H\xf5\x1c!Y\
\x96q\x89\xf6C\x12\x9c\x1c\xf73\x7ff\x10 \xdc\xfd\
@q(l\xbap\xa5\x19\x96\x01Y\xaf\x8e\xfc\x98K\
\xf9N\xd6\x00\x80J<h\x07\xe2z\xd4L\x19\x88J\
i\xcc\x04\x8b\xach\xab\xcf\xc2\xbf\x7f \xfe#\xfef\
a\x0a-)\x04\xb2\x02)\xe4\xcc\x91\x0eU\xce\x04.\
\x12<,J\x85\xa7\x88D\x04\x9f5\x1b~a\x11\xb3\
T\x86\x11\xf7\xea\x1c\xcb#\xff\x00R\xb0\x05\x87\xeb@\
\x91\xd9\x83\xbe\x80x;F9\xb7FR\xbc\xc0lv\
\x22\x13AhK\x83\xcc&S+\xa1\xa0\x00\x22E\x06\
\x86\xce\x85!\x1cgP\x1e3\xd6\x8aR\x97N\xafS\
E\xb4\xad\xc0SUB]\xd4\x17\x92\xa0\xbb\x87\x94X\
\xeeqGF\x0d\x0f\x01\x08@\x16\x0b\xe2\x1c\xac\x80\xb9\
T\x17\x7f\xb0L\x1d\xa38pF\x80\x00P\x10\xef\x12\
\x9f \xe0\xcc\xc1^\xcf\x882AFb8I0\x09\
F%\x03\x870!\xbd\x11\xd6\x97\x00\x0a\xfd\xf2\xca\xfe\
\xd0\x1f3\x8f\x80\xd0P>\x0c\xc9\x80I@=\x1dh\
C\x83\x82v\xa1\xe2\x1d<h\xa9\xca\xe2\x98P\xe8\xc0\
*X\xb1\x99\x82\xd0Vfs\x0a\x88P\xd1\xc7\x1e\xc4\
\xe3\x94\xdb\x8a]\xc3\xe3Q\x98\xc4d\xf2fE\xbe\x84\
\xa7\x07\x98\xf6\xfb\x8bT\xa7\x14h-\xe6\x19`>#\
cPTb\x05W\x0d\x07\x9f1\xf0P&y'\xa7\
\xa5\xb9\x8eJ\xa0>`)\x84S\xd0\x164\xfe65\
\xa2\x04\x0a\xc3\x98\x83\x8c\x1b\x8c\x92\xf1\x09\xfc\x80\xa2\xf4\
T\xf8\x8c\x06 v/hK\xfc%\xb4\x05\x96E\x0f\
[<CD\xa9N3\xf07\xa6u \x01\xa6\xff\x00\
Q@h\xd6\xa2\x8c\x5c\xc5\xbf\x87Z\x02\x1fY\xda\x13\
,\xe6\x00+\x02\xe5\x93\x1eqs\x94T\xe1\x9aQ\xea\
\x15\xea\x99A@!^Y\x84\x5c\x10\xca\x7f\xb8>\x01\
U8\xe9\x18\x10\x14)6\xbc\x01\x02\xc3\xc7\x88{H\
,=!/C\x04\x8a\x1du\xb0\x9d\xc6\xa0\xbdN\x8a\
\xe1\x5c>#z\x16\x1b]LQ\xce\xd3\xebBE\xa1\
\xb1m\xce\xb5\x02\xd6\x1d\x89j~'\x13\x81\x02\xe7B\
\x91S\xd3\x00\x9cs\x0c\x06\x86\xa7\xb4\xc1\xd0\x96\xb4n\
\x03\xb0\x99\x89jW_\xb8\xaf&\x80\xb8\xb4hr\xaa\
n\x88R\xb9\xb9\x5chb\x22\xc0\x91\x01\x00\xc2j\xa1\
\xdb\x5c.<\x7f\xba\xa7\xdc\xa2|\xad\xc7gB\xb9\x17\
\x17![\x96a\x8b\x87\x83\xb8<\xec\x17\x09'3\x1a\
\xd0\x0c'V\xb1\xa0L'A\x93\x0fG\xa5h\x00N\
\x04o\x07\x98\x04\x22\xe4\xc3qh\xf4\x06\xd4=\xeez\
7\xa0\xba\xa1\xcd\xc3\xb5\xfd\xb6\x99a}\x88\xe1\x80r\
\x17\x09f0\x00\xf0`\x5c\xc2@\xd7\xdc\xc29\xd0\x93\
\x5c\xd6\x84\xf9%\xf7\x1e\x80>V\xaa\x1c\xb1\x12\xb5\xfd\
\x90@\xc9\xe0\x05\x08N\x1f\x8a\x93\xbd\xca\x18\x00AH\
\xe9\xed~\x8fp\x96Y\xcf\xc0\xd9\x0a\xca\xdb\xf8P\xd0\
R<\x06\xb5KOP\x92rq\x09'%\xef\x11\x0c\
\xae{>%\xa1\xae\x80\xe0hK\xbep\xa2f\xa5\xf8\
A!\xc1\xe2\x85\x16\x87\x88B1\x9c\xc78(\xcfE\
\x00B=\x80\xa9\xc7P\xb2\xde\xb3\x8cc\xf0\x9c\x09\x9a\
\xa2\x15W\x8e\xe7a*\x01\x145\x9f\x95\xe8\x01v.\
\xb4:g\xbcm\xa1\xc6!\xb3\x03\x07R\xe2\x09ez\
\x05@=g\xb8\xf9\x0cUf\x0f1\x8e\x17\xde\x82\xb4\
\x05\x16!$d\xd4\xb0\x12\xff\x00h\x85@\x01\xf4\xe3\
D=\xc2@\xd6\x84\xcbC\xa8.\x08\xd0\xe3\xde\x80!\
\x08DJ\xdct\xb4\x8d\xa4,\xc0f\x00\x07\x81\xa8\xcf\
p\xe6\x00\x04\x5c\x8e\x9eG\x98ce\x94\x0ev\x13\xc0\
\x99\x1dM\xc4\xe1C\xa1N\xd5\xce\xc7\xa9\x11\x94\x05\xce\
\x98\xf9\x99\x95\xf1\x05%\x8cp\x86P\x5cBa\xf8\x1e\
\x01\xc2\x99\xfcC\x03!\xc2\x9cW\xa8\xd9g\xe2\x19\xbb\
\xd85{\x8e4\xca!4CU\xa1\x0b\xe7\xa3\x0f\x18\
\xbdIb9\x13\x8dZ^\xe1/h\xc5A\xcc--\
\xff\x00\xdc(\x09\x22s\xe2\x12\xf3\xb4\xfc\x8d\x10\xeeu\
\x05\x11eQ*o\xa3\xf8@V6S\xe8A[\x08\
@\x82(c\xf8k\xe03\x9a\xda\x0a\xc6\xc7\xd6\xae\xe8\
\x11\xc0\x07\x005\xc5F\x95\x18LI\xc9\x81\x00\x98\xfe\
\x08\xca\xe6\x18\xb2IFT\xc8D\x5c\xc8\xfbR\x99 \
VJ\x10\x93\x13$\xb1\x85\x91\x81c#3\x97\xfa\x84\
\x80\xa4\xa2\xcbz\x80\xca\x862\x01\x11\xc6\x84-\xc1g\
\x9e\xa1\x1a\xd2\x1bx\xec`\x10\xad\x9cz\x82\xcd\xe8\x07\
 \x15\xa7\x01@\xc1&\xde!4\x87\xb3\xccq\xb3z\
\xd9vQ\xdb\xd6\x82\xe4\xe21B\xb8hK\x87\xa3\xb9\
o*\xc5\x93QQ\x90\xf3\x06Q\x8e:\xd0\x824s\
\x04\x0ds\x8a=JpP\x119\x88\x84\x088\x10\x0b\
.\x08,,\xcecB\x88s\x05\x9a\x84\x86LxG\
\xdc \xe24\x0fI\xf4h\xa3\x08Z n\xe0\xe8\xf7\
\x0b\x95\x84@\xa5\xa1\xc0\x8c\xd8\xd1\xd8j4Z\x13\x02\
2%b_\x12\xe0\x97ZZ\x8b\x98\x22\xf8\x1ch\x06\
\xa2O L\xd7}G\x19\x94\xc4F\x12\xc7Q<8\
\x03\x98tm\x1c&(\x07\x83\xd4\x08\x0f\x05\x88\x03\x8f\
\xce\x84\xf9jS\x9a\xc6\xc3A\x8e\xe9|\x01\xb9S\xd4\
V\xc7\xb4'x\xdb\xfdZ\x80N\xe1\x16\x87\xc6\x8ae\
\x0a\xf7\x0eaF\x9a\xec\xfe\xf9\x86$\x93{\x06\xa7x\
%!#\x03`\x82\x00\x97#\xa2\x82\xcc\xc9\xb2~\xef\
\x03\xc6\x80\x13\x8dp#-\xf3\xa9\x0b\xe5#\x91'\xdc\
Q\xb3Sj)\xe05_\xad\x02\xff\x00\xf0\x8a<\xd7\
oz\x82A\x04Q\x1ap\xb4\x22#B#\x8a\x00\xbe\
\x92\xb7\xa3*\xd8\x82)h\xf08\x94\x04A\xc1\x0e\xa1\
\xda\xb93\x0fA $\x8a\xfe\xd0(\x96a\xfcCa\
>\xdc\x02q5\x98\x13$\x0a\x05l%p\xd9\xf3\xa9\
\x8e\xe1@\x12(\xe2`\xb9\xf8\x80\x04\xce\xa0\xc1\x1a:\
Z\x9f\x1a\x00\xfe\xa0+@`\xae&\xe3`\x00[*\
X\xfb\x9c\xc3F\x0cJ\xa0\x15ra \x02:\xee\x13\
\x80b(y3\x03\xf2\xea-\x11\xd0\x8f\x10]\xc6F\
\xb9\x980\x83\xd0\x10\xd5\xc6\xa7\x00\xfc\xc2Ox\x87\x13\
\xbb\x85\xa0\xa0,\x5c\x12\x0bl\xc3u>\xd1\x1d\xa7\x86\
\x8b\xd1\x96\x00J\x07#=\xaa\x18\x87\xa1l\x11\xf4\xf1\
\xa02\xbf\xb4\x1f\xcc\xb0G\x22\x06i\xea\x1e\xc5F\x22\
F,\xed\x19\x03\xa9\x85\xb1\x09\x81\xd2\x89\x04\x12\xee.\
\x98\x88]rp@\xb6C\xf1\x02\x0f\x10\x03\x06\xe3&\
b8\xf4]\xecz\x1d\xa2o\xc6\xc0a\x12\x90\xafa\
\x80\xdf\xc0\x89oHv-J\x18\x87\x0a\xfb\xd0\xbev\
\xd8\x1e!\x5c~`,.\x03f+\x06\x1e\x82\x98U\
\xce\xa2\x10\x8e\xe5\x1e`\x88\x191\xf4\x1c\x9d=C\xe4\
\x8fL@\xb9\x98\x95I\xfcE\x02\x0f'\xa2 \xbe\xe2\
\x88F,\x93\x80 \xd3w\xf4\xfdh\x89\x86\x22H5\
\xd6\xe5\x83\xde\xb5[\xc8\x80G\xa86\x11\xd2\xa0\xee%\
\x0c&Z\x03\xc0\xd0 \x12\x1c(\xceD\xd4\xcd.\x1f\
:\x80\x8a\x1e0\x00B\x1d\xf5\x08\xba\x8bA\x02\xfa\x82\
\xba\xb0 `\x9b\xb9\xc5\xc0\x8dgeq\x05P\x12\xdc\
\xf3\xee\x17\x95\x14\xe5\x1e\xefDL\xb7\x18k\x94\xf1\x14\
\x22-^\x82\x0cl\x03\xdc u\x0e`Uy\xd3\xbd\
N\xdd\x03\x86\xa5{\x09\x82\xc8\xa8\xd41\xb6N\xc2\x01\
8\xa6\xf5\x05\xab\xba\x8b\xf7\x85Z]\xf9\xd1\x12\x95\x85\
\x0c\x7f\x91\xc2\x00\x1f1\x07W-\x08Y\x84ha\xbc\
\xce\x12\xc1\xca\xaa\xbc\xc6\xcd\x0cL\xae\xc4\x01\x94\x05\xc4\
\x19Q\xf12!hh\x06\x8e\x13\xa2\xb1\x9a\x12\xe0\xb4\
J\xa9\xd7Z\x1a6 \x14\xd9\x9e\xd1\xcb#5\x88]\
\x01\xa0\x86\x84\x8ed:@\xab\x0f\xa8\x81\x1f\xf7\x1c\x84\
fjK\xea[\xfb\xd0\x10<&B \xc9\xfeH\xda\
\x10\xa8\xf8\x86\xf5p\xc3\x86\x11\xc3\x9e\xf6/m\x08H\
\xe8\xa0\xa3\xa0H\xb7\xe3W\xf3-\x15\xc0\x045\xa9/\
;\x15@\xe1\xf8\x8aX\x99\xce\xaa\x12\xcc\x07\x08Ts\
\xae]L\xc5\x01\xddWz\x0c2\x82\x837\xc4\x22>\
\xc8\x7fJ\x10\x92!\xd5\xed\x0a'\x9f\xd6\xd0\x9d\xc7\xa1\
,\xeb\xc2\x8b\xc9q\x1d\xc3\xef\x7f\xe5\xa0\xd0\xe6\xbe\x02\
^v\x83\xdc'S\x06bW\xfd\xb4!\x12\xd0\xe8 \
\xd0\x09$\xee\x04Y\xcb0\x16c\xa5\x01Q\x84S\xc3\
a\xc0\x18\x99&,\xe6\xdch!V\x1d$\x9d\xf7\xb4\
3$\x81S=\xc0\xf6%\xc5\x13\xb4\xd3\x12B\xc49\
\x84\xecK\xcay\x86\xfark\xd5A\xca\xd0\x9ae%\
\x1f\xa6\xd1\x05\x09\xa6\x02'\x1c\xea\xfci\xb8\x05c'\
g7\x102v!2Z\xaa/\xc4\xe48\x97PF\
\x1c\xccu\x9a\xbcN\x9e\xa2\xfd\x1d\xc5\x99\xcc\xa8%\x0d\
A\x98R\x8c\xa1p\x13\xccs\x98ip\xfcGr\xd1\
\x01@\xaa\x14p\x98a\xc6\xf4\x15\xc3\xd6\xff\x00:\x18\
  \xa1#h#\x8b\xcf\x22`EB\x11\xc4t\x93\
oQ\xe8\xf9\x8aoN<\xec\xf3\x0f\xd4npA \
\xe0G\x1c\x08\xb6W\xfb\xda\x09\x05\x8a:\x10\xba\xfa\xd2\
\x81_'\x8d\x0c\x0dI\x10\xe9\xfe\x88\xda\xa1\x09h\xf0\
_s\x86\xdf(\x94\x05@t.g\x95\x06\xd9\x80\xf0\
\x0e\x0a7r\xc9\x00J\x17\xff\x00ID\x89\x867=\
\xb4\x84\xe3\xde\x9a\xe0\xef\x10\xc6\xd5v08\xb7\xf70\
>\x1aX\xb8\x0fqM\x83\x1b\x9e\x9e\x8a\xb5\x22S:\
(\x00=\x1a\x03`\xb3\xcf_\x05\x9cy\x0dIvs\
\xa3\xc6\xa4\x822. \x9c\x85\x0d\x8e\x96\x99\xd0N\x12\
\xf88[\x01\xe4\xa8F\x5c\x85=\xc2,|\xc4\xa0\xa3\
;\x14\xb9\xd2\xd9\x03\xee\x10\x84\xd0\xc1\x00\x86'>'\
\xb83\xa1\x80\xab\xe9\x09\x98X\xaeH\xcf4x\xd1\x00\
\x14Q\xc4:\x02\xa0)\xe3\xa8\xc2,V\xe5\xfbB\x0c\
\x1b\xc4?\xbd\xb5\x14.a\xafH\x9a\x83\xc2\x12\xf7\x18\
\x8fD!\xb3s(\x22\x84;\x845\xf4\x98\xadW\xb2\
N\x837\xb2\x96\xd6\x05\xc7\x84\xba#\x00\xc9T%\x0b\
\xe8\xa3LT7\x91*\x17\x02uBG\x11\xbb\xd4\x04\
@0!\xac\xb8\xcd8\x82\x1b\x94\x14\xa7\x1a\x07\x87\x08\
\xc2E1\xd8\xc6\x11\xe3\x88I\xcc$\x9c\xc1\x06\xcc\xaf\
q\x01\x10C\xc3\x91r!\xae=\xc5|$\xb0A\x5c\
\xfc \x96;\xd0\x06P\x84\x00b\xd8;\xd8\xa2\xfb\xdc\
\xcbh+\x1a @\x9f\x10\xd4^\xc1/\x15\xd6\x9d\x00\
uq(M\xba\x11\xb0\x1f\xb8\xb8\x80 \x22G0\xcc\
Y\x84\xaa\x15\xdf\xce\x0c\xdf\xe2u\xe0\xfc\xf1\x10\xa8\x1f\
\xa8\xd2p\xa1\xf83\x1d(\x0a\xc4z\x80\xf9E\x7fD\
#\x90y\xc4+u\xdcG\xe0\xe1q\xb8\x15\x1d\x17>\
\x16\x99\xd9\xc4!\x1f\x8cF\xfe1i_p$`\x01\
\x1c\xf7\x09e\x98B\x00d\xe8P\x03)\xae\xccq\xb9\
\xc8qP\x9ca9X\xcatb11\x0b\x05\xc3z\
:\xd1\xbea\x14\xc6!K\xb8n{\xf8W\x86t\x05\
\x02*\xfe\x010wT\x15=\x09\x98H\xb1\x98w\x0e\
)T[\x01\xf1\xc6\xaa\x81q\xd0\x81\xb12\xe8\xce\xcf\
qC\x8cMf#\x1bX\x1b@0\xec\x1b\x99\xa5\xbc\
\x18\xa1\x13\x11\x19\x1a5\x89\xe5-\xa19\xa1^\xa3\xce\
\x9d\x80=\xfc':\x9e\x14Q\x85\xe9j\xfev\x02\x08\
+( \xa5\xc9\x9dA@\x8e\xf4\x02\x1f<h\x03\x9c\
y\xd5\x9275\xa0\x0f`q\x18\xf1;\xe9K%X\
0\xee\xa1\x86\xe0\x87R\x14\x130W\x03\xb2\x80}\xa2\
2\xf4\x0bQ\xe7`\x98\xe0\xe5\xf4\x10\x91\x84\xfeB\xa9\
h.c/\xea\x0b\xfd\x222\x94\xf8\x8d\x15Cg\x98\
~O\x11<@,\x18\x0a\x9e\x07\x11\xb4E\x1e\xa6s\
\x16\x84\xe6!\xe0\x0e\x84h\xb4R\xde\x8aj\x02?\x22\
0\xda\xf1\x11\xbff\x9e\xb5\x1c\xd3\xd8.\xa1\xa8\xe0\x8c\
@#C\x10\x82\x81?Q\xd6\xf2@\x17s\xa2\x00A\
\x0c\xb0\x8e \xafH\x0c\x88\xe0Y\x17\x09\x09Eqr\
\x91]\x99\x83\xa3_\xf7\x0aS\x07\x883\x00\xd9\x99A\
A\x0b3\xc4\x04tZ\x0fX\xc2\x8cCX\x83=\xf1\
\x0fu\xc68\x85\xf3\x01\x10V3\xa7P\x9d\x99uE\
\x06\x8b\xe0\x875\xbb)\xca\xad`\x0cKvAG\x96\
\xc6\x06.\x1f,\x1ev-M\xbb\xd5S\xe24C\x07\
\x11\xcb\x018\x19\xc0 \xfaA\x9d}\xe9Z\xaa\x00\x14\
V#\x1c\x00\x88\xb1-\x11\x097o\xd45\x1f\xbd\x8d\
\xcb\x9b\x88\xcc8\x94\x8c\xc4\xc9\xff\x00{\x00\x02\xee\x84\
4V\x9e\x19\xfe~0\x80\xb2\xe2`\xc7\xa1\x09\x88\x1a\
\x22\xb2\xea\x02\x80Qb$\xdc\xf1\xb1\xef\x10\x95\xc8^\
\xbc\xcc\xb4\xbf\x09\x9d\x15=\xa4\x09\xfa\x1b@\xb5\xbeJ\
\x87g\xbd\x1e\xc7\xa37\xe6\x12\xccP\x88\xa6S-S\
\x86\xbf\xe7hH\xbd\xcfp0\x80\xb0Y\x17\x10\xa1\xca\
\xe3\xecE\xc3\x04\xcb\xf8x\xddT?\x9d1\x12!\x13\
\x97\x89R\xc71\xf9\x13\x9d\x08\x83\xfe\x91~\xe6#\xff\
\x00\x05*\xdavq\x09`\x0e\xb4vS\x03&\x10\xb1\
\x06\x13\xd3*+\xbd\x158K\xcco\xefA\x97t\x13\
*\xe3\x10T%\x13%-F\xa3\x01\x1c\xb1\xe2!j\
s+\xcc\x12\x02\x8f\xb4Ep\xec!\xd7\x1c\xad9\x15\
J\x01\xd5By\xfdB\x09\xf2\x14(\xed\x22\x02\xde\x06\
8)\xb0L\xfa\x84\xac\xd4\xc9\xd8\xf1\xa7\x02H\x9c\xc3\
\xab\x84)\xc7[}\xe9d{\xd1S\xd0O35\xc4\
\xee~$Ne\x0b\xb7PQ6>\xa7\xb8\x9e\xd7@\
\x85C\x1b\x84\xb7\x01\x0a\x8a\x84\x04\x22]\xc58\x141\
D\xb4\x19\xd0\x15\x10\xab\xa7\x09f)3\x91\x00T^\
\x88\xeb\x11\xd0\xc5l<\xf9\xfew\x082\xaf0j\x0a\
\x9c\x88\x12\x1c;\x1b\xce\x84\xb0>\x22\xf4\x13\x07cX\
\x07:0\x19W\x00\x02QV~\xa2\xa7\x04y!\xeb\
nb\x8a\x85\xc2\xc08s\xa9\x0b\x97\xae \x0f\x19\xea\
=\xd8\x9d\xff\x00\xa6\xae7\x88P\x06aK\xa6\xbe\x02\
\x16\xc0\xefH|\xa7va?),\x01\xd4\x0b\x9f\x85\
S\xd1\xc7\x1a\xc4c\x09\xdb\xe0a\xd1\xdc\x08\x18q\xa3\
5\xf3\xfb\xd5\xea`x\x0d\x98\x0a\x18\xf2\xa5\x00UC\
G\x99\x98\x17\xd0\x8a\xf4q\x19\xc0A\xdf3\x98\xf93\
\x04\xb3\x8dV\xb9G\x09\x04N2NU\x1d(I\xcb\
\x88B*V2\x12?0@0pw\x02$\xff\x00\
\xb8\x92a\xe61\x00\x07\xdc \x97\x98\x0a?E\x09\x89\
:\x02\x04-\xb4\xfcD\x92\x8b\xc3\xeess\x9d\x87\xea\
\x00\xf5\xafhB\x02\xf3\xa0\x0ac\xe7@ \x87\x91\x99\
{x\xd1D\xb2\x0co\xdc\x07\xc4!\x05\x9b\xaaw\x08\
p}\xc2/DW\x83\x16\x8a\x9c\xa4\xf2f\x09p\x99\
<x\x99w\xf0\x04\x81\x1fE\x1d'\x0a\xa5\xf2\x18\xd9\
^\xa2\xfcJ\xed\x19\xcc\xf7\xb0\x84\x86\x80\x02G?\xa9\
v\xd3\xbc\xe85\xc0>\xf7gZ\x00\x11\x9e\xa3lG\
\xd7\xc0B*4\xc0\x5c\xc0S\xca\xe0\x00\x00\x11CK\
\x0eK\x10\x17\x9f;-\x90>\x0e\x8eQ\x81\xect\x02\
\x847\xb9J\xe1\x1d@V\xb4\xa1\xd9F(\xb4\x17\xb0\
\x9d\x09{\x85\x04\x19\xe7S\xe1\xaf\x81s\xb3\x0b\x97;\
\xfa\xf9[d*\xe3V;\x14\x1d\x9d\xcb\x1a\xf0{\x95\
!v\xfd\x1co\x00\xd2\xbd\x09k\xc6\xd0\xa28 r\
4. f p\x01\xfd\xce\xd7\x1b\x11\x90\xdaZ=\
\xaeJ\x87G\xb5\x18\xa3\x82U@\x8ayQ8\x12\xcc\
\xa0\xca\x89~\x11 \x1a?\xd4-\x1d\x86\xf2\x9eOp\
2`{\xd8\x0a.\x1d(\xf9\xd0\x09\x00,\x98B7\
\xa1\xf1\x06c(\xae\xea6\xa8W0\x85\xa7U9\x99\
q\xb2\xa28\x84(\x04)\x01}!\xccE\xf9\xcc\xb1\
\x94K\x9a\x89\x138P/?\xa8K\x87\xa1\xbd\x03\x18\
\x98>D0\xf0\xb5\x1fP\x19_\xcc\x0d.!\xe9\xc3\
\x9a\xd0\x1f0\x87\x8c\x8c\xee\x06\xd9U\xb7;\xc8EB\
\x10\x00\xc9\xe3`\x18\xb2\xed3\xd1\xd6\xdc\xb3\xbdh\xe0\
(\xf9\xd0\xc2\x03&\xa0\x1d\x8dl\x05cq\xa2\x0b0\
\xc8\xc0Z\x8a-\x1c\x9e1\x02@\x12\xf2\xe4\xc2\x11\xbd\
\x0a\xee+\x8c\xc4q\xa0\x00\xe8{\xd4]l\xe2\xf6\x02\
\xb5Pk\x8f\x84${\xd8\x011<nj:\xebp\
\xcc\x00\x10\x00\x1c\x8efc&\x86E\xc6p\xb6\x10\xb3\
\xf3\x15\xc4\x1e\xb7\xa4\x1fq\xfcB\x06@\x8a1\xcd\x81\
\xe5\xfe\xe6+\xc4\xbe%\x84~\xe1\xfd\xe8\x04\x0bNq\
\x086\xf4\xd4jH\xcc\xe8w\x00\xb3\x03\xf0\xd3%\xb1\
\x00\x06X\x9c\xc02\x06p\xcc\xa1UU)\xaa\xf9\xc0\
VC\x866\x16\x15\x87\x05B\x0d\xe8\xbd\x80\xf0{\xea\
\xb6,y\x81\x22<?\xb8kL\xcc\x1f\x13\x92\xb3\xa6\
c\x17S\xa13\xa7\xa1\x0b\xc0M1\xa0\x04\xe2\x10\x18\
\x01\xe9\x0ac\xc6a}\x0b\xd4\xf0\xa1\xf7(\xdc\xe4\xc9\
5\x98\x0d\xc2\x18\x15\xff\x001eS\x07\x14%\xf8<\
hD\x01Fx\x95K\xf1:(%\x97\xa9\x88\x03\x1b\
\x04\x16\xc1Z\x1c\x8f\xe7o\x1f\x11$\xa0I\xaa\x1e#\
\xc7\x030\x80& \xb3g\xefVR\xdc\xf2\xa6\x1f.\
|ns1S\xde\x07r\xba\x84\xa7\x17\x16\xee \xed\
,\xcc\x8f\x1a\x16\xb8\xb0\xc1\x80\x81\x01(\xf1\x07\xc2u\
P\xc2\xbe\x13\xda|mT\xf5\xf5\x89\xc7\xc3\x8bZ\xeb\
RI\x80\xc0\x12\xbc\xc3\x99]\x98\xb8\x94\x87\xf8Ke\
\x94xj\x14\xc3\xa8\x0c\x00\xa7W\x0e\xc9\x07\x9dQD\
\xaa\x1c\xe8\xa0\x1c\x18\x9c\x8e\xb4y\xa5\xfe\xb4\xab=c\
\xdc&)\x00\xd1L\xbe\x5c(e\xeb\x01\x07z\xf5\xbb\
\xc5\xaa\xd1\x10\xeb\x11D\xa9\xa0\x19\xaa\xa9\x0d\x92\x22\x05\
\x02\xf3\x1a,\x14v\x80-\x95Z\xa4t#\xe26=\
h\xa0w\x14\xa1\x05\x03\xee\x1d\x1a\x08\x86;\x8b\x9e\x22\
Y\x8e\xb4(\x004cy\xd4L_\xf1)\x94O\xfd\
\x92\x97>\xe6\x12:\x06\x85\xc5c0\xad\xc8\x17\xdc\x06\
\x00\x0b\x84h\x05\x82\x0c\x0d\x0aQ\xa0\xe0\x0cs\x08E\
g\xd6\xf0bp_\x0e7\x04\xd0\x06x\xfb\xdal\xed\
\xa5\xe7C\x81o\xe0\xade\xcc>!\x1d\xc4\xb4\x1d\xa3\
\x0d.\x04\xae8\xfb\x80\xa8\x0e\xf2\xb8\xfd\xc2\x08\xce\xa0\
\xa0\xd4W\x08[\xda\xd5\xee\x18\xdc\xab\xe4\x04\x8c\x1f\x1f\
+\xc1\x0b\xf9\xc1cy\xd4\x0c#A\x98\x94&c\x87\
\x09\x7f-+\xaf\xe7gP\xd1\xadr\xe3\xefi:\x84\
\xb0\xe6\x05\xe7\x8dF^\xac\x19\x82\x99\x8f&\xc0\x06N\
\xc1\xb3Zc\x19\x84\xcb9\xf9\xf0,\x5c \x1b\x0d\xcf\
\x1cC\x9a\x98\xe6\x00\xe6;h\xb2\x85\x17\x90\xf4\x01X\
 DE\x11\x98\x88\x1e4]\xca\x95\x88K\x82q\xe6\
\x1b\xe0\x07\xb8\x09\x05\x82\x88\x82\x10\xc1\xd7Z=\x1e\x98\
|\x81\xce\x1f;z\x10\x18A \xf1{\xd7\xc2\x03\x8b\
@\x1cJ\xe2>\xa3\xd1\xc7\xb3\x13.\x05s\xa2\x98\xc4\
\x05\xeeP\x892$\xf6v8!\xfc\x86(D\x02q\
\xa9\xf8q\x0e\xe0\x1d\x0d\x0c,\x83y,\x02\x1e\xf7\x90\
\x10\x83}o8\xc6\xd4\x86\xd1\xa5\xc6\x80]h\x03*\
q\xf3\xa2\xf0\xcf\xfa\x84\xc1\x04\x02E\x8e\xfb\xf8\xb8\xe7\
S\xe2\x08=\x03\x84\x00\x1d\x820\xec\xcb\xb8j\xf9\xd0\
\x96\xfc\xc53\xa1\x22\x9f\x01E\x95^\x80\x8e\x07\xca\x05\
2\xd4;A\x0578\xff\x00S\x88%\xaa\xf7\x04\x03\
<A>\x03\xca\x18\xaa\x9d\xa9SK\xea\x12J\xc7P\
\x81\xe2g\xf1\x1d\xc2''F@+\x98\xe7\xba\xf7\x04\
0o\xf5\x10\x05~\xe39)\xb58\xc6\x85\x81([\
W\xf2\x02\x8b\xfdC\xe3z\xa7\xbf\x92\xb8\xf8EmQ\
i\x86\x7fQ\xba\xe5\xe69j\xa1\xd0\xbc\x84r\xfdm\
\xca\xf1\xb2\x90\x08\xbe\x11\x05\xb2\x02\x0e\x08\x1a\xa3\xcc!\
CV \x0c\xc2\x10\x07\xa2\xd4\xa3\xaa\xf8\x94W\xf1\xfb\
\xc6\xaa\xb5Nt\x06a\xb41Y\xd7\x8f\xf7\xbf:\x82\
\x8b\x11\x89\x93\xcd\xef\x0d\x05\xc4Z\x84\x02\x18O@\x5c\
\xc1^\xda#0\xc15\xf0\x04\xe2\x1f\x0d\x98\xcf\xbd\xca\
\x10\xb3\xb8b\xeb\xde`\x8c \x1a\xd0\x90\x12\xe7\x10\x94\
\xcf\xb8\x18\x15\xc5\x984D\xf6\x90\xc8\xcab,I\xa1\
\xe2\x12<}\xce\x22\x00U\xba\xd5\xea}\xbf\x85o\xe0\
\x09\x85cN \xacG\xe8D\xbe\xf4\x1a\x01*\xd2\xc8\
<C\x92@\x80\x5c,\xae`\x10\x00/C\x110\xb0\
^!\x872\xa2\x1a\xce\x95\xec\xe6\x10\x02F\xc1\x95\x8e\
E\xa3\xd8\x10\x12\x0b\x10\x97\x9f\x9f\xfa\xa7\xf1\xfe2\x8a\
(\x8e\x8fk\x86\x14\xbe\x8eP\xf5\xa0$b\x1f:\x00\
\x11\xbb\xd4\x16\x0b;\x0cu\xaa\x83i\xa8\xd4\xa67\xdf\
\xa8\x0b\x10\x15\x02\xf4%\x13\x87\x02\xbf\xc4\x01\xe2-\x94\
\xb4\x01\x9a\x8bB\x16\xf6\xa7\x11\xed\xa4n\xf6(\x0c\x07\
\xde\xa9\xe3\xe0\x02\x04Q\x5cNP\xa0\x13\x89y\x0d\x03\
\xd18Gs\xca\x02;\x91\xb5X\x9f$'\x8d\x11\xc1\
\x8es\x9f\x81\x1bq\xb8\xe8\xf8\xfe\x8d\x00\xa3(\x117\
\x88\x0f\x90=\xe8\xec4\xf7\x08R?p\xd9\x1a\xf7\xa9\
\x17F\x1f\x98\x11x=\x8a(j\x8c\x00\xcb1\xdc\x13\
\xcc\xcb\xa5\x98\x83\x9f\xc49v\xf5,\x91\xfc\xc1\xde\xa1\
\x1e59\xd4\xf8\xd8\xeb\x104\x84B\xb0\x1a.\xe1\x08\
\xd7\xe6\x13\x00X<\x1d\x07\x8e\xb3\xb7\x10\xea\x02r\xf1\
\x88e:?\xc1\x10\x8f\xc4\x22\x00\xca\x1f\x0a\x8a(\xa2\
\x8d\x14\x19\xc5q\x1d\x86( \x8e\x0d\xb8\xe8\xa0&s\
\xf2f\x06}w\xa5\x9dk*\xfe^\xe1\x08\xdc+\xc8\
\x1fP\xc40,\xba\x10\x97\x01\xd7\x9d\x09\x84\xf5\xaa\x8b\
G\xfe=\x8b\xf81\xb1m$f\xe2\xf8\xd3\x06\x07\xc3\
\xc4\x02b\x02\x03\x1cq\x09\x8c\x08\x1e3\x10\xd1\xbb\x8c\
\xf8\x9e\x0ezi\x02\xaf`iNfs\x8d\xa02,\
W\x1a\xf1\xa0\x0c\x13U\xb8\x05\x22\xfb\xd4'x\xd5W\
:\x7f\xb8\x07u,\x85\xc0\xd7\x16\x02c\x9d\x87\xc40\
\x08\x88\xb7\x0cbl\x98B\x82\x1dt3\xf7\x1c\xe2\x02\
\x11\x0b\xee\x0eb\x87\x98\xb0\xd19@\xae\xc4v \x9a\
\xc4\x22Bl\x9ev\x03\x1cf\x12{\x96*^\xa0\xcc\
p\x0a\x17\x8e\xa0 \x12\x03\xe4\xc3X\x83f#\x06 \
\xdc\x12l\x7f\xd4\xb7\x85\x11\xe9\xd9\x1a\xe7f&a\x0a\
\x1dJFHW\xc2\x8c\x01>A\xef\xfc\x11\x17\xc0\x9c\
G\x1d\x1a\x8e8\xe0:\x8d\xe8\xc4t\xb7\x83(\x0b'\
p<\x95\xb5\xd8+\x1br\x0b\xcaG\xc6\xf78\x99\xff\
\x00\xf1\x00s\x8d\x0d\x97\xb4\x0c\x9e\xa1\x08\x0e\x07\xc2\x0d\
%\xb1LG\xb2\xb7\xe0j\x0a\xd0 \xe6\xb6\x82\xa1\xc0\
\xef@TU@#0s\xd4\xbb\xe3\xc6\x8e\x94\x1c\xa1\
/a,\x02\x15\xce\x8a\xb5?\x11,\xbe\xf62\x97\x10\
\x19\x84\xa5\xaa\xa2\xf6\x1c\xc2\x04\x8d\xb3\xb0\x19\x80L\xa6\
\xa2\x01\xae \x04\xb4\x09W\x1e\xceL\xe3@\xa6f\x04\
\xd5S\xe2\x08\x01A\x04\xbfQA\xfa:\x1a\x08\xc8\x84\
\xb8F\x91\xc5\xc3\x90\x8c\x9b{8\xd3\xca\x14<\xf9\x98\
\x00\xcc\xa5\xa2^k\x8d\xb5X\xf8\x80(\x00y0\x02\
\x0bG12\xc4\xff\x00R\xeb@Qp\xdao!\x80\
H\x0d\x11\x12\xff\x00\x00Nw!\xe2\xf4kj\x9ch\
*\xc4\xed\xed[\x0a\x024\xc0\xd4\x97\xd6\xd3\xe0/\x80\
$\x0e~y\x10\xe8s\x88\xc2\x12\xff\x001\xd2\xe3\xe1\
v\xc5ot\xb6e\x9f\x9c|\x9c|5\xed<\xe1=\
\x09C\xb9\x1e+\xe3\xe9\xd6\x83\xf9\xf9Z\xd1\xe1Z\x04\
#l@l\x0a\xd5Gf\x00\x18\x89C \x0b\xb64\
\xe8iz\x82\x22\xba\xd0\x83\x01\xf8\xd4\xe6\x08\x92\x1b]\
\xc0\x98\x00<\x08b\x80\xc8K\x1a\x8f\x15\xf7\xa3\x8f\xb4\
\x07\xad\xc7NY\xfa\xd7\x1a'\x94t\xb8\x99\x0bc\xd3\
\xde\xc4Fl5\x19>\xe3\x10\xaa@\xa8\xb5\xcf\x98K\
\xb3\xf0eG\xaf\x95\x1e\xb7\xad\xa48-\xc4\xc2\x08\x00\
\x02\xb8\xd0|KC\xe9h\xf47\x9c\xcfp\x120\x02\
.\x03\xf5{DZ/\xf2H\x92\xcf\xc2\x0a5\xa1\x08\
\xa3\xaaQl\xe3\xe0`\x04q\xb8CF\xb7c\xe30\
\x80\xe6S\xe2\x00rV\xca_Z\x9e\xb4_\x10\xcc\x08\
\x08t\x865!\xc4\xdb\x12\xc7<\xc0f8\x80- \
\xb7\x10\xb55\x148\xd5\xc7\xfe\x1a\xf3\xa0\x06\xc7\xe9\x15\
=\xb9\xf7\x0d\xfb\x89\x9d\xc0\xa8L \x89#\x01\x85V\
p8\xff\x00\x04\x84r\xe2\xf2\x89h\x5cw\x0f\xc0B\
\xd0\x06e\xb0\x83\xea(\xf3\xc2\x10\xb4\x11\x18\xd1Qx\
\xd0\x85\xf0g\xe32a\x0b]\xc4(\x1f\xc3E\x17\xff\
\x00\x80 \xcd\xfc\x0bA\x90\xf1\x08Z\xc4\x05\xf1\x09\x9c\
QK\xf53\xd1\x93EcU\xce\x84\x11\x9fq=\xed\
\xbf?\x06>C\xf5\xf0\x83 \x0ej\x10\x89\x07\x8d\xb4\
\xae\xb4\x1aq\xa2\xad\xc8z\x9bHLlZ\x02\xb4\x13\
\x16,\x00eW1\x1c1\x01\x0apn\x12\x82\x121\
\xd2\xd0\xb8\x02\x89\x1f\x84\xe3\xe0@\x00}&E^>\
R\xcc\x00\x1c\xa1\xf0\x8cR\xc7Q\xfc/\x9eA\xa2 \
/\xf0\xf9\xb9\xc7\xc6\x056!.QA\xa1\x0fO\x07\
\xc7\xc0K\xf8\xd9\x9c\xc4\xb7\xf1\xe6q\xaa\x18Q\xeb\xff\
\x00\xc0\x00\x0d\x17\xe7Lh7 \xe8\xddK\xce\x80\xf2\
V\x822M\xc0\xa8K::PQ\xb1\x03\x93\x81\x09\
z\x94*d\xae\x03\x07U\xbf\x95\x8e\x94O\x03h\xf2\
\xc0\x84\xc8\xf7\x01[\x90d=\xfd\xba\xd7\x12\x87F\xb7\
\x0dl\x7f\xa8d\x84eoUPlp\xecZ\x08\xd1\
\xf7+\x9cB_:\x5ci\x88\xe7\xbd\x14\x18\xb8\xfc\x9c\
\xe3p\xcf\xf8\x04\xb5@@\x1f+^'\x1b\x95Q>\
\x1f\x01\x80\x09\x0f\xca+\xf9p}l>>q\xdbd\
\x22\x01\x85\x94\xa1\x17\xb9S\xe3h4\x8e?\x88B\x84\
,\xee#\x1f\xe6\x0d\x16\xd2\xa9hLOs\xc9\x8e/\
\x99h\xb5\x02\xd0\xd1B\x96\xe6+\xee(*\x03?\xee\
\x1b\xc5\x01\xf0\xd7\xb6\xc6\x22G`0\x1d\xc3\x04\xf4\xda\
H\xd8z\xb2q\xdc[\x89\xa0\x17\x98P\x03Pl\xf1\
\xfe\x0f00yq\x01h\xcc\xcc\x22\xfaZ*\x7f\x0f\
\x07\xe3_\x07\x1eux\xf1\xa7\xad\x08Z%\xbc\xf8\xd8\
|l\xc8\xdc\x96A\xc7\xc6\xe9!\xf0\x80\xf5$\x9c\xfc\
2\x8bI@\x0e\x80\xeb\xe0;\xfdm5\xfe8\xf8B\
w\xfa\xf98\xd7\x11M(\xbb\x86\xc9V\xc3\x02\xed\xf0\
\xa3\xa5\xc4\x04W\x97\x14T\xe1\x09\x08_\xd1z-U\
=\x8a\x9f\xc0\xa2\x80\x02\xfc\xe9\x9d\x82! \x08\xe3\xbf\
\x8a\x09N(\xc3\x18\xfcW\xc0\xb6(\x887\x09\x91@\
>\x07\xc7\xccXz\x03\x88Z\xc0g\x81\x16\xa7\xc5m\
\x00\xe2\x84`w\xa0\xde\x06u\x01\xcb\x1b\x96\xd3\xa2@\
*\xd3\x8f\xf31\xf3\x97OW9\xd1\xc6\x9c|+R\
\xd2\x88B\xd1@\x22\xd0\x1e\xf1\x08\xa61\xf1\xa3\xfe~\
 \x1f\xca\x1f\xe3\xe1cE\xb4L\xc0Q\x8e_4`\
2\x19\xf7\xf0 \x09|t-t4 \x227\xce\x85\
q\x00f\xca\xd8\x03\xd1^_{B\x9fc\xf2\x03\x12\
\xd3\x9d\x15G\xa2$\xfc\x9c5\x19\xb8\x03\x84/\x84f\
\x1d\x875\x88\xb6\x08nR'\x1f\x9f\x90s\xbbjF\
\x84\xd0\x0b\xe1\x15\xc3\xf8\xe9\xa0\xe9\xb4\xeeT\xfeG\xa0\
\xd0`v\x8e\x03\x1e\x8e8\xf6\x5cPF!A\x16\x9f\
uDx\x94\x7f\xe0\xd8)\x12+\xfc\x00\x10\x82\x03\x88\
\xfc@o\xfe>#\xc8\x98\xff\x00\xc0\xc3\xcbh\xe7_\
?\x09\x94B\xe8C\x10\x0f\x04\xc3g\xf7\xb9jW\xa3\
\xef\xa8\xb5\x01m\x0eX\xb4\x7f#\x22\x05\x03\xc0\x87\xfc\
\x06\x8b\xd1pq\x1fv\xdcUj ^\xc3\xb0\xeb\x8f\
\x98T]s\xb8\x97\xc2\xff\x00\x0do\xe0\xf2O\xfcS\
\xa9\x88\x0f\xc0\xb4QB\x14)\xd1\x86\xae\xe0ga\x08\
\xde\xc4\xb3\xb9V\xd7\xa11\xd6\xd4\xb6\x08K\xaf\x84C\
\x00\xbb\xc6\x85.F\xaf\xaf\x8d|\x19L\x9c?\xdc\xb8\
\xd5\x86\x04_\x1e5\x1b9\xc6\xf6\x0c\x0b\xc8q8\x05\
*\xf5\xa9\x00e]\xaf\x80\xac\x03;A\x07<\xfcd\
N\xc7\x1c\xc2\xf0,o_\xe3\x89\xc3B\xa9l:\xa8\
\x06\x18\xeb\xb8\xc3\xc3\xb8l=\xe8~Q\x0d\xe9KE\
\xfe\x1f\x1f\x03\xaf\xf0\xcc\x80\xb3\x08q@\x1c\xc7\xcci\
\xe5\x1e\xc7\x1e\xae8N(\xa4\xe0\x8c\x1e\xa0\x8d\x02?\
\xdb\xf5\x17\xf9kA\xf1\x02\xa3\xd5\xed\x01\xd5\x0f?5\
_\x89\xdc\x22\xc3\xb3%\xb1[@\x03E\xc0(\xdf\xd4\
\x01\x9a\xd7\x8d\x16<\xe8q}\xa0\xb3\x0c\x10\x8a\xf8\x0b\
i\xc5\x99\x13\xe2-\x05\x18E\xedlx\xd4\x03=\x87\
\xb8K,\xe7p\x0e\x07\x00\x87[\x08\x95\xbf\xc2+\x88\
K\xcf\xc3\xda\xaf\x8d\x84\xbd\xa0\xa7\xe6\xb6\x93_\xe0\xda\
z\x7f\x82H\x87\x01\xb2\xc6\xab\xc7\xf8\xce2=h\x18\
PcU\x16\xd1j\xe0\xd8\xb6\x0au?\x9e\xa3\x80\xc0\
\xad\x04/\xf1\x84\xc6\xdc\xb5S\x1a\x95\xc7\xc8\x03\xaf\x91\
\xd6h2c\x9d\x01\x81\xd7\xca<\xed\xe6?\x06\x12\xce\
\xa3\x02~a.(\x1a4\x84P\x16\x04\xe8\xb5\x7fv\
\x9eI\x04G\x88W*\x1a<\xc0\xb8\xa8\x9dhaS\
\x90\x0bU\x0f\x18\xa8|E_\xeb`\x0e\xab@W_\
 \x80Qe/\xf1@\xa3\xbc\x00\xa2c\xe1u\xa2~\
\x07i=\x0dH\xdc\xb4\x18;\xd5~\xe1\xbf\xf0\xc8\xad\
j#\xf2\xe27\xa0\xdaDZT\x80\x91\xe5\xcc\xa8h\
\x96M8\xfe\x03\xf2-s\x00\x89\x15D\xa1(\x0e\xdc\
\xefP\x8d\xf9\xd4\xfa\xd1l\xa8\xfd\xc7V\x1d\x8a\x9f\xc8\
&D\x8e\x0b@\x0e1\xe0q\xb2\xc5c\x88f\x00\x9c\
1\xa0E\x9c\xab}\xc3gPB`\xfa\xbcF\x8d\x13\
\xa8:_\x10\x04\xb1\xed\xe7\xc4\x22L\x86\xf4\x1a\xe4=\
n\xfa\x8c9\x9dm\x5c\xbe\x9a\xad\xe02\xb6\x880\x0b\
\x1f\x8f\x90\x84r\xfc\xee%\x96v\x02\xa0\x22\xff\x00\x04\
\xfb\xc4!\x7f-8\xd8\xa1\x0b\x0by\x875\xa9\x1d\x19\
\xc7\xc7\x9b\xdew\x1d\xcc\x88\xefc\xf8\x18w\x88M\xc7\
y\xc7\xa3\x8e=DB\xd90lE\x86<\xff\x001\
,\xee:\x18\x22\xf8^\xd3g@\xad\x1dT\x04\xf7\xaa\
'\xe0OE\xa5\x0c\xdf\xc0B\x03#P\xc0\x1c|\x9e\
\xfe\x22\x17 \xfc4@\xe7>wfq\x1d\xdf\xe3p\
\x22\xd7\x17\xa7\x13\xcd\xdf\xf5\x8f\xc7\xf3\xf0\x93 \x9d\xea\
E\x83#k\xf8\x1a\x8bU\xf0-\xebq\x08\xd1~w\
\xd2\xd0\xdc\xa5\x89\xf5\xb1|$\x10\x9e\xdbz\x7f\x10\x84\
k\xf3\xa9 Q\x17\xd6\x8de\xa1,\x87\xa1\xad\x09k\
\x15\x0a\xe2/\x84\x15\x08\xd8\xa4\xa3\xf2\xb0\xb4\xcbh\xf6\
=\x84oN%\xb4j\xe0v\xe65\x83q\x97\xfe\xe1\
\xd4#\xa9\x99\x95\xc6\xe3\x99\xe8\xd8S\x06\xc6\xab\x9d\x04\
\x0e\xb5\xb2\x87B\x14r\xa8\xe8\x90\xc0\x13I\xeb\xe1\xa5\
\xe6)\x9et)\xd0\xd0\x84o\xe2R\xd7?\xe1\xe3p\
\xcf\xc9\xcc\xa3@\x1f\x09\x5cO#\x1cD\xa02\xa1\xa4\
\x09\xed\x9d\x0b 0\xbf\xfc}\xc3\x17 \xcc$2\x08\
\x9ciD\x199\xd8\x00\xf6\xe0\x08\x9cs\x00f\xca\xf3\
\x0ekp\x84\x09\x83y\x7f\xe1\x09\x02\x0fS\x0a\xc3g\
z\xd1E\xa3\xa5\xc6\x8bh\xb0\xf8\xde[\x16\xa4@\x19\
\x0e{m\xa8\xa3\x00h7\xff\x00\xa1\xab\x07y\xa8\x09\
\x05\x8c\xc0@\x04\xd7\x0c\xc7Z-\x1b\xce{\x84cB\
E\xa7\xe3\xe1.62\xfb>a\xb2\xf6\x88\xbe\x00p\
V\xc0\xde\xe1\x8br\xd5h\xb5Z\x00lpG\x06R\
G _\xb5\xfb\x84#\x0c'\x0a\x0b\x99\x08h\xc2h\
Kj\x08\xccjB0\x15\x18&\xe0)x\x84~b\
\xee7\x98\x866]\xb8\x88\x85\x9d\x15j\x82\xd9\x8d=\
hs\x06oS\xa8\xac\x1b\xda2r\xc7\xca\xe3b\xd0\
6hw\x0d\xc1\xa1\x04\x0cy\x8a\xbd\xc1\xe7b\xa7\xbc\
\x18:#?\xbb^\x07\xfb\x81;\xc4\xbfE\x04\x1fZ\
2\x01\xf6B\x1cA\x00\xd7\xefS\xde.c\x01`\xd3\
\xbebmh\x01$\x01\x93\xa2\xd1j\x08\xe8L\x92\x97\
\x81\xb4\x8b\xd4\x07\x17\xc9\xc2\xf8Y\xc8VTP\x96\x01\
\x0a\xd4G07\xeay\xb0\xb7=\x16\x88{m$\x05\
?\x1a\xdb\x838>e\xd8P3\x8e4>\x1a\xd4.\
~r4F8\xe0\x8fEZ\xbf\x8c\xe3\x8e8\xe3\xd0\
\xefKpz\xab\xbd\x5cO\x06\xd0FT\x14{J'\
\xab\x06\x0eC\xff\x00R\xb0\x0fQ\x98\x80u\x1ax\xaf\
p\x0e`+G\xd9\x84\x81\x98n\x08QFN\xad\xea\
\x0a\x1e\xa6\x5c\x18\xd1\x9e\xa1\xce\x848\x97\xc6\xa2\xcf\xe3\
\xb9\x99d\xf6N\xa3\xcc\xefGz'\xa8\x17\xbf\xdd\xff\
\x00P\x89\x092y\xf8\x1b[\x15\x91b\x1dI\xf5\xb9\
T\xe1L\xf1\xab\xd4\xd7\x88*\xbd\xc2\x02\xf2\xfe\x103\
\xfdB\x1f\x22'\x08\x03a\xecc\xd8(ox\x89h\
P\xady\xdf\xd1s\x9f\xf3\xeb\x85\xc0~\x10}\x8a\xff\
\x00\x8dV\xdeq\xa0\x1c\x8e.d\xc7z0\x1cw\xb8\
\xac\x02\xaf\xfa0\x11\x03\xc5|<|N\x1d*\x8a\xfb\
\xd85z\x01\xbc\x7f\x85\x90K\xd5P\xd4iK\xcf\x88\
\x17:\x11\x8b\xda.o\x1f\x11\x91hG\xf8\x87k\x9e\
D\x16p\x95\x11\xea\xe2\x8a\xe2?\xde\x83\xed\x1c\x1c\x16\
a\xa3\xb1<G\x0a\xe0m\x05\xc0\xc7\xc2!\xf3\xb5e\
\xe8\xe1\xc2\x1e\x0f1\xe8>y\x9c\xcf\xcc\xf12o\xf5\
\xa0Iu^\xddL\x0c|t>Q\x9b{\x17\xca\xb6\
\x00\xe1\xd0\x168\x8a}<\xbcq\x16\xab\xe6V\xa2\xfa\
'z-@\x1c\xb8\xb4Z\xd8\x938\xd6\x90\xef\xe0_\
\x1a\x8a%\xaf\x95\x88=`\xff\x00\xa8=@\xbc\xe3e\
\x085\x042\xb1\xa1 \x07F\x0d\x16\xaba\xb0\xf5\x14\
\x80y\x14\xbb\x1b\x97\xc4\x03\xdafw\xe6\x011\x0c\x01\
\xee\xed\xfe\x166\x03V'?\x19X\xb2\x103\xab\x15\
\xff\x00s\x91\xbe7h&\x07:\x0f\xfcE\x0a\x0dD\
lG\x1a*=\x0b\x89\x5cK\xefE8\xa8z\x1c\xf1\
\xb8\x06@<\xe7a\x16\xa2C\xfah\x07\xb8qK\x91\
^!\x17\xdc+\x96\xbd\x1e$\x9c\x8e\x88\xd0\x00`|\
'\x1b\x16\xd7\xa2\xcf\x8d\x16\xa4/;\x82\xe7bho\
2\x88eE6\x1doZ\xa8\xb5\xce\xd58\x8a/\xb7\
P\x8d\x8bE\x14\x01\x9d\x06\x8bD\x00\xf3\xa7\x09}\xe8\
\xb6-{\x83)s\x16\xc5\xa1\x1b\x13\x80\xbf\xee\x1b\x90\
\xda\xd8:=N\xa0w\x88\xb4;q\x82\xaf\xe9\x04\x0d\
6\xb1\x12\x1e\xee/\x85m\x22\xa1\xf9^\x94\x87{\xc1\
\xf8\xc8\x80_[\x0a\xa5\xa3\xc3x\x01\xde'?\x02\x83\
\xb20b\x11\xcd\xc9\x7f\xa8*\xa4%190\x95\x0c\
\x83\xc8b\x11\x803\x1d\xe9\xaf\xdcE\x141\xbb\x83\x10\
\xe5\x07D\xc0cgxE\xb2\xef\x02\x11\x08*\xe0\xbe\
#X\x99\x8fK=+\xc6g\xecI\x88=\xd7n\xf6\
u\x08\xd3:\x84 \x18\xb1\xf1\xb0\x06P\xdal\xb8\x8e\
\xe2\xe7@P#\xbf\x8f\x85\xaa\x87\x17\x93\xd6\x81X\x8a\
%\x9d\x14aU\xf7+\x9eL(\xb4Z\xadTZ\x0a\
\x06\xb3\xfa\x82\xa9\xe2\xa2\xd8\x9cP\x0c\xe8\xa8\x98\xb4\x0b\
\xa2\xfc\xee[\xf8\x5cCe\xea\x00\xbc.\x10J\xc1\x07\
E\x14Qj\x03\xa8\x0aa\x03\x80\xa3\xf7\x12>v\x80\
\xe0\x1f\x11\x87\x17\xc8\x03N{\xf3\x12\xad\xabT\xf1\x09\
\x02A\xa24h9E\xae\x05\x88G\xb8|\xec:\xad\
\x82ST\x11\xd5nA\x10\x98\xf72@\x1d|\x00:\
\x1b\xd3\x9d\x80?\xab\xd8M\xc4\xef\xa9\x83su\x1b\xac\
\xce\x1f.{\xb5\x1dB\x13\x89\x03P \xa0\xe00O\
'G\xa1,\xc1 @A\x1c\xc1\x86\x5c\xa4\x1a\xad\x01\
\xd8=B\xb59\xf1\xb4\xf8\x96\x96\x84 <\xe8\xd7\xdc\
\xe2\x85\x87\x841\x01\xd4\xb8\xcc\x10\x06\x1fP\xe4\x09n\
!\x83\xd8O\xdb\xe0x\x99\xf8\x16\xc5\x17P\x88\xb4Z\
\xa9W\x5ch\xa2\xcb\xe3@\x12\x10\x0b\x8e\xf7(\xb4Q\
D/\x1c\xc7g\x8e\x04Q|\x0bb\xd1h\xa2\x81H\
yqb(\xa2\x8a\x1fQF\x01\xf7\x0f\xa8\xb5\xe1D\
\x01\xcc\x14t%\xed\x0c\xecPs\xbd\x16\xc5\x1a\x96\xf3\
\xb8\x8b\xd0z\xd1\x94\xb6R\xf3\xa0\x85\xcb\x8f\x96\x86\xc3\
\xf19F\xe3\x81QP/\xea\x0a\x022-\xc3e\x9d\
\x84lt\xa1\x0a\xb9\xc1\x06#\xdc\x1e~\x07\xab:\x01\
\x09\x0d\x04\xf0\xd0f\x10\x9a\x02\xe2\xb8\x96\x83r\x948\
z'\x08G@PW\xc4\xb6\x99\x05C\xc4r9@\
J\x01\x17U\x1f\x03\x10\x98\x1a=<-8\x1d?\x80\
Z\x08C\x13\xf8#\x22\x86@\x04\xe9\x87\x98\x03\x09\x0f\
\x8d\x09\x96v:#\xbd\x80\x0d\xb8\x95\xc9\x8f\x98\x83\xb3\
\xbdY\x1b\x08\x8cAG\xc0\xfe\x1f\xfc\xc4\xe4\xcca\xd4\
\x1f\x02\xf8\x10u\x88\x9c\x0a\xd8\xdbqH\xf2\xf8\xdcT\
\x0b\xd7\x1f\xd49\x8a(\xb6\xad\xaa(\xa0\xcd\xc5\x16\x94\
'\x85\x10r\x0c\x1b\xce\xa0\xce\x1cZ\x91\xa2\x8bj\x8b\
E\xb4\xe0\x05\xae>Pf\xa0\x81\xc2(\xa67q\x09\
\x98\xf5\x17\xc5\xc0\x03\xdb\xe3\xa8\xdc7\xe7\xbdS*(\
\xb7\xa7\x08D\x1c\x8a\x8bLyG1\xb0\xf9\xf8\xc3\x94\
\xf5;4\xe3Aq@\x0a\xf8\xd0\xa4P\x87\xea\x04\x15\
\xb1h\xa9\xf5\x1d/\x8d\x1fH\x00\x1a,w\x15>>\
\x1eM\x19`\xc5\xe4N{\x87D\x88\x02\xb4}\xc9\x09\
\xb8\x94\xc6\x8a[\x08\x01\xcc\x93\x9d\xc7#\x15\xd4!}\
\x98\x9f\x98\xbe\x1cD\xba\x8dMH/:\x11\xfcjW\
\xa4l)\x12I$\x97\xa3\x18\xce\x02\x1b\xd7\xc8\xb7\xa8\
\xa2\xda\xa5\x91\x81\xc3&\x0b\xda\x1d\x91h\xb4Z-\x16\
\xaa(\xa1\xa1v`l\x9e\x8e-\x15lZ(\x07\xb5\
\xce\xc2\x16G\x9dxQjGB\xb4[h\x1e\xeb\xf1\
\x1eW;\xcf\x84!l$B\xea[`\xe7a\x0b\xee\
-\x85\x85\xf0-O\x81\xf7\xe7y\x08\xde\x8bq\xa0\xe1\
'\x0e\xa1\xc3\x9e6\x01\x17Z=\x01Q\xc6(\x12\x0e\
\xd8p\xe4\x8a\x1etN\xf4\xc1_Qj\xb7-\xa09\
\xc6\xab\xf1\xaf\x01fcp\xcd\xc3\xaa\xce1x!\xb7\
\x19\xeb\xa9\x82`\x0e4\x10[\x80\xa0,\xe9^\xeeS\
b-\x0d\xc6\x01~\xe3\x88\xf5J\x12\x19\x81\xf2\x84\x91\
|*\x9f\xc2\x0c\xa5\xc58I\xc1\xe2\x03\xaebe\x0d\
\x0b\x83\x89B\xb8\x82\xbd\xa6\x13k<\xc1\xe4cN.\
\xf5_)\xb2\xf4!\x7f0\x84\x80\x93\xd0\xd44[\x00\
\x7f\xce\xe5\xa0\x95\xac\xe3\x19z\x1c\xd6\xf5\x16\xc5\xa0\x87\
0\xe6\xa2\x8a\x02\x80s=\x91\xf8\x7fD\x15\x17qD\
\xb4\x22/\xb6\xa4\x92\x9f\x1a\x82\xa6v.\xfe5\xb1\x00\
#\x1dE&A5\x0d\x09c\x22\x13/\xfc[|A\
\x00\x07\x83\x14\x1c\xe2\x12\xc8\x80\xf28\x86\xe1%\x829\
\xde\xab\x97\xa7le(\xe8\x1e\x0c \xec`Z\x00\xca\
\x86\xa0\x96n\x10\xb5pg\xa2\xe9\xa0\x0c\xc5g1L\
\xf30\x8b\x5ch-\xe3\xf9\xd7>\xf6\xad\x82\xb6g\x8d\
\xa5\xb1\x9a\xf1\x0d\xd9\xda\xc4\xb0\xe8\x88@@\x05@H\
0\xc7\xd7Q\xa6\x13&(\xea5`\x11p\x85\xda*\
=\x22\x01\x06\x11\x0dP0@\xd9\xa3/j=V\xc6\
>K\xf3(\xdeL9\xd4A~Y\xc8\xb11\xab\x9b\
\x01\xb5\x09z\x03>\xbf\xc3\x15\x82^\xa0\x91\x82F\xfa\
j\x06\x99\xd0NX8\xd0\x8a\xa6\xa0<hF\x8bz\
\x81\xb1\xa9,\x0f\x10s`Y\xfa\x99\xb3\x93+\xfd\x81\
\xda\x04\xd0\xd1l6v'\x8d8\xd5T_\x0a\xd5h\
`\x86MC\x98u\xae\x07\xbd\xa7;\x84Ku\x0c\xc8\
\xe8\x99\x0a\x02$u\xa3-\xc8\xe1\x81\x0b\x98\x03\xaa\xd1\
k\xc4\xa1\x852\x010\x829\xd2\xa9\xc7\x98\x0c\x86\xa7\
\x01@\x88\xf0N\xed\xb6\x04 \x81:\x8cl\x84 \xf2\
\x08\x22q=\x9c\x08\xf3+~`\x03h\x13\x11\xd5\x87\
\xf3\x02 #\xb2\x9cE\x05N`Gfq\xa2\xd0\x07\
\x8d\xe70K\xccH\xfc\x86\xb0\x04\x0f\x17\x1c9\x82\x0b\
qS\xe2\x14A\x0b\xc4!?\x10\xa9^\x22\xa7\xc4\xce\
\xcc\xf19\xa8Q\x19T\xb8\xf3\xa1\x0d\xb5\x00\x1a\x84]\
^\xd5\x02%\xb0NC\x9cD\xff\x00D$\x1e\xe0c\
\xe44\x0eP\x801\x0c8@\xc2\x17\xd4\x00\x12\xdeT\
O\xb0\xd5\x5c\xf9\xc6\xd4\xd0\x12\xcc!\xb0\xd9\xeb\xd7\xf8\
\xde[\x15\x03\xb1aA\xc4\x04r\xf6\xf1\xa6+nt\
d\xe2\x801\xcb\xff\x00Zb\x08B\xce\xa0\xbb\xcaE\
\x01\xc9QzB\xa2\xad\xe4-AE\x8c\xfc\xe3V-\
\xc0\xad\x08\xa3\xe0-QC>\xfdCz-\x16\x8b`\
\x1c\x9cE\x16\xa7r\xd4]@d\x12\x064\x22\xa7\x12\
\xa2\xc7>?\xf7h\x0dLU7\x16uZ\x10C\xcc\
\xf6\xc8Z\x90f@\xf1\x08`\x0e\xa7\x918\x11\xc0\xc2\
\x87\x83\x02\x00\x90\x89\x1c\xc3eS\xb2Z\xde\x9c\xaf\x10\
=\x15\x81\x9cf\xa1{\x10\xe2\xa4+?\xcc[<\x88\
G:\xfa\xff\x00\x14leP\x9f\xe1@\x07\x9b\x84\x10\
\x98'PP\x92\xf1\xd1\x10\xe31\xce\x00\xe0\x85\xc1'\
\x02\x01TQ\x1d\x10\xfe\xa3\x01\xde\xa3F\xb4\x12\xe9\x06\
b\x0bb\x1f\xf8\x92\x9cT=\xe3\xd0\x0e\xa0\x8a0h\
%\x93p\x00\x12\xaa9\xb2\x03\x11\xdf+\xb9\xd2P\xd8\
Ge\xee\x0a\xc4'\xa2eC\x9dX :\x1f\x98u\
4q8\x19p\x15\x0a_\x10\x14|\x7f\x80\xf0\xd5h\
\xd7\x05q\xdf\xc26q\xaf\x0b\x88\xc5\xd8\x1f\x08vM\
\xf2Jgr\xd1v\xfa\xd4\x84w\xb5h\x08\xe3\xde\x9c\
h\xb4gC\xa9s\x16\xb5\xd5\xf5\xf0c@5!g\
p\x0ez6\xb4\x04\x80C\xce\xaa\x1f\xf4\x91l\xcd~\
\x8f[)s\xa1\x1e\x07\x9d\x8a<\x08\x8fpH\xb1\x9d\
\x14\x01,\xa4\xe7\xc0\xb3\x89x0\x08\x80\x84*\x1c\x82\
\xf4!@\x08z\x80\x1c\xf7\xa8\xa2\xe0A\xf2\xd0\x8a\x86\
\xc2z\x82\xdeh[\xa9\xea\x10\xb1\x83\x16\xee\x12\xda\xb4\
b1\xa1`\x0e\x0b\xda\xa1\x0cB\x80\x5c\xd8\x84\x9a*\
\xe5F\x03 \xe2\x17h\xa1\xcc\x16\x07\x96`\x1d\x001\
\x80O\xcc\xa2(\xd4 \x1b'\xea<\x0aT\xa1\x08\x06\
L\xeb\xc6\xc4w\x88B\x11s\x9dF\xa3\xce\xd8\x1er\
E\x0a\x13-Q<\xa5\x84\xfd$\xa6b\x02\x05\xe8\x02\
\xbfp\xa4\x1cM)U\x93\x98B\x02\xf3\x10\x94\x8f:\
\x044h\xeaas\x18\x9c\xdav'\x10W)\xd0\xc1\
\xe6gN\x81P\xc3\x9c\x1c\xc6\xc5\xc0X\xad\x8b\xfc\xd2\
\x9a\x07\xce\xf0\x82\xbea\x05\x1e\xd3\xd4|g\x0b\xfc\x00\
\x91\xef\xe6$\x00\xb9\xd3:\xe3@\x1aK?x\xd0\xf1\
\xa1F\x95\xba\x97\x9d\x1e\x8c\xae\xa13\x806\xd1t\xc2\
\xbb\xb7\x9f\xf5\x08G@\x19\xd8\xa2\x85!_{\x84W\
\xee\x10s\x81\xb6~\xa1\x03\xc2r*\xe27\x802\x9a\
\xa8f\x10\x90\xc0\x81<\x89\x5c\xe5h\x87\xcf\x11\xc5\xd2\
\x1a\x0c\xd0\xd0\x8b\x8f3\x83\xdafQE\x16\x8bN\x99\
?Qq\xc7\x10\x85\xa9\x0b\xe1\x1e\xb5qp\x01\x99\x8a\
(\xa2\x8a\x04\x04\xf1\x00\x83\x8f\x10M\x5c~\xf4 \x8c\
\xe9E\x92\xde\x04d\xb6sp\x81K\xa8\xe4\x9d\xa7Q\
\x08h\xefL\x18\x94\xcb<\xe6\x18\x1ealp\x1fq\
\x99\x80\x03:C\xbcS\x0a\x00<\x18\x1999P\x1f\
\xfb *\x05\xc2\x81\xe0\xcc'\xa1\xc1\xee5\xad<\x80\
\xa2\xe1\x0c0n\x00\xfd\xf1\x03\x93\xfe\xe3\xa5\xc4\x1d\xc4\
ado\xf12^\xf8\x806p\x0b\x8a3\x06G\xc8\
\xa2\x16w\xd4aW\xcc\xbep\x1e\x84\xb1\xfe\xe2[T\
\xc1\xbb\x84\xfcKr\xd1E\x14QE\x14QE\x16\xab\
E\x10\x8a)\x0eb\x8ap\xb4PT)r\x18b\x8a\
{\xd8\x03\x89\xe8\xabE\x16\xf5\xb5\xd3L\x10\x88\x83\xc8\
\x01D9\xe8\xecZ\x10\x94Oa\x16\x84lQ\x96:\
c\xc2\x08\x04\x03/0\xa2\x9e\x04|\xa1\xcad\x8c(\
]\xb8\x90\x08\x04\xf13?\x95\x1a\x08\x08Qu\xcc\xf5\
`\xac\x01~ u\x04E\x11V\x08\x84ON`]\
\xe6(\xa2\x8a/\x1a\xd4\xf0I\xa3\x85E\xa2\x8a-\x8a\
(P\xee\x10\x82\x84\x10\x8f\x0f\xee30#\x83\x14R\
\xd9\x9c\xa0SX\x95\xd6O\x224\x05\xeb\xd4\x14\x00\xc1\
S\x00\x80\xf3\xa3\xb6+\xe18j\xdc\x1e\x1as\xeeW\
\x88\xc4f\x0b\xcb@\x85\x06\xe5U\x1c@\x98T\xec\x97\
3\x04S\x02`\xe1\xbf\x22\xe5\x0e\xf9r\xfc\xc6\x02Y\
C\xe2X\xe5\xfd\x19\x88\x13\xac\xa2:\x7fp\x823\xa3\
\x83\xb5(b\xbe%\xef=\xccR\x01\xe3\xb8\x05\x81f\
H\xd6P1(\xa2\xba\xb8\xa7#\x1e\xa2\x8a-\x8a(\
\xa0\xd8\xb5P\x97\x0fb\x8a(\xb6-\xebU\xbdj\x1e\
\x9a\x16[\x14[\x16\xd5\x14Z-V\xc5\x14QE\x14\
QE\x10\xe7E\x14QE\x14QE\x14Qh+\x13\
\x133\x85\x16\x95\xed\xaa\x8a(\xb4Q@\x0e\xb1\x14P\
\xeb\x8eW\xc8\xeaU\xe8b(\xa0_\xba\x84\x22\xa2\x86\
\xf3\x16\xc5\x14QE\x0a\x0049\x8e\xa0R\xee\x0a\xaa\
\x1f1\xa0y\x87\x00\x89=\xc0\x03\xab\xccQ@\x98\x1a\
!a\x9e\xd1\x8c\x0fp\x07\x0e`\x89a\xeeU6\xe2\
\xd1E\x14S(\x1cE\x09\xf5\x19\xecB5PV\x8a\
(\xa1h\x08\xaf\x80\x18\x11\xc6\x9fIl\xa1\x8d\x140\
\xb8\xa2\xf1\x1c\x85\x91\xc4:\xea~\xe1\x00-/2\xee\
\x00\xfe\xa25\xbd\xa2\xa7\xf1e9\xc4\xca\xe1\xd0\x06\xd8\
C9\x8c\x1d\x22\xc1\x88\x0d\x01\x14 s\x10C\xe5\x88\
\x15\x10sp\x03qO\xe8\x0a\x16\xa9\xaa\xc4\xc8&\x8f\
\x11\xc8\x84E-h\xe1\x0d@\xba\x98\xb9\xdc\x7f\xee&\
\xc0D\xef\xc4(#Tq\x08\xba\x81\xde\x82Bb\xff\
\x00r\xe2Vg\xa0\x06 \x10\xd1j\x07qh\xa2\x8a\
-\xeb\xe5\x01\x98B;\x97\xca\xb5t\xb4Q|j(\
\xa2\x8a(\xa3\x0cP\x06b\x8a(\xa2\x8a-\x14QE\
\x08Y\x8a(\xb5(\xa1,\x01\xd5h\xa2\x8a(\xa2\x8a\
(\x06\x8aq\xe6(\xb4Z-\x8a\x1fQ\x81\x04d\x5c\
u\xc0N\xd8<\x8d\x8bB:\x8a(\xa2\x8a(\xa2\x8b\
E$\xd8\xc1\xab\xd0\xe2'\x1b#\xce\x8a(\xa2\x86\x85\
\xc7Y\xdfK@\xa2\xf8'\x16\xd5\x0d\x97\x16\xa8\x17\xb3\
\x82\xc4\xc2@&\x87W\xcd\x18\x9d:0\x8dC\xb5|\
\x06\xc7\xc7P\x00\x84s\xdc\x14m\x9er\xe1\x06\xaf\x93\
\x12\x01^\xb47\x17\xe3\xe2\x06\x94>\xe2\xef\x99@\xca\
Q\x8a\xe5#\xf3/\x10\xea\x11\xd8\xc0J\x8a\x11\xc0>\
\xe2UP\xd4$\x17\xf1\x10\xa2R\x820(9\x18\x81\
\x84\xb4\x0a\xe2\x1a\xcf\x0c\x86d\xdc\x0a\xd1\xcb\x81\xec+\
\xee\x18z9\xbd\x09\xeb\xe3\x88B\x1b$~\x22(\x1f\
:\x08\xc8\x0a\x10\xda\xa1\x0c\x80{\x80\xa9c\xcc\xce\x22\
\x8a)\xc4QmZ(\xa2\x8b\x98\xa2\x8a\x01\x08X/\
FO\x8d\xac#\x01q\xb0\x03\xacn_\x1a\xd4\xb6g\
j\x8a(\xa2\x8a(\xa2\x8a(\xb6(\xa2\x8a(\xa2\x8a\
(\xa2\x8a(o0\x01oU\x10\x8e\xe3R (\xa2\
\xd8\x82\x1d\xc5\xb5E\x14QE\x14Qi\xc6.(\xb5\
\x04\x8cC\x22\xbb\x22a\x8b\xe9\xd4P\x07\x17\x11xz\
\xd1E\x14)\xc2\x8a(\xa2\x8a(\xa2\x8a(\xa6s\x14\
P\x03\xc1\x02]\x1a`\xe9\x9d\x02\xab\xe6(Hdy\
\xd8G\xb8a9\x84\x8eQ\xfb\x83\xb0\x838\xc4$y\
\x9e\x10\x9b\xe6HA\x8c\xd4\x02\x0d\xc0pj\x18P\x19\
\x8ca!\x98\xa2\xd59*\x10\xc7Z\x9c\xd4*\x1c\xba\
=\xc0`!\x85\x10BJF\x13\xaeSb\xb58\xc6\
\xd0\xb9\x84\xea\x010\x91\x86\xe61\x1d\xc7\xe2P\xee\x10\
\x90\xb8\xa1 \x10\xcef\x03\x86\x1f\xa8b\x1c\xc6\x9f\xa1\
\x88\x0bNp\x85\xc0\x0e!I\xc7\xdcac\x83\x08'\
\xa0px\x84+\x8a\x02.\x88\x81\xbcT\x02\x00\x17\x00\
\xcb\x17\xea4YY\x0b\x10(\x06<w\x1d\xbe\xe1r\
K|\xbfm\x00q]\xc0\x13hQE\x14QE\x14\
QE\x14QN\x14QE\x14\xa1\x1e\xa1\x86\xeaq\x14\
)\x98\xa0\x86\x81NP\xb8\xc4I\xff\x00\x19E\xa2\x8a\
c\xee(\xa2\xd5E\xf0\xd2\x8b\xee\x1f\xff\x00\x01\x03<\
\xbc\x18\x16\x0a##B\x22\x8a( \x88%\xe0q\x03\
\xe5l\x22(\xa1\xf5\x16\xc3\x15B\x18\xa2\x85\x0a\x8bj\
\x8a(\xa2\x8a(\xa2\x8a(\xb4\xa5\x9fQE\x14 p\
\xe2\x8a6C\xc1\x1d\x8e\xe3\xc1\x91\xdc\xe2(\xa2\x8a(\
\xa2\x8a(\xa2\x8a(\xa2\x8a(\xa2\x8a(d\xc4\x85\xd0\
\x8f\x93B%\x08\xc6\xfcC,b\x15\x14\x86\xa2\xa7\x80\
q\xceu\x85\x18\xeeb\x1f\xfd\x13\xed\x0fM\x16\x8bb\
p\x0f@U\x05\xba\xc1\xc4\xa3\x93\x9c\xe2/\xa8a\x0f\
\x0a\xe1\xfd\xc5\x17\x88@;C\xab\x1fr\xe0\x10\xe7\x92\
\x1e\x08\xa0\x22\xc0@\x03\x08\xf0\xa0\x1b~F\x14\xae\x14\
Dpb\xc7\x89\x91\xff\x00\x12\xde\xbf\x12\xe0\xa1\xa6 \
l\xa2V\xbc\xf9\x83\x19\x91\x03\x84\xd4\x19=Nt\x19\
\x88\xfaG+%A\xc0\xe4\x07\xc8\x89V\xd8\xd0\x07%\
CD\x86\xfc\xec\xc3\xd4\x06t\x123\x07\x08\x98\x02G\
,L`\xe4\x08\x06\x1f`\xf5\x04a\x02\x13\x84\x0bu\
\xc6\xac\xe9qB\x88.4q,X\x16\x16\x07\xf9\x82\
&o\xf8\xa1\x81\xb1\xf4\x11\xa7H\x17r\xe0I\x83\x14\
f\x0f\x8d\x07\xe8\x80\xd0\xb6N`\x1c\x8f-\xcch\xbf\
U\xb8\x01\xa0A\xbf\x12\xaf\xafu\x04`T\xe2\x18\x90\
\x08t\xe7\x9c \xb0\x8a(\xa2\x8a(\xa5\xb8QE\x14\
QE\x14QE\x1b\xa1\x0f\x8e\x0c\xc9\xd2\x9c\xe4E\x09\
\x19\x86e^\x0c.\xd0\x94P\x8a(\xa2\x15\x9f\xf5\x18\
\xb3\x08\xa2\xd5E\x16\x8a-\x14QE\x14d\xe2\x8a(\
\xa2\x8a(\xa2\xd1E\xa2\x8a(\xa2\x8a(\xa2\x9c\x83\xf8\
Oz\x5c\xe4\xa3\x02!\x8b\x07E\x14\x17 \xf8\xea\x1f\
\xd9\x0a(\xb5\x04J\x1a\xa8\xa2\x9c\x91BMh\xc3\xc4\
\x02(\xa2\x8a(\xa2\x8a(\x00\xe6\x0a\x1b\x82\xb1\x14Q\
h\xa2\xd1\xfc\x07\xa8\xa0\x0etQE\x0a\xc5]F\xe2\
\xed\xe4\x88\xa3[\x8ch\xb4QE\x14\x1et[\x0aA\
E\x05b(\xa2\x8a\x04\xb3xTa\x83\xe8LD\xd1\
\xa2\x8a\x98FK1f\xca\x8fQ`@\xd0?\x88 \
H\xe6=\xf4=\xe3\x0c\x11\x0b\x96\x1f\x98\x01\xf1\x10q\
0\xca\x84h\xc1\xe2\x1e\xee[\xc5\x8e:\x80\x01\x8d\x14\
Q@;\x97\xc8\x19\xdc!\xb5G\xea5\xc42\x8e\xa1\
\x07\x02(\xd1\x99\x95\xbc\xb8\xc3*=\x89\x8c0\xe2d\
a?pm\x10\x84<\xd4\x1c\x8d\xe8Ok\x87\xc4x\
!\xefB\x5c\x05\x17\xae!'\xf0[_OA\xd9!\
\xfd\x08\xbe\xe2\xe8\x93\x95C\x03&\x0b\x06b\x80F\x0e\
\xe1G\x90\x9fF\x08`3,\x0cx\x87\xcbR\x14\xfb\
\x8fXp\x10\x91\x90\x10i\xc1\x13\x22J\x9eDb]\
\xa7\x0aX\xa0]\xc1,\x07\xc1\x84\xbec\xb6\x8dH\xaa\
\x81\x10\xa6\xe2\x05 `\x0e80\x99S\x85N\xd8\x87\
\x83\x1f\x05\xc56\x18V \x02L\x1ea\xe0\xc2T\xc5\
\x88=B\x1c\x02[\x97\xd4QE\x14\x00\xdb\x8a(\xa2\
\x94\x0d\x91\x14QA\x14n+\xcc'\xf0\xc1\xbd!\x82\
\xb4(\xaa\x5c:$c\xa8\x08\x9f\x07\x0b\x9f\xe9\x11D\
\x8aV\x0b\xb0nV9\xf80$TD\xa0/A\xfd\
A\x1c\x01\xff\x00qE\x14QE\x16\xf5\xb5E\x16\xaa\
-\xc1[\x8bzD9:\x04<D\xfa\xa7\xa1\xc8\x80\
\x1eg\x0f\xe6\x8f\xcf\xa2\xe7-L\x04\xf9\xe6\x10\x06@\
\x8e\xc7\xce\xa2\xd1E\x14QE\x14QE\x14[\x0c\x9b\
:(\xb4P\x0b\xb8\x08\x96\x22\x8cBce\x05\xd4\x00\
]h\xa2\x8a(\xa2\x8a(\xa2\x8a(\xa2\x8a(%\x87\
\xa4\x0e!\xce;X\xfd\xa1\x10o-\xe2\x0e\x8f\x05\xf3\
\x09b(\xb6\xf5G\xd9\x84U\x10\xef\x98\xe7&s\x00\
\xf2\xe0\xcam\x18'\x82f1\xe20I\x10y\xea*\
\x07\xb1\x8f<\xc8\xa20\x02\x0b\x98s\x05\xfcH&\x08\
\x82\xac\x06f\x13\xdf\x11\xdcT\x1b\x19\x876J\x1a5\
\x1d\xd9\xc7\xb5\xde\xc9b X\x05W:\x93A\xafV\
\xc2X\x03\xad\xe30\xef$C\xb1\xd7q\x00\xd10\x04\
9d\x00\xf6\x8d\xb1g\xb8\xfc0\xa7\x01\x00\x19\x10\x8b\
\x9d\xe09\xf3\xd4w\x1dh\xc4\xe8\xa6\xb3\x88\x1f\x9e\xa1\
d\x0f\xa8\x8b\x86p\x7f\x1ae\x1b\x22\xd1\xb5\xd7\x22q\
T\x1b\x80\x19\x98~\xd0g\x11\x9e`]\x86\x06\x5c+\
\x16\x0fQsP2#\xea\x00\xde\xaa+\x1b\xec\xc3\x22\
\x11X\x13\x17!P#\x89I\xd6\x10%\x93\xe7\x0dN\
r\x17\x98\x06C4\xbb\x82\xc3\x18\xd8\xb4QA\x89\xe4\
p!6d\xf9\x95\x12\xb8Xg\x12\xdcb\x00@\xc3\
\x22g\x08r\x9a\x94\x9c\xc22\x82\x85\xa8@(\xc1\x1a\
 \x93*\x12>\xa5\xb8\x01\x8c8\xcb1\xc0\xfc\xc7\x0d\
c\xb5h\x0a\xe8\xc5\xb2\x90\xca\x8dy\x003\xfe\x12\xca\
\xff\x00\xc1Z\xe2\xcc\x22\x98\x1a\xd1\xb8?\xc9\x14\x13[\
\xfc#BI\xda\xec@g\xfc\xa4~\x88E\x17\xf9*\
)e\x8b\x8a(\xa2\xd1E\x14Z)\x9b\xac>\x8c`\
4QmZ\x9b:\x9f\x88\x81\xe7\xe8a\xc5\xe8C\xb2\
=\x11\x0e \xb7\x00CP\xb9\x98}\xa1%\xec\xb6(\
\xa2\x8a-\xa7\xe1\x16H\x05\x90\xd8\xcc\xe1\x10\xa8E\x03\
\xa5\x98\x22NQ\x92\xd0\x19~q\x08`!xg\xda\
\x10\xb0\xc6 \x80\xa6\xfb\xe8\xc36l.\xa1\x00\x8d\xd2\
r\x17\x0f1\x98\xd4\x1d\xfe\xa7p\x1e|\xe8\x0a/\xfc\
JCb\xcf\xebp\x8f\xc0\xff\x00\x88\x91Y\xd2\x8f\xa1\
9\xe0\xb3\x06)0\x03\x82 \x04\x82_\xf5\xeeZ\x8b\
\xde\xcf\xdb\x801\x93\xfe\xc8\x82\xf6Je\x5c\xa5\x9f\xdc\
\x01\xb6\x87\x00\x22\x0f\xa2UOs\x15\x93\x8e\xa0\x0a\x0b\
\x0bq\x00\xc2\xa2\xc4\x0f\x08O>#\x0a\x12oh\x80\
2@\x1eeq\x9d\xdc\x13\x17\xb8\x10\xc0L\x16\xdc\xc3\
\x09\xac\xe2\xfe\xdc\x08\x15\xfd\xe8\x03'Bj\x14!T\
T\x10\x00\xf0\xc6\x8d\xdc\xf8\x10\x1c\x9eZ\xb8\x1d\xc1P\
=\xa2\x87\x87\xeaR\xda1Pc\xce\x80CG?[\
lw\x1f\x10\x04\x92\x18\xf0*\x12d\x8f\xdc\xe2\x03\x81\
2\xef\xb7\x880\x95\xcf0\x5c\xe3T\x1c\xc1\x9a\x8c\xb0\
\x04\xdd\x11\x06\x13W\xc3\x82d\xe0o\xe2p\x1f\xd4B\
\x0c\x1f;\x04,\xaa\x062\xfd\x09\x8f\x0c\x01\x89 \x98\
h\xff\x00\x86\xb0=\xbdk\x8a\xb1\x82 O\xb8\xcc!\
2$\xf6w\x80z\xa3\xc4\x10i\xff\x00MNXI\
\xe4\x9e\xe2\x16~\x05\x14\x0a\xd8\xd9E\xfc\xc5\xb1F|\
\x11E\x17\xc5\xd4\xe0\xc22u{\xf8V\xa4\x19\x01\xf7\
\x01\x07\x05\xc0A\x04\xb0\xa3p\x02\xb3\x14\xe1\x0fQ\x00\
\xebm\x1e)\xc3\xa9\xab\x5c\x08\x04\x10\x7f\xcd\x17\x88\xfe\
7PPs\xc0\xa1\x10!\xae4\xa3\x08\xc3\xf8\x81\x0b\
\xcc\x07\xa9_\x05\x84\x9b.\x11\x13\x17\xe6\x94\xf4\xfd\xc2\
\x15L\x8e\xa1\x10\x80\x10U\xfe\x1dE5\xea\x02\x0b(\
\x08F,\xf8\xed\x09\x12O&`\xe7B\x5c%\xe7N\
?\xce{\x81Z\x01\x03\x94\xfd3\x1a\x8c\xf8B\x04\x82\
\x13C\xa8\xcf\xcf\x8d\x9e\xd0U\x09&\xb3\xc4\x0d&M\
\x89f^5\x93\x11@\x11\xc0\xa7\xb8A\x02J\x03\x06\
t\xc0\x97\xb2@\xcdJ<\xban\x1e\x89\x04\x11Q\x88\
\xd6)\x9e\xc1\x8f\xbe\xe3BHd\xe5\x19\xd3\x95\xdf\xe2\
\x19\x98Aa\xb8\xe2x\x86\x0f1\xf7Q\x15\x9b\x0eA\
\xc2P\x02z\xe2\x03\x01\xc8B\x8d( \xe7\xc4 E\
\x10c\x00\x12x\x86&\xaa\x09\x9c\xe8\xa0\xc1\xb0\xb3\x00\
X\xd8\xc3\xd0\x85\x08\xf3p\xe6\xe93\x11 7\x80?\
\xe8\xd0\x92&:L-\xdb\xd4\x00\x10\x03C\x98F\x82\
\x88\x85\x00@\x00!\xb4B_\x1c\x08X\xe1\xee\xa0-\
\x8f\xcd\xa3\x8d\x04\xb7\xc08\x99\x1c\x14\x04\xc7\x02\xc8'\
\xc0\xd4M\x813(3\xe28\xdd\x9c\xa8#\xc2\xec\xc2\
$\x84\xf7)\x1f\x82f\x1e9\x1f\xf0zC\x03~h\
F\xd9\xaf\x09\x88\xdfPz+\xea+\xc5\x0c6\x07\x22\
\x07\x18\x93\xc1\xde|\xa1$\xe7\xfce\xb0Z\xb5\xc1\xd6\
\xce\x14|\xdb\x10\x80\xda-\xb0\x07J\xe0\xb2\x8498\
E\xd5<\x99\xfd\x9c\x07\xc3\xf5\x08\xe1\x0f\xd9Fa/\
\xe5@\xa1\xeeD\xab\xecJbI\xe2\x11\xf9\xd1\x81\xc8\
\x80\xd0,\xfb\x8c\xe1\x1eg\xfc0J\x93\x07\xb9X\x09\
$\xf4`)@\xfaJ\x0a\x8c<^\x99\xd3\x04\x94\xb5\
z\x96\xe4\x97\xeeR\x9a\x0c\x09q\xd8b\x02\x0f\x10\xdd\
\xe8\x0a\x86>#\x80\x10\x0dB\x91\xf4\x8e3>s\x1b\
\xd4\x1a\x1c\xbf\xc6@\xae\x0fg\xfcau\x08\xe7:\xb7\
\x9d\x8d:\x17-\x11\x0f\xdc)\xdb\xea\x03\x8b\xa3\xab\x84\
\xfdHm\xcbO\xe8al\x1e\x1e\xa6Hu\x84>\xa0\
t\xff\x00@\x97<\x01C\xb1\x18\xb2\x164,\x88\xc8\
\xfc\xcf\x00CB]!\xe6\xf7\xe6\x0c\x9c\x90T.\x01\
\x04q\xaf0\x82\xaa(\xc7\x000aNN\x80=\x04\
\x02(!1\x8c@\xe6\x846T\x02=\xecL\x84\x8d\
\x11\x0e\x0c\x8d\xa1TWW\x09b\x0f0\xa1\xf0\xa1\x1c\
\xdeP\xab\x17\x18\xa2{x\x8f\xa8\xf0\xda\x86H\xf5\x0b\
Q\x13\x9b\x1e\xa9\x12Q\xda\x16\x17\x01\xc3\x85\x8d\x9f\xc8\
b\x00\xe4=\xc4P\x04\xb9\x1a\x11\xdc!Y\xc5\xb8\xfc\
\xa3\x13\x0e0\x0c\xc7\x1eaW\xe8\x13\xcf\x18\x03\xfc\x06\
K\xa0lP\x1d\x89\xcc\xa4\xb2\x084\xa4~o\xb0?\
\xdc\x1c\xa39\x04\x0e\x0e\xa0\xc0\x0f\xb9\xfe\xa0ClC\
\xde\x94\x86\xd2'?\x12\xa7\xbf2g\x8c\xcc\x83\xfc\x1e\
\xda\x8d\x88\x96\x8e\x05(j\xc2~! \x89\xe0\xcc`\
}F\xe8\xfb\x9c$}F$\x10\xd1\x80B\xd3u\x03\
X\x08\x94\xff\x00\xa4\xe1\x22\xb8\x17\x22\x00\x04\x14D \
\x03\xed1\x08?\x11\x10}\x00!L\x81\xf5\x17\xd7\xb8\
0\xf2\x05(\xa5\x06\xd6!\x80\x02\x007\x00\x19\x06\xb9\
 8\x8c\xc3\xb1\x06\xa3\x03\x99[hc\xd0\xff\x00\x98\
\x82\x02A\x94\x9c\x92\x00\x1e`\x05\x10\xa9\xb0\xa6u9\
^\x90\xe0\xe7\x1a\xe5\xa3\x83\xcc?\xfe\xd0\x05\xd45P\
\x10y/\xca\x13\x02@\xe5f\x10$\x1f\xb7\xe6\x7f\xc1\
\xc0!\xbc\xcc>\x0e\x8e%\xa8\x7f\xa2=\x1d\xf9\x86\x81\
j\xc2Q\x22\xa7\xfa\x09\x81\xe7 \xc0\xf0\x90`\x89k\
\x19F\xa0\x81\xf4T|@a\xd4\xe8g\xb8^$\xce\
h\x18\x84\x22\x0fL\x9bq\x06|A\xda\x7f\x10^\xd7\
\xa8\x08\xd6\x22\x05\xdc\x02\x0cd\x00\xf3\x08\x03 F\xb9\
6\x0fql\xc2m}\xc2\xc8|\x8e\xba\x8a\x8b&\xc1\
\xb9F.Ba\xb4C\xb2\x8d\xca:F\x04\x89+W\
2\xa3\xa1\xb9\xf2\x22M\xd0\xc6'\xe9@b\x83\xc9\xa1\
\xa8\xeb\xad1C\xf5\x1eD8\x08s\x1b\xb7\x06\x1f\xf3\
,\xba\x07\x91\x0cDL\x01\x01\xcc'\x91\xf8\x97\xefu\
{\x15\xd9\xe4\xc0\xfe\x8e\x83\x7f\x92!R\xa0\x07\xd0\xff\
\x00\xe4x\x16rOg\xfc$\xf1\x05oP\xea0\xa2\
\x982\xa0$y\x10}\xb0\x18\xb2\x9c\x84\x1f\xb6\xd0\xa1\
d=TQE\x14QJ\xb1\x09FL\x18$\x001\
\x97b\xe3a\x13\x0d\x00\x1f\x13\xa0b\xce !_\xa8\
\x12\x9a\x1ee\xb4\xf8\x02\x13\x10\x9d\xd5\x88\x80\x92\x9eE\
\x98\xdf\xe2\x85\x93\x14O\xce[F \xdcPt\xe7\xc1\
\x80\x1c\x9e\xb1\xd2\x16u9\xc6yQhQz\x0c#\
\x8dQ\x85\xc8\xcb#\xd4;\x04\x01\x82\x1f\xa8j\xa9`\
\x13\x06p.\x10\x1a\x0a\x83\x81\x09p\x94\x02>! \
e19\x89CE\xff\x00\xf0\x00\xacL\x1f\xdcD`\
\xc9\x81S@\xb2\xb0|\x0f\xa8U\x15\xf6\xf4\x0e/\x01\
\x18\xebAv\x07\xf9\x85\x9f\x98/\x16|\xcfG\xfcL\
\x9ee\x9a\xfb\x960{\x9e\xe0\x22\x1c\x8c P\xfc4\
V#@\xbf\xeea\x11^\xe1\x01\x14?\x13\xc8\x84\xab\
&v\x91a\x90b\x0f]\xc2y\xaf\xb8I\x87\x1c\x98\
\xc4$P\xecF\xcf\x89~t\xc4P\x16\x03\xe2\xa5\xb0\
B\xab\xf0\x8d\xf1%\x88E\xa6b\xccw\x04\x000`\
[\x81\x07`\x108\xbd\xd0\x89\x91\x81\x09F\x0c\xa5\xbf\
\xb9\x8b\x04c\x91\xf5\x07\xfd3\xd1\x1b\xa8\xba\x87,\xff\
\x00\x08l\x01\x87\xb4)Y\x1f\x98\xd3\xc1\x18q\x16\x80\
\x84c e\xd52\x0d\x9c@\x02\x09j\x94\xe7\x1a-\
TZ(\xa2\x8a+s\x81\xb7\xa3q\xe9\xa6OA\x04\
\x16@\xc0\x8f\xd9\x8a(\xa2\x8a(\xa2\x8a)\x88\x00M\
\xf8\x9eH\x07\xcc\x11(\x0b\x15\x0a\xef%\xee\x02\x11e\
\x96D\x0a\xf8q0\x05\xe4\xcc\x12}f`}\xe1\xbe\
=\xc6\x07\x22y\xa2\x978\x9c\x90\x8e\xeb\x10\x03\x97\xb8\
I\xff\x00p\x13-\x06j\x8e \x801\x14Z\x14Q\
E\x03?\x8e\x18\x95&\xed\x11\x98\xd4!\x0f\xb4\x08T\
'\x03\xccI\x02G\xd5\xc6@Bd+\xa5\x0c\x0f\xa0\
\xe6{\x8cj'\xf8N\xb0v3\xf0\x9es\x08\xb8\xb4\
\xcf\x88\x13\xb9\xd8\xb8a\x18fCX\xea\xe3\x9d%\xf9\
\xe0\xc0\x19F\x07P[\x16lT\x0f\x08\x00e\xf1n\
!\x854`\xbb\xc3\xd1#\xcfQ\xb8\x9a\xb3\x0fY\x05\
\xcc\x1cw\x13\x8b\xf3\xb4\x13\xdc\xccp\xc6\xb1\xabeC\
\xff\x00\xe0\xc2c\xb7\xa9\xa3\xf0\x02\xb1\xa3\x966\x039\
@3(H\x96\x8c\xe8\xe1+W\xa8\x05\x83`\xc6%\
8=\x91.C\xbf\x98e\x97\xee\x120!\x00\x0c\x87\
\x88#+x\x948\x1ecE\x10Xk\xeeq\xdb\xef\
H\xe9\x0d\x96's\x9e\xa1/s\xb0\x19\xc8B\x09\x06\
\xde\xa7G\xf5\x1e\x10\x14&\xc4\x12\xd9}@\x14\xcf\xe1\
\x19\xe5\x8a\xcd\xf80.\x8b\xf5\x09\xe6\xa0\x0e\x02\x7f\x10\
\xd5\xc0\xec\x01\xe0D\xc5?(\x01_\xc4\x10\xbb\x93\xa9\
\xe5\x8d\x08\xe2]\xc2\x090#\x85E\x18\x0aj(\x82\
\xa2\x8a(\xa2\x8a\x04\x80\x18<\x18\xf2\xf8\x10AD\x10\
|\xecbl\xa0\x7fW\xf3.^\x0e(\xb4(K\x08\
\x7f\xf5:\x02\x09\x0fo\xe2\x1c\x0e`\x91\x94^\xf4\x15\
\xcc0A\xfc #\x04\xc8FO\x07\xc2ydEv\
\xb9\x87\xfa\xc6KX \x09i(:fY4L\x01\
<N\x11BB\xec=\xcf\xfbHEd\x01\x93\x06\xb2\
\xa8\xd2\xc2#\xb8\xee\xf4A\xc8\x11\xcc\x88\x81\xa9\xe7\x22\
]C\xfb\x11HA\xd6%\x10\x98A\x1c\x8b\x1a\x07\xcc\
\xfbR\xea</\x89\x9e\xba\x8c\x81\xf7\xb8\x12g!\x84\
 qin\x1c\x90H\xe0\xd7\xe2\x5c\x8a\x09\x8c6\x7f\
\xe6\x0c\xf6y\x102\x1a\xb0\xea3\x9fh/\x90\xc2d\
\x17\x08#+\x00\x02\x80\x86\xe6\xc3\x22\xb4\x82\xb0\x01\xf1\
\x09U\x07\x06:\xf9\x18!1F}\xa0\xa9\x1f`\x5c\
\xaa34\xbf\x22\x04\x0a\xf0 '\xbd\xd4t\xe1\x88\xe7\
'\xb8\xfb\x22d0\x99\x01\x0bg!\x88cA:\x03\
\x19\x0e\xca] \x85J\xcf\xf8\x96\x19\xe4&t\x1f\x01\
\x0b\x01\x86\x08\xb1|\x1d3\x18\xbf_\xfc\xbb\xb8D`\
\xa8\x94\x84\x07\xcc\xe6\x16\x09\x08\x192\xff\x00\xea\x10\xb3\
ZRD40K\x10\x90\x06a\x0f\x87\xdc\x08t\xa1\
f#\x0cT&\xa3\x84\xc6\x9d4\x9eW\xa8LP5\
\xd8\x22I\xf4\x94g\x00\xac\x1f\xb8B\xd38\xd0\x94\x98\
n\xfe\x90\x0a\xe3\x02\xc4\x9b\x95\x90i\x82\x97D\xc7\x84\
 \x89'\x88\x144d\xf3\x15\xe6\x1bQL[\xed+\
\x98x\x88K@\xb9\x92\x10\xf1\x15E\xb8K\x5c8\x80\
d\xf3\x83\xa8\x05^b\x8bE\x14P\xe7\xc8\xa8\xa7\xe9\
#\x07\x8b\xf9\x86\x18]YS\xa7\x92\x04'\xe3 B\
\xcf\xc0\x19\xd7\xb82aC1zN\xe1`\x01p\xd6\
z\xa0\xd4\xf0\x82 Xp\xc0\xfe\x11\x08v\xf6\x0be\
\xf1\x02K\x0f\xee\x1a\x09\x86\x06PH\xd5\x17\x93\x00\x22\
\x10v\x5c<\xde\x9aN@\xc7\x99E\x98\xc4MG-\
\x18\xe7\xf2\x87\x00\x14!\x81\xd8R1\x03\xe0\x02\x11\x00\
\xce{0\x0d\xa8\xf0&h\x07\xb8s@\xf3?\xe50\
\x97\x0dr\x10\xc9\x83\xc9\xcc\x10\xab\xe8\xf3\x05\x91\x0e\xd9\
F9\xab\xb8(\x91\xc2\xd1\xe3\xcc\xa1\xbe\x90\x80\x5c\x11\
\xa2\xa1\x05D\x08\xd2\x06\xcf\x98p\xd1\xc4t\x86\x8f\x8d\
A\x8c\x12>\xf5\x22\xcc^\x0cc\x93\x1e\x80\xda\xc5\x5c\
&\x1e\x9d\xc0U\xe2\x12\xcb\xf9\xd4)\x14\xc5T\x7f\xe4\
\xe3\xe0o\x00\xff\x00\xf7\xb1\x0b\xcc$I''A\xc1\
\xa5\xc0h\xc7*y\x8eNNpC\xe4\xf1\xa2n#\
\xeeg\x82\x12U0s\xf1\xb3)\x9cDb;P\x98\
c@\xe4\x98DU\xe8\x8e%\x1c\xe7\xf5\x0d!\xc0\xb8\
\x03\x83\x0e\xf4\x05Ko\x1a\xa0y\x10\x80\x82!O\x1a\
\x82\xa75\xa6v\x03\x83\xf0#_\xe9?9\xc3\x13\xfb\
\x92\xb2\x14;\xa1\xe1\x04\xb6ba\x1c\xfb\x10\xe8\x0aK\
\xfe\x942\xa0-\x88\xb4\x80\xf7\x16\xd5@\x11\xd8;\x18\
@\x04\x04\xad\x89\x9bQ\xe8\x14\x1a\xb9\x10\xc9\x13\xa0!\
\xff\x00\xc4\xa2G\x80C\xb7\x91\xfb;\xf5\x19$W\xf2\
J\xd3b\xcf\xc8\xb8\xb5\x8e\x9cy\x89~\x15\x07\xe1\x02\
X@\x0b\xd0\xf2\xe0\xeb\x05\x22\xa0\x0f7\x13\x88j<\
\x1c$\xe7\xccpi\xca\x12\xfe \xcf\x13\xe23(\x03\
\xee=Qy\xb2\xf2\x84\x06$Mz\x84'\xa9\xf3=\
\xc0\x18\x8a!S\xc8\xe62\x00!\xf2e\xf0\x19%\x16\
\x12\x1f\xee\x13\x08\x1dBQlBN\xe1\x9f\xb9\x88\x17\
\xe2\x12\xe4>\x8cXnC\x81\x11\xd9\xc4L\x9c\x16Q\
\xee\x18_\x94\xbd\x01G\xe0\xa8\xa9\x07\x11\x14pR\xd4\
\xdb\x9b\xcca\xe3\xeb@\x02ke\xc4\x1f\xcc\x0e\x19\x9a\
>\xc6\x96 k\x18\xcc9Tna`\xaa1U_\
\xcc\xa1\xa4\xbch\xef W1\x9b\xf9\xf8/\x9d\x90\xc7\
\x7f\xfe\x1b4\xe2\x14\x02y\xff\x00\xe1\x86\x83P\xca\x81\
]\x98\xc0\x91\xa8\xd0\x13\xee\xc0\x0a\x00\x88\xe0H\xf2\xc2\
.p\xb01\xcc\x22DT\xee\xe1+\x0av\xe4h\x0f\
\xd2\x16\xe4\xc7AP\x80\xe3\x19\x86\x0c\x10\xce`\x1a\x08\
E`\x83\x09\x80D\xf4\xa0\xb2/\xf1\x02\xff\x00\x98\x96\
\xb3\x81O\x07\xa1\x1f\xf5\xc8\xd4\x9fP\x95\x16\x05\xc3\xd4\
)\x82\xf3\xe26\x02|\x08\x10\x0b\xf5\x82\x22\x0b\xa2\x98\
\xae\xa0\x15H\x03\xed\x13\x1a\xa5\xfaf\x0e\xed\x8d\x0fp\
\xd1@t's\x12\x08\x96\xfe\x9f\xee\x14\x87\xcazk\
\xf9\x8b\xe4\x09\xea\x8cw\xc0\x04R\x02K\xc0\x01\x99\x8d\
J\xb4\xe1W`\x1a\x09\xaf\xaf\xf7\x13`\x0a\x07\xd0\xc7\
\xe2\x00I \xf2\xae\xa0\xa8\xd4${\x9e<\x01\x08C\
y\x8b\xdf\x0e\x14p\x9eM\x1e\x9f\xbb\x87\xbc\x0b\x0f\x05\
\x0bI\x1cu\x8ab\x85\xb4%\x10\x07\xf2\x5c\xf6<.\
\x07\xfeB<\x16_\xea\x0c?\xcd\x86\x12\x80\x03N]\
{\x84\xa4\x11Y\xff\x00\x06R\x01\x0a\x80\x04-\x83\xc0\
\x89\xd2U\x18H{=D\x95\xc0\x84\xeb\xc0\x16\xa4\xf1\
/i\x82\xbd\x13\xbb\xc7V\x8d\xeeWb\x04\xff\x006\
~!\x88\xa4\x92L\xcb\x95\x1fH\x1eQ\x0a\xe2\x01#\
\x06px\x82|\xae\x0e\x1a\x07\x96\xea\xe0(\xc0\xd3W\
\xf8\xcc1\xad\x02A\xb4`\x08\xd9\xad3\xee\x03m\x14\
\xf3\x0b\x1d\x8c>\x1b\xe6\x02\xea\x1c\x8a\x04\xac\xca\x8b\xe4\
\x94hJ#\xdcl\x1f\xd4\x0b\x04\xd8\xfc\xe8\xe3h?\
\xf8\x9b\xaf\xfe\x12\xa0\xc9\xfa\xd8x\x0f\xa1\x80\x04r\xbb\
\x84\xbc\xe8\x0cdb\x09\x01 \x80\x81\xe7\xa9\x97\xb6|\
B\xa0\xc22\xc6\x9eC\x9c\xce\x08\x85\xc9B\x88\xe6\x11\
1\xc7\xa3\xd0q,\x15\x88@\xbd\x0c\x19\x99\x99\x0a\x11\
`\xc0\xf1\x90\x8b\x84d\x0b\x1c\x88\x14\x04?\xca]r\
7<\xe4\x90\xa1\xf5+\x85\xb8\x7f\x04i\x00\x01\xb7\xc7\
\xfc\xc3\x12\xf9/\xc2\x1e\x08\x5cy\x84$\x94\xda\xeb\xb9\
lY-\x819j\x16\xe1\xa0\x91A\x22?\xbd\xc1a\
$\x02h\x8a\xf69\x8f\x97\xf6\xb4\xc8*\xfcG\x09q\
\xc7\x19\xb8\xe7\x00\x018\x98\x94\xe1\xcf\x86\x01\x02\x22\x94\
=\xce\x01G]\xc1\xa1F`\x02>\x11\x10\xf1\x088\
G\xd3\xf9q-\xc0\x139Q\xb8\x22\x02\xeb\xee\x02\x18\
&*k\xfa\xa1\xd0\x80C)H}\xc1\x22\x95K\xc7\
\xd7\xa8\x04\x18\xb0\xf0\x1f\x0aq~\xc8~\x80BoI\
\x0f\xb3\xd4\xc0\x8b \x8fB\xbf\x98\x18\xb0\x8a\x81\x05\x8c\
\x1fD,+\xc8\x98ozq\x7f\xccp1\x1c\x95\x99\
\x88d'\x02)\xcd-\x85\x09\x10\x1f\x18\x94@`\x14\
OO\xd3\x88H\xd1'N\x0f\xf3\xd4\xa8a\xe4\x94q\
\x99\xe3{p`\x89\xee\x1c\xd4\x1e\xa6\xb9B\x13E\x80\
S\xee\x11RE\xe3\xc0j6\x04<*2\xe0\x12O\
 \x8c\x7f\xfc\x80\x14k\xe3\x01\xfa\x11\x03\xf8^!/\
\xfe#\x82\x02\xf1\x1c \x03\x96P\xe4^\x1b\xb3\x0e\xdd\
s\x95\x03X9\xfbw\x09\x90b\x87\x1a\xb9\x9d\x8e\x02\
9\x07\xd6\xb9\x10x\x13\x015\xe4\x11\x8f\x89\x09Yy\
\xf8_\xde\x80\x08k(\xdc.R\x90\x09``\x18b\
VV\xe3\xb7\xfc\x7f\x8a\x0a\xc7\xff\x00\x17\x8f\xfe\xd4\x97\
\x9f\xff\x00%\xe7\xcf\xff\x00\xe4\x15_\xff\x00\x16\xe3\xff\
\x00\xae!r\xcf\xf9K\xfc\xd2C\xb2\x00\x07\xb1\xa9O\
\xc4Kz\x05\xcc\x09\xf4\xe2\xa2G\x88\xb5\xe9\xd4^\xbf\
\xe7\xfc\x0e3\x01\x14\xe1\x07\x02\x86\x8a\x87\xd2\x894H\
\x800u\xc4\xb1\xa8W\xda\x05@f\x8b\x14q\xce\x1c\
z8\xe3\xd1\xc6\xf0#\x8e\x01\xe2A5\xed\x05\x83\xaa\
\x8a\x87\x08<\x06]u\x11X\xc4\x17\xc8\x1e\xe1\x02\xb1\
\xe4A&\x81\x93\xc4@n\x00\xc0\xc2\x7f}@\x1a@\
\xc1V\x1ah\x18\x02\xe1\xe8\x08;\xc0q+\x17\xbeS\
\x80\xf1\x02t\x1crTx(hbmR\x870\x12\
b\xfe\xcf\xe2`\xdcd\xaapqS\x8e \xd1C\xea\
\x05\x90\xba\x8c\xea\xd2\xca\xae g\x1c@D\xd8Dh\
\x98\xedKGW04/\xf5\xff\x00\xce\xba[\x07\x8f\
\xf3\xdf\xf8\x17\x1c\xcas*\x06\x8f\xf5\x8aE\xc3\x0f)\
\xe4`\xf33\xc96\xe3\xf7\x1b\xc9\x9fs\xfd\xce|\xc6\
\xb24\xfc\xc7\x89\xf8\xd8\x01\x0f\x11\x1f\xf5\x08\x1a\x22\xe7\
r\x8a\xc5\x09Q\xe06\xd3\x88\x9e\x0c\x00\x04\x1b\xc3\xc4\
\x02\x00\x0c\xa0 \x15\xa4dx\xb9\x8e\x04\x14\xf3\x0d\x02\
\xf6\x0c\x91\xc4\xb4H\x9f\x04b0$\x11\xd1\xc7\xc0\x02\
x\xcc\x19lF_pb\x00AT!\x12\x00;y\
\x8a\x02\x9c\xcb\x88.^\x10\xec0\x11\xf3\x19\xcd\xd0D\
\xdb\xd99B_\x0b\xc4\x11Y\x95\x17\xd9\x96\x00\x02H\
3\x11\x1a\xae\xf9\x84*\xea\xa0\x01\xe0\x82p\x87 \x04\
\xb4`R\xf1(\xc4\xa1'4\x04C#\xacJ\x89\x1e\
\x88d\x02\xc0\xd8\xfa\x86\x84|\x87\xd4i\x00+\x17}\
\xc1\x1cy\xa2\x8c\xbb9\x02\x11'\x11R[\xb8\x94\x15\
?\x90\xe7\x9b\x8ch\x08&\x1f\xf1\x0fh\xe4\xb1\x82\x01\
\xe1\xd9\xc4\xe9\x8740\x81\x85\xfe\x83\x01\xa0\x08\x10\xb9\
sW\x03\x80\xc5\xbc\xa0a\xd2T\xe3\x0d8\x1c\x88\xe2\
E\x06x\x82\x83<\x9e\xe1\xa4\xb2\x9f\x99\xfc\x02(\x08\
r\x08\x91\xe4\xe6\x07\xe8\x81k\xa9H!\xae{\xff\x00\
\xb8z\xa8tL0\xc2\x8fPPY\x88w\x09\xfcB\
 \xb1\x17\x8b\x82\x0e\x0a\x89u\x14\x01\xc3_3\xff\x00\
\xeeDM\xe3\x84A\x1e4\xb9\xb1\xf0\xa7E\xd0\xf0!\
\xb9\x0f\xccbd\x22O\xf8\x81\x01G\x06@\x06\xc0\xcc\
b\x00\xefBy\x7f\x13#3+BB\x00:J\xf1\
\x18\xba\x87\xa1\x84Xh\x03'p\xb8.6\x86L\x8a\
\x89\xc80O\x11\x8b@\x85B}Ff(\x0ew\x88\
\x00\xa1\x00pD\x00\x9f\xb1\x0e$\x82i\xf1\x08\x5c\xc0\
\x19\x1f\xf4\x82\x0c\xa8\x22\x82@\xf7\x95\x9e\xc0\xc5\x85\xf8\
\xc1Z>\xa3]\xdeMG\xd9RZ\x85\xe6\xd0\x00\x10\
}\x8c@dd\x01~\xe1\x10o\xc8`\x10\x94a\xdc\
\xbbP\x1691\xef\xa2U\x05\x04`\x14t<\xa3\xfe\
 ^X\xd7\x11\xe0p\xf8\xf8?\xf7\x04\x10\x00W\x08\
\xc0\xd0\xb8\xf5\x10\xe6N\x7fp\xa1\x82\x91\x0b\xea\x02\x81\
\x11\xc42\xe03\xfa\x85\xc8\xf0\xa1b\x030\xb8\x08\x89\
\x91P!\xe6\xb83\x04\x9f\x98rT\xbf\xa0\xc1'V\
\x00\x0a0\x97<\x09\xc0\xfe\xf8\x98\x1d\xfaQR.\x11\
\xe9\xf5\x12*1\xc8G\x14|\xf8\x84\xac\x0c8q\xa1\
1\x99\xed\x00,\x10\xe0\x06 \xb2@>\xf0\x02\x11\x99\
Q^\x13\x01Y\x8f\x11\x153L`\x9e\x89y\x12D\
`pb\xe87=C\x00Xc\xa7\x06\x11\xfd\xe7)\
\xfeP\x85E\x83\x14\xb6@z\x8e\x071\x9a\x86\x03w\
\x00|\x5c\xe9\xf9\xd4\xdfo\x9f\x8f?\x0a\x1b\xc8#\xf8\
\xff\x00\xe6\x945GC\x00b/\xdc\x00\xc2\x0e\xff\x00\
\x1a\x1a,A\xee1\xe0\xb4\x17\xe6\x139\x84\xe5\xc4\x0a\
L\x18\x8b\xf2\xfe\xa3v\x1dq31z\x82~ h\
\x04C\x0a\x87\xd0\x84\xceZ\xa8Q\x89\xe0E\xff\x00\xe6\
\x0b \x22\x07\x11\x88\x88\xb6&\x01\xe4\x8eg\x88.(\
\xe3P\x8a&\xcc\xe4\x99\x8d\x9fq\x03\xcf\x98\xf78J\
\x11\x0f\xc0\x96({C\x8b\x9ff>#\x07\xb8\x933\
\xd2\x07/Q'\xeadx\x10\x17\x00/\xb7\x0c?\xd4\
0\xa3\xbe\x14h.\xa1\x00\x88V\x10\xd1\xba.\x13(\
\xe4\xb8\x12\xab,\x19\xcc\xd2\x8eYI\x83\xc1&\x10\xac\
\x17\xcc)\x9e-\x88\x08\x99\x94\xd4TO%\x08tG\
\xb9L@T[0\xf0\x11\x1d\x03\xca\x80\x0f\x8b\x8d\xb2\
\xfb'o\xa00U\x18z\x08\xcc\xcc\x1e\xcc\x0c>\x83\
\x18\x05\x86\x03\xccH|\xa9C\x89\x00!\xcd#\xd6\xdf\
\x98\xe6.\xf1s\x1e=1z\xc1\x09\xe4\x13\xc2\x11\x1c\
\xd6c\x16\x9a\x80\xc0&\xdc\x08/)\x8e{\x84P\xe4\
\xb9EQa\xcc/px\x07\x06\xdf\xf0Ph\x13\xb2\
\x84!\xcd\xb8GH\x1c\x10\xe2\xb9\xa51F\x1dOj\
\x13$*\x84~\xa12=\xcc\x95R\xbc\xb8\xc9\xb3\xea\
\x18\xc0C\x91b3p\x9c\x05\x12.\x11\xe2\x8c \x00\
I\xce%\x88f\x11\xa7NH\x0e.\x22\xd4\x0d\x06a\
\x8a\xc4&\x02fHL\xb7\x01\xd1\x89h,\xac\xfa\x99\
\xb30\x0cY|\x5c\xe67\xcf\xf8\x0c\x90\x03\xa1\xc6\x89\
\x7f\xf0\xa0B\x17\xc6B\xce\xa4#{\x8e\x0e\xc0\x808\
2\xe2\x1c\x0c\xfb3\xbf\xf9\xca\x04P\xab~\xb2\xe4\x8c\
Js\xcb\x8f1\x84~\xe8\x12\x01\xb7p\x07/83\
\xf9\x8d\x8f\xca281J\xa2g21\xc0\xe2\x22,\
 \x18\x03G\xe2/P\xba'x\xfd\xc4\xae\x9e\xe0\xf0\
\xd0kW\x84`\x07\x98;\x03\xc4\x1c\x07,p\x060\
r\x85p\x04\xf2@^0\xf2\xcf\xbeNHOp\xe3\
\x00\x08\x98\x02\x0ce\xa4\x04\xba\x80rj\x02x\x82=\
\xf9\x80\x91\x80\xbc\xc4<\x98_\xf4\xc2\x02$\xa8=\x98\
J&?\x11\x8f\x22v\x04p\x1bg1\x88\xafr\xa7\
\x07&~B`\xb4\x84Y\x97\x09\xc2r\xf6H\xb8\x01\
\xe7\x98\xb9\x9c\x92=\xdc\x03\x9a\x05x}@\xf6s\x85\
*3\x07\xf3\x09\x06aC\x84%\xc1\x96\xa8\xa8\xa3\x08\
\x04q2?\xd4\x01[P`\x00N\x19q\x06\x14,\
1\xdcK/ibzhg\x12\xfa\x84\xb4\xe0lY\
\xc7\xa8\x13\x07\xdd\x00\xe4\x0f\xcc\xe5\x02\x02\xa9\xb0\x97\x89\
\xea\x1fp\x069\x00*\x81\xdc\x11\xd8\xfa\x81\xda\x1a\xc4\
\xa0\xef@c\x1e\x09\xb8\xe2\x88\x01!\x00\x0e*P\xb1\
#\xfe\x04\xea\x80\xbb\x22f0U\x19\xfe\xac`\x92\xc1\
b\xe1\x12\x8e\xd5,@\x14\x94\x8eN\x15\xf0\x80^e\
\x95O\x9c\xc6\xbbC66\xe0 @\x81\x91\xd8\x8a\xbf\
t@J+\xbf\x11%~Jb8\xa6\xd4\x05i\x02\
x&\x17\xb2Fx\x16!Q\xa2\xad\x88\x14\x8a2e\
\xfb/\xf1\x1e\x06\x1f\xc9\xe2\x11\xa4\x12:\xe4\xa7\x84 \
\x01\x0e\xf3\x04\x08\x03*\x8f0Q\x9a`\x00\xdc\xb4\x97\
\xe6\x9a(\xb7\x92}\x18<\xea\xcf\xff\x00\x08j\xa7O\
\x10\x07\x04#\x02\xa3\x1a\xb6\xb0\xb4\x08{\x84\xbf\xf8\xd3\
\x80<\xe6Y\x1c=\x0d\xf2L\x04\xc2\x99\x9d\x0eT+\
\x1c\xc6\x07\x02\xb8\x85\xe0\xfa\x84~;\x81E1&\x07\
\xcb{\x8c\xc10E\x1es\x9en?&Q\xccE\xc6\
&D\x88\xd4-p'\xd3J\xb2\x9e\xef\xcc<D\xc0\
\xa6G\x83\x14\x04\x98<\x86\x22\xc5\x04W\x11\xc9\x8b\x02\
\x90\xcf\x07\xcb\xdcH\x1a\x81\xca/\x0b\xef\x03'GQ\
\x02O\x01w\x14\x9e\x9e\xe2A8\xce?\x09m(\x18\
k\x1cA\x9e\xc7\xa8 \x01\x17\xc4\xfa\x98\x86!\xdc\x9d\
\x1fi\xf6\x9fh\xfd\xc6\x8f;\x89E:\x82sG\xe6\
9\xb0e\xe4\x00\x80\xa3Q\xeb80q^c\xf5\x1c\
z\x1c\x22\xe9\xacB|3(\x07\xcc\x0b0\x0a\xac\xb5\
<{\x1a\x0f\xa89\x83\xaa\x8e1\xe2=\x12\x1f=\x0e\
3\xe68\xa1q\xac\x08\xec\xa8\x16nR\x84!\xb9\x86\
\xa2\x01\xceFW\x01\xf8\x96\xd79p<\x80\x80\x05\x11\
>D\x0c\xc0\x8f\xd4~D\x0c\x82\x89\xc2\x12w\xfe\xa0\
.O\xea$\xcc\x00\xb1\x8a\x06A2\xf0\x5cv%<\
\xce\x8f\xd4\xa9R\xbb\x83\xdc\xa8\x05\x90>\xc4\xfd\x8d\x82\
\x85A1\x0b\xd45Q\xec3\x1e\x82\xbe\xcc`k\x18\
:VU\xfd\x84\xe6\x05v\x80\xbe\xd4\xa3\xc2\x08z\x86\
\x84\x8d\xd0\x88Y\xb1\xee\x1c\xf1\xfe\xa0\x11\x00\x108\x19\
<B\x19\x818p\x10\x00\x00\x9cD\x08 f\xe2\x9b\
'\xc8A\x84\x1c\x1a\x85\xec\x12X\x81g\xcf\x10>A\
\x16\x0b\x88\xc9\xc9q\x0d8\xd1h\x03\x8a\x9f\x11J\x95\
\xc2\x99\xea\x10\x8e\x88\x0d\xe8\x97\xf9\xa0\xa3\xfeZ\xe3\xe2\
\xfc\xc0\x1c&r>\xe1B\xd8\xf0\xf3\x03\xc8\x1a\x12\xc3\
\xca\xea8Q\xd4\x22.\xc8\xe6-H\x5c\xa6C)\xcc\
\x9c\xa10.\xb9\x86\xb1\x0c\xbbJ\x08\xc0\x16\xbc\xc0\x04\
\xfb0\x09\x09\xe9\xa8N8\x81r\xee\x08\xf2~\xa1\x1f\
\xfa\x10\xf6?\x08\x85\x80|\xa8\x0b\x83\x949\xb4^\x7f\
Q\x0f\x11y\x1aX\x22aPaP\xa7\x03v\x8e\xb9\
\x8e\x09\xc1\x0b\xe6\x0d\x00 \x0f\xdc# J\x03\x02p\
\x89\x8e\x04\x1aV4\xe0%\x99\xcd\xf1\x02\x00 \x02#\
\x11\x8a\x17I\xc1\x22~\xa8\xe2\xf8}\x89\x96G\x96\x12\
Ie\xfe!\x0fC\xc9\xd3+\x0cFp\xce\xc1\xfa\x8a\
\xc9\x11g\x90\xf3-\xf1\xea\x12\xba\x0f0,\xc8\x80\x11\
\x83\x1c3\xfd2\xff\x00\xa63\x1c3\x19\x8c\xc6c>\
c\xe8e\xf4g\xda}\xa7\xda_gx[C\xea-\
\xc1y\xca\x1a?\x94\x1b]\x1f\xb1\x09\xc5\x9b\x03\xe8\xcf\
\xcf\xe21\xfd\x11\x88\xc7\x98Wf/qls\xfb\x88\
\xbf\xaa(\xb4f8\xfdC\xc2P_\x02\x1fR\xd8\x11\
x\x8aT\xa3\x90\xe0\x1d$C\x91\x0e\xcb\x8d\xc9\x97\xc1\
\x10\x86\xc8C\x19\x11z\x9f\x89\xf8\x8f\xe0a\x0f\x01\x00\
\x03\x16\xb0?0\xfa\x13\xea\x00\x83\x05\xea'\x89\xf4\x94\
zPBD\x06\xa0\xa0\x01\x01B\x94n\x04\xfaA;\
\x9f\xc4\x01\x02\x06r\x84\x1c\x10N\x0c\x81Z\x12\xea\x00\
\x1ay@X\x14s\x05\x80\x948\xed\xf8\xe6c\x06\xfc\
@x\x91\x02\xe9\x98b\xe1\xf7\x0c\x09\x81Q \x0f\xe6\
p\xc6pa\x9e\xa3a\xe2\xf4)6V\x8a\x05\x17\xa0\
\xc6\xc0\xfa@\xc2\xc9O\xa9\x88(\xc3\xe6\x11\xebAp\
Nx\x9fY\xe2\xbf\xfc\x22_\xf8\xa2\xc8\x96\x00\xaa?\
\x01\x99pw^&a\xfb\x88%\xd1\xc0\xf7\x18\x9a\xfe\
L5\x9bs\x06\x91\x03\x02p\xcf`W\x0b\x0f\x0a\x89\
;?\xea\x00\x10\xb1\x15\x01\x90'\xc1\x99\x8b\xad\xec\xa1\
\xb7\xc1q\x86K\xe4N]r\xd0GJ\x95\xd9\x97\x07\
\xe2\x84*\x83\xa89X\xf3*@\xc7\xee\x12\xfb\x8f\xdc\
\x07\xdc~\xe0\xcf0\x13\x17s\xf3\x00Kfq8J\
\x02\xc3\x8d<\xde\x97\x16\xf8\x8dQ\x94D\xc8\xc8\x06#\
\x0a\xd0\xe3\x95\x0c\xa0@\xa3\xcc%\x03\xca\xb2z\x8cL\
:\x97\x80y\x0a\x9fF}h\xfa\xd0LBR\xaf@\
D(\x96\xf1/\xf7\x1e\xc9\xbd\xd4\xbb$\x8b\x09\xc5\x00\
\xf1\xd8(Gx\xde\x04x\x85\x1c\xb8A\xa2\xa2\x1ao\
\xb9\x98\xe7\x88!\x8b\xe9\xc0)\xa2\xc18J\xf9<A\
\x8a:hA\x90\x1fp\x8e\x87\xdc\x0d`\xfe\xe5w\xfb\
\x95\xfd2\xbf\xa6W\x8f\xcc\xae\xc7\xe6~?3\xfb\x98\
\xbf\xae/#\xf3\x17\xaf\xce\xcf\xcc\xfc\xce\xa1\xe3\xd6\xa2\
1-\x08\xa8+6\x00i\x16\x11\x8fle\xe7\xd7\xfc\
F\x22B\xd9e\xceU\x87\xe6~ey\x99\xd2\xdd@\
\xcb\x0f\x98aZ\x5c\xc0\xae\xa2\xf1\x17\x8d\x0b\xd4v%\
\x89\xf4\x80\x01\xd4C\xc4C\xb1=\x10\x8f\x88\xa0T/\
\xe8DG?\x84_\xd0\x8b\xfa\x13\xfa\xa9^'\xe2?\
_\x88\xfd~!\x1c\x09\x82\x0f\xc4\xfe\xe2?\x1f\xa8\xc7\
F1\x0cEEEtey\xfcJ\xff\x00\xc4E\xff\
\x00I\xf6\x7f\x12\xbc\xc5\xe6/1@\x1eX\xb3\x09\x0f\
\x81\xe2}!\xf2\x80<\xbfx.O\xdcg\x98\xfc\xce\
\x90\xc2\xf8F\xf2p\x18\x01,\x02\xc0\xf0D\xe0\x07\xd0\
\x9eq\x1d\x8b\x84\xe7fyBX~\x04 \xb3\xfdC\
,F\xfb%p>\xc7\xa1\x0f;\xf1\x8b.\x048\xb1\
\xd4\xfb\x82\x0a\xcd\xbc@fy\x18\x03\x1c@kp\xb7\
\x00`$N\xdc98'\x86\xc2\x94\xd41\x92\xbc\xc4\
Tz\xf1\xb0\xfa\xff\x00\xf13\xf1\x90F`\xae3.\
!\x14*\x16\x16;p\x07\xefA\xa0\xba\x06E\xa9\xdb\
\xcf\x98\x144\x86K\x82\x17\x02\xbe\xe6`\x81\xd3\xc0\x80\
\xe4\x16\xb2w\x0eh\x85|\xce\xc8~\xe6+\xeb\x02\x9f\
\x22\x03$\x02@BR\x06\x85\xc1#\xf5\x13 \x8f\x91\
/H.`\xc2G\x0c#d\x00\xc1\xe6o\xf7\xe6\x08\
\x80e\xf4!\xd7\x11\x85\xe0\x00\x13\x010\xa2t]A\
\xa2\xa7\xd8\x80\xc8\x1c\x16\x83\xd4\x8c/\xa1\x1fA\x07\x84\
\x04\xf5\x1a\x92\x8f\xfe\xe2?\xfb\x88\xff\x00\xeez\x7f1\
x\xe9u\xc7\xc2T,b^W\x91\x10\x06P\x10H\
\x82A\xc2\x84\x0fAhy\x17\xb4\xfe&\x06\xa4\xc2D\
E~c\x8e?2\xbb\x11\x8e\xc4\x02d\x01\xf8\x13\xda\
\x18\x9b\x12\x0e;g\xc4\xf0\xc9\xb0\xa8\xa6\xf7\xd4\xae\x92\
\xbb\x82\x00:>\xa0\x9c\x14\xcaP\xff\x00\x0fy\x82\xad\
#\xd4\xe9\x84\xf8\x8d\xde\xec\x08\xc2/g\xf3\x13\xb3\xf9\
\x89\xd9\x94e\xa2vc\x1d\xc6;\x8f\xcc~c\xf3=\
\xa3\x8e=\x1e\x07\x81\xf5\xb7\xfb\x98\x8f\xf4\xcb\xfe\x98B\
\xff\x00D\xd40f^\xe7\xfe\xa4\xe2\x03\xed\x03 .\
\xcc\x11@{\x13>\x9f\x99\xfd\x5c\xaf\xfdJ\xd0S\xc6\
JzF\xa5h}\x19\xf9\x9f\x9f\x80\x07\xe6W\x9f\xc4\
5\x97\xf8\x95\xfd\x12\xa5J\xf1+\xb1\x17\xa9\xf8\x9f\x89\
\xf8\x9fB}\x08h\xf2\x8f\xc4\x02\x18S\xf1/\xa9}\
@$\xa8\x80?\xae`\x90\x179:\x1f\xad\x05\xaf\x1e\
\xa5\xb3\x0c\xc8?\x88O\x01\xf5(\xff\x00\x8c\xb2\xa2\x11\
\x83\xeaX\xd8x\x13\xa6\x05r\xfc\xc1\xdb}\x182\xe7\
\xe8\xc6=\xb3\xe6\x1f\xe8`<\xdc\x7f11q\x82\x92\
1\xe0~\xa0\x80\x83d\xe5A\x04@\xc2#\x8c\x0dH\
L\xaa\x0b\x0f\x05\xce\xc1\xfcB^0\xa1(\x88q\x9d\
`G(0\xa1\xfa1\x88\xa2\xf1\x08\x808\x10?\xc4\
\xea\x08\x85\x08\x91<B\x8d/D\x7f\xcf\x05n\xfcJ\
\x803(%.>\x8b\x8eg$\xa1\x08C\x83\x80\x80\
<C\xc9U\xac\xdf\x80\x8e\xcd\x04\xf1\x09\xb2G0v\
\x0f\xee8H)\x14\x0a\x05\xbcq\x04\xbfi\x8c\xbdG\
1\x93\xfa;\x80)\x01\x82r\xfaCr\x91H\xc9y\
\xc4\xe24\xb4:\x0e\x12@i\xc8b1\x04\xc1\x02\x1c\
\xf7\x05\x09\x95\xca\xcc\xfe\xca,\xb1\xde%Y\xa7$D\
3\xf0\xf1=4a\x11n\xa3\x97\xfd:~\xd9\x88D\
\x06X\x1eDw\x0c@\x0e \xaf\x02)R\xe7\x17\x14\
\x7f\xd2z~\xa3\x1d~\xa1\xa2\xba\xf1\x008/Q\x84\
$z)\x15h\xf6!\x07\xfc1\xcc\x00.\xea\x117\
/BWz\x02\xd4H3\xda?0\x1e\x18\xb8C\x9a\
Y\xe6tg\xdc\xf6\xfd\xa3\x86<F<G\x07\xff\x00\
\x84\xf2\x0f\xc4\x029\x1f\x89f\x0e\x01\x16\x03\xf1\x13\xfa\
'\xf5Z\xbf\xd1N\x9b\xe8@x\x03>\x8e\x8f\xcc\xfc\
\xca\xf3\x1fH}!\xc2\xe0p?\xfaS\xfaDP\x90\
\x89\x22\xff\x00\xc1\x89\xff\x00LP)\x0a\xd2D(\xf6\
\xe0\x95\x002\x00\xb1\xa8G\x01\xfea\xd6\xc0pg\xd4\
\xfa\x95\xd4\xae\xb5y@O*\x7fP\x84w\xfc!\xe5\
\x1b\xc8\x17\xa5\xc5\x14Qz\x9f\x8f\xc4\xfe\xe2Tp\xf4\
\x0e\x18\xfe\x88\xc7\xf4G\xdb\xf5\x0bj\x87\xa9\xe4\xfdF\
?\xf1\x18\x8e\xc9\xc6b\x1d\xfe\xe2\x1d\x88\x87I] \
\x82\xc5+\xa4\xae\x0c\xae\xc4\xae\xc7\xe6}5\x0f\xa4~\
\x11\xf8F\xe9\x1a*\xa0OAA\x19\xd4P\xbf\xa3?\
\xa3\x8b\xb0\xfc\xc4\x7f\xec\x88\xf7\xf9D{\xfc\xe2\xf3?\
p\x02\xe7\xf0\x82F\xc1\xfa\x84\xe8\x9f\xd4\x13\xca)\xc6\
T\x10Qg\xa8&\xe0\xc7\x1e\xc6,/\xf6#\xff\x00\
\xd3G\xee\x1am\xf9\x87>\x08 \xbf\xe6g\x9c\xc6l\
yE\xa2?\x0e2\xff\x00\xd9\xfd\xdc]%\x9c\xfet\
\xc2\xf4\x8d\xa19\x12\xc1\x88\x19\xb84 \xf1\x00\xbc\x8c\
\x98315s\xc12$\xa2L \x9c\x88\x91\xed\x12\
\x1f\xa9\xe6#\x00f\xe1\x07\x84^\x22\xa9\xc7\xf8=\xd8\
\xf8\x0f\xd6\xf5\x13\x8b\x81\xe1B\x09$\x873\x84^\x10\
I\x07\xf0\x961\xe55\x04\xd7\x87\x88\x0c6g\xc4g\
\x9d\xf3\x09\xa6\x5c\xc0\xed\xc7\x1f+$b\x12Ne\xb0\
\x12\x0f\x88\x8a%\x983 5\xe2\x08#W@\x06\x0b\
\xca\x9de\x22+\xcc\xc7\x08\xe4y\x9c\xe3\xf5\x0e\xd5\xf5\
\x04zK\xc5(10|D\x14\x13F\x09\xe5\x91E\
f^\xcf\xc2N\x08\xfa\x84\xe0\x22* )P\x06\x00\
\xa3A\xf1\x00\x12\x09\xeaW\x89\xf8\x9fb}\xe9r\xe1\
(\x15<C\xb1\x06`\xbc\xbe\xa1(\xb4\x07\x00\x93\x80\
%\x09}B\x5c\x09n#\x91\x02\x11\x0d\x99\xec%\x09\
\x08\x99\x18\xfa\x82\x19S\x951\xcc\x98\x05\x80S\x88\xd9\
\xaf\xc44q:\xb8\xc7lG\x1e\xc3\x1d\xca\x82P\x86\
#\x06\x7fq{\x1f\x98\xbe?1?\xf5\x18\xff\x00\xdc\
c\xff\x00q\x89b\x5c\xbd\x0b\xf1/\xc4\xbf\x12\xfcO\
\xa9\xf5\x09\x1c8\xe1\xf9G\xe5\x1c3\x19\x8f\xca?(\
\xfc\xbf1\xff\x00\xd8\x8f\xfe\xc4\xfe\x83/\xb7\xe6_\xfe\
\xa2=\xfe\xe2=\xfe\xe2\xf3\xfb\x8b\xd7\xe6/_\x98\xbc\
\x8f\xcc\x10\xb2\x01\xfd\xe9T2\x0d\x080>\x07DR\
\x00D\xb2\xff\x00hE\xb0\xe2\x12`\xb9\x0f\x88\xe0\xbf\
B}\x19\xf4e\xcf\xeeg\xe3\xf3?\x1f\x99\xf6?1\
\x8e\xc7\xe6Wc\xf3>\xff\x00s\xfb\x99\xf7\xfb\x8f\xc8\
\xfc\xc6;\x11\x8f\x11\x8e\xc4\xaf\x1f\x88\xfb\x0f\xc4\xae\xff\
\x00\x09\xf7\xf8O\xb1\xf8\x9fc\xf1>\xff\x00\x09\xf6?\
\x12\xfc~'\xf5S\xdb\xf5=\xff\x00Q\xc0\xe7\x0eI\
\x1a\x8b\xa2_I}g\xd6}c\xf1\x8d\xcb\x97/\xce\
\x09(r\x1fP\x05%(F \xc7p\xfc\xa3\xd0$\
N\xa2\xf5=\x0c\xf4\x86\x10\x86!]\xa5w\x85\x04\x08\
\xfe\xa0q\xf7\x14\xa8\xea\x1fJ#\x7fp\x0c@\xa9R\
\xa5u00\xe5D\x1c~\xa2u\xfa\x8c\x1e\x07\xe2W\
B+\xc7\xe2\x1fc\xf1>\xbf\x88\xfcc\x97?h\x8f\
pR\x0b\x03\xe4\xc2\x0c\x03B\x08\xb3\xf5\x19f\xba\xee\
b\xe8\xd4\xa0n=\xc0|\xaeuT_?\x94\xbf\xfb\
\xa5\xbf\xe4\x9fm_Q\xb9\x8fP\xe0\x09%\xf7\x17J\
/2\xc1\xa3:ran_\xca\x171\xe8\xe3\x8e9\
I\xd7\xa8\xe3\x8fU\x05{\xcc\xf0\xd0\x1f\xa4\x861t\
Us\x03l\xb1s\x90\xf9\x80\xcd\xb3\x87\xcc\xa5\xce0\
g\xb8Z\x05\x02\xa1\x96\x11\x07\xf5\x1f\x19\xbc\xf0\xccG\
\x07\xa9\x80\x1c\xa8\x5c5r\x0b8\xe7\x1e`\x81`\x97\
\xd6\x04\x00\x8f\xfa\xa5\xb0\x03\xf9!\xf0\xb0\xf2\x8d >\
HFo@\x80\x82(\x1a\xb8)\xc9p\xa3\x13\xfd\xc4\
\xa6B\xe5i\xf6g\xd9\x9fg\xf3\x08\xa1o\xcc\xfb\xfd\
\xcf\xb8\xbc\xc5\x14F4\x00\x8e\x7fqz\xfc\xc5\xeb\xf3\
\x08b\x14\x0a\x10\xea\x14\xf1\x08X\xd3(\x07\xfb\x89\x17\
\x0ehv\xe3\xd5\x0a\x83\xa5\x0c\x10X\xcf\xfdp\x09\x17\
w\x88\x04_r\xa5\x91#\xb9Q\xcd\x93\xe5\x00B\x8c\
F\xff\x00\xc4\xf6\xfdm\x0f\xa4O\x11\x88\xc7q\x8e\xcc\
\xae\xff\x00\x09\xed\xf8Oo\xc6>\xdf\x8cB\x00\x5c\xf8\
\x8e.\x0e\x0f@'\x99\xec\x9e\xe9\xe2?\x99\xe2\xfd\xcf\
\x0f\xee>\xbf\xb8\xfa\xcfY\xea\x85\xcd\x08\xd0WI]\
'\xd0\x9fS\xeaU\x00Z\xf48\xcc\x82\xe1\xa6\x95\xa9\
\xec\xd1r\x0b\xb1\x98q\xb9\x9e\x9c\x1e\x1e86}\xe9\
\x08\x04\x00\x0fq\xf8~c\x1f\xf6F$\x00dc\xea\
\x8f]\xa7\xff\x00\x94\xf0\x98\xfa\x18\xfb'\xa4z\xc7\xac\
/8\xbc\xff\x003\xfa\x0c\xfe\xa3?\xa8\xcf\xea3\xdb\
\xf9\x9e\xdf\xcc\xfe\x8ex?q:\x88u\x17\x81\x17\x81\
>\x84\xfa\x84<D\xec4\xa5x\x9f\x88\xc4H\x91z\
\x84H\x16#\x82\x19\x96x ,9\x88\xf1\x00\x07\x10\
\x87f!\xd9\x8b\xda{\xbf3\xdd\xf9\x9f\xd8g\xbf\xe5\
=\xbf9\xfd\xdc\xfe\xce\x7fG?\xa3\x9e\xdf\x94^a\
y\x8f\xb8\xb7\x92\xa3\x95\xcc&R<C\xa1\x94<\x9a\
\x13\x07\x81\xe67f>y\x05\x04\xc7\x03.\xe5\x00\x7f\
\xcc^\x1f\x99\xe9\xf9\xcfO\xce_[\x00\xa5\xfd\xf0\xf6\
\xbfQv\x9e)p\xbd I\x89e00'\x80\xb1\
\x08\x8a\xfd3\x03\xf8\xc6\xfb}D\x1f\x8fQ\x08\x03\xa3\
\xf8\x82\x19\xfd \x06\x00\xcb\x05\x04\x11\x93\x88\x80\x90\xf7\
\x08\xc3\xf8\x87T\xcf\x88\x0a\xa2^`\x19\xe4AG\xf4\
\xaa\x10\x01\xc9\xd2\xa0R\xb4ajUV\xacQ\x08,\
\xe9\x09\xe08v\xac\xe9\xf5\x09\x7f\xf9\xb0!\x15\xa6\x04\
\xc1\xf18\x12\xfa\x8e\x9e\x00he\xdf\x1a[\xcdCE\
\xfd\xa8\xcc\xc4\x1c\x0d\x01\x19\x06b\xb7\x08D\x8f\x12\x00\
<\x02F`^ta\x5cbs\x14y\x80`\x0a(\
\xcc\xc0\x03zt\x5c\x05\x0b_\x902\xf3\x98\x22_3\
!\x15\x02j\x18@\xc9$\xd1\xef\xfa'=B_\x01\
\xe8A\x00\xb2\xd5\x8e \xc1h~\x22\x9e\x11\xf79\x91\
\x0e\xe2E\xd9\x9aa\xe6/\xe8\xc5\xfd\x18\xbc?1x\
~b\xff\x00\xd2#\xff\x00\xa8\x8f\x88\x8f\x88\x8f\x88\x8f\
R\xb9\x08z\xcc\x94\x0f\xdc\x02\x0a\x22\x10\x9a\x85/\xaf\
\xca\x22\x9aHB\x0d_Q\xdb\x10!pXh\xf4\x9e\
\x91\xde@\xcf\xec\xe7\xab\xf3=\x11\x983\xd4_\x89\xf8\
\x9f\x89\xf7*W\x98\xc7P\xc4\x18\x93\x1f\xf7F;\xfe\
c\x12c\xff\x00r\xba~et\x95\xd2WI]?\
\x12\xb4>\xa3\xf1\x1cq\xcf\xa4\xf6\x13\xdcOy\xef\x13\
\xb9\xfdT\x7f\xd5\x1b\xff\x00\xc8b<\x00Z\x18'%\
L\x02\x1e\xa7\xdf\xf1>\xf1CA`x\x87I='\
\xa3\x11\xf1\x17\x91\x17\x91\x17\x84C\xb1\x10\xee'\x7f\xa8\
\x9f\xd1\x10\xfe\x88\x84\x05c\x9a\x95\xa1$\xa2\xfc\xc7\x04\
NO\xee\x10\xacG\xd8~c\xec#\xee#\xee#\xfe\
\x84\xfe\x8bC\xd9=\xf38W\x88r\xc23\x9f\xdc\xfe\
\xafG\xcb<\xb3\xcb\xa0\xca\xe7\xc2\xd0\x01y\x84M\xb9\
\xef\xa1\xcb2\xe0\xa5\xb5\xf8!\x9a\x19\xf3,u\xf9\x9f\
\x8f\xcc\xfa\x11\x9e\x84g\xa4g\xff\x00\x11\xc1\xf4\x8f\xb2\
\x13\xd7\xe4\x8c\xff\x00\xea?\xe8\xc7\xfd\x18\xe1\x84yG\
\xe2?\x10\xb0\xab1\x9e\xa31\x98\x08@\x02\x0f\x12\xa9\
\xc5\xc2\xe2'P\xe1\x80\xc1\xf3\x00#z@\x82\x80\x1c\
\x08\x03\xcf\xf1\x01p\x22Q@\xa1\x16e\xe3\xd5\x01\x90\
\xa0\x17.(\xc1\xcc\x929A\xd3\x91\x84\x82+\x9cS\
s\xd20\xe21\xe3@\x80\x164\x830\xf9B\xbc4\
%\xe1\x0cJ\x12\x14f\x18\x10\x17(\x16\x89\xe21`\
= GJpOG\x98\x05\xf0]\xc3\x99\xc6\xf6c\
\x8eP\x99Q\xc7\x1cq\xcc\xec\xe2\x011\x07#\xb8\xe3\
C\xccQ\x9c\xa0c\x80\x80\x0eP\xa3\xcc\xa9C\x01e\
@T\x19Fv\x81\xfa\x08\xe2V\xe6\x00\x86_W\x01\
\x12\xa7.g\xc8y\x97\xe2]\xdcx\x09\xacBG\xcb\
+\x81uP\x01E\x86\xda\x86;\xcc\xfbJ\xee\x1a\x0b\
\xdb\xf8\x9c\xc3\xa4\x17\x1f\x91\x00\x03f!l\x120\x1c\
\xe7GH\x03\x10\xc2\x04\x04\x06L~Q\xf9\xc7\xe7\x1f\
\x94~Q\x8f2\xa5J\xd8\xfc\xcbG\x1f\xf5G\xa5F\
\xb1\x10]\x08\xc7q\x8e\xe2w\x03\xa5\xc4\x04\xf2\x8e\x95\
\x0b\xdcc\xb9]\xa2\xec\x8a\x05\x22\xeeg\xb9\x9e\xe6{\
\x99\xf6\x95\x15\xe6~g\xd9\x9ff/&!\xd9\x8a\x00\
\xd3}t='\xa4i\xee\x84\x04\x82\xeb\xcc~\xff\x00\
1\xff\x00F}\xbf3\xfb\xb9\x7f\xfb\x97\xd7\xf3/\xac\
\xbe\x9f\x99}\x0f\xccg\xc7\xe67\xf4\xc6\xee3\x0f\xc9\
\x9ff\x13\x13\xf6\xcc\xf4\xfee\xd1g\xb4\xaf2\x92\xb8\
\x87F!\xd4C\xa8H\x08!\x839\x92\xe9\xeb\xf9\x9f\
\x99\xf9\x9fQ\x5c\xc3\xed>\xd3\xebB\x04\xe2#\x05\x1c\
\x1e\xe1\x00V\x96\xaa\xd0\x8f\xa1\x8f\xa9\x9eV\xbax\x91\
zE\xe9\x13\xa4\xf4OD~\x13\xe9>\x9a\x82\x82\xf1\
\x04p\xf0\xc6\x8f\xc7\xe2~?\x11\x12C\x11\xc7\x09\x80\
\xd4\xff\x00\xb9\xc909\x1c\xc6c\x0e\xe7\xba{\xe7\x94\
\xcf,>\xf0\xfb\xc7\xbc{\xc7\xde}\xe7\xde/(\xbc\
\xa2\xf2\x9f}>\xf1v\x8b\xb1\x8b\xcc^c\xcc\xa8p\
\x97^Y\xb1\x1ffO\xa9\x98\xf5\x1fP \x92\x81\xe4\
\xc4h\xe00a\xd1\xd9\xf2\x8f\xbc\x09\x19\xc43\xaf\xe5\
=?)\xe8`py\x88\x0b~c\xb0?qB\xe0\
J\xbfh7\x1f\x9cDs\x1e\xc8\x82\xd4O\x0e\x004\
\x11r#XD\x05\xdca\x7f\xcc\x18\x09\x02\x03H\xfd\
\xa2\x0aE\xaeb;Py\x04\x10\xb2L\x0e@2\xde\
`q\x10\xa2\x9fQh\xa2\xad\x17\xe7`\x10\x07\xeae\
8\xc4\xb7\x15\x09q\x01g\x11\x9c\x08\xc0\x82\x22\x0f\x11\
\x9e\xe1d\x11\x09\xc0\x92\x7f\xa1\x11\xff\x00H|\xec\xe2\
\x00G?s3\xc9\x95\xc0\x8a\x16\x8c\x08\x0a\x0fG0\
\xcd\x86g\xa85\x8cf\xf8\x84D\x00\x0f\xc2\x05\x05\x81\
R\xb3\x1d\x10[P&P\x8aR\xa8(2!\x9dD\
I\x01^\x864\x0cCg\xca\xc8\x9f\xd5F\xd8\x5c\x00\
\x8c1\xf5/\xb8\xb8q\xf9\xfc\xc4\xf3\x13XH\x9d~\
\xa2\xf4\x7f\x13\xd4\xfe'\xa9\x9fi\xf6\x9fy\xf6\x8f\xdc\
b1\xdc\xa1O\x7f\xd4\xfb\xfe'\xdf\xf1\xb2\x82\x00@\
\x8b\x86\xc4\x96\xcd\xe6!\xe7\xf3\x13\xcf\xe6*4<\xda\
\xaa\x85\x08D\x89\xa3\xda{E\xb0\x01G3\xec\xca\xef\
W\x1cg\xc4\xfe\x8a?\xecG\xfd\x88\xff\x00\xa1\x1e\xce\
P\xbc\x22\xf0\x8b\xc2}g\xd6}g\xd6?\x0dK\x97\
\x19\x8c\xcb\x8c\xc6{1\xf91\xf91\xc7\x1c\x7f\xd5;\
q\xea'\xf4B$\x9c\x8f\xa8\x9e\x7f\x11`\x0fR\xa4\
\x9c1/\x81\xa7\xfe\x84\xf2?3\xc8\xfc\xcf\xea0\x05\
\xff\x00\xbc\x7f\xfbG\xd6xg\x8ex\xa7\x80\xc4\xe8\xc4\
\xe8\xcfC=\x0c\xf43\xd4\xc5\xe8\xc5\xe8\xc5\xea\x0e\xe4\
\xf5\x8b\xd4\xf5\x9e\xa6z\xc1~\xdc\xf1(\xe4\x0a^@\
\x9e\x86z\x18\xfc\x18\x17\x89\xe9='\xac\xf5\x88\xb1~\
\xe7\xa4\xf5\x9e\xb3\xd67Q\xba\x8f\x1b\xc4o\x11\x9f\x11\
\xfa\x9fH\xf9b?\x221\xe21\xe2\x0c\x858\x86T\
 \xa09\x1c{G\x19\xf1\x1fi\xe8\xd0D0\xfc\xc2\
\x0f\x1f\xb4F.x?\x98\x0f\xcb\xeeb\x81\x80G?\
\xb8 \x0a3\x01q8\x1e{hH\x17\x10\xd6\xa5E\
\x14\xa9P\xa2\xc6\x18>\xe1\xd0\x08`\x0c\xfe%\xbc\xa1\
q\xc4\x05\xb0\xe3\x8e8\xa1#\x8eTz\x10\xea\x10\xeb\
C\x5c\x08o\x81\x13\xd4\x01Z\x10\x08\xc8\xfc'\xab\xf1\
\x01\x9a\xfcB\x02\x08\xccD%R\xdc\x85\x1c\x9e\xb0E\
LT3\xcf\xfb\x96\x00d\x8f\xc9\x8c\xf2L\x12\x00\xc4\
\xa8\x01\x0f\x04\xf0\x8c\xc8XP`W\xb4h\xb1\x01\xe0\
p\x5c@\x0b\x12\xdcc\x1c\x98v\x0dVz\x82\xb8\xe7\
\x98\xd4\x011(\x88\xe1\x83\xdcg\xcc\xbf3\xea/\x1f\
\xb8\xbcb\xf1\x8aH\xc1\x1e\xa3\xfa)\xfd\x14\xbf\x1f\x89\
\xfdT\xfe\xaa\x7fU\xb4\x1c9{\xe8T\xa8\xd1\xe1:\
|i7_\xa8\xfd~\xa3\xf5\xfa\x8f\xd7\xea?\xf4O\
\xee\xa7\xf5S\xfa\xad\x0b\xa9{\xa7\xbax\x8cW\x06y\
\x11;D\x85\x82X\x5c\x95\x0aB\xf5=g\xa4~\x04\
~\x04\xfa\x13\xf1?\x1b\x9cq\xc7\x1ch\xd0\x831\xbc\
\xc2ef\xa7\xa1\x9e\x86z\x9d\x95z\x09\xe8\x22x\x89\
\xe2$I\xfd\x16\x97\xba{\xa7\xb3A $\x0f\x88\xfa\
F!\x88~\x11\xf8OA\x1b\xa1\x1f\xc4\xf5ODn\
\xe3\xf7\x1b\xb8\xfd\xc7\xee4mA\xc3\x87\x0f\xb4b\xdc\
y'\x9c\xf8\x0f\x18P\x85\xe4\xb5\x19\xee3\x19\xf3\xa3\
\xacG\xe2?\x13\xd0F\xea?Q\xfa\x8f\xd4\xf5\x9e\xba\
F(\xc0\xe6\x04`\x13T\xb0\xb7\x93\x0e\x041\xd4\xf4\
\x13\xd0OA\x1f\x81\x1f\x81\x1f\xa8%\x0fC\x8d1\xa6\
B\xb3*T\xadW\x88\xb4ZX\xc3\xd5\x88\xa0p@\
D\xd9\x8b\x12\x0a\xea?P\x90t\x0b\xcc\x00\x9e\x8e8\
\xc4b1\x1c\x06=D\x02T\xa6!\x01\xc4\x08\xf1\x1e\
\x5cY\xcb\x0e\x8c :F\x02\x00\x02\x11u\x14\x02\x7f\
\xff\xc4\x00+\x10\x00\x02\x02\x01\x04\x01\x03\x04\x03\x01\x01\
\x01\x01\x00\x00\x00\x01\x11\x00!1\x10AQaq \
\x81\x91\xa1\xb1\xc1\xf00\xd1\xe1\xf1@P`\xff\xda\x00\
\x08\x01\x01\x00\x01?!\xd5\xa1\x02\x12\x5c\x1c\xc2\x1cV\
\x03\xc6j\x10\x8fG\x1at*\x7f\x10q\x15`\x06\xc4\
\x06\xe2\x92\xe6U\x92\xbf\xd9\x19\xb3\xbcP\x0eW\x88\xbf\
q\xed\x0e\x9b\xd4!\x0b\x10f\x10\x8a\xde\x09\xcc \x03\
\xbc\xe9\x84( \x97M\xadA\xe3\x17\x88Wfj\xb7\
\xbcA\x9f\x02@\x16%\xef\xf6\x08\xe6\xdcv\x9fV`\
\x03\xe5\x22\x16lx?Q\x96\xbc\x00(`|\xe9@\
\xc8\xb3\x98\xce\x8b\x13w\x00Xj\x02a\xc9\x02\xf2\xd4\
P\xa6a\xc0\x17\xbc\x1b\x819\x04[Ie\xc2n\x00\
r\x9c\x02\x13bR\xfd:{\xd4\xa26G\xd44L\
\x05\x93px\xdae\x93\x0c\x01\xf9!;!g\x85#\
g%\xcd\xa1Z\xdc]\x88NHY\x80pL\x01\x9a\
lu\x18$\x9alDj\xe0bd \xe1?=D\
H\xa0\xe3\x03\x0b\x91;\x800j>r\x958\xb2\x9a\
\x81\xc0\xa3\x18\x98\xf2_0\x9b\xc5@\xbc\xec\xee\x1c1\
\xa21\x12\xd87\xe7\xdf\xd6\x05\x9a\x06o\xca\xcb{(\
\xdf<C\x03\x92\x8b\xc1\xe6\x0d\x88L\xb2Sw\x15\xef\
\xa0\xdd\xc3\xee\x17\xc2\xd9}e\x09\xb9\x0a\xb1\xe0N\xd1\
\x84\x08\xe7@b\x00\xc0\x0c\xad\xb6\xbd+\xe70>&\
Oq\xd0w\x09e\x98\x05\xc33j\xb0\xc5\xe4#\xee\
{\x98\xd1\x1fp\xf9\x83\xcd\xbf\xb9\x18\xcd\x8f:\xc1\x96\
Tj \xe1\xc2z\xf1\x1c\x89f\x91H\xec\x0f\xfc\x95\
\x06\x19\x80\xf0\xde\x8fQ\x91\x8fxqP\x9f\x88-\xdc\
\x1e\xd3.\xb6\x87\x9au\xf1\x0b\xd4\xc0O!\xe6uO\
\xfd\x0e\xf3\xf1\x05\x07C\xe4%\xd0Z|@%\x9d\x9c\
Cf\xe8A\x08 (\x03\x05\xdf\xd6da\xae#\xc4\
YD\xe5\xf1\xd4\x11\x88\x00\x00r\x82\xf2A\xb48w\
\xeb\xec=ABF\xdc\x0f\xdc\xc2\xe7\xa8Y\xc8\xa0x\
2\xc0\xd2\xdc(\x0eGpJ\x0f$(\xb80\x96\xc0\
9\x08;\x91\x04l\x83\x07\x91\xdaf\xa5\x0c\x18\x88<\
\x9f\xea\x1a\xe2\x05\x0b+\xe5\xed21A\xe0\x87h\x18\
\x09\xdej\x10\x9e\xf3h\x0c \x00\x05\x90\x09|\x0d\xe3\
\x13\x9b\x80\x1c\xa8\x88\x01\xc2\xcb\xfe'\xd1-\x02\xc7$\
w\x01l>&I\xd1e\xf9\xc5b\x0e\x87x\x0an\
\x82\xc7\xda\x0d\x92\x84,x.\xe5#\xce\xd0X\x06D\
\x09\x0c\xff\x00`9$\x0d\x08:\xdc\x0e\xe1\xaeY\x1d\
\xe6 \xb23\x8c\xa33\xd0\x80\xca&\xf2=\xd04\x11\
Z\xe1\xfd\xed\xf1\x07\xcf\x8b\xe8u\x05h\xdbgp\xe8\
u\x88N!ql\xba\x1f\xdc+\x14\x8e \x11\xbc\x13\
\x90c1\x8d\x17\xc1\x86\x91;va\xab\xc4\x10\x9b\x82\
\x0aw\x16\x0c\xcc#\xea\x13\x07A\xcc\xb7\x12\xf8\x1b\x17\
\x08\xac\xdc]#\xa8P\xd7\x88M\xda!\xcc#\x88h\
\xc4\x0b\xc3\xcc\x08\x10\x81\x89]\xf5\x04\x06cz \xc0\
\x8a\xe0\xb5Kf\xd00\x83`\x1e\xc8u!q[\x06\
ap\x13\x10\xed\x0cc\xff\x00,Ch`\x07\xc2\xe7\
 \x8c@\xdc\xc2\x0f\xea\x06\x15\xdcl\xc3\x94\xfc\x8f\xdf\
\xf5\x83M\xa2\xa2&\xdd\xf7\x0e\x9b\xcd\xe5\xa0+\xce\x86\
<\xce\xd0\x9e\x12\xb9\xbeQ\x14\x08)y%\xe5p\x04\
\xde\x03\xb9H_(\xf5\x09\x19\xb2\x08d\x88I9X\
\x84i\x85\x05?0\x897\x089g\x03u\x872\x87\
\xcc\x08Z\xe1J[\xc5OhL\xf9\x80\xc2a\xc4\x10\
\x08\xc1l\x8b|@\x00\x09\x00\x8b\xef]\xd1\xf1\x1e\x85\
$\x02\x01\x04@,\xc2\xd6\x15\x03\xecq\x05\xa5\x12g\
b\xe1@\xa3\x83\x95@\xc1\xcd\x18\x15I7\x09\x05\x88\
\xf0f\xf6)\x9d\xa1a\xba8\x8eI\xf2\xb8\xeb\x05\x01\
A\x90\xc7\xf7\x08\x08s\x0d\xf7}O0\xf5\x06\x22\xd1\
I\x0c\xfe\x83\x80>\xb80b\xa4\x0c\xe3x\x00P\xb2\
\x8bwG\xc49\x03\xac\x9dw\x02\x82\xc88\x80\xbe\xb6\
\x830\xa0\x81[\x8d\xc0G\x1d\xc3\x99\x16;s*\xa6\
\xd7\xc4\xed\x06e\xc6\x84#\x8e!\x09J\xf1\xdc\xe7Q\
\xa1\xb1p\x84am7\x5c\xa0\x08,\x0a\xec\xf12T\
PZnb\x80e\xde\xe6\xa0B\x0a\x7f\xd0B!\xd3\
\xc83l\xb0<\xe1\xce\xe1\xb9\xd1\xc6R\xaa\xb3,\xa8\
N\x80-\x0b\xb4\x0f\xae\x80\x02\x14\xfa!\xf80\x07\x08\
\xc5\x18\xb9y\xd4g#\x12\x97r\xa1f\xaf\xcc\xde\x1f\
\xa4\x1b\xc1\xb5T\x08I\xe4\x18x\x08\xa8\x06\xd1_%\
\xd7\x1ec\xb61\x00)\x08$Zh\x07\xef-\x22p\
*]\xab\xc2\x5c!;y\x84Wh.a\x80\xed\xf1\
\xb0\x86\x02\x83$\x19P\xf4\xf9QP\x0e\xad\xae\x8b\xfc\
Bh\xc8\x00>e\x8c\xc0\xcb\x02\xf2\x0e`\x02\x0c\x11\
t\xd4@\xd1(O\x1a\x0c\xf5(J\xc2,\x1d\xa3T\
\x00&\x80\xea\xe6\x02@\xdb@Z\x1fK.\xa5\xe0`\
\x11%\x07\x08\xa4o~\xa1\x16\x11GF\x0d\x0d\x1c\xc0\
i+-\x02\xddof\x82\x1a9\x06l\x8d\x83\xa8\x06\
\xf7\xe7\xdeqX\x04\xe1$\xbb\x8c\x08\x07\x08VP\xc0\
\xc4\xb1\xee&\x0cv+\x80yM\x05\x83\x17\x08.\x1e\
\xc3\xe7\xf2\x94\x83N\x18\xd4#%\xfd\xe50\xa0\x00q\
\x08\xd32?\xe9BR(}\xdc\xc27\xbd\x95\xe6o\
\xe8\x01\xd0(\x11\xa3\xa8\xd2\x99\x9d3\x07Z\x078 \
AC\x07S\x10\x94\x81\xbc\x81\x11\x16\x5c\xb8~zm\
\x830\xc3\x83m\x03\x80U\x0ea\x86\x01\xa2\x0b0\xcb\
\x88A\xb1*\x07\xce\xea\x03Q\xc1\xcd\xa05\xd3\x84H\
\x0e\xc9Z\x86!\xd3A\xb5dV\xd0\xd9\x8cE\xf2z\
\xd9c\x7fr\x09\xed\x99\x11\x87\x04p\xdcBC'1\
\x85\xbcte\xe6\x10(\x07\x05\xab\x1e\xd0;\xa8\x034\
\x14\xfc\xf5=\xa4\x00\xd6\x81\xf7N\xc8\xbeZ\x99E\xb8\
\xff\x00#\xae\xa6X{\xc3\x81UpT`\xc8\x80\x0b\
P\xa2eQ\x0d\x0bA\xa7\x15\x1bj\xf5(\x0c\xf6\x0b\
M\xf4!\x18h\xf6p\xe8[\xc4-\x0c\x07\x10\x121\
,\xff\x00N&\xf6j\x02 \x13\xc0t\x9f\x94y\xa9\
m\xcc\x16{\x86L\xc1\x0c\x1c\xfb\xce\xe2@\xc9\xac\xca\
\xa6h\x89\x17\x88\xf0a\x86\xd4fP\xbf\x09\x8c\xe8a\
q\x1ac\x1f\xa3\xa6\xbec\x84H\x16ah\x94D=\
\x8c  \xf3\xb4a\xc2\xd1%WK\x83\xcf{w\x08\
C\xac\xb9\x8e\x0bl\x01\x1fdT\xf8\x85.\x03\xd1\x0a\
/\xe9\x0e \xe6\xa2\x1c\x984%\xad\x08\xb3\xab\x02H\
Xf\x10\x0a\xb1\xc4\x14\xf6o\xc7\xb6\x870l\xee\x18\
\x141Nj&\xa1\xecJ\x11=\x1fp|&T\xc3\
{\xcb\xa8<Q\xdd\xef\x10\xbd\xd5\x12t\x01\x06\x882\
u\x09\xd1Cc\xc3F\xda*\x22\xe1\xcdD\xb7\xc4G\
\x89p\x04\xa0\xf3\x0d2\x0d\xf6\x8f\xa9\xbe\x92s\xc6h\
\xee\x18VvZ\x18}\x07\x11\xcc;\xb3APh\xb0\
\x05xP3d\xef\x1c\x83\x9cv?\x5c E\xc0\x0f\
\x11\xe7\x83\xba)\xf6\xd1\xb4\xac\xfe\xe2\x1bQB\xba\x03\
\xb8L\xf1\x91D\xf6p\x1a$S.\x01O_\x98\x0e\
\xc2O\xe6\x02\x0a\x22E\xd3\x87-\xa6\x85\x88\x13\x1cJ\
\x9f\x1d(K\xd33\x05\x11\xfb\xbc\xdd\x03+3s\x0d\
\x81\xcc:\x18%\x81\x83\x02b\x11\x15!\xe4\xde\x12\xe2\
\x09\x95b0\x02C\x8d\xcfp\xe8\x06\xa2\xa0\xca3*\
}\xc6\x0c7\x1b\x17s-Ac\xf1\x14x`\x05X\
\xdf\x99\xbc\xc9_\xee\xa4\xac\x1fy\xef7\x85\xa9\x99\x0d\
?P\xb0i\xb5\xe5~\xdc\x11}\x94]\xc0o\xa8\xb4\
\xaa\x86\xb1@\x96\xc0u\x00\xa4\xaf\xb5y\x84C\xce\x13\
\x10\x04\xd6\x1c\x06$\xa1P\x18\xa1_\xdc|7\xcc8\
(}\x09X\x1b\xd0'\x92\x86\x03\xd7\xa8(\x06\xb0b\
\x14\xe0;`c\x97>&dh\x0b\xc2s\x18 \x8d\
-\x18\x84\x8c\xb7\x05,\xb8\xc2\xack\x05!\x981\x8b\
\x5c5\x02\xa1\xd8\x84\x9f\x10\xc95\x01@P\x16\xc2\x18\
\x0d\x04(\x0f\x84t[w\x0ct\x0c#\x9f\xf8a\xc9\
\x89h\xea\xbc\xcd\xba\xd0\xc3\x15eL\xd9\x99Py2\
\xe5\x8a0\x85\x06\x87\xc2\xc4\x11\xce\xc0C\xf5\x85\xc2\x1b\
\x91.\xf4\xe4\x8fsx\xda\xd8O\x0asz\xc6\x87B\
-pLa\xa0:\x13\x9a\xad\x02\x05\xb17y\x8e\x0e\
\xb1\x0c\xde\x18~\x90\xc0\xa0\x857|\xc1\x0e\x89\xb9$\
tq\xe6\x16\x16O\xd6\xe1\x04\xaf:\x08q<\xcd\xbb\
\x80\x087jm\x01\xf9\x94\x873h3\x00m\x89\x9c\
,.\x0e\x9e#\xbc9 \x10\x03\x1c\x81\x9b(s\x03\
\xbe\x9a\x09D\x81\xd9\x872\xa3\xa1\xc8\xfe7\x85/\xc3\
a\xee\x94\xf0\x00\xd9\xb0#\x00\x02\x88\xcbKB)\xcb\
\xa9q\x99<\x11\xf7\x03\x19\xb6\xd9,x\x86&\xcc,\
\xe690\xee\xc4\xccv\xecx\x84\x87\xa2\x048U\x8c\
O\xf8C\x0c\x1fH\xa4\x80(\x9e\xee\xcc1f\x87\x16\
.\x10k\xf0\xd0&\x04F\xe3P\xc0L\x0cBf\xb1\
7\xb3\xdfWq\x0f\x96`\xed\xf9\x1f\x1d\xcfq\xdb\xb8\
\xef&x#p\xd3\xb2:\x16\xf3\xea\x11\xf2\x16\xd0P\
\x16\xf7\x08\xe8\x83\xa1\x01\xf8\x80\xa1\xd5\x13\xf6\xd4\xc5\xbb\
b\xbc\xe8z\xd3\xc8D_\x00\x1e\xc2\x10\x93N\xde\xf0\
c0\xe0\x830\x03\x02\xf3\x1f%\x97\x0cd\x16\xcc\xd4\
\xc7\x13Z\x1a\xe6\x0b\x0a1>\xf0\x9en\x9cD>\xef\
\xf5>\x0d\x14\x03\xb8\x9b\x9ao\x97\x88\x86\xfc\xdfL8\
\xcd\xc4@\xea5\x94\xf9\x153\x9d\x13x\xeb\x10\x10\x07\
\xea\x8crb9\x88\xf1v7\x8a\x0c\x13l\xf2!!\
\xf5\x14n\x05\x06\x86d\xed\xd4\xca\x80zJv@\xe1\
\xc1\xf7A\x7f\x11\x12\xc5\x8b \x89\xc0\x04`\x14\x04\xad\
\x0b\x084\xa0\xe1,\x1c \x82\x87\x82\x14\x95\xa5\xb2\xe1\
\xc9]\x07\xa8\x01\x1cmha\xc7q\x84\xe6\x09\xbcC\
XS%\xf3\x1a\xb8y\xd1\x92\x0d\xa8\x02K\xa87A\
\xcbt1[\xfe!\x1a\x0f\x8a\x9c\xf1-B\x84\x00\x89\
\xb5w\xcc\xb8t\x08\x10\xa9\x9f\x0dN\xc7\x01\x11\xb0\xab\
\x87\xd0P\x9d<A2\x98E\xd5:\x8c\xc7\xc4\xf9%\
3@\xed>\xd2\xb9\x8e-<\xa8\x0d\xc2\xd0 \x9bB\
\xe1-\x9b\xda\x18\x11\xc1B\x99\x97\x84\x14\x1a\xe9L\x10\
a\xd40f&\x02b \xe7h\xc1\xc4L`\x03\xcc\
,\xcb\x80\x19\xdc\x05\x89]NP\xe8 \x8eX\x14v\
\x84V HK\x84\x12\x18~Zm;C\xa3-H\
9\xea\x10J\xf4$@f\xa8&\xd0\xfdt\x0f\xdbA\
\x83\xa6\xf9\x81\xc0\x80\xd4@6\xfa\x84\x92\x8c\x82!'\
\x01\xf9\x89\xb0\x00 X\xa8s\x0a@\x1e\xb7\x9fXf\
\xda\x10\x85\x1anH\xf7\x0c\x13<H\xad\xcfhR\xe0\
:\x98I\xe1\xb4TH\xc0\x86o\xd4-\x93E\x89\xb4\
0\x89L\xed\x06\xf5\x08\x04\xd3*Z\xc5\x1d\xe0\x8b[\
\x00`\xf9F\x86q,\xd0,-\x01\x88s\x8eh\x84\
\x1d\x88\x00:\x88\xf7\xa0a\x926\xf60a\x12\xc1\x0a\
\x1c\xcb\x9cC\xf2M\xff\x00k@\x81\xd9F\x1a0\x03\
m\xa0\xf1X\x011\xe8\xfe#H\x1c\x89\x80\x80vW\
\x9e\x84*\x00V\xe40\x9a\x1f\x8d\x17\x9bh\xc3o\xaa\
\xfb\xd0\xe8\x16\xf0@\xa0\x00\x0a3\xe6)\xb4\xc3o^\
\x90\xc0\xd7\x15\xcd\xde\xaf\xee\x0fp\xa8\xff\x00~\x0bM\
k\xc5\xd4\x01`+\xf9\x88-Qe\xf7\xa8\x86\x14\x82\
\xce\xfam\xa0!\x1a\xf7\x88\x80\x13J\x0c\x22xNM\
\xb3\xf5\xb4\xc2!\xb4#\x81\x83\x18\xc6\xd3B1\x09'\
\xb40\xc5\xfc\xc2P\x90\xa0\x16\xe1d\xff\x00^`\xca\
\xc4\x98M\xf1[DP\xdd\xbaK\x83\x04\x86\xf07\xef\
p\x01\xf2\x87\x80\xc6\x0bxB\xbc\xcd\xee}\xb4\xc7|\
\x12\xc56\x1a2\x16\xbb\x10b\x9dH`\xf1\x01L\x18\
\x0f:\xd9{@2{\x80\x84#\xd4\x18\x85\x91|\x8c\
\x17\xd5B3\x5c\xa61\x09\xbeQ\xf0e\x1dj\xcb\xeb\
\x0d\x8e\x06\xdd\x1d\x05*\x5c%o,G\xf2\x18|\x00\
B\xcd\xc2\xb3\xf3\x18\xa5F*\x176\xf4q\xb9\x8d\x0a\
\xbf\xef\xe7@\xcbr\xfc@LA\x87<\x87\x83\xccL\
\xef3(\x85\xc1\x0b,C\x08\xf8\x8f\x853\x12\xdc\x1d\
\xa1\xdf\x04\x83d\xdd{\xd0\x01\xc9\x8c\x11\x0e\xa8\xf8z\
\x0e\xa4\xb0\xce\x8f\x8c\xe8\x01 \xee\x00\x06%e1\xbe\
gq\xbf\xd3C\x90y+\xd1\x15A\x08\xf8N\x01p\
\x8a\xee\x08s\xa6H!\xc3HZ\x01\x95\xca\x870,\
\xc6\x18\x10\x18\x88\x1fBQ\xd4\xf6\xad\xb4\xf8\xa1\xb7O\
!<DyNa\xd9%\x87<\xa8\xba\xd0\x11\x05\x0d\
Y\xf16\xb7\xd6\x99\xcc\xe1\x18Y\xab\x82+$v8\
\xb2\xe7\xb8\x12\xde\x1c\xf7\x12\x12L6\xee\x08\x89\xd4t\
t\xde\xd7\xae\xd8\x94\xa0}\x81\xc2\x0d\xf0\xb2\x9e\x16\xec\
\x19\xa8\xd7\xb8\xad\x0d\x1dS\xc7\x10\xccH\xa1Qr\x89\
B\x87:\xe4:\xe2\x1dF\xac\xf7\x82\x01\x90\xb9\x95!\
l\xbfF\x80\x082\x0c@\x05\x00\xd6\x82m\x8b\xd4F\
\xc2\x93\x7fh-f\x00<})\xbc:m,Q\x1b\
[\x02`h\xf1\x98\x0a\x8d\xc3\xf4\x83\x0f\xf0( \xea\
\x1at\xe0\x10\x07\x81wP\x96*\x0e]\xf5\x06\x0b{\
F\xfe|:\x80w\xcc<\x0e4\x15\x838\xb8>\x10\
\xb5\xc4C\x5c\x9d\xa0'L\x0b\x05\x1c~\xba\x11\xb8\x11\
\x9fq\x10cb\xf3\x00\x19(\xfe\x9f\xec\x06\x5c\xa1\xcb\
\x88e@\xfbBt\x19\x80\xc0a\xff\x00\x1am\xd7\x1a\
\x02x\xbc\xcb\xcfc\xdbM\xe0\xb0;\xf7\xa8\xe0=L\
<\xfc\xe4\x10d7\xcc3\xebpM\xe8\xd7\x94\xaf\xe2\
\x13y\x86\x1c\xf5\xeb\xad\x97\xa0\xef\xfeJ\xdf\x96\xc87\
m\x04M\xe1?\x11\x10F\xd5\xcd\xa6\xf0\xe9\xb4J+\
\x18\x8c\xc5X\x83\x0f$m\xdc\x13\xc2\x0b\xeb\xeexT\
\x1d\xde\x0f\x88DP\xdd\x0f\x99O\x890[e\xc7\x98\
X\x06)h\xd7\x85\xf5\x8d\x12\xb7\xae\x87\x10\x00\x99\xbc\
\xb4\x07x\x16\x02u\x90\x03\xda\x03\xc2\x10\xb6Z\x07\x15\
\x0a\xb7\xee\x03R\xd1u\x10\xa4\x9f\xf4\xa0d\xad\xe2\x08\
\xce>\x1c\x02\xb0\x91\x0a\x00\xc9\x85\xc0\xd0\x1c\xb1\xbc`\
\xc0\xd4\xfe\xb8c\xb85\x00\x16\xfd\x0cB\x9a\xd0)\x82\
\xc4\xf1\x0c\xa1\x88\xda\xa9P\xdc^\x10\x02\xf8\xd8X/\
\x887\xab\x92\xfcM\xe7\xdf3\xeb1\x5cpj\x18s\
\xc2\x0dw3\x96h;\x92\x12\xdb22\xe6\x052\x11\
s|\x5c1~\xc2\xfcT\xf1\xa9\xc6 3/Ks\
\x0c\xc7P\xee\xaea\x0aK\xa8\xd8\xc2\x83\xddB\x94h\
@z\x08a\x91\x1e\x01\x9c\x16\x00\x95\x05\xceP\x143\
~\xe6\x1c\xdf\xd9j\xa6\x1d!\x83\xa9#\x19\xc5\x90\x8a\
\x02\xf7\x80\xe1\x83\xb19P\x87I\xa6X\xa8\xe5\x93Q\
\x14N\xd3mb\x1bh\x10!\xc0`+\xcc\x04\x80\x86\
\x90\x9e\x0b\x83&5o\x10\xf0eF\x00\x000%\x13\
sm\x85\x90`\xa8>\x80\xfeb\x09+\x22\x84\xe3c\
30e\x16\xa3\x0a\x06lq\xbc\xda\x0c\x88\x80\x9d\x84\
\x88N\x89\xc5\xc19`\x8306\x1e\x97.\xe1Z\x02\
'q\x9bC\x00\xb9t\x89\xc3\xa1\x94\xc6\x8f\x1c\xe8\x18\
\xc4\xca'x\xdb9\x04\xa8\xd6F\x0e\xa1c\x04\x98\xde\
\x15\x84`0\x14\xfbjs\xa0\xd0\x18\x0ea\xf2\x8c>\
\xea\x82\xc5\x09=K\xf6;\x1e}\xf40\x05^\xe1\x02\
\xc9\x13\x88\xa2\xad\x90L\x9c\xcd\xf4\xa7zm\x13\xcei\
\xee\xcc\x10\xf7\x99\xc4\xdem\xd0\xd7x\xb02\x89\x09\x91\
R\xca\x00\xe0B\x95p9\x5c\xa4\x0d\xf3\x0a\x9c\xb9\x08\
1\xde\x99\x14P\x06\xe0\xf3\xf8\x83\xc4<Mi\x999\
]\x80\xef\x01\x108\xe60\xcb\x80\xf8\x1f\xa3\x94\x1a\x07\
\xe4n\x1c\xc2\xa0\xc1\xbdQ\x19B\x18\x11\x03\xdd\x87\xaa\
@H\xdc_\xba\x15\xb1\x88qZ\x09`\x0d\x07\xd1\xdc\
h \xa2S\xf6N\xe0\x10\x01\xf4\xc2\x18\x99\xbf\x94X\
\x8608\xc8\xdd\x9d\x0a\x9e4,\x92\x7f\x81^x\xb8\
\xc6\xbco\x08\x9c:\xd7x\x03\x90~\x90\x1a[B\xb1\
\xb4G@\xd4\x84\x00\xd1\xa1\xcf\xa2\xc1\x5c\x10\x9a\x22\xf8\
\x10\x806&\xee\x0eQ\xa2M}\x06@:\x10\x00\xdd\
\xdea!d/\x85\xb7\xe6\x10+\x22\xc3\xf8\x86\xcb\x10\
\x983\x12=s\x1f\x89}\x06\xaa\x12\x00\xba\x81\xd4\x00\
/\xc467Sso\xd5\x04\xd9I\xb4\x0e\xdf]\x02\
\xcf\x139\x0a\xb5\x1c\xde\x13:\xc3\xc3\x06\x148\xa8\xf8\
aK%\x18\xec\x08I\xab$\xe2\x5c\x05\xee\x07\xda:\
\x17<\x08\xf80\x89&\x19\xdcF\xc6\x9ej(3\x17\
\x09\x9b8!5rm\xfb\xed\x01\xec\x8e\xde#e\x03\
%\xff\x00\x90\x96\x031\xc1\x04\xe9}Pf\x02\xa1\xb8\
\xd5\x9d\xa0\x9bi$\x06j,\xeca\x1c\xe6\xe1\x98Z\
\x80\x9f'\x98l\x13\x14{\x8f\xd3@1\xd2\xd0@a\
'\x1dlaB\x84\x8c\xf76\xabP\x1b/\x7f\xac\x17\
N(\xd8\x87*\x01-P} \x17\xb4&\xa1\xf4\x98\
\x04\xca\x13A)\x9ec!\x5c\xa6\x1c\xc7\xa0\x05\x98\x0a\
\xf6\x870V\xa7\x1e\x83O-  \xc4(\x04!i\
e\x9a\x87\x1a\xb8\xde\xd0\x1b\x04\x04\xb0N\x10\xf9\x02\xa1\
\x92\x8aS7\xd8pU\xfeJ\x88!\x88\xfb\xc1\xbc\xc5\
<\xbf\x13\x1aT`w{)}\xa2\x8fP\xe9\x08\x1d\
\xab\xe2 \xaf(\xd8\x22\x22\x00bw\x84\xa4\xa3P\x0d\
'\xa0\xce\x833\x1d\xf12@\x1a\x8aA\xee\xec?\x1a\
R\x1c\xe8`\xb3\x0c\x8dJC<\xc2\xb6\xa8!\x830\
a\xcf\x1a{\xed\x09\x83\xeb\xa8\xc8x\x82\x02\x89\xee\xa5\
\xc6\x81\xa0U\xd4\xca\x05\x1f\x101\x06 \x84`\xf37\
C\x10\xc7J=E\xea\xa9.6!{\xc17\xccD\
\x16w\x9bbT\x1c\x82\x89\xc16'g\x99\x94d\xfc\
\x12F\x13\xf0\x84\xdc\x02\xc2:\x18!\xa8CdV\xc0\
\x0f?\x88\xc4\x02\x99\xe0\x1e\x84C\x01;K\xfb\x22\x9b\
\x03\x80'\xb9\xe6\x05`\x91\x8f\x11\xaa\xfch3w\x0e\
4\xdf@\x9d\xe3C,\x17\xa9\xa9\x08\xa0\xd9w.\xc9\
-\xf4\xb2\xbb\xd2\xf7[@\x96-\xee\x106\xf5\xfc\x09\
\x8e\xec\x04\xc8\xf7\xa8,\x14\xbc`\x8d\xb5\xb1\xcf\xf0\x0c\
\xc1\xf5\x88\xa6Ej!\x9b\xe8P\x090\x07\x89\xc8b\
\xbc\xc1\xa0;\xa7\xa0\x85\xcbh\xfbd\xc3G\xb8`\x9b\
\xdc\xacgW\x0e`\xd0\xf5\xa9\x81\xb6(Y\xcet\x02\
]s\x10m\x05\x05\x9f\x0c\xd4\x04\x00m\x94@#~\
\xa8\x09\xe0\x17p\xd0\xd1\x9b\xb6\xe3\x99u,\xfbP\xe6\
%\x03s\xd17zQB\xb7~\xf0iyU\x18y\
\xd68x\x8e\xb0\xdb&\x02A\xa3\x17\x8d\xf2\x0f\x88H\
\xdaF\xc5\xf4\x80r\xdf\xd2qA\xf5\xec\x8b\x04\xc2\x99\
\x00\x0b\xa1\x0a;!\x04\xe6~\xc7yN\x1d\xa7\x99\xb8\
\xee^e8%!\x9c\x8b>\xc6\x81:}\xa0\xc6 \
 @\x1a\xca`\xeb\xb6\x80\x19\x1ew\x83Q6~\xa2\
\x99X\xd1fb\xde\x08\xae\x16\x80\x86\xde\x83(\x12L\
\x83\x8d\x0e\xc8z\x9e\x83@7\x0d\x9d\x06\x01\x9d\xa0!\
\x9d\x09\x92\xc4a\xbdA\x00[a\x06D\x80hm{\
\xc0\x83&\x1e \xce\x83\x10\x19\x0e\xa0a\xbd\xfbN\xe5\
6\xc0\xa6!\xa0\xe8t\xc0\x18\xca\xbe\xf16B\x01\xd4\
\x08\x8d@\x88\x04\x8c\x85\xa4\xa7.\xa0\x1f\x7f\x89T\x14\
^\x1c\x89\xf7\xd3mM\xc1\x040\xeav\x86\x1c\xa1\x18\
\x0b:W+{)`\x99\xa7\x97\x09\x92a\x0am\xa8\
\xf4\x19\x0eAo0\xe9\x92X\xc1\xb8\xa4u\xf3\x9d\x14\
\x05GPGq\xc3\x05\xa8\x00Y\x8c\x8f\x06P\xc0<\
f\x0f\x1d\x1fh\x8a'\xf5\xe6\x12lH\x01\xc2\xdd\xb7\
\x149\x85\xbd\xc9@\x1a\xeb\x9c\xfb\xc4}\xcf\xf5\x10\x00\
^\x0b\xa0 '\xdc\x1b\xd6,`\x1f\x85\x04\x91\x03\xdd\
\xc4\xfbA.2\x10\xde\xc3.\x94\xa1\x86$\x80\xdb\x90\
\xfdZ83\x0c0F,\x01\x1e\x1b8s\xa6\xde`\
il\x08\x7f\xa1\x94\xca\x16\x85=\xd8t#\xe4\xd2~\
\xad\xf8\x8d0\xc2td\xd5j\x8c2\x84\xc8\xa3Z\xe2\
\xb1\xef\x05\x91\x00\x06\x1e\xf0b\x10\x18\x87p\x94FK\
\x1az\x02M\x8d\xc7\xdaP\xce@>43\xc4\x9a\xfd\
\x5c\xf7\x803\xdcxbY\x90t\xf8\x86\xecf\xd3+\
\xc4\x12\x82\x00\x12\x0a\x5c\xc4\x148\xc0\xbe \x9a\x80\x8d\
\x81\x82J\xd5\x98t\x19\xba\xd0\x18\x0e\xaeZ\x1fy\x96\
\xa8\x98@\xc9\xd7\xde\x1c!{\x9ea\x80\x90+\x04#\
2h\xd4\xb02\xe1I\xb9\xd7sr\x14.\xde\xc6\x12\
+`\x83\xda.(\x08/1\x0d\xb6j\xb2a\x8a\x09\
\x00i\xc1\xdf\xc4B\x00\xb3\x0f\x96@\xdf\x04!\x94\xde\
\xd5\x13\x98 \x9b\x89O\x8e\xe1@\x19\x04k\x89_\x5c\
\xc0\xde9\x82\x16\xba\xba\xdem6\x82#_\xf5\x80\xc2\
e\xaf$\xc7\xc1\x81\xbb\xccU\xf11\x7f\x80\x02\x82\x16\
\xf7\x01\x0a\xdam\xa6\xda\xed\xa6\xf1\x19\xd9\xea) \x80\
\xbftb\x13d\xde\xa2 \xa0|\xcf\x01w\x089\x05\
N\x02*\x8d\xe8)\x94\x10\xd7k6N\x00 \xcf\x94\
FF\xb5\x05\x18\xe5\xa1\x87\x1ca\xc2\xf2\x09\x92l\x9d\
\x0e &Ge\xa02\x9b\xdch\xd5\x11E\x5c:\x08\
!\x94\x13y\x08\xad\x82\x041\x09\x14:\x86wqQ\
\xaa!FY\x8c\xb81\xc4\x05B\x04\xe0\xae&\xf2\x84\
-\x5c\xfb\xe8\x03\x1d\xccE\xbf\x10\xce8\xea?8\x9b\
\x95\xc0\x0c\xb3\x00\x14\xd8\x9b\x8d\x16n!*oA\x88\
\xea\x111\x01\xee*S\x96\x22\xdf\x88\x16\x07\xbadC\
\xad\x0c9\xf4\x17A\xc8\x02\xc9\x98=\xc3\xae\xc6\x1f\xac\
\x1ef\x0bb\xfc\xe8\xe8T\xfaB[%+\xbe\xa5\x09\
\xbfP\xe8&\xf5\x01\x16\x85\x01p\xfa1=\xeae\x04\
\x8e\xcb\x964o\x03\x04\x5c}\x04\x8b\xa9o,\xd9=\
Jdl\x5c\xc1\x02Tj\xd8\x93%\xe3x-\xcd\x0e\
\x10\xf1,\x93\x92;\x9e\xfe8>\x08\x10-\xd9\xb7\xe6\
?\xd4l\x84b\x03a\x99\x920\x0d\xb0\x87\x05\xd2\x10\
\xa4\x02\x05\xe3\xc2\x84-\x0b\xeb(B\xa8 ?0\x89\
\xb6\x87P\x0d\x0fkL\xe1\x83J\xdb3-,\x04`\
\xfe\xe0\x90\xa4\x12\x84\xbe6[} \x14\x1e\xc1\xb1\xb2\
\x85p\x88\x0e\x8bW\xcb\xdbP\x1cP\xc9\x03\xcfz\x88\
\x14\x18\x01\x0e\xa0\xcc*q\x00W\x0d\xa1\xc2\x83\xd1\xb7\
Sy\xf7\xd0\xd4 \x12\xa0\xc8\x11\xb4#_Al|\
G\x07\xb7\xda}\xb4'L#\x1e\x0d\xc8t I\xef\
\xdd\x04 \x83\x09\xd1\x18Rr\x85\x8e\xd1\xe4\x84B\x8c\
\xda\x88P\x004+F\xd4a#\xb0\x97\x0e\x8ea\x97\
\xcc\x03\xb7Y\x80\x03\x08x2\x16\xfc\xc0m<\x13\x04\
\x8dD\xa0\xb0CPYb,%\xbb\xfaF\xb6\xf7\x82\
\xd4\x88\xd8#\x90w\xa6\xf0\x93\x94\xc1}\xefm\x03\xc0\
\xe6\x19\xbc\xe9\x01i\x1e}\xa1\xce\x85\x13\xb9\xd4\x19\x80\
\xd6\xa1\x87\xe1I9\xc7G\xfe\xf0\x003\x01\xb9rV\
v\x9fC\xfeh\x8c6y\x87R\x89\x04T\xe0\xf8\xd0\
Or\xf6-\xe6\xe8\xbd>5:\x02C\xbc\xeaK\xf6\
\x82\xc8G\xb9\x08\x15C\x99\xb64\xae=\x0c\x96\xda\x8e\
\xe6\xf2\xd5\x81Sx\xfd[j43a\x0c\xfb\xfa\x06\
\x81JY\x18\x1d\xcc\xdb\x02\x181R\x00I\x0c\xc5\x87\
\xde\x85\x95:}\xe0\x0c\x837<@G\x02\x18>\x90\
&\x81\x12\x10\x0c\xc0\x0b\xcc.l\x84a\xba\xd00K\
\x8f\x8f\x99N`\xa4\x0b\x82\xdf\x087\x8c\x9b\x90\x97T\
\xc2\x81\x03-6\x86\x02\x185\x09\x1czN\x9b\xf77\
\x84\xc18#\xf4\xf4\x0c\xa7NXK\xac\x1e\x9b\xe9\xb4\
\x19\x8a\xdd\x81\xd0\x06\x06\xa6Pi\xa0\x02q\x91\xf5J\
\xee\x1c\xe9\x8b\x14o\xc2\x02)\x19Ur\xb3dio\
\xd4;\x1a\x03b\x0d\x0d\xc2aflL\xc6b\xc9\xd1\
8/\x99`I~Q\x8a\xa8tIFJ\x07$\xec\
!4\x22\xda\xf8\x01\xcf\xbf\xc42QY+\x18#f\
\x8e\xe9\xb7\xc1\x98oW\xc4\xc9\xc0em\xbc\xc3\xc9\xe0\
g\x88D\x8b\x19e\x9e\xa0y\x9dX\xb8\xb1\xc4.V\
\xf6\x03\x832)_\xe9\x87M\xa0\x96]\xc3\x0e\x80\x0b\
t\xbb$\x0c\x10#|\xc6\x07\xfc\xc3\x93\x14\x09\x0c\x06\
L?0\xf6!H[rt\xfa\x87F\x9foA\xd3\
\xc4>\x831\xfb\x93t\x02+\x04\x0ei\xc1\x84X\xa4\
\xcb\x04\xe8}\x22\x15Z*\x14\xa1_0\x06\x00g\xd1\
\x02\x93:<\xafJ<\xa1\xc1\xa3\x8e\xc2\x0f\x1a\x07\x99\
U\x8a\xa8'\xe7J\x80K\xda\x86\xa3H\xf7QL\xa1\
\xc6 \x88U\xcb\xd3\xc3\x82\x1f\xdb\x04<\x1a1<\x93\
\xff\x004\xdbA@]\xc3\xe2\xba|\xf36\x81\x90-\
\xf9\x87\xe1\xa0=\xc5\x16y\xd7\x06\xc2\x81q~\x01\x12\
\x15\xcb\x11`\x04\xd9x\x84\x802\xd6!\xd6\x8b\xa8\x9a\
\x078<\x19\x97V,\xf8!y\xb7S}\xc4\xce\x95\
\xb2\xf9\x80\xfb/W\x0f\xadWz\x89Vf\x0c\xfbB\
\x14\x0bF\xe0\xb9K\xbd\x0a\xaaZ\x1e\xb1\xfc\xe2\x12\xcb\
\xd6\x10\xbdA\x09\x1d\x1e\x83\xf0\x9c\x14e\xf2\xee\x14@\
\xfb\x8b\x17X\x9d\xd0\x1aR\x97\x86\xff\x00\xa8o\xce\x80\
\xd7\x0et\xb1\xe4\xfe /Q\x88>e\xd4\xa8\xc0\xf0\
`\x8a\x17\x14+\xb9\xe6#\x03iA3a\xc4\x02I\
'\x0c]@\x04\x5c;\xad,\xa81\xf72\xe15\xa0\
\x87\x02\xf4\xc3\x9e-\x12_\x84!uC1k\xb4\x10\
\x83Gc\xa1\xd0\xfd'\xb6\xcanE!\x0d\x85\xcc\xda\
m\xadD\x02m\xbfg\xb9\xc8\x86'\xde\x1f\x9836\
\x83\x11H\x1b\xda\x86\xef3\xdbC \xb4KdQ\x89\
\xbc\x9b>!Q\xd8d\xc7P\xdd\xbbx\x19(\x09\x16\
\x0c!g\xe9\xa7\xda\x02\x11\xae\x86b\x0a\xf3,\x80\x02\
\xf1R\xef\x8d\x86\x1f\xe1\xfa\xc5*\xfa\x87\x97g\xb33\
\x11\xbe\xb37\x85g\x83\x9c(\xa1\x04\x83&\x08\xe3\x08\
\xf8\x82\xb0\x16\x1e\xe0&\xe0\x89\xc8\xdf\xc4\x00\x849\xa5\
\x08\x0a\x8bf\x8f\xbcRM\x93S\xc3\x13(\xc8\xce\xca\
\x11>\xf1\xb08\x06\x91p\x15\xeb\x00n=\xf8P\xd0\
\x84\xbb\xbb\x98de\xa5\x95\x15\xab&\xc6\xe0\x90\xa7\xb8\
\x003\x00\xb0\xff\x00\x10\x0a\x1c\xb6\x8d\xd0(\xf2\xb3\x08\
\x7fRWD\x1b.e7;\xd4\xbam\x98,\x0e\x8a\
\x8f\xa5\xd0\xb9;-D\x05\x88a\xd0\x81\x7f\x08s\x00\
Y=\x0f\x85\xa2\xb9c\xf6\x19\xc1\xb3*\x0f2\xd89\
\x03\xa8\xab\x98\x94\xb2q\x98\x86\xc0P\x18\x01Yn\x13\
7\x13\xe3R$I\xcc6qPA\x98\x0ex\x8c\xf9\
\xd0%\x8b\xd0e\x98\xa8\x9a\xd1c\xe8\x19\x83\xeb\x108\
/\xc0\xc3e\xd2[@\x01\x1b\x04\x16g\x1e!HX\
\x08}\xa0\xf5o\x8a\x87\x02\x05\x1b\x0c\x5cd7\x05h\
\x19XpQ\xee7DE\x1a\x88\xcb\x10\xdc\x10n\x12\
&I\x85.\xc8\x0b\xd6\xa5\xa1\x08$\xb1\x1d\x7f\xd9A\
d\x1d?\xbf\x887\x03+\xf6\x86\xd1\xf1\x9f\x08\x81\x05\
\xd1\x82\xcc\x01\x01\xb3 \xa4\x13{\xfa\x9cLm\x0f\xc8\
x\xd0\xe6\x1cj3\x0c\xf2\x08\x88d\xc4\xac\xe7\xf8\x8c\
p\xfa\xee{,\xcf\xd2\x1a\x03\xf4#\x86\x13\x1c&n\
\x10\x81#\xc4\x001 \xb0\x1a'\xf1\x0f<6\x19\xb6\
\x8c&\x86\x00\x81\x90\x86+\x22\xa5\x8d\xcb\xcb\xe99\xc8\
_\xbc \xa0dv\x05\xc2+\xad\x04\xf7\x8d\xcc(\xd2\
C\x88\xf3\x06`\x18\x00\xc0x\x84\xb83\x98\x10\x1a\x11\
\x10U\xb9\xcc<\xed\xa8w\xc4?M>\xf0\xc4W\x09\
\xb6\xa7\x8a0}\x86m\xa1\xd9\xb4:\x00\xff\x00\xa8)\
\x14\x0e\xdc\xdcu\xe8$\xd7X\x87h0\xd5E\x09k\
\x157\x9e\xfbTLa\x9e\x85\xc3I\x9f\x10Dd\xa5\
>\xa1\xc0?\x83\x1c4X|<w\x19\xb2\xf1\x89\xba\
'\x87\x10\xc3\xa9\x90C\xc5\xed\xc9\xe8B\xe6\xf1g\xf8\
\xe3\xf5\xeeo\x15\x88\xe3\xb6`\xf8\xf2\x22\x82\xce\x88\xd6\
\xeb\xb8%\x8bPP4\x00\xb3\x88\x15\xa3\xcb?x\xc8\
\xbbq\x7f0\x86\x0a\x00\xe20\x15\xb0%\xfeB}\xc0\
B\xcf3\x87+g7\x01AH`,\x82\x1b\x08\xc1\
\x02`\xa8f\xcc\xce\x844\xb0\x00\x9f\xb0\xd4\x089,\
T\x0b\x0a\x0cC\xe9\x087\x16\xbe\xf7\xde\x17z\x007\
\xcc)NP\xe6\x02\x1d\xa5V\xfa\xcf\x1dE\xe9\xdb\x1e\
\x91\x041U\x00\x88NM\x00\xd3h(\xbd\xe3\xb6L\
\xdb\xd0-Gm\xf4\x22D\x8c\x9fG\x12Wq\x97J\
\x86U\x81\xf6\xf7\x8cC\x90\x0f\x0d\x0a!\xb9\x9f\x13`\
i\xf8\x10\x92\x1d\xb4\x13\x00v\x86\xd8\x07\xa3\xa0\xcc\x0f\
\x9a{0N6]\xe5\x11\x10;\x94\x16\xb0\xf9\x83s\
\xb2=h\x85\xab\xdbyc\xe4\xa6B\xff\x00\xdd\x03\x84\
\xf3\xa0\xb3\x0fr\xc8 \xc6F{G\xca0\x94\x8f&\
\x1c\x95\x8d~\xfa\x18\x06@\x00~eo\x0f\x8c\xc0\x0e\
\x80\x8c\x9e\x9f}\x0dV\xc5,\x92E\xdb\xdf\x98\x0e/\
\x98:\xcc\x1df\xc8\xfe\x81\x8e\xb5\x00Z<4e\xf4\
3\xf2\xb8\xaa\xc2\xa06jj!X\xf3\xdc\x00g&\
\x08\x00y\x89]b9TB\x04\x86\x13\xc7:\x1c\x04\
\x14D:\xa80\x9e\x22\xe6\x06\xc4wJkA\x0a\xec\
B\x101\x85\x09\xfaF\x81@\x05\xcb\xfcM\xbf\x88A\
\x03\x9d\x06:\x99h\x85\x83\x10\x10\xe1$=k\xd3C\
\x021|\xcd\xf1\xe8\x0cT:\x18b\x10\xe0^\x82\x10\
\x22\xc2\x8bo\x09\x87\x1dB\x11\xd0\xfa\x00\x9cC\xb3\x88\
\x05\xd8\x96(f\x83h<\xc0\xea\xac\x0b\xf1\x1d\xd6\xa4\
\x12 GG\x8b\x96\x11\x19?\xd5\xe8:\x08a\xb3\xa0\
[=*\x03\x16\xaf\xcc6\x5c\x00\xc2\x88y\x87\xeb\x00\
\xb1\x88\xb9\xd1\x98\x1b\xc1\x01\x90\xd5@n\x22\xf2\xe7\xb2\
\xe0\x05\x80\xf4\x8e\xad\xc8#S,[\x11\x90*\xb9\x9e\
X-\xd7\x89bh\x13z<P\x98l}\xa2\x0a\xe3\
\xba\xda+\xf6\xc4\x1c\xcc6\xdd\x99\xde9\x94\xa2*\xe8\
m\xa0\xe5\x96\xe52\xe0\x91\x0f\xc7}K\x09\xe1\x14~\
\xcc6R\xc8\xeeUs\x1e(\xb1\xed\xd7s\x19\xe26\
\x945\xaa-\xd9\x9c\xfb\x99\x8e\x0a\x07\xe6\xa5n\xcd-\
\xf46\x8a{\x92\xff\x00\xb8\x04\x01\x18$w\x14\xc8\x00\
K\xc6\x00\x95\xa8\xc1\xb9\xc6\xf2\xd8c\x98\xaa-\x00,\
\x9d\x0ee\x8a\xf7\x97q\x80}\xec\xcb\xc7\x8a\x0f\xb4\x12\
\xfc@\x12X\x9b8\xe65\x91\xb6\x96\x96\xde\x94F\xee\
\x00\xccv\xb7\x88\x1f\x82\x0c\x18\xbd\x00E\xe6tD2\
\xa0v\xe4\x9b64\xf3\x0849\xfe\x0e3\x07P\x09\
\xd9\xef\x15\x91\xef\xf5\x0d\x8f\x16\x84\xa6p*\x1f{<\
\xe6UBA8d\xc9T\x0d\xef0\x05\x88f\xdb\xfa\
\x0eU\x98`6D\xf3*4\x10\x9a\x800h\x0c;\
U\x04\xe4\xc8C\xd0\x84%, \xed\x0e{p\x85\x05\
\xba\x1dC:/\x88>\xb0\xe5\xd8+\x91\xa0;\x00\x91\
e\xec?\xd8L\x9dl\x16\xbe!\x10\xe8\xd8\xd3\xd0\x06\
D\xde!\x84\x1b\x1f\x98/\xb8\xac\x1c:\x89L\xa1\x80\
\x10\xea\x0a\xc0O\x11\xe1\xed6\x8c\xc6.\xa7\x80\xa2\xa7\
\xdd\x0a\x99\x8d\xc0{l\x87E\x83|\x8f\x0cK&\xdf\
\xe8~t?MFD/{\x84&D\x98\xbc\x96r\
N0\xe9\xe3\xcfO}\x0e\x87C \xd0*\xfc\xea\x00\
 \xa41\xd7r\x80\x0ag\xf8\x5c\x95\xc2!\x07\x883\
\x04\x81\x9a{\x90\x05\x18\x1eca\xcc\x22o\x0e\xa6\x18\
a\x96\xa9\x8e\xb5\x19\x89U@\x0f\xf7]\xb58\x0d\xef\
\x10\x92A\x09\x91A\xc23\x03f\xf3)h\x03\xf3\x0c\
\xe1\x8a\xd4\x91\x00\xb1\x840\x00\x122\xbc&X\x96\xef\
z\xdd\x08h\x11\xef@\xa2e\xc5y\x80?^\x13\x92\
\x9c\x0d[\xa9\xbdI%\x10\x08e\xb7\xf6\xd0hW\x22\
\xae\xd0\xbdi\x8b\xb8*\x120\x09\xc9P\xc2\xfcx=\
\x0cK\x12\x08<i\xddC\xbd\xf8\xd1\xd1\x00\xcf\xda\x12\
@2\x86\x22>\x11\x81\xcbn\x1e \xb4\xb0m\x0d\x1a\
\x17\x91\xcc\x84/\xf35.\xe8q\xd9\x81'\xb8\xdf+\
x\xc1f\xd6P\x84\x85\xb2\x10\x0c\x12\xb8'\x0d\x82X\
\x22\xaa\x16$S( \xf1\xa2\xb6\x06\x0e*\x89\xd9\x04\
c\xc4\x12\xea\xe3\x83R\x941\x0e\x22\x04\x5c\x0c\x14z\
\x13\x84\x88\x83\x90\x8b\x9f\x98\xe4\xd01\x09\xcc\x04\x9a\xc3\
\xde_\xf3A\xb7\x8e\xe8\xf8\x85+\x84\xae\x15G\x88\x1b\
\xf0\xc9\xe2oQg\x07\xd6m\x0e\x0e\xf0FS\xc2\x81\
\x93\x1b\xf9\xfc\x0c1\xcc\x06X\x0eGE\xe2\xd9\x08\xfb\
\xa6\xdal\xc0\xa2\xb1\xe9p\x80>1\xa8\x86B,\xc2\
\x81bc\x02\xce.\x096\xb4X\x1e\xd1\xdda;\xf3\
\xe2o\xa0\xd4\xc6\xf2\x0e\x0a\xb8}\x06\x8a\xa2(;\x82\
\xea\x0d\x94\xdf\x03\xb3F\x1b\x82\x0a\x00\x07\xf4h'\xda\
Z\x839\xa9\xcc\x18\x9fx\xc7`S\x84\xd2\x08#g\
\xea\x01ls\x0e>\x887\x9c\x10a\xc9\xb4\xb6I?\
\xee\x13&\x80\xb6\x8a\x92\x86\xc7p\xddV\xec\xca\xa9\x1a\
\x18G\x83J\x87-\xd8\xbea\x07@\xe4\xd3\x84H\x11\
\x18\x16\x02\xba\xd0x\x0e]@\xa7\xb3\xda)\x88,^\
\x9bA\x9d\x07\x8et\x91\xba\x10m\x08m\x98\x85\xef\xe0\
\xc2\x5c\xcc\xeb\xd0!\x00\x13\x03\xd7u\xc5\x85a\x05\xb8\
\xab\xf6\x82\xca?\xd6\x0c\x189\x98}\x0e\xe8\xc1\x90\xb6\
A\x83\x81j\x82\x02:\x1cC{\x00\xde\x0d\x0e\x82x\
5\xa8D\x1b*\xf8\x86\x007\xe5\x88\xc1\x0a\xe0\x0c\x1a\
\x82V\xdcF\xdc\x88s\xebG\x88YR\x84\x82\xd0\xd4\
 l\xad#\x0b\x82\x1dN\xc8\x04-\xe3C\x0c0\xcb\
\x89\xd9!*A\xf5\x87N\x0f\xa84\xb6\x9b\xa3\x14C\
\xe0/G\x0f\xb2\x81\xd1\xe0pv-\x03e\xe0\x12}\
)\x9f\xa7\x1a\x9d\x0e\x8c\x9a\xa8\xaa\xd4\xd6n\x1ch\xcc\
-v\xea\x22\x0c\xb3\xe4\x0e\xd1\xc3kR\x0d\x1c8\x22\
\x80\x1ca\xe8\xad\x96\xf3\xe8\xf1\xc4\xa9\xbf~\x91 \x07\
a\xa2\xe6\xdeG\x98 \x03\xfb\x10\xa0Q\xa3>9\x85\
7\x01\x82\xcc\x22\xa9\xb5\xa3#\x07\x06\x0b\xc4!\xcb\x83\
\xa7\x98@\x93{\x02!c\xe0}\x08q\x96\x84\x9c%\
\x98\x19f\xf6\x10:\xe5\xc4R@\xe5\xc5\xa8,\xab\x15\
\xcc\x1f\xd3\x00: [\x80\xe0\xf7\x0cFq\xa1~\xf3\
\xc5'\xbd\xef7\x95~aW\xf7Iz8\x08^b\
Y<\x10'\xb6\xb8\x15\x0d\xba\x813 6\xa52\xa0\
{q(9\xa9\xdc\x12@\xf7\xcc\x00\x93\x81\x0a\x02\xac\
\x1b\x9c\x1e'J\x8c0\x11\xb3p\x18\x81\x80\x86\xf1\x08\
\x170\x08s\x8cV`\x9b\x03\xc46p\xc1. \x00\
Ht\xab\x7f3.\xbd\x01\xf8\x1f\x98\xc0\xdf\x98\x10\x02\
\x04\x84\x09\xa4\x141xC\x9d\x14\x16\x0dC\x06\xaf`\
g\xde\x01\xd6\x05\x0f\xb2+@\xb1\xa0E-\xbe\xf0x\
\xe8\x0acV.&E\xde\x1c\xebP\x86B\x0c\xecB\
ou\x00\x00\x85\x8a<M\xf5!\x0b\x0d%`\xba2\
\x90F\x149\x89\xcc\x8e\x8c\x10\x00pn\xccd\xa8\xdc\
\x17PYo\x00\xae\xa1\x81\x8b\x88S\x0eP\xa7Z\x11\
B\x1c\x09Ea\xda\x9d5\xef\x02T\xc7\xf11\xb6x\
\xde\x08J\xd4\x0e\xc5\x8fh\xd030<\xab\x1f\x10\xd2\
\x13I\x1a\xdf2\x9c(r3\x0b\x17\x075\x05\xebx\
\xf0\xf6\x8a1\xa0\xbcBAr\xa4\x1d\xa3\xfd@\xc1\x7f\
-\x18\xf6\x09B\x078\xa3 '\xa9\xb4\xb3\x93\xe0E\
\xe2\x86\x01=M>\x1c\x1f\xbe\xaab\x02u\xbd\x0a]\
\xc3\xf5\xd4\x91T\xab\xeb,\x92\xf3\x0f\xe1\x05\xbeW\xf0\
\x02$3\x01\xe1Z}\xf2\xb301\x1e\x06\x84&H\
\xce\x89\x98\xa3\xc7\x10p \x03#\x9bm\xe2\xa4v\xbf\
\xe4\x0cC4\x88\x84\xe2\xf1\x0eaN\xae\x0c\xc3\x10\x8f\
;\x18\x09\x00\xf0`\xc4\x07\x01\x17-1\xef\xf37\xee\
\x15H\xba\x86\x17\x11MC((\xa3H\x9b\xde\x14\x08\
\x05n\x88\xad\x01\x140\x07\xa0f\x1fh~P\x88\x14\
t\x0a\xe1\x830@T\x133\xd4\x1e\x81\x86\x1d\x06\x0b\
v\x95R\x8e\x96\xa2Z\x00=\x87^\x94\xba\xda.\xed\
j\xf4\xce\x96\xb2q\xf4\xf4\x0f\xa6\xbbz\x89\x84\xb18\
\xde\x16\x03\xa0\xa0\xfaBim\xb4\x13\xa8_\x981\x0c\
\xcf\x9e9Lym\x8e\x94c#\x0e\xa1#\xa8:c\
b\x10\xaf\x96\xbbz\x06a\xc7\xa0\x06@\xde\x1b!8\
\x84\x07FXh\x0b>Pf[\xe6A\xc93\x08\x92\
\xf9\xb1\xe2\x02\x00H\xa6}\xa7H\x81i\xbb\x81\xfdh\
@y\x83\xe4F\x0fF/rL\xbd\xcc\x09\x06\xc4~\
\x90\x9a\x01F9\xc8|_\x1f\x17\xdc\x14\x00\x03|\xb1\
\x82. m\xe7\xc4.3\xc1\xe7?0\xe9j\xd4\xef\
\xfd\x83\xb1N\xa0\x93\xdf\xee\xf1\x03\xa3\x81\xef\x09M\xa8\
l\xb6\xd9\xc7\xdc\xd4\xb4&\x1eTc\x12L&\xa1)\
}\xe3\x8c[8\xccJz%\x02\x1b\x11\xc4\xea\x16\x8c\
CL\x03QY\x1a\x96F\x8d=\x06`0\x88\x03r\
\xf0\xed^\xe5\x12LK\x88\x01\x81\xbe\xf1\x00n@\x8a\
\xfc\x00\x13\xe2o\xac(\x06\x0b>%\x08Bn\x14\xea\
\xc6!\xbb&\xe6\xf3h7\xb5\x06e\x00WH\xe7A\
6\x15\xfe\xe83z\xef\x08Lg\xbd2a\x05\xcd\xac\
\xba\x86\xcd\x9b\xd3 \x94Im\x1e\xb6\x9e\xff\x008\x8d\
\x0cU\xd4\xdcO\x84\xa6\x1ea;T8\x10\xb0[h\
3\x0c6\xaf\xd8\xe9\x11(\xc46\x90\xcf\xe3Q\xa0\x04\
\x87h\x06<\xfb0\x97\x04\x16\x04\x14b3\xb2\x0d\xab\
\x84\x8e\xc6\x84\x22Z#\x9f@\xb3\x1e\x04\xc8\x05aq\
\xd4\x02\xdb\x22\x97\x90)\xc8\xcc$\x1f\xc0\xc3}@\xc4\
\x1b\xd1\xc0\xc3&1\x86R\x1c\xc1\x0b<\xec\x22V\xc5\
i\xb7s'E\x04\x00\xf8z@\x08%\x80\xdb\x98\xf3\
\xde\xa2\x08\x1ea\xa9#  \xa7J\x80gi\xa8C\
;\xf4H\x82\xbcR\xfa\xc2\x00\x8f\x96\x97\xb6\x11[\x8d\
Z0\xf1\x06Ybo\x00\x0f\xb2\x99\x5c#k$\xe0\
P\xe3\xb8 \x96\x87\x08\x9c\x9c\x22'\xb9o\x03\x18\xcc\
\x22x,\xe4\xe1\x92\x13\xbcH\x1b\xfb\x84\x03)\x03\x13\
\xa5\xd3\xba\x9d\xe0[\xa0.\x11\xf1\xa83,\x81\x19L\
!\xcby\xd0-\x18\x04/\xe9\xa0\x02@\x01r\x99\x0e\
8L0\xc2\x01\x1ca\x0c(N\x97.\xdf\xb2\x84S\
\xc3\xe9\xff\x000A[\xcc\x0c\xe1v\xdaN\x9d\xd6\xa3\
C\x98}\x16\x86\xd6\x06\x87>\x82\x99T\xdb\xd1\xbf\xa6\
\xb2[\xc6\xa1\x9f\x04z\xcd\x81\xa3\xe6r|7\x0f0\
\xa0\x04\xef\x0c=c\xf8\xbe\xd2\xc9f\x14\x0eB\x9bD\
a\xce\x09\x80\xde\xfc\xc2Q\x0a\xec\xddP_0\xa0.\
Y\x9d\xc6\x05H=cp\xd9O\x0f&\x1c\x9b\x83;\
jF\x22\xafb\x81wP\xa0\xd6\xaa\xa3\x1c\x18\x02\x94\
\xf7\x17\xb4#ENy\xdd@\xb6\xcb\x17\x83\x00\xc8\xa5\
\x8f\xdd\xe0xTG5\xd7saH\x86\x06\xb1\x01\x05\
@\xcc\x91\x05\xa5\xd8\xecg\xb0\xd9\xf1\x03\xa67\x99b\
\x1a\xc0DW\x08Y \xd1\x16'/H\x12)\xd4\x10\
\xdc2l\x9c\xca\x81\xa81\x87\xbf\xf5\x1eo;\x99\x94\
\xc6\x99>P\x13lp\x14b<T<\x00B2\x82\
|\xc4\xda\x8e>\x04p\x11\xee\xf3: \xfdf\xf3\xeb\
\xc4\xcapm\xbc\x1c\xf3\xa1P\x02 V\xfb\xe8s\xdf\
\xa1\x85\x8b\x88\xa8]\xb9\xf7\xd0Z\xc2\xb6\xdf\xd4\xcb\x15\
\xa1\xc1\xcf9A\x0e\x99BP\xf0\x11\x1e\x07*p)\
\xf3\xa0'\x09\xe2\x1d6\x80\x00\x1a\x0f3#\x19\xfbG\
\xd8h\xc6r0\xc9\x85\x8a\x19\x81`\x9e\xe2pfn\
\x02\xde\x01\x83!\xc7\x9e\xfd\x18\xd08?c\x08\x0c\x8a\
-A\xfa5\xcf\x9d\x06\xf0\x14E\x05\x97O\xf6Q\x16\
8<\xcay&\xc1\x1c\xc1\x1dy\xb1\xf2\x22(\x1d\x8e\
\x97\x09\x9f\x22l\x1d\x912\xd7xu?X3\xa3\xc8\
\x18\x83\x94!`\x8d\xea\x1fW\xec\xce\x14\xd9T\x00f\
\xa2\x06c\xc9\x0d\xad\x84\x10\xa9E\x0cC\xc0\x83\x0c\xde\
\x11\xd0\x82#\x09\xd1\xa4\xee\x12\x87\xc0\xc7\x7f\xb9w\xb1\
2\x0f\xb08,\x07d\xeaM\xf0\x8bp\xf5&u_\
xL\x22\x1c\xe8\x84\xc3\xbaP>\x91\x02'\xde\xa3F\
p\xe1E\x0e\xeb\xfbAB\xceKx\xae\x15\x02\x04V\
\xc3\xe3H#B\x14:\x0c\x11\xc7Z.\x18\xe1\x87.\
\x18N\x8358\x90\xa6\xb9\xc4\xa1_\xd9\xc2\x01\x81\xa4\
b]\xee\xa3P\xf8\x82A%M\xa08*\xc5\xf8\x9b\
\xe9\x02Lo\x09\xf8\xf4\x089\x1e\x9e.\xe0\xb3\xa0\xcc\
P`\xac\xa3\x87\xa8\xc0\x00\x1b\xe5\xa9\xd6\xd8\xd90k\
T\x07\xb0]\xbc\xe9\x9e\x16\xd2\x02\x08\xe4\x8c\x84\xc3\xb5\
\x05\x8bo\xce\x85/\x09\xb40F\x89\xef?\xd8=\x03\
]\x80N\xcbg\xb8\xa9\xc4u\xa0\x10\x01\x98\x10\xff\x00\
\x0bA\xce\xc4\xf2\x13\xa6\x22\xcf\x81\x80\xa4\x05\x10\x9e\xee\
\xef\xcc@\x88c\xb47\x8c\xb5\x055\x8a\xc7\x1b\x7fS\
9\x80\x06T\xc4\x15?\xe2\x07o\x870\x84rx\x84\
\x0cP\xea\x11\x01\x81\xeeR\xf0&^\xc7x:\x80\x5c\
s\x0b\xb6\x18\xf8\x9f\xd2\xa0%\xe0`}Lw\x16@\
\xa0\xc8\x0b\x822\x09\xf8\x5c> >\xe1\xefh!\x19\
\x0c\x07\xed\xa0\xdf\x95C\x08,\xd2\x03\xa2\xcf\x98E}\
\x93v\xa0\x09\x90\xd8\x8f0\xc1&\x9c#\xf5\x82 \x10\
\x847A \x00#=\xc7Kbj\x0f\xf3\xea\xe3P\
IT\xdb\xd4J\xf2\xb3]\xfa\x840\xb9$X\xe0\xd0\
\x15\xf1\x08\x02\xc3\x0a\xe1B\x09\x92\xfc\xa1\xf4+\xc3\x22\
v<o\x0f\xa4\x01\xb2\xeby;\x10\xac(\xe0\xf6p\
{z}@\x03\xb48\x15\xa8\xcc\x06V\xfa[f \
p\xe8b\x93\xc4\xdfA\x99\x81\xc1\xc8\x8f \xd0Q\xfe\
\xfb\x99M\xc4/q\xeeo\xa1\xfa=\x06:\xb9\xc8\xbe\
\x22\x09\x8a#h=\x81\x5c\x98P-\xb4$\x16*\x0b\
$(C\x98R\x95#\x8e\xe6\xd1Sy|\x0d\xf4:\
\x04^\xf1\xc0\x05\x00\xdb\xc2\x19G\xa0\xa0\xdc\x09t\x10\
\xc4\x82\xdb\xcc\x00D\xaf\x91\xf9\x8a\x94\xde\xee \x14\xb4\
\xbfW\x88$\xe6\xb2P\x93\xb6\x864\x10\xb7{\xcd\xba\
\x80M\x0c\xcd\x84?\x11J\x80@\xc7\x80\xc6\x9e!\xb9\
\xa6\x81O4A-\x03\xb4\xfe\xb1\x5c\xaem\xf5\x09\x10\
(\x92\x22\x06>\x95\x00\xd0 E\xb1A\xccf\x5c\x22\
\xa3\xd3P\xf1\x003R\x91~!\xa0\xe68MCh\
t1\xdc\x02\xa3\x84\xc7\xa1\xcc\x16\xd0\x98`\xd83\xae\
\x90\x08\x86T8W{\xa2\xa8U\x041*\xde\xf0\xc1\
K\x89`\x9d#&WpK\xdd\xb3(\xdd\xde-A\
|hn\x18E\x0b\xf6\x83\xf8O\xcc\x18>\x8fk\xd3\
i\xb7oC\x06\xc6\xa2\xa4P\xbd\xa0\xf4o\xdc\xdb\xb8\
}\x05\xd3\x04\x1c\x98\x83:R<\xed\xa6\xda\x18\x00\xb4\
+\xfe\x94\x0b\x16f[\xb8D\xaf09\x1d\xa1T\xb0\
\xe4/\xe60\xb7\x85\xf9l\x04D\x10\x96\xee\x08`d\
=\x86\x83t\xc5\xdeO\xe244\xf5\x94\xfd\x14\x9e \
[\x00+\x98i\xdc(APT\xad\x8cr\xb8\xf1,\
\x19#\x90\xdcg\xe1Ds\x063F\x12&:\x87\xc2\
]\x0al\xc1\xca2\xf0#\x15\x88o@\x02>\xca1\
\x81\x0f\x17\xa5\xccA \xe0\x0b\x96C\x92\x95\x08\x8c\xc6\
\xfe`\xc7s\xecCk`_\xac90\xc1\xe5h\xb5\
\xde-\xf0\xd0\x16\xf3y\xda\x86Z\x85\x0c\x0f:\x82\x8b\
\x10\x9d\x8f,\xd2\xd9k\xbc\x1b\xc1\xfcB}\xab\x80\x83\
\x95\x16f\x1bl\xc42)1\xc7\xc4\x99\x18B\x11\x00\
\xe9\x03\x93\xe0A\x15\xbe\xca\x95WZ`\xa3l\xbd\xb4\
3B\xbcD&[M\xa0\xcd\xcbn\x07\xda#\x15\x9d\
\x86!\xb1;\x92\xfa\x88\xcd:0\x12X\x00\x5c\x03\xd7\
\xa9d\x18>\xe70]o\xa9\x862\xb2\xefM\xe6\xf9\
\x830\x07\xe7oq\x1b\xa2-\xd0\x89\xf6\x98\xf7\x1d\x9a\
\x09`\xf4\x00\xca\xd1D\x84\xa79\x11J\xc4`,A\
\x92+\x88\x0d\x95\x09s\x07`\xa8R`\xc6\x04q+\
\x91\x9f0\x5c\xb8\x1d\xe0!PD@\xc4\x06F\xf8\x80\
\x00\x05\x9d\xa1\x80\xfd\x90P\xcbV\xe3\x0f\x88:C)\
m7\x80\xa8R\xa7d\x1b\xd1\xa5\x94\x12\xe6\x14\x02E\
\x936\xc5\xc2\x81\xee\x11M\x11\xe3\xd9\x8f\x8f\x01\xf8\x18\
\x8d\xb1\x1cM\x8b\xda1\xf3\xfe\xab\x1cC\x04;\x0a\x16\
\xc1\x86IT\x88\xb1\xa0z\x02\x90\xe5\xf3jRaz\
\x18\xe0\xd9\x0f\xe8\x86p\x86\x1d\x0e\x86\x05\xb7(\xe5o\
\x1c:8a\xd5\x5c<\xf2\x1cB\x18+\xd0\x11\xd22\
\xc4\x11\x89\x800\x80\xe4\xbc\x11\xae\xe0\x82\x9d\x91\xaeD\
`\x11\x12s\x95\x1e\xe1\xf0\x87\xbd6\xd7\x06)Gl\
!\x9fmI$\xce\x9f\x7fA\x04\x90-v3j\x83\
\x7f^\xf3i\xf7\xd1\x8ch6\x88\x90\x0a>F\x0c\xfa\
7\x9b@!\x1d\x19Zm,c\xcc\x0c/y0\xd3\
\xf3L\xf1\x0c%\x14\x04#\xccbd$taw\xa4\
\x11Vz\x8b\xba\xf9\x95<~Iq\x0c\x9c\xcd\xd6\xfa\
gR\xe0\x0a\x9d\xa3\x0c\xe5\x09\x01^\x22\xf5\x9e\x00\x1b\
-\x089\x1b\xd4\x96\xfd\xa1F\x04\x04\xf6Bc\xd4\x00\
!\x196\xb8!\x826b\xd8\xc3\xb0\xd4)\xb1\xb7\x82\
\x83O3\x02%\x8b\x91\xf7\xa0`\x86`\x1c\xef\x80M\
\xec\xe5\x14\x12,Jm\xe8:ntb\x0a\xda\x1d\xa2\
\xa5\xc8\xf3\xa8\xd0\xfa\xc6u\xe2Yf\xb7\x8c\xb3K\x22\
\xde\xea\x18D\x04\xec\x8f\xa4B\x01!d\xc0a\xd0A\
\x83\x19\x05\x0d\xfbJ\x01\x5c\xc2\x17b'\x8d\x0et\x11\
l6\x84\x00\x1d\x90\xc3\xc8\x0cd\xe6H\xb7<\xc3\xa6\
\xc2\xbf\xdd\x11MT0\x8c\x08\xae^\x19\x9ekT;\
\xcb\xe9\xd8\x81\x04h\xb0\xc1\x1dC\xe8=\xe63[\xeb\
\xeeFQ\xe7*\xd95\xbc\xc2\xb8:\x83c.\xf40\
\xe2r\xa0\x94&\xd3n\xe1\x8a\xf1;c\xa7\x81\x91V\
5r\x81\x90e\x85\xde`!\x8d\x92\xa2\x17\xc9\xe8\xdb\
WKP<C\x14\x002\xd0!\xa0\x83ax7?\
\x88\xdc\x81\xd0\xfc\xc4\xa1b\xef/h$4\x01P{\
\xae:\x8a\xa5\x9c^Q\xda\x90\xb7\x98\x08\x11\xb2\xe7\x11\
L\xb5\x9c\xec\xa0q\x96\xff\x00hd\xc6\x0b\x10\xe6\x18\
t\x19\xf4\x06\x1d\x01\x8c*\x86\x18\x01$3\x0f\xa8\x01\
\x8c!\xd4\xf2n\x18\xabEp\x09\xc6Q\xb8\x81\xe2!\
\xa3\xdbD\xe4Q\x87\x15\xb2#\x88\xc2\xcb\xcf\xa0\xf4\xfb\
\xfa\x07\xa3*\x9b\xab\x16\xd7g\x0c9\x83=\xc3\xa2r\
6\xd3u\x8cw\x0f\xd6:\xef@Bag\xe9\x0a\xa5\
\xef\x08Z\x93Z\x1a(\xc56\xd0\x91^e\x9d*\xb5\
2\xcc\x91<\x5c>\x83\x04\xden\xdc\x0e\xf1\xa0\x84\xd6\
\x86\xbe\x03< \xb0\xaf\xa8\xce9\x8fa6%\xf77\
 @\xedRh\xb0q\x02m|\xc6y\xe8cB\x11\
S\xf4\x08*\x181\xdb\xf7\xe3\xd0K\x99T\x1e\xf7\xd0\
O\x9f\x5c*\x9a%\x8d\x9a\x13Q\x06\xd2\xda:\xdec\
\x1c\xc3\xa9S\x00\xfe\x99]B\x22 \x80\x13\xa8\x00E\
\xbf\xb5\x04u\x0b\x99\x99\x83\xc2\xa1\x80\xed\x13\xc7\x1e\xa3\
\xe9\xafs\xd2!\x17x\xec\xe0\xcd\xe1\xf4\x96\x0c2{\
AN\x05^\xa8\xc9\xfd\xe4\x18\x13#\xa8\x98\x80$p\
bPO\x02\x19\x99\xde\x19\xde\x19R\x08S\x83\x98R\
\x16l\x5csl9\xb4\x0b\xda\x18\x0c\x1a)\xf7\xae\x14\
$E\x94\xa6\xf0A\xb3\x0b.\xb4:\x82o\x02\x10O\
\x83@\x85\x8f\xc6K\x91> \x11\x829\x10\xf8\xad\x00\
A`#\xd9\x83\x9d\x9c\xf0\x1c@M\xcd\xbb\x96p.\
\x00\xc0\xd9\xc0\xd3p\xc4\x12\x18\xd2\x93\xd8h/u\x0c\
W\x12\xb8\x80\xa3\x08\xc3\x86\xd9\x09\x8a\xa8l\xdc\x9e\xe1\
\x89\xe2\x12\xe2\x1cN\x1b\xc1f\xc5\x8fA\xbfC\x04\xd7\
\xda\x03\xaa)\x97\x98A{\x1cu\xa5\x90\x0a\x06\x13\xa1\
\x86`W~\xd0.v\x82\xe4}\xe5\x0a\x0d\x81c\xdf\
3!\x1b\xfe\xd4M\x10A\xac\x13a\x05\x84~\xbf\x17\
\x02\x13\xa4$\xc3\xc4\x1dG\xf4?\xec\xd8\x08\x9d\x18\x0a\
\xff\x00a\x87S\xa8\x02H\xe2\x1f\xae\x83C\xe8\x09\x86\
P\x852\x8b\x1e\x83@c'\xcf\xa8g\xd01\x88!\
\x8c\x95\x19\xca&\xf79\x8aA\xc2\x12\x04\x04\x19f\xab\
\x91\xe9\x13c\xc6\xa4\x99-O\xc2-V\x9bC\xf4\xf4\
l^\xa5xk`O\x13m\x08@:\x8d\x80\xa6\x9c\
:\x14A\xd8<\x08E\x1e\xe3C\x04\x1b0\xc6\xa3@\
Z\xd9\x85%\xb1\x19#U\xe0\x84T\xaa\xbb\xc9\xe6\x0d\
F\x00\x8bh\xdf\xc7\xfb\x9bQ\xe3`\x80eT\xe5\xb7\
\xe6\x04\xefE\xc9wR\xafi\x98\xa0n\x0b?\xe0\x80\
\xf6-\xdfHL\xbcu\x0c6\xa5\x0d!\x81\x9e\xa0\x81\
1l \x8c>\x93\x0d\x8c\x00\xc3\xb3\xa8\xd0\xae\x19\x83\
=\x1b\x10\xd9\xe8\xfc\x87\xb2\x82\xceu\x1a\x85:\x98!\
br\xef\xe4t&\xf8BZ\xe0\xc1\x87C\xa1[k\
\xb0\xc4\x1e\xa17\x5c\xa0\x10}\xd1\xd1\xe2fps\xa6\
\xd0Y}\xe0]\x84%7T\xcc+\x02[\x03\x87\x1c\
&\x9c\x02\xa9\x18WB($\xfd\xfd\x00\x01@\xe8\x04\
9 \xc2\x80IE\xdam\xa1\xe1G\x10G:\x0f\x9a\
\x83\xd0\xb7\xd0\x8c\xc4mZ\x1c\xc7:L\xc2\x22P\x96\
\xee\x0c\xae\xf6\xa0i\xbe\x9b\x8cg\x1b\xc2\x7f<\x1f\xf5\
\xd4\xf8\x1f\xc2\xe4u6\x8e\xa1[!'\xb0\xf3\xa8C\
\xd4\x19V\xa4\xc5\xf8\x9c\xde\x85\xe8B\xb0\xa6w\x84[\
\x91\x861\x0c\x10\x02qz\xef\xa8\xcc\xe8X<\x0d\x10\
J\x93E\x22\xae\x0d\x0c\x1e\x83\xec\x02^@I\x22\xfe\
\x92\xe1\x82\xc4\x10\x01$1\x0d\x12\xe8\x02\x0f\x0a\xd9\xbc\
\x7f\x11L(\xb1\xf6\x80\xc6\x07\x0a\x88#Px\x91\x00\
\xbe\xb5J\xad\xdbDW\xe6%4v\xe7\xfb\x95\x1c_\
\x83\xf7x!(\x22f\x18\xce\x0c#A\x1a\x08a\xfe\
#\x88\x04\x9c!z7\xf4\x0dL:\x92 8\xc3B\
X\x10\xaf\xac\x19\x82m\x018\x19\xf7\x97\xa53\x10\x1e\
?\x85\xd89G\xca\xa8@%\xef\x00\xcd\x10\xfb\x1c\xcd\
u\xaa*o03\x91\x09\xa0\xe5\xa8%\xb2\xe0\xfai\
\xbd\xfaHbO\xe2\x1b2R\xedO\x99\x97\xa0\x82\x1f\
\x87\x1a\x15\x94\xb5^{\x8e\x12\x00\x0f\x86\x89\x16\x9c\x86\
\x22 \xc9\x01p\xe4H$\x91f!\x02\x97\x10=\x8f\
\xd1\x043\x95O\xc8w\x040\x07\xc0\xf2\xfe\xa1YY\
z*\xe1\x0d\xdc\xee(\xe2\xd4\xd8\xff\x00S.\x04 \
\xc0\x8f8\xca\xa5\x0c\xfc\x81.\xc4\xa3\xb8\xbd\xcaS\x82\
\x81Ybo\x06\xe1@\x10\xcc\xabs\x88P\x12\xa8\x95\
3\x812\xb8\x1d3\xa0\x84\x92\x13\xad\x11N(\xdc\x83\
\x1e@t\x1a0\xe3\xdb`\x0f\xb1\xd3\x8c\x8a\xae!\x82\
f\xd0\xb6i\xdb\xb3\xb7q\x90\xe9\xff\x00\xe1\x182\x99\
(s\x06`\xac\x08\x08\xad\xff\x00\xd8,KlF\xc1\
]\x18h\xdc\xcdJ`ry\x84*\x87\xd0\x864E\
\xc1\x81R\xae&\xf9\x86\xb9\xc29\xc9\x81dX\x86\x0c\
\xf5\x00\xa0z--\xbd\x00\xb0\x1a\x13P\xd2\xc6\x9du\
\x0a\x00\xc0b4g\xf1\xa1\xc6\xeaE\x19\x1b\xdfU\x19\
\x82<\xd2\x7f\x91\x0bEN>\xe3\xa9\x99>\xc4\x16\x0d\
\xa6\xda0\xc6 \x89m\xa6,\xa2\xa1f\x94\x09\xcc%\
l\xc25\x0c02\x07(\xc1\xc2\xf9\x10\xf3\xdc\xfb\xfc\
j\x05\xf1\x02Z\x09@\x10[C\x92a\xd9\xd4\x89d\
A\x0di\xb6!L\xacB\x1fjm\x1b\xa9\xafFP\
\xe5\xef/0\x98\xa0\x90\x01\xe5\x83\x0e\xf0M\xe1\xc4#\
\xe5*\xfa\xc2\xd22\x09#\x19D\xdc]h\xee\xb7\x8a\
\x1cI\xb9\xf9\x8e\xce\x07\x08\xe9\xa5\x96\x84\x10\xc1\x85\x14\
\x01\x83\xd4::\x15\xea\x00\x9ch\xc2o)Vc=\
\x10+7\xe8\x10\xff\x00\x0b\x97\x14o\x10\xcd\xb5:}\
\xb51\xc1\x9b5\xa9\x1f:\x01\x1b\x08n\xdbDdC\
*$\xbd\xd0\x06\x82\xdc8\x0f1\xfb\x0dv\xea\x1c\xf1\
\x0a\x9b\xc8`\x82\xc8\x84\x8e\xfa\x15\x88t\x10f\xf1\x0e\
\x81\xb0\xb3\x0f\xd7\xd6\xf6\x9c\x0e,\x81\xd4^F@\xfd\
\x94\x02@X\xc5,8rq\x02s\xb6+@\x1c\x10\
\xd8^\xf0\xf8\x1b\x8a\xa3\xe4\xe3\xfa\xde\x18tw\xdc\xf1\
\x04\xc6\xc1\xa7!\xdc\x03\xf5^\x86\x01%\xac62\xe4\
>\x1b\xc3\xb3\xcb\xe9\xa1\xcc!\x10\x17\xa07p\xc5P\
!(\xc36\xee\x08R\x83}<\xc5\x0b\x88b\xa1\xb6\
*\x11]C\x89\xc8\xe6\x16\xd7P\x03y\x96\xd9\x06\xa9\
Ti\x1d \xe4\xb7\xc9\x00\xa2\xfd\xe0\xd1<\xb1\xd4\x0b\
\xea:v\x8f\xa7\xef\xfca;\xf5\xafw\x11)6\xbf\
2\xc0\xe6o\xd44\x0a\xd8\xe00'.\xcea\xd00\
P\x00\x0d\xcc\xf3\xa5\xf2\xc8\xf5\xbc\xed\xe3({\x87P\
9\xd1\x80I\x09K0\x0d\x05\x03\xf1\x06:\xd4\xf7\xa1\
\xd45]\x9c|\xa9\x00\xcb\xb2\xa1\x08\x0c\x5c$S\x5c\
 \x811\x19\x16c\x9a\xef\xd4*\x10c\xec\x8f\xe9@\
}\x80\x10ob>\xc4Cfu\x19\xdc\xe26\x16\xc1\
,\xa8A\x08\x80PWp\xd6\x14\xe2,j\x22\xa2\xf4\
W(@\x08\x87\xd104\xd7e\xa1\x12I6`\xd8\
yh\x1a\xdd\x02\x1f\x03\x853o\x22\xa0\x22=\xd4\x00\
\xf3\x90NF\xff\x00\x8d\x0e\xa4\xca\xf8Z\x1fJ+\x13\
\x02\x08\x10%`\xd0-\x07s)\x22\x1d\xe1y\x84\xa1\
\x87C\x0c/X\x9b\xc5\x19y\xbfE\x84\xa8);\xed\
\x08\x91$\xb2e\xb5*8\xe7hf\xde\x93\xa1^\x87\
\x18\xe4p,\x8axX\x83)\xa1\xfd\x08 \xd7c*\
\xf9\x8cspA\x9ds.@\xf7\xa0\x83J\x004<\
\xc2\x86\x9c8[%\xc0\xe6\x0b;C\x9d\x06\xac\x84H\
\xd1\xdf\xc4>`TW\x98@\xa4\x0d\x9e\x7f1\x80\xb8\
\x09`\xc0pO\xd0\x91\xcf\xa8h\x03\x05\x03\xcbE%\
F\x95\x03\xaanS\xccv\x1d\x8fA\x00\x91\xc6'\x81\
\xfd\x98\x22\xa7\xdf\xf2\xfe\xbd\x038\xa9xB\x95\xf9\x8f\
M\xe1,\x84\xda\x18I\xcf\xe2 e\x94 \x15}\xd7\
8\x89\xbc?Y\xb6o\x88\x04\xcc\xeco\xf8\x8c\x0d\xa1\
\x89\xe6\x08f\xfaT\x01\xce\xc6`JH\xcbi\xd9\x1e\
\xc5+r\xe1A\x907\xd84\xc4R\xc0\x00\xb8P\xd6\
\xbd\x8d\x0c)\x04@\x06\xf6\xd2\x83\x05\x8c\xfa#\x1e\x99\
\x85\xe2\xcc\x11l\x22:-\xcc\xa2\x86\x18\x7f\x8e\x90\xcd\
\xabw\xbe\x83=\xea<\xe8g\xd2\x12$F\x87!\xe4\
\xf7\xa16q{\xc3d\xc1g`\x1a^\xa3\x00+#\
\xc4LF\xe2\xb9\xc8\xff\x00W\x9f\xa4\x1cn\x09\x1c\xc7\
r\xef\x0f\xae\x85}ga\xc4'\xed0F\xe2QY\
p\xa6X\xf4\x19\xd2M\xc3\x0d\xa1\xea\xf9\x9bu\x0a\xe7\
]\xe5u\xe5(6\xc9\xf3\xea\x0c\xa0\x08\xff\x00\xa3\xed\
\x9b\xfd@\xd3q\x00{@\x1e\xd2\x98\x10\x86\x13 \x02\
U\x8e\xa6Q\xdc&\x0a/\xa7\x8d09\xc0\xcf3y\
\xba\x1f\xa49\x81\x08\xa0|\xc3[u\x1c|\xc2\xb9\x02\
\x18\x04i\x96\x1a\x0a\xf1\x87\x13\x01\x97\xbc\x04\x97\x03@\
C\x94g\xdfO%\xa1\x18P\x10\xdd\xdf\xa8\xfa\x0aR\
\x00\xca\xc1\x0e`\x85s.\xe60\x18H\x87@a\xf4\
\x18a\x87\xf86\x0b\xff\x00Z\x8e\x1fb\xa0\x80\x80\x10\
\xf9LW\xb11}\x9d\x0c\xd8@``\xae5\x05<\
cC\xb4\xebx \x93\x93\xfbp%\x0b\x16\xd8\xc5 \
\x12d\xd8\x84\xb0o\xa7\x06\x04\x0b\xad\x87\x13\x04\xf2c\
C\xe2\xa7\xb6\xa6\xdf<\xeas\xa1\x83\xbcA\x98!s\
\x90D\x0b\x93I\xbc\xc1\xd0N\x00\x0d\xcc\x11\x00\xc3\xde\
\x08\xf9!\x18\x22\xcd\x97\x00\x8e\xa8\x5c\xde\x1c\xe9\xbe\x87\
%\x8c \xcc\xb1AA\xb3\xbfP\xdb\xe0\xfd\xf9\x87C\
\x02]\xe8\x120WP\x89\xbd\xc1\xf6\xb0\x88\x1ea\xf6\
eC\x8a\x1a\x04$\xcc\x09\x19\x07p\x1a\xb4\xd2\xa69\
\xd0M\xe0\xf0\x9f\xf8\x8e\xe1\x90\xd0\x0e\x80\xf1\xa1\x82\x0e\
u\xb3\xb2\x9c\xd7\xf9\x02Dc\x8cG\xa7\xbd\xee\x8e\x0e\
\xfa\x12\x0b@E\x0bv`p\x8c\x80@\x02y\xf8Q\
3\x80\xec\x849\x81\xb8:\x16\x06\xead0\x8f\x14\x9f\
\x22\x09\xb1\xa8l\xe9`5\xf8\x1b\xa0\x99ic\x98B\
\xc2\xf1\xa9\x02E\xb6\x83c\x9c\xc7%\x95\x9d\x07_\x0f\
xfbV\xdbO\x1b\xca%\xa6Y\xa1\x81\x9d\x8a\x10\
\xfa\xc40_\xa0h>\xb2\xd8`\xc2\xa0?xa\x08\
\xff\x00H`H\xe9k\xa7\xab\xcbD\xc2\x00\xb83\xc2\
\x14{8\xb02@\x10\xa0/\xec\xf1\x0e \x830\x03\
t\x8a\xf6\x9bE\xc3\xb4\x03\xdb\x1a\x0c0\x00\x86y\xd7\
\xbd\xa1\xcce(~\xba\x19\xbc\xf7&=?}\x06`\
)\xe2'\xe8\xfb!\xdf\x9e\x89@t0\xc6\xcb\xb6\x85\
R\x83A\xde \xd4cA\x8ds\x9f\xea\x1a-\xdez\
\x99\xe1(\x5c4 \x84'>b\xa2p:=\xfcK\
\xd5\x96@+\x8d\x08\x0c\xc2\x0a\x1fN\x1dd\x8f\xa4f\
8\xf5\x98\x0a\x04\x8b\x01G\xfeB\xd1l\xf1\x17\x22\x8c\
+P\x9d\x0c:-\x0c1CHG\xabx\x00\x1a/\
A\x99\x98\xecm\xc1\xc4\xdf\x81.\x12i\xdf\xf3\xe9\xde\
\x0e,\x91V\xaf\x98s\x0e\x83\xb8\x0fk\xda3r\x5c\
\x04\xd9\xde\x02C[\xc3\x1b&u\x08\x05G\xc7\x8fN\
\xc3A\x06\x80\xe9\xd0\xae\x1e\xf1c\xbf\xd0c9`T\
\xed6:F\x1e\xa57\x8a\x12\xd06\x05\xcc\xa4. \
6\x84\xfa\x18Oo\xd1\xa1E\x046|DD\x13j\
\xe1\x04\xd8\x8f\x89\xbc%\xc0\xe6\xe5\x90\x0c\x03$=\xe1\
\xa2t9\xa1\x08&\xf6V\x83\xaa\xee8(>\x02\x0c\
\x80\x90\xad]{\xc0\x05\x15\xa4k\x83\x09\xf1\x906\x04\
\x05\x1a\x19\x22\xf7\x1e&\xca\x19\xb9\xd3\x0b\xdf\x88\x01 \
\x02\xe2t\xe5ly\xf2z\x86f\xf3\x0bC\x02\xc1\x88\
\xd3\xc1e\x9b\x9f@d\xde\x10\xe6\x17\x83\xfd\xc2\x94\x11\
\x94\x12\xf7\xd7(K\x91\xb3\xb49\xd0\xc3\xcc!\xce\xbb\
hCB=\xc0\x91\xab\xda\x02\x1b\xc1\x87\xb43\x92\x19\
\xf6\xd1\xc1\xc7<CB0\xc4.\x8d \xe0\xa5\xcc\xa2\
\x0c\xdeWy\xeaaX\x04\xda\xe2\xed\xfbJ8\x18\xd4\
\xc7\x1e\xf0\xc6\xdaAP\xe3\xd4\x03\x9b\xc3\xa0,\x04D\
\xd0\x17\x0f\xa6\x8d\xf9)d\x91Z\xba\x8e\xd6\xa2l\xa5\
9C\x00\x10\x87A\xa8\x08od\xe4\xc43\x92\xf2L\
\x0d\x94\xf1<a\x10\xa8U\xdec'\xb4\x08A\x14g\
0q\xdc\x06\xb9e\xd1\x80\x91\xba9\xf5\xfc\x12\xf3\x1b\
Q\xc9w\xa8\xa5\xcc\x10\x0e\x9b\xba\xe2$\xe6\xacM\xcc\
\xc8\xea\xed \x01\xe4\xf1\xa1\xd3\xf7\xd0\xad?\xa48\xb6\
DB\xefP>t\x1e ~\xad\xeegq\xef\x0dy\
\xd0h>\xb0\xa8\x90\x08\x1c~\xf8\x97W\x13\xf9\x15\x1e\
\x8e\x0cl\x1f\x22}\xf51\xa9\xbd\x01\x0fYf\x18H\
\x82\xcd\x81\xb4u\xb6\xfaG\x845\x81]\xf4\x03s\x0d\
\x84h-p\x0a\x085\xa5\xb3\x0c8c\xf4\x03\xf7\xde\
\x86\x18L&\x1f@&\x0a\xa5A-\xfc\x8dB\x0c\xac\
\xc8Dz\xe7_\xa4l\x0a\xf6/\xd1\xcd\xdb\x8a@\x12\
@\x09p\xcc0\x16\x13}\x03l\xa0\xf3\xfc\x04\x11\x10\
X#h\xe8\xf2\xf3\x0e\x83l\xf4,\xc5\x00\xb0G\xb8\
\xc39$\xf76\xd0G\x03?\x840f\x12J\x1a\x87\
\x98\xcc\x98h\x0b\x01\xe4C\xa9\x99\xdbi\xbc3\x18\xa4\
6\xd9\xe7^\x00\xf9\xc7r\xbc\xeae3\xb3N\x83\x82\
\x10\x19\x04\xb5S\x0b\xc43\x91\xb4:-\x1b,o'\
\xa9\x9e~\xa2\xe0'@3\x0bj\xe0U\xb8\x85\x90\x9c\
\x93+\x96\x8d\xa0\xce\x9bb\xe1\x145\x1c\x00\xc3\x87\xa6\
\xda\x1c^\x97\x0bbs\x17\xb1\xf1\x0e\x82\x1b\xe1\xf6T\
\x10\xc6\xc9\x9d*>\xf0j\x13\x831\xb7\xf9E\x8a6\
H>a\xb1!e\xc3j.0\x02\xd9\xfa\x1d\xcd\x87\
\x97\xfdG\x22\xc2:`\xben!\xe9S\x18Z\xff\x00\
@\xd0d\x06\xe9\xf8\x84a\xa07\x1a'\x884o7\
\x9b\xe9\xf8b\xdf\x13x\xdb`<\x81\x22e\x85\x0aT\
<\xc1\x9e\xe1\xc0\xeb\xd0\xeb\x16\xe0\xf2\xc1s\x8a\xad\x06\
Z\x13\x1c\xf8\xd0M\xba\xd12\xe9\xf1\xaa\xad@i3\
\xa8\xb72\xfe\xaaUWTf5\x87\xb8\x1bro\x84\
\x03\x9f \xb1\xe2\xe0\x92\x0d\xc6u\x0b\x9b\x96\x06\xc8\xea\
m\x19\x14\xafA\xf5\x5c+a^\x87\xc9\x1a\x1e48\
\x13h\x02G\x05\xc0\xb8o\xd0^[x\x84\xc2\x22m\
\x08X\x01\xbc1Z\xa5\x03\xa8\xc1\x84P\xee\x08\xb4\x11\
\xa0\xa2r\xdb\x86q\xc6\x9fh0\x99V\x0e&\xd0\xdb\
\x1c\x09S\x19P\x5c\x1f\x9f\x88\x1e\x01\x96\xa3\x02\x86\x07\
\x8e\xf5Z\x5c\x1c\x98\xe3PrXR\xda\x95N\xa0\xc1\
\xf3\xdea\xc2\x0a\x19\xaf@\x02\xee\x1d\x01\xf5-L0\
\x98}#0\xb0D_:o\xa1\x9d2\x88\x0c\x08v\
!>u\x1e\x8aG\x99\xc7c\xf9\xd0{Gw_\xa1\
\xc1\x0c\x0f(\x81f\xc37\xcc\xde\xe0K9@$\xe0\
\x9163ht\x18\xd4\xa8A^i\x08;\x12\x03@\
`\xc2d\x01\x00\x09n\xef\xed\x19@=\x1fB1\x00\
2`\xbdl\x8e\x03\x01\x80\x7f0\x185(\xb2\x18\x16\
\xb2\xa0\x8c*\x9b\xc2\x0c2\x7fOP\xd9fo\x00p\
\x85\x9c\xeb[\xf1P\xc0q\x00\x1e!\xe0\x985qU\
\x84.\xeb\xadL\xc3\x04\xdb\xf6\x1c\x98\x13\xe0\xad\xfb\x19\
\x8e\xb1BEu\x08\x02\x90A`\xef\x18Q\x10L\xc1\
\xe9\xdbS\xa6\x19\xbd\x9e`q\x03e\x04i\xee4\xe1\
\xca\xf0\xd0\xa7\x8a\xe3W\xc1\xa8q\xd4\x1cs\x0am\xa3\
\xbf\xb9\xdb\xeejX\x5c\x18\x93}\xa6S*\xa8\x80\xc6\
\xd2\xdf\x1fhE\x9e\xc0P\x5c\x0d\x0bl\x02y,h\
3\xa0\xaeY\x11\xa1\x09\xdc\xa0L>\x99\xa5\xde\xd2>\
\xf0F3h\xa2`\x02\xdc\x16r\xb4\xca\xc1\xe17\xcd\
\xb2\xd3\xe7Bb\x86\xa3f\xb5,\xca\x0e^\xa4FC\
\xe6\x15K\xdfA\x1cU@\xbf:\xb0\xc2`.`\x9d\
F\x89\x82\xdd\x08\xb80v\x00\xe8\xb3\x01c\x81^\xdd\
\xe8\x85\x00 \x8f(I \x0e\xdas\xc6WqC\xa7\
\x00Ue\x8cAT\x0b\x0b\x5c@)\x02E\xde\x81;\
\xf4\x9d\x04\x00\x12\x05\x09\x94\xdb\xbfZ\x00\xa8%\x02\x18\
\xe03\xedD\xf1\xc7\x10\xa0a\xb2t\x10\x0b\xee\x18j\
\x00\x1d\x94\xe2\x82\x195\x0c\x19\x90\xcd\xf0\xa9A>\xda\
\x19E\x1f\xae\x89\x0e\x1d\x82p\xe1\x02k\x0a\x19C\x88\
\x1a?X\x05\x8b\x03\xe3\x88\x89\x05\xab\xd4PUX\xb4\
\xeb\x88\x10j;/y}!7\x89a\x0c\xe73\xca\
\x0flL 5\xae\x04\xe7\x09G}\x05\x10\x88t\x1a\
\x0d\x11\x8d\x14Qj\xa7@\xfa\x044\xcd\xc0\x19\x80\xd9\
\xd4:\x180,i\x0f\xd6}\xbd\x22o\xa1\x8c\xe8\x06\
\x96\xaf\x88\x8e-\xe2\x15\x98\x08\xe2\x06\xacW\x11\x1d\xcb\
\xa4\x08\xd8W\xb8\x86\x08\x00\xc7\x0d\xa1\x84D\xcb\x97\xa8\
\xb5\xd8\x08\xf2\xda4\xdfC\xe6!\xa1\x94\x04\xd3\x82\xc0\
@\x01\xedAAe\x037\xf2\x11\xa1|\xb4\xfb\xc1\xa0\
\xc4U\xd4\x15\x88=\x0cw\x0al\x99\x8c=\xfdb(\
\x80p\x11x\xd0B\xa8\x06\xf9\xfcOe[\xe7C\x06\
\x05\x05Y#\xfeB\x90\x02\x16\xe8&u\xe8\xbe$\xc1\
\xa1\x00^\xd0\xf3\x87\x1f\x12y\xf9!a@\x05\x80\x1d\
Om\x00\x8a\x9c5\x00m\x04;\x9f\x13y\x9f1\xdb\
\x1e\x10\xc4q\x0d\xe1\x07\xea5\xaff\x07E\xbb\xfa@\
)\xb8s\x9d7\xb8@\x0c\x9bK\x80\xea\xbd\xb4.C\
\xfe\x87Q\xf1\xb9|zIL_1>\x049\xcc\xdb\
7\x049\xc2\x10\xc7\x1eg\x01\xb8X\x82\xfe\xdd\xef\xfa\
\x84)\x86\xb7\x94V\x84V\xfef\xecR\xfbs\xa9\x85\
#\x06\xa1\xed\x97\x84\x1aJ\xf4)\x15.\xcbo\xac0\
\x04\x13\x10\x00\x08\x184D9\x04\xf1\xfe\x11c3F\
!\x13\x8e\xc3\x9b\xea`\xb9\xdc+U\x04\xa8\x03\xb5V\
U\xde\x81\x5cW\x92\xee`E\xc8\xd0\xf3\x0a$}G\
\xa4@\x81\x9ec\x22\x16\x06\xf0\x91\xc0\xd4\x1c\xbc\x98s\
\xa5\x1a\xc5\xe6\x9c{\xc0\xcc \x16\xe0q\x14\xb5Ci\
hm8\xc5\x0e\x5c\x09T\xc7\x0d\x9b@zc~`\
\xc1\x05\x0b\x84 `c\xa0 \xb2\x06\xf3\xca\xe0&G\
e\xed\x0ec\x82^\xd0\xc1f9`Q\xc8\xc4*\xb8\
\x03\xa0\x0c\xf7\x08` (\x8d-8\x11K\x98j\xd9\
\x04\x16\xe3\x10\xdf\xa0@\x85\xee\x06\xc66\xfbC+\x00\
\xc7\x06\x18a\x5c3\x0b\xd8L~?d\x7f\x10\xb0B\
\x11\x82\x0b<C\xd5\xc2\xa6RHTD\x0b\x84$\x04\
\xc2d\x15;\xe5\xc0C\x0c\x08>\xf0o\xd43a\xc4\
\x0a\x9e!\x81\xef\x08`&\xc3\x88;\xa8~D\xdbQ\
\x03\x07\x0cjba\xc1\xf7\x85\x0c\x87(\x88\xa8r\xcd\
!\x19\x029\xce\x22\x8c\x00Nq\x1cJX\x99\xe8!\
\x84E\xa0\x0c\x04\x1a\x04\x85\xa0\xd0h\x0d\x07@`\x88\
\x22&\xc8\xe5z\x8c\xd4\xc0\xa0\xb4\x0cM\xbc\x0a\xf7x\
\x87:;n\xe1$\x9e\xe10=\xbd@\xde\xb4\x83>\
4\x04\x91;\x18\x82\xc9!2\xef\x80\xee\x13\x8f\xd0\x04\
4\xc34\xf9[\x86\xc0!\xc1\x8fy\xbcG8Y\x08\
w\xd1\xb2\xaa#\xf2\x01|\xc2e\x0e\xf7\x0c ;$\
CxA\x1bi\xd8\xf0\xe2\x88\x0b\x1a\x5c/'0U\
\xc9\x01\xc1\xdc\x11i\x10\xc5\x14\xbb\x8c\x8f\x10j\x08\x02\
\x01+.\xe3f\x0fG\xd2\x1c\xe2\xb4S\xca9\x1c\xc7\
y\x8b\xb6 \x97\xcb\xfeFd\x5c\x08\x95\xb0\xe1\x84\xb0\
\x10\xc2\x926v\xaf\xdaS\xcc(Fm\x99\xbe\xe8T\
FL=7\x96\xff\x00!1\xb4\x10\xe8\xb2b\x1bM\
A\xf8_Q%^\x986o\xcb\xa8^D\xd9\xe5\x0c\
>\x9b\x00x:\x03`\x8e\x8b&3\x884\x10\xdc6\
\xf6\x18)^G\xeb\x83A\x98`\xd0\xb6\x8c\xa8 ,\
i\x13\x82\xd8\xeda0\xd8c\x9d\xa5\xde\xca\xe0\x0e\x84\
p\xe8\xa0\xb7\xd7\x87\x84+\x10+\xd5\x0d\x1d\x87\xab\xdb\
h\xa4,\xb1\xaeP\xa4#\xcb\xc7\xf63\xa4\x92\x1b\xf3\
\xdc!X\xc5yq\x1c\xc0B7B!\x11j\xa2S\
\x1a!\x06]M\xed\x05sV\xec`\x88\xa1\x89\x10e\
E\x91\xff\x00X-Tt\x18.\x0c\xc2\x1c\x8e\x85\x00\
\xb1\x0d\x15\x09\xac{\xcd\xbb\xd4\xad\xb4\x02\x84\x8a\x83B\
41O\xa4D\xa1\xc477\x03'\xc41{\xbeP\
#\xff\x00\xecC\x1b\x0e6\x9e\xe61L\xaa\x11X\x0c\
\xbc\xa0\xcc\x08 \x83\xf0\xf7\x83<7\x94C\x9bn?\
\x0c\x05\x1bgx\x18\x98\x83\xc9\xe2\x14 E\x88\xf0\xa0\
\xcc\x10\xc4\xbe\x95\xa5h\xbe4\xd9A\x08\x81\xce l\
&\x1c'\xde\x82\xee\xdd\xf3\xf6\xd0\x10\x006#\xb7\x12\
Ky\x8fU\x99Ab\x87\x22>\xe33Gu\xd2\x10\
\x89\x06\x8c r\xe5\xe8x@\xfa\x0bp\xec~\xd0$\
(S\xc1\x17\x1f\x80\x88Nh,\x971\x88z\xb7\x06\
\x12\x09/\xcc+h\xa1\x87|\x0d\xda\x88\x8e\x05Wq\
\x04\xbbw\xafo\xc8\x14a2\xcc:\x05\x87^\x81\xa4\
\x07\xa8\xc7\xb2yX\x84\x02l\xeb\x12\x8b\xc4J(\x9c\
\xc7.\xe1T\xa6\xa0\xc3\x9d\x01\x9b\xafoGz\x03\x04\
\x10G\x09\xd0\xea\x18`\x82:\xea\x03bC\xbbP\x01\
G\xf5\xa6\xc5io\xf1\x08\xbdI\x07AhZ\xccn\
\x86\xe20\xe6\x5c\x05\xa2\xe7V\xca\x12!3`\xba\x82\
\x09\xb2C(\x0b\x1c\xcf9h@\x22s\xdd\xa4\xdcB\
\x0d\xa7\x8a\xd8\xc2\x1b\xa3\xcc\x02m\x0c\x10\xb0\x9a\xba\xdf\
\xf8D\xf8\x11\x9e}B!\x12\xfc\xaa\x5cd\xcc\xfc\xbe\
a,\xf7\x06x\x0c\xf1\xf1\x02a\x9a\x967:\xda%\
T\xc0\x0f\x1a\x06\xda\x98C\x0a\x9c\xc1\x02K\xde6\x89\
od\xe0\x01\xc90\xba*\xc4\xab\x0b\x80\xee`0+\
z\x82\xceT\x18\x83@\xe2\x0f7\xe9\xdbA\x8e\xf6\x84\
\x1b?:\x80\xd5\x98\x036\xca\x11\x8c!\xc7\xa6\xe0t\
a\x9eb\x1e2\xd8BgF\x17q\x85\xbb\xd0\x893\
\x99\xf7\x854\x0d\xc4\x06\xfcQ\x0d\x9ea\xce\xce\xdc\xbc\
BD\xfd\x1a\x11z\x10@\xff\x00\x049uH(\x02\
\x01\x12M\x86\x9c\xc7\x96D\xd2%\x94VH!4\xa4\
8\xb9\xf8T\xdcU\xa0 3\x1f!\xc6\xf5\x09\x92\x92\
1*vm\x9c\x1e\xe1\x13|\x94\x11\xb5\x8a\x80C\x1c\
\xbbO\x82Y\xa6e\x99B,/^\x10\x84T\x06\xf1\
\x88{5\xf3\xf1\xa1\x09\x01\x07@ \xcc\xd1\xb0\xe5\xf0\
#\xe1\x84\xa2\x127\x00\x9cq\x8f\x0e\x04\x22&\x09[\
\xa3\x8c\xa9r\x07\xfd\xcb\xae\x1c %(0\x08\xec\xe5\
\xd1\x87(=0$\x01\xa1\xf6\x84\x5cL\xad\xe1`O\
p\xb5\x01\x09\xbb\xc6\x82\xce\xbe7\xd0A\x0eF12\
\xe7x\x01\xb8t\xdam\xa1\xbf\x91\x11\xac\xc1\xe8A\xf5\
\x87\xe6\x13\xa00\xf8\x80\x90!v\xc2\x22\xa1,\xde\x84\
\xf0\xd0i\xfb\xc9\x08e\x093\x9b\xf5\xa0l\x13\x08\x80\
\xa1\xe4\xae1Z\xd02?hL&\x1a9\xf8\x8b\x86\
A\xd4\xd4\x1b\xe8@\x01\xce\x00:\x88\xc5\xdb\x0cM\xa0\
\x00\xc7\x94Kj\x07o\x09{K\x85o\x11\xa9\xa7q\
\xca\xb4\x87y5\x10\xa3\xa8j\x176\x86\x09K\x1e\x80\
\xe8J\x81\xe5\xa8\x10 \xc3\x8e=\x02\x0c\x08e\xc1\xd4\
\x12\x94\x09\x98<=#8z\x02)\xbe\x87\xa0C;\
70\xc1\x931\x08(\xfa\x10\x14\x0a\xd8\xcc\x87\x09\x0a\
\xea.\xf9\x8c\x87h%OA\xe4\x01lq\x01H\xa9\
3\x04\xe4\xfd\x1f\xc70\xb1)\x84p\x80\x1d\xc0\xdc\xc0\
\x08\xadb\x22\xb8\x83+\xcd-v\xea\x01\xa9\xf4\xed\xfc\
#3\x14-\xdd\xed\x18|\xfa\x1ea\x8e\xf3\x14c\xac\
=\xa0\x8eo\x01\x04\xcb\x87W76\xf6\xd5\xc2\x86\x10\
\x89\x11\x93\xda\x12_0t\x10\xc3\x95\xcd|\x9c\x0eL\
\x0d\x1b/\x91\xf2Z\x9b<$\x8eh4\xd8\x86$\xa4\
\x84U\xabU\x01\x0e\xc5G\xa0N\xdbA\xa8\xfa\xc3\xf0\
\x1e\xd0\x0f'\xb49\xb2\xbc\xc4\xcdrQU0\xe6o\
2\x9cpw\xf5\xd2\xc5\xc1\x02\xcd\x9a\xd0BG\xbc@\
A\x06&\xea\xc4\x11\x904\x8fS2\xcb\x19?(E\
\xdc\xbfH\xc81\xda\x00\xf8\x83d\x16V\x896F\xfe\
\xd0L\xa0\xe0<f^\x80\x86s\x88@\x9a8\xc1b\
\x14\xec\x19d\xce\xc2\x03\x19\x04\xed\xf1\x09{\x97O\xa0\
%\x1bk\xfc#\x94\xde5ht\x1bd\xc4\x18\xe1\xf3\
(\xd8/\xfb;\x84Bq\x8b\x90a\xc7\x90\xf7M\x9b\
\x06\x9fD\xa0\x9d\xa1\xbc\x02\xcc\xc3B\x8b\xf8\x0b'\x93\
2\xea`\xd4\x8a\x90{\x19\xdfP\x94s.\xbd\xc2\xa6\
\x8d`\x17\xb6\x09\xf5\x0c\xc3\x09\x18P\x01\x1b\x8bC\x18\
\x80\x8c\x08@\x1e\x182\x9ek\xa9\x5cQ!\x8efC\
\x1b\xf8\x85\x059k\xa8\xc1\xd1\xa8W\x04\x08\xf1\x89\xf6\
\xd6\x98\xbc\x15\xd7\xa3\xed7\x88\xea\xc7\xa8\xc1\x986G\
\xe9\xf7\x97\xd5\xc0\x82\xc8+\xbb\x84x[\xb7S\x1e\xe3\
\x1e;\x8ci|\xa3\x90\xb1\x19\xf4,\x5c\x9c8K\x0f\
\x85@\x09D/\xb8\xf3\x01\xe1\xfeJ\x0e4\x9d#\x14\
\x09\xb6\x22)\xed3[\xe8\x01\x0d\xd0G\xe1\x09\xa1\x88\
A\xdb\xbd\xd1\xeen\xc0\xa7\xbc.RQ\xd7\x98sy\
\x85\x983\xa0\xca?\x842L\x08~e!\xcc\x13\xb4\
\x19\xe9\x08\xcc\x86bX\xb0*Q\xcc\xa8\xda\xdf\xe29\
B<\xcd\x89\xe5\xcc5\x86\x1e\x87\xa5\xcb\x16\xf0\xc7\x06\
\x80\xd0,gRm\xa1\xd5\x96\x9bB\xc2\xafSCI\
%\xb8\xe3C\x98\x0d\x10(\x18a\x08\x02x\x5c \x8c\
\xe6\x05\xbc=\xc3\x1c\xd0\xcc~\xd8\xa9\xbb\xd7\xe7\x89U\
@\x01\xe0\x5c\x1e6\x9c\x0b\xe9uf\x14d\xe43v\
\xf9\x16\xa0,\xb2\xc7\xe1-B@\x81\xaaB\x14\x12\x19\
\x8d\x88\xee\xd1\x1d\xc2\xc0\xafS{\xcc\x8c*@\xe4\xcb\
\xcc:\x8c\xe9\xbc\xdfC\xe9BQ':o\x01\x04\x0e\
\xc6\xfbC\x0f4\xa5&\x98;3\x02|:\x86\x80\x00\
\xe5\xd49\xd0YP\xe9V\x90M\xbc\xc0\x06D\xe5\x81\
\x1fy\xbfpm\x22\x08W\xf4v\x856\xcc \xc6\xbe\
\xbe\x9c+`\x0d\xbd\xb37\xa8\x02\xd8%\xc3\xfe\xc2\x12\
\x22\xe2P\xea\xa8\xa0~P\xc3]\x00@\x10\x16<B\
\x1e2/\xa1\xcc\xa4a\xb2\xd5j\x01\x87C\xe7\xf8G\
q\xc1\x8aPl\xe1\x04ISKy\x87 \xe2\x87\x1b\
B\x91x\x06B\x16]\xc2d\x0176\x9c\x0c\x9d\x1b\
\x96jY\xf0\xe3\x0c\xcb\xdds\x10G\x11\xf2\x10\x06\x01\
L\xe6\x01\xd2\x1d\x84\xe2\xbd\x0c\xed}8\x5c\x17\x08\x06\
\xd3\xaa \x83\x92\x0a0\xaaF\x12@\x1d\xb604&\
 \x0ci\xb7P\xde$\xe5\x8evz\x1eGpD@\
\x98#\x07G=J\x04\x82\x07\xc9\x8e\x8f\x02Pj\x08\
\xf9\x8eG\x00\xce\x22\xe50S\x05\x8d\x03*\xe7\x84!\
\x0ca\x0aD\x17\x13\x9b\xd0$\xc0\x01p\x99\x02\x0c\x88\
]u\xf9\x8c\x84\xaa\x93\xc8*4\xca\x98?\x0c(\x0c\
\xbf\xcc\xc3\x92e\xc3\x0d\x980\x81\x03?\xdc\x14\x08\xfc\
\xc2\xe5Ez\x16L\x16\x03\xe4\x98\x16\xf2\xc6\x9c\x9b\x1e\
\xe1}\x90+\x97\x98\xebJ\x16V\xd0\xbc\x01<@X\
\x01Fx\xd5\x16\xcd\xc3EP\x01\x04\x9c\xe8\xc5@ \
\xb5\x0f\x0c\x09\xb6\x90@\xf6MBl\xf0~\xfc\xcd\xa2\
\x9b\x22%\x99+k\xb1\x04R\x05Af\x11gAn\
\xbcA\xbd\x08\xd5-\x8d\x08\xedZ\x13\x0c\xde\x18\xfa\x19\
^\x83G\xb8b4\x98\xd8\xd0\xc2\xb0\x01\xb7)\xb0\xc8\
\x02\x0d\x88\x9bg@\x00T\xa5p\x92E\x0a\x8du2\
n2\x84@\xd0(=\xc1\x81@\x83\x00\xf5\xfe\xca9\
\x13\x91'O\xde$\xbb\xe1\xa8\xe0\x84\x15\xe2o\x8a\xbf\
p\xba\x86\x1d^\x81\xa0r\xd9\x0e\xbc\x0d\xe2\x04:\xcb\
,\x08\x22%C\x5c<\xc4\x85\xe6{p:\x80\x9d\xbc\
\xdbC\xe6\x9d\x9a`\xd49\xee\x0c\xeam\x08\x88\xd8\x0a\
\xcc\x1a\x00I@\x17\x01,O\x0f\xcc\x18\xc1(\xd9r\
\xc6q\x01(\xacao>_\x02\x17H\xc9\xd5P\x00\
\xfa\xd0\x016\x01\x13g\xfeA@\x87F\x11\x1b\xdfy\
[\x11\x1c\x87\x18\xb91\x11>\xc8\x16\xee\x13F\x85\x99\
\xbc!\xf2yz\x9f\x86\xf1\xe2,\x1c\x9f\xdf\x8fI\x98\
\xdd&\x03\xe3\xd1e\xdf\xa3h\xa8\x11\x06C\x99\xbc\x19\
\xc6\x9b\xcb\xd9u(\x12\x17y\x1b\xc2\xe4\x19\x00\xe5\xa5\
\x00lc\xef\x07\xc2I\x11\x049\x1b\xfe\xc7P\xd0\xf7\
\xbe\xad\xb40\x83\x1d\x15\x10\x98l\xa1\x95\x0d)$\x94\
w\x807\xf1\x18\xf1\x0b\x9ef\x0f\x7f\x10\x00I\x0b\xdd\
/.h\xea\xf6@J\xc5\x87P\x00\x0b\x17\xf4@\xc6\
G\xc9\xf1\x0e=n\xff\x00a\xfa\xc0@\x9a\xb2\x10\x84\
\x00Y:\x88,\x15W\x83\xfc &q6\x81\x89\xbc\
C\xc4\x02\xf3\x04\x97\xb58nQ\xc4\xde\x1f\xda-s\
\x07\x03\x0aE\x90\xf1\xf7\x97\x09\x80\x8c;@\xe2\x8ej\
\x18\xba\x01'\x1c\x89`B*&\xd8\x83=\xc2!\x91\
\x13\x8f\x0a\x8e\x10\x01d\x81\xbff\x12\x00\xe5\x11\xfbq\
+\xcc`\x0c\x5cg\xc82\xcf\xf79\x9b\x8f\x188\xe5\
\x08\x06:\xda{H\xb4cD\xd8\xed\x0a\xf0`GP\
\x19\xb0\xc68\x10\x17\x11\x0cC\x95Q\x99\x161#t\
o\xbf\x88'\xa6\xb1\xcf\x89\xb2\x85\xb4Z\xce\x1f/&\
!\xd5\xd1\x10\xf20\xc8\x1c\x1e1\xd0\x13(\xe1s\xc8\
\x0f\x84\x0d\xfd\xe1\xe7\x98f\x14\x07\xb9\xc4\x5c@\x7f1\
P\xeat\x0c\x12#\xf1\x1b\x19\xa5\x0b\xd4\x16x\x10\x11\
e)\xff\x00 l\x00\xc1r\xd8\xaf7\x04-\x0b!\
\xb5\x0e`\xcfP\x85\xa6+\xc6\xd1\xc2q\xdbg\x99\x82\
\xcd\xcb\xd0\x0c\x89\xdd-\xf5>\x8b\x19\xcb\xe5\x0fE\x92\
\xc0\xb7\xcb\xbf\x98|\xca\xa9\xcd\x00\xf6\x10\xd7\x1b\x02\xe1\
hl\x09\x5c@J#c\xa8\xcc\xdc(\x1d\xbb\x84\xad\
\xb4Z\x80\xe1\x08\xc3~bZ\x9d\x08\x12\x10\xa3t]\
\xca>\xf8 a\x085\xca\x11]\xc7\x85!\xc2\x17\x12\
\x0a\x86\xe6\xa5\x00\x81\x9f\x88\xc4,\x8fE\x087\x99\x8e\
<\x8e\xa0\x18\xf0@\xa6\x7f*%\x09%\xab\xd5\xc2x\
F[\xdf\xd0\xc9\xa2\xa5Le_^\x92\x08\x11\xb3\xab\
\x13\xe0\x14\x86\xd0\xac\xd0\x8eLw\x80\xba\x1e#)\x8c\
oP\x0c\x5c\x9a\xc1\x1eu\xad\xf5\xa8`y\x82\x18R\
\x88\x80`\x04\xf2\xb9\x9b6\xbb4+\xfe\x88W2\x11\
c\x81\x98m\x01l\xb2\xc2\xb7\xda%)\xb8\x82;u\
Q\xb4S\x9d\xa0\x9f\x80\xd0`\xf7\x06\x88(\x1b\xd0\x0f\
\x88\x18\xb8\xc3F\x0a\xa2\x0d\x09;f\x9b\xc1\x83q\xae\
\x06\x0d\x0c\x19D\x15\xf3 +b\x01\x17\x0aGq_\
\x1ad*\x06\x00\x17\xe4\xf5d\xf7\x02\xde\x0d7\xe3w\
\xe5\xa1\x97I\x0a~g\x95J\xf1\x14\x1c\x91\xe5\x01\xf8\
\x87e\xd0\x11\xc9\xe7@\x17\x0b\xe8 \xc1g\xe8\xb9\x1c\
|\xc1f\x02\x08\xec\x1e`\x81`\x83o\xa2(\x80U\
2\x19\x035\xdf\xa0\xea\xbd8.W0\x02\xbb\x98$\
D,rU\xef<,\xef\x03>\xed\x01\xa0\x07\xa0z\
D\xaf}\x00\x80e\x0c`\x08\xc3\x0f!2\xdb\xdc\xe2\
\x19\xb4a\x09\xb5\xc3\x11\xe1\x97\x18\x93Q\x91\xed\x93\x10\
h\xb0\xdd\xdc\x10^z[\xf3\x09\xd0B\x01u\xb9@\
7\xb6\xc4\x01\x07-\xfd\xa1\x95'\x84;Y\xc1\x14\x13\
\x96\x80\xdc\x18\x84\x0b\x0c\x89\x82z\x87\xe7\xa9vC\xa3\
\x05\xaa\xf0\x83 \x13k\x84{d\x15\xf7\x03x;\xf4\
\x09\xe7B.\xd1\x97\x87x\xc8\x8aP\x18\xd2\xa4\xe86\
K\xb8\x94\x80\x08\x0a\xb8\x17dH\x860|@\xc8\x06\
\xf1\x08\xb5\x0f\xd9\x93\xe3\x98xAA\x22\xb2x\x95\x1c\
\x0f\xda,,\xf6\xa8T\xa1\xe4\x9b\x97M\xdb\x88\xa3\xc5\
\xe6{L\xe0}\xdfx\xf4\x873\xbf0\xd6x\xadD\
\x13\x0fxm\x9f\x06\x10\x07(=\xf0\x037\x9a\x80F\
J\x86H\xda\x0c@]\xee\x07a\x00\x92d\xc5\xa0\xc6\
\x82d8-7\x80rPPa\xca\xb5\xcf\x98`L\
\x16\x84\x07\x83~^=\x19%\x9b\x86\xe1\x08\x01\x05B\
\x81\x11\xdf\xe3\x00\xd7O\x9am\x07q\xf7\xf9\x88\xfa\x8a\
B\x81wD\xec\xb4%M\xa20\x0e\x22`\xb4\xacO\
\x82l4Y\xe2dV&\xddjlL\xe4\x89*\x8e\
J.P\xe1\x85\x90\xbf\xd2\x85.\xf4Pq\xb4\x0e\xe0\
Q7T\x04\x96\xd0\x14'\xe6%\x18\x86\xc1 \x0f\x89\
_S7\xa0\xc1\x1bi|\xc4\xc2\x8d\x07\xfb(>T\
\x00\x90,\x09\xaf\xf3\xa8hk\x0e\xbf\xf30\x99\x01\x5c\
0a\xd3\xed\x05\xb6%x\x81\x09\x1a.T\x89\x00\xa8\
CL\x14\xdd\xa0\xb3\xdc\xc0J\x1ch0qz\x08\x1b\
\x00\xb8P\x1e-\x04\xa6N3{\xe8\x18)\x81\x11y\
\xdaU\xf3\xa6\xde{M\xa1\x13\xb3\xa5\xbe\xd0\x89f)\
\xb6q*le\x8c<\x86\xb87\x19\xb3\x09H\xd3J\
B\x80\xe9\x1f&:+\xf9\x84\x92d\xe6\xda\x1d\x80\xa0\
\xbc\xf9\x82I\xa0D?\x10\x12\x02b\xf2B\x86\xc0\xce\
H\x91\x06\xdc\xcc]\xc5\xba3\x81\xc8\xb68\x8c0w\
\x13\x99u\x1b0f\xf1\xa1\x14\x01d\xc7\xde8\x03Q\
\x08\xc6\x03\x8d\xa3(\x8ee\x809\x11\x06\xc7\x9a\x1a,\
\x1d\xa1\x86\x00\xc8\x0fA\xda\xacr\xf3\xed\x0c\x1e\x93\xd0\
7W\xebpP\x99\xae\x00\xe3\xe6\x18\x97\xbc~\xe1\x06\
\x03p\x9e-\xe0\x10\x97\xd4'p>\xd0CZ\x04\x07\
\xbd,\xc9w\x1a\x22\xdb!\x07\x89\xb8A\xce\x887\xba\
\xa4$\x0c\x0c\x0e&\xda\x183Fo\x07\xa0\x00\x16\xce\
o\xd4\xc1\x02\x04\xd7\xb6\xa2\x8eD\xc1\xa2\x07pF\x09\
\x0e\xaa\x17\x07\x85@3\x01\x98\x0d\xf5\x0e\xacq8\x16\
w\x8b0\xa5+\xcc\xf98\x0c\x85;r\xf6\x8b&6\
\x09<\x1f\x10\xe0\xc0\x82)2\x87\x16\x8eC1\xde=\
\xc7+\xef,\x1b\xb0\xdd\xec\xa3\x0e\xc1\x8b\xa6&\xc5\x99\
G\x16\x86{\x06%\xb2g\x87|\xc1a\xf8\x01y\x8d\
\x889\x10\x1a9\x91\x05<\x98\xb3\xb0\xc3\x9b\xd89^\
\xc6(\x13Z\xac\x1f0\xd5B\x00\x1d O$\xa4\x08\
}\xd1\x18\x0c\x13\xb9\xec\x87\x99\xef\xd9\x02\x16\x7fd\xe1\
\xff\x00yl\xd1\xec\x86J9\x80\x87\x94\xcc\x03\x88|\
\x11\xa2\x9f\xe8\xe3\xcf\x98\xbeP\xdf=\x88\xccR\x19\xbc\
i\xb4s\xc5\x15\x81\xfe\xcd\xe3s \xaeLA\xf4\x98\
\x86`\x00m\xe6$\x08\xac\x0e]\x88[\x09\xdc\xa0S\
\x93\x94E\x12\xc0\xacN\x07\xb0\x980\xf5\xa1\xd4\xea\x83\
\xe4\xa3\x8a\xac\x15\x06qR\xf1\xd9\x84+\x9b\x80\xd40\
\xfc\xb7\xd0A\xf4\x87\xd3\x83\xdc$K\xbc\x19\x82\x5c\xab\
\xf2Ai\xbc\x01\xef\x006\x1aOiT\x1a\xff\x00d\
\xc2M\xd8#\x9e\xc4\x1d|\xc0DLvJ\xb7P\xe6\
\x0c\xc0\xd3\xa2a}\x8e\x827Cz%\xb2\xadU8\
&\x00 \x85C\xe9a\xb7M\x1c=\xc1\x98\x1e\x88\x01\
\x00\x8cI<Fu(\x88R\x05\x04\xceK\x9d\x07\x09\
`\xed)\x09_N#\x06\xc2\x95\xdcJ\xc1\xc5\xc2^\
\xa0wp\x9b'xKG\xa5\x06\xce<\xacO\xbe\x81\
\x00\xac\x8a!\xd08\xf1\x99\xbf\x02\xfd\x83\xf3\x12\xec\x00\
^\xf7\x02W\xed:\x86\xf0\x9c4\xbdF\x10-A\x88\
r\xec\xcb\x8e\x8c\xd8\xe2m\xd4d\xd5C\x05K\xa5\x96\
\x18\x0a\x14\xb9b\xfa0g\xba\xf4\x1d\x0f\x00\x01\x9e\x84\
\xb0A\x0d\x0e\x9b\xa3\x032\xdb>%\xcf\x08^6\x86\
&s\xa6<\xfd\xa5\xf3\xa1\x8c\xa8\xe4\xa8XN^\xe8\
C\x09\x07\x14\xa1\x0d\x84\x19\x0b\xaf\xd5\x1cp\xcf\x10s\
 \xa3|\xd43%\xce\xcb\xa1\x10f\xe5-\x0aCA\
b\xf2\x9f\xdd3\x06f#\xf0`\x11\xb2%\xef\x05\xfa\
u\xe5\x85\x85)\x95Ca\x07S\x0e\xb6\xf3\x04\xaaE\
\x1f\xb2\x01\x5c\x14\x0c\x83\x17\xc4Z\x08\x09A\xf4C\x98\
\xe3\x10\x01\xc2\x80M\xb7\x8a\xb49\xe1\xa2A\x00*\xf6\
\x1ea\x08\xa850A\xa2\xd7\x11S\x1d\x8e\xf4C\x05\
\xb5\xfd\xa1\x8e\x94\xe1\x95\xd9x\x1f\xde\xd3\xa1\x11\xde\xdd\
\x9e\xe1\xb2\xcetI8I\x02\xa6\xde\x80\xe6\xea\x00x\
\x828\x0f\x98\x12\x80W\x81\x0c\xdcN\xc0\x12\xa1\xc5q\
\xa1\xcfZ0\x01\x00\x08\xe7\xe2X\x03]\xc0TY\x82\
\x0d\xe9\x01\x0e\x94\xfc\xc7\x0e\xd6\xf2\x5c!\x82@d\x1d\
wC\xe2cK$&\xeas\xc0\xaa\x82\x01/AB\
\x03'F!@\x9a\x00\xf0%\x89\x04!R_\x10\xe7\
A\x19[\xc0\xb8\x8e[\x83-N\xe3\xd5\x80\x81\x95\xb4\
\xb5\x1a1\x1b\xeaTD\xd2\xc3\x908\xc8:\x84m\x96\
K\x7f\xb7\x04\xa0^\x22\xc4\xb3\x0cP@F:\x09\x91\
\xc0G1l\x0c\x1a\x07_BO\x86\xe2\x22\x14\xd8\xfd\
a\x17:\x0f2\xc2I\xb3;\xefh\xeej\xf0\xbd\xa7\
\xb8\x09&\x15\x85\x90\x90\xa4\x19\xed\xad\x1fO2\x02\xb7\
\xe22\x82\xf7\x81)y\x18\xcc\x0f\xb2c\xc2\xec0\x02\
\xbbpE/Lg\xd6\x17~\xca>\x22\xc00x\xde\
\x0c-\x06 \xf1Y\xbcu\x18\x8cH\x8e`\x85&W\
\xcc)\x86;\x08\xa9P\x98&\xb9M\x08\x0b\x82\x18A\
\xe6\xa0\xac|\xc6|\xf6\xa0AeZ\x04C\xb11\x06\
'Xe\xe7h;\x90\xe0\xacF4\xc9j\x9c\x02\xd0\
\x19\x94\x0b\x01\xd8?\xb4\xddM\xef\xd4(\x8ee\x85\xea\
\xf3\xa3t8\x0a\xf3\x09!\xd1\x82\xa5S\xdelx\x8a\
\x92\x02\xc4}CB\x17\xa5\x93\xde\x8f:\xa9\x84E\x06\
\x16\xc1{`\xcc\x9b\xd4!\x81D\x05\xc1\xb6A\x07\xbd\
\x04\x1d\xa1\xa5h\x08\xb5\x88'#[C\x87\x02\xb1\x93\
\x0c\xad\xa5\xc3F\x0egp\x915\x90\xb0\xe1^\xf2\xae\
\xc3\xe2\x0c\xdc<\xc0\xfb\x00\xe9q\xd2\xb0?\x22\x07\xed\
$\x9b\x8e\xa5\xac\xa8Fy\xfd0\xeeR\x87\xde\x02\x1b\
\xde\x82\x09\x89|\x01\x86\xf6\x8f#F\xf6\x8eS\x5c\xc4\
\x15\xb1\xcc\x02CxE\x00J\x0b\xeev\xc7\x9d\xe1\xb2\
\x95\x90@\x8e\x0c2\x9e\xd8\x80i6[\xec #\xba\
\x94\xbet!\xd2\x08\x90|@\x84#\x07Q\x9e\x81\xff\
\x00\xa9\x01\x8c\x19\x08cv\x10\x8b%\x1da[\x15\xb8\
B\xae\xdeq\xb0\x8bn1g\xd41\x91 e\xf5\x0e\
&\xf070RF]F\x08Y\x06f\xe0\x8d\xd4q\
\x0ce\x00 \x1b\x15\x08\xd0\xc8\xd3\xa8\xe8\xc0\x99\x19\x11\
\xcdD\xce\xdchD\x99\xcc:Y\xbd\x07\x10\x5c\xc9\xac\
\xc3\xea\xc3\x893\x0c9\xf4\x08t\xcc\xa06\x0d\x95\xf1\
=\xb9\xf7\xd0\x11 f;\x94?\xb1\xc4}\xe1\xb9f\
\x80\x14\x81\xc0l\x06\x82:\xa2t\xa0\xd46\xd0Y\x10\
\xc4Gr\xc0\x8c\x08\xc9\xc8M\x10\xf8\xf4\x16\x05\xd9v\
<C\x00\x0c\x18\xee8\x8c\xebP\xc8\x12G\x91\x04\x18\
\xebLC0\x02Mf-\xc4\x00<B\x87l\x86\x04\
 \x07\x0e\xfb\x8c \x15\xb8P\xc2\x0b0\xec@OS\
z\xfdtb\xa5\x12X\x8a\xaf3\xde\x0d\xcc2\xc5\xbc\
\xd0 \xf0\x11\xd0i`x\xd0W\xd4\xa4\x1a\x02\xcf\xb1\
\x96\xad\x81D\xda\x04\x01+?\x923-\x00\x020\x0c\
5\x80GC\xd5\x80G\xc4\x06\xe1\xdd\x82\x81O\x10\xe0\
T@m\x19\xd9\x1e\xbe\x90\xdb0Q\x81\x8b\x88\x08[\
\xf6\xa6v\xb9\xb1du6`\x05\x09GQ\xd9\xf1\x1e\
r\x11\xfa!\x11u\xe7\x98E\x93M#\xb6\xc8mb\
\xe1\xf7[HD\x16\x90\xad\xd5\x09\x93{\xcf\x883\x89\
'\xd9\x01\xa7\x02\x00\xc0c\xbe\xa1\xeb\x06\x03\xce\xbbh\
s\xd4\xda=!\xb1\x09\x91\xfc\x09t\xeb\xe1\x00*\xe7\
\xa8\xe0\x1c\x0f\xbc&\xb3\x16\x09\x88\xf7\x89\x89\x00\x15\xd2\
\x01\xe2 \xcc8\x95\xc3\x0f\xbc\x17@\xcb\xf6\x9c\x82\x80\
\xacX\x94\xb4\xc4\xa7\xd1\xc0\x10\xb8\x0a\xbc_P\xfa9\
\xd4\xc3\x85\x0c\x97\xc8e\x07q\x99\x89\xd02\xd8\xe6\x0c\
\xe2\xd7H\x10\xcd\xbb\xf4\x8c\xe8e\xdc'\x11i\x83n\
\x1a\x93\xc1[`}\xa1\x81\x90 \xa21(5\x8d\xfe\
A\xfdk\xe2\x14\x97\xa0\xa0\xdcC\xe8\xc0\x03\x81\x88b\
7\x90\x8c\xc2\xd6,]\xc1\xa7*5\xb6\x99\x88\x1f\xc0\
\x83\xdfPogz\x09\x90)\x95\x01\xbe\x86\x89\x86\x11\
(!\xf2\xf4+8\xb9'>\x91\xad\xf4\x19\xd4\xad\xa0\
\xcc\xb5d\x12J\xce\xbd\xe1\xa6\x94\x9c\x86*\xab`%\
*c\xb0\x5c\xcb8@\x09\x81\x90\xac\x1b\xe8B\x86b\
\xde\x831\x9c\x95\x10\xcf\x9e\xe5\xbd\xb0\xe0\xc0\x13d\xde\
\x10\xc4o\x06gan\xc1\xf6\x95\xa1j\xb4\x0b\xa2\x80\
\xdfD3\xfc\x82\x1d^G\x91\x0e \xd6\xc4\xc4S\xa4\
\x04\xa5\x18\xbdgb-A\x02\xfb\x10\x8b#T0\x92\
\xcb\xa5\x02\x12\x81\x01\x0d\x8a/\xb0\x87s\xb1>\xfc\x18\
R\xf957GY{\xa0\xe4\xf5\x00\x00\x5c\x8ad\xd4\
\x8b&\xe6.A:|\xbb\x16\xc2\x14\x10CR)T\
G\xe6\x10D\x80\x00G\x9e*P\xa4\x12\x06\xff\x00\x1d\
A\x9e\xe6+\x7fA\x11\xec\x143hM\x86]\x14 \
\xfb\xf9\x87\xe0\xaf\x5cC\x08 \xde\xa3C\x0e\xa7|h\
\x01\xcc\xd3\xddM\xf9\xfa\x044&k\x09=\xfa\x86z\
\x8b%\x14\x14\x0a.\x13\x16\x0e\xd0\x19\x19?HDD\
\xc0\xf6@\xe0\xd3\x0f0 \x7f\x08[\xa8E\xaf\xb40\
\xc1\xe16\x84Q\x12\x13\x0b\x22\xe1\x04\x99\x18\x8e\xe7\x88\
\xe9<\x9e\x98H\x0c\xf1\x06!\x9b\xfe\x08?\xb6\xd1\x13\
\x92\xa7\x03\xcf&\x0dT\x020\xecs7\xacp#_\
!\xe2\x14\xdcA\x05\x83\x94\xd4\xcb\xcc\xde\xae\x0c\xc1\x0a\
\xf0\x1f#\xcc \x98)s)B\x84>\xc8~\xc5q\
Y\xbf\xe9\xd2\x84\x96\x1f\xe8\x99\xa2\x81\xb3\x04\xf5\xae\x0e\
\x81%\x00`\x86\x88\xa10\x99z\x80\xdfQ\x09)\xfe\
\x93\xed>\x8c_\x94Q\x90\x22\xfa\x81\x93>\xee\xb5K\
\xde\x9eZ\x1f\xcc0C\x0d\xba}\xa0\xfci\xe5\xa6\xda\
\x08sX\x9b\x0a\x9e\xd1-m\xcf\xbc!\x90L\x7f\x88\
t\xc3\xde\x06\x163\x04\x84\x0e-\x22\xc4\xa4\xad\x81\x12\
9\xb2\xcc\xc64,nF\x15\x86f\xe3\x5cB\x8b|\
\xa6\xd6U\xdc]\x83\xef\x0f\x0b\xcc\x19a\x0a\x84\x18\x88\
\xc4\x80~g\x10\xa4gj\xe9\x01\xa8\xe1\x5c\xf6\x86\x00\
Y\x0fN\xf0\xc0!2\x9fF\xfd\xc0\xc0\x06\xb8\x98\x87\
0\xc6\x12L-\x8c\x05\x081\xe3\xc3\xfa\xd0&\xae\x9e\
\x8d\xb4:n@\xa3\xcc\x19\xb2\xa3\xba\xb1\xa1J\x87\x98\
a\x19\x80{+g2Nab\x81\xa3\xcc$6\x0e\
\xc6\xa7a@2\xb0\x08\xcc\xb2\xd0\xe8a\xd2\x861\xa1\
J*\x9bi\x82\xac\xe7M\xe0\xf3*>\x02\xc6\xfc!\
\xa3b\x00&\xc8@\x10\xd9\x0d\xbc\x98.,x\x83\xac\
\x94\x80\xe6Z\x025\x83\xd70Af\xc7\x1f\xdb\xfaB\
(\x857>fa86\x030\xc1\x1f\x84\xf6^\x82\
\x8cl>\x82D\x1b@3h@\x05\xde\x81Sr\xb7\
\xcfP\x9c\xc30\xce\x19P\xa1#g>\x881\xd4\x5c\
\xc6U\x0a\x8e\xa2\xa6\xc0\xa7\xcf\x10\x8c.\xcb\x0b\xab\x84\
\xc3\x00\xf9G\x9ee\xa9\xb1\x00\xc9jb\x05\xbc\x16I\
\x9b.\x08D\xfbO\xb6\xd0\xa2 \xdd\x8e\xcf*\x19\x0f\
\xdbE\x1a\xbe\xf1\x97\xbco\x84S\x96\xe1\x0c \x81\xbd\
\xfd\x02\x1dZ\x9d\x09<\xbe`%,&>\x88p\xb7\
\x92\xdbC,\xc3\x08\x12\xe1\xde1)_\xa9A\x9e\xd1\
(\x07$\xf1\x15\xe7\xfe\xb2\xbbo\x0e\xa6X\xf0\xf4\xdf\
P\x84\x1d\x90\xe7A\xe2`\xbf,M\xcc>\xa3\xec4\
\xee}\x06d \xc0\xbe!\x8c\x83a\xa8\xc6\x88\x8e\xe9\
\xdc<\xb8\xfb\xa36\xce\x07\x00p8\x13\x8d\x0e}\x00\
\xe8e\x80(m\xe7y\x8b\xc6\x0a\xa6\xc4\xdc\x17\xa7\x99\
\x94KC\xe6#x\x89J\xee\xb7\x12\xaaw\xf4 \xe2\
\xf6\xde7^*\x06\x93t%\xf3\xe2\x15%\x8cu\x0a\
g\x14\xe0k.@<E\xa8N\xc5Cwb\xf3\xb4\
(8\x80,\x0d\xcc(\x05\x19\x81\xeb\x91\xe3\xf5\xf1\x02\
!\xf5gQ~\xc3\xb8!-\xed\x1d\xcc\x85\xe0\xc0\x9f\
x\x1fU8\xc9\xc9\xd0\xfbB\xa9f1w\xbe\x22r\
?.9\x86\x0c\xdcd\xd5F\xf0o\x12\xa1\x86\x10\x91\
\x80A\xed\xf1\x01\xf6\x1fh4F\xd2\x97p\xed\xb4\x10\
!\x8a\x1f\xb4C\x9e\xa2\x1b\x180]\xc1\x02F\xc7\x08\
\x0b\x98\xd1\xb2sp\xce\x02Z\xdd\x04\xb6\xd2\xe7\x0a \
F\xb7s\xc3\x826\x9fb\x03\x88\xd4\x13\x22\x10\xc1\xc8\
@eG|?\xc8h\xb7#\x1a\x0c\xde4:\xd0\xc3\
`\xd4\x03z\x15\x00\xf7BE\x11\x85\x5c\xdeo\xd4\x19\
\x85\xce\x09\x88\x22K\x03\xb7A\xc7\xda\x1dK\x92\xb4\xe1\
\x1b\xb5\x10\xe5\x91X\xe9\x80<\xe8\x05\xcf\xa6B\x94\xb2\
\x87C\x11\xc1\x85\x0e\x01\x9cb\x0b\xdfC\x96\x90\xcc \
\xba\x8c@f\x06\x87\x5c\x06\x01Yo\xd4#xZ\x0f\
\x01C\x0f\xd6\x16X\xd0\x88\x04Di\xb6\x91\xf7\x09\x9a\
d\xc2\xf9|)C\xb2\xb2\xc9\x80\x99`\x06e\x8b\x09\
\x07\x01\xf9w\x13;\x12\xdeK\x1bhTK\xbd\xaa\x12\
3\x00d\xa2b\x13\xea\x1b\x06a\xc8\x99OP\xcf\x93\
\x0cm\x09\x17\x04 \x05\x90\xe6\x02=\x0cJ\x16=\x11\
\x0d\xae\xde\xf0\x12\x0ba,\xe86\xb0\xc4y\x02\xb0!\
\x00@\xcf%A\xc6\x0e\x19t \x85\x08Xf\x00|\
\x14\x14\xb4\x00\x99V\xc1\x1eF\xd3x\x18w\xc8\xf7K\
\x8a\x01\xf3\x00.\x13\x08\x0e\xee\xf8\xe6\x18(\xc4\x8f\x02\
\x0d\x9cV\xd9\xb4\xfbC\x07r4\x0f\xef\xe2\x17\x95C\
e\x1f\xa6\x1d\xbe\xb0m\xa0\x82\x01\xa1\xb9\x83p\xd0\x13\
\x83)\x04\x09\xd0\x10?\xdfO\x1d\xcf\xa2ft\xff\x00\
`\xfa\x8b\xd1\xa6Y\x86\xff\x00\xd7\xd4&\xde\x82D\x01\
\xb6\x80\x03\xc9\xc48<\xb7\x10\xfd4\x10\x8c\x22j7\
,\xc5B0\xe4/\xef\xef\xe9\x1a\x09\xb43=\x15\xb9\
Q\xc7\xb5\xc0TD7HP\x0e\x00\x10j\x22\x94r\
\xf2P\x00\xd6!\x18q\xd4\xf0\xd0\x97\x02\x0e\x15G\xea\
\x5c\xc8\x9f\x7fA\xed\x00\xa2@|\xc7\xb4\x00w$\xe0\
\x09\xb2\xda#\x97;\xf8\x8a\x01\x94U\x07.\x0a,\xb9\
\x8bp\xa3\xc2\xfdr\x85q\xf9\x97\x85\xd9\x18\xb0a\x01\
\x05V\x10\x82Q\xc3\x13\x03\x95\x99\x83\xe1\x9d\x9dB\xd0\
N/\xf7\xe2\x10\xd8FI\xd41\x19\xd9\x0c\x1a>\xda\
\x0c\xc3,\x22\x02\xf8\xfe\xe0$F\xd3~\xa7\x90\x0f\xe3\
\xfd\xc3\xad\x0a\x12\xf2cP\x85\x09Y\x86\x8a\xdfD\x1d\
\xa1\xcc9\xd0,\xc31\xa0\xccl\xb5\x11\xcbIB\xe6\
\x0fp\xa9&\xe3\x02\xe5\x0d.t\x7f\xae7y\xb1\xed\
\x08\xe70A\x98z\x01\x8d\xbe\xda\xea\x13\x85\xfeB@\
a\x83\x94\x8a\xc4oyp\x08\x96\xfaAi\xc2Z\x00\
nx\x08u\x0fX\x86x\x86\xe3\x88G&?\xbe \
sl\xa9\x99\x80)F3\xe1\x1e \x11\x9c\x1f\x13\x9c\
]M\xe1\xbcf2\x023\x03\xa2~\x1a\x0d\x01!l\
\x1bA\x04\xfbo\x06`\x06\xce\xb7\x8f\x9b\x9b\xeb\xbc;\
\xd1\x80\x13\xe6=\xb0\xa5\xc01\xfd/\xd2\xd0J\xb9B\
,<\xd4\xb2\x95\xa5\xf0_b\x1aL\x1b\xa6\xc6B\xe6\
n'\x8d-]\xc0r\x90\x08p\x85p\x8d\x07 \xb0\
 \xd0\x16\x01\xf1.\xf3\x8d\xbf\x1e`\xc1\x1e\xd3\xc9\xa0\
\xfc\xc5\x9ep\x1e\x0c~\x9dL7\x04\xb3\xed;(`\
\xf90V6\xc0\x0e\xbf\x12\xbd*\x05D^=c\xe2\
\x08\xa4\x17|\xc2\x05\x89o<\x89\xc8\x18s\x00\xce\xe1\
j]u0\x98\x0c%\xcf\xa40C\x12\xb9\x84g\x80\
\x02\x0b\xe5FL\xb1\x10\xb9\xa3b\xa2\xa0\xfa\x85$\xc9\
#;lC\xa13\x85\xa7\x00ety\x94\x8d_0\
gEmqB\x02>'\x8c\xc8\xd2\x041\x95\xd3\xb8\
\xec\xe2\x05n\x02 \xbb\x04\x1c\xcf\xd0B\xc0\x98\x8f\x93\
x\x15\xa8\x07c\xf7hc\x1dB^\xd0\xc2\x0a\x04\x16\
\xd5\x88\x97\xf38r\xd4`E[3\x94\x84\xc2f\x95\
\x91\xcc:\x8d\xc5\x91<\x1e\xa5\x0d.5\xbc\xd4$#\
\x90\xbcL8\xcb0@\xd2\x18\x9f\xb1\x86\xbb)x\x86\
\xd6`R\xc1\xa8+>\xce%\x04\xae!\xba\x80\xfd\x81\
/\x96\x81)\x00n}4\x11V\xa04)\xc0\xf7W\
\xed\x1dmBlGie\xc0\x1b\x16,\x0f3\xe1\x7f\
\x0e\xcf%\xcf\xac\x1a\x82\x19\xb4&\x0c\xc0\xd7\x94'\xe2\
\x01I\xcd\xf3\x04\xce\x09\xb0\xc8F\x149\xf2c\x06\x89\
G3\xed\xe9\x1a\x09\xed\x1c\x12 \xa8K\x22\xeae}\
B~!\xcf\xf7\xa9\xeb\x10\x04\xe2\xed\x98\xcd\xb8\x0c\x08\
\x02\xb9\x8c\xa1\x01nL\x0b\xe7D\x01\x16D\x0f\x98\x18\
\x8e\xe0\x90\xed\x0d\xa0\x042\x5c/\x0f\x88HPM\xf1\
s\x02@\x82\x0c\xc5\xf7L\xe2E\x15[\xe6\x00%,\
\x01`\xd5B\x0c\xa8AZ\x13h$\xf54\xdasA\
1_\x05\xa0\xcc%\x91^\x02\x14(\x0cF\xd6\x04]\
\xe0\x1f\x0f\xd3)~\x1aY\xad\xe9\x15%`=\xabQ\
\xed\x04G\xc49\x84p\x87\x11\xca\x89}\x88\x0f\xed\x0e\
}>f\xf0} \xf9\xc7:p\x00=L\x9b\xce\x85\
m\x08\x0a\xd6a\x85\x94E\xef\xa4c\xc3\xfa\xe8\xfe\xa8\
c\xb9\xcb\x10\xdd\x1cq\x017\x02\x1a\x09+\x8e!P\
\xd4\x9cI\xf0+\x060\xcea\xcc\xbdM\xf51\x015\
|\x88\x0a\xe1D!\xea\x13r\xb7\xff\x00!\x87\x1e\x0e\
\xa5\xb4\x18^PM\xb4\xb4E\x18\x0c<\xc0\x10\x8e\xe3\
\x9f\x1a\x9cO\xb45!?\x8fP\xb6\xc5\x09n\x869\
(\xc0D\xea\xe2\x0d\xa3\xd0h\xe2*m6\x02(\xb0\
\x03\x8a\x02 \x16B|\x08*\x0b\xf8\xd0Qb\x07Q\
F\xe0\x0cP~\x84\xa9~\xe6\x05\x04\xad\x1c\x9c\x18\xb8\
'2\x08\x1b\xf9\x81\x1b\x5c\x8e>0\xd1\x9fx\xee\x14\
s\xde%X\x15\xadg\xf2\x9c3\xb5e\x12E\xef\x88\
Gw\x0c`\xce\x09u\xe6\x1bh'FKD\xa9\xbc\
GL\xf6\xe6\xbd\xe0\x22\xfd\xe3*!\x87j[\x0c\x17\
\x08(\xb2m\xce\x8f\x1f\xe4\xc5\xbe\xefpl\x1d\x0aA\
nj\x012ciQ\x0e\x8c&\x15\xc5{\x05\xa0\xd8\
\x9e\x03\xcf\xc4o)\x8ep_p\xe5\x97.\x0cx\xd0\
\x18w\x82#\x05F\x89\xc4\xa2\xa3\x05\xc7\xd80z\x05\
\xc6u\xbdA\x03\xd8\xd0z\xcdJ\x02oW*\xac\xbc\
\xc4\x1d\xe8 TQ\xb0\x0f\x98&\x14\x0f\xee\xdf\xa8\xc1\
:}\x92\x03\x8eby8A\x13G\x86\x1c\xc0\xbcX\
U~!\xf5\x19\x94\x95\xf6\x831\x8e\x13a\xbf\xa4\xa7\
9<\xa4\xdc\xb2v\xee\xfe\xb0\xbep\x9c\x905Q\x88\
\xca\x8a`\x8e.\x1d\xef|\x88q\xc0*\xb9P\xbe\xc0\
`\x96\x11\xac\xf1\xd4\x07$\xb3\x18j\x12n+\xcc\xb0\
\x03\x89\x83|\x82y=\xc2\xd8\xed3\x05\xd7\x07\xc41\
\xc4\x04\xa1\xc4\xa4%\x22+\x10\x1e8\x8d\x86a\x95P\
\x13\xf7\x8c\x09\xaf\x0a\xc0x\x0e&\xd0\xb7\x98\xa23\x87\
\x1e}$\xd3x\xafA\xa3\x9fx\x0e!\x85!\xcc\xab\
\xe4\xee\x8el\xe0\x85\x81\x1b\x06\x1e\x80\x07\x1a\x0c\xcc\xc4\
\x1c\xbc\xb1\xa5\x032\xe5\x86\xc8\x86\xd4\xcdA\xc7 \x8c\
A\x06t\xf0\x84\xd5\xa1N\xe1\x91\x10\x804a\x83K\
0\x00!\xb8Ne\xa4\xa4[\x11v\x0e\x96\x81\x84\xbf\
atW\x98 \xd8\x8a\x197\xd4\x7fTn\xa1\xe2\x17\
Ld\xc3\x88\xb2\x0f=\xc1\x80\xaeL\xd8\xfc\xc0\x04\xd4\
\xf4M\x98\xf6\xb0\x8c\x9d\x10\x88|\x98\x07\x17\x01\xb8\xfe\
\xe3\x85\xd5\x1fs2\xa2\xb8\xdd\x0c@4)\xed\xe2\x08\
V\xd1 \xd1[\x18bb!\x22\x9d\xf1\xef\xa1\xe6Q\
R\x8b\x1b\xf0\x88\xdc\x87\x81f\x17 I{\xc1\x10`\
\x0c\x1f\xf2\x10aF\x9b\x13\x0b\xca\xf9\x87T\x06\x0b;\
z\x08\x0f(\x13\xc64\x10\xcc\xafg\xb1\x82\xe6\xda\x1d\
7\xeb\xd4>\xb3#U\x06UE\xb8\xed\xa1\x86 \xd2\
\xb7\xbe`\xca*\x09p]=\xbd\xb60\xe6\x036o\
\x08\xcc\x1d\xbd\xe1H\x17n\xc2\x99\x98\x80KF\x04\x22\
\xab#\xc1\x073\xcd\xc79Va9\x13\x00\x1dN\x12\
\xed\x86^P\xb2\x04y u\x04p\x168\xe2e(\
k3\xdcP\x06s\x05\x0b\xc4\x06\xd9;\x5c)QL\
#N\xa6\xe0\x93N\xd6\x9d0\xf9\xf7\x14\x0d\xcc\x16\x0e\
 $\x8f\xd4@n\xbcJL\x9d\xca\x94\x05*\xd4}\
&\xfa\xeev\x8b\x0e\x8f<\xc3\xa2\x07\x98O\xfblc\
\xc3\x94\x05\xb7\xeb\x84\x0b\x1bE,,\xefB3\xb8\xf1\
\xc9\x22Gn#\xc6\x03l\xd4(F\x03\xdd\xdcoM\
\x0a\xcc\xc2B\xb5\xd4DK\xbc\x88\x84\x80MC\xad\x04\
\x04\x8a\xd2\xdd\x1d\x86\xce\xf10\xb5+\xa7~\x07\x88Z\
\xbc\xc0`Bo\xa8\x03\x912\x8e\x80\xb9\x11\xc8\x1b\x94\
\x0e\xf7\xea\x19L\x1e\xc0\x87\x03\x81\xe4d\x0bhLQ\
\x8c\x86`\xa7gQ\x09\x14W\xcc<\xc2\x15,\x93\xd8\
h\xdcM\xfb\x8a\xc3\x9d\x13H\x09\xbcM\x9e\xbb\xe8D\
\xb8\xa46\x14\xa0\x13\xb4\x5c\x07z\x01\x1f<\xab@\xab\
\x13\x80C\x0eY\x8c7\x8a\xd6\xe51\xc4\x1a\xb7\x80\x04\
\xb6@\xba\x84\xca\x06\xd1\x8249\xcd\xc0\x09\x0c\xa8B\
\xbap\x0c\xdf\xb2[\x83\x80\xe0\xd4\xa6\x14A'f`\
3\x08?\xb4\xa6\x16u\xd3\x83\xfd\xca\x04\x5c\xe0\x03\x85\
\xe6g3\xb5\x1a\xfd\x1f\x98\x02\xa2\xa8\x19\x9e#\x83\x9f\
\x1bC\x9aq6\x0a\x04\x1b(\xb6A\x01\xf1\xa0\x94\xbb\
C\xa14\x81\xce`\x04\xbf\xbc%\xa4$4\x09L\x8d\
\xbbb.J\x8d\xad\x9e\x85W\x81\xa0\x80w7\x8em\
\x88@\x91\x03u\xfa8\x99XX\xc2\x03F\x18\xcdX\
\x0f\x06\x02\x18\x86\xc6\x06@\x04o\x86!\xce\x9fo@\
0\xfa\x03u\x98\x03\x01\x09\xc8\x1c\x1c\x04\xe0Lo\xe6\
5|\xec\x1f+B\x90\xab\x83KPd&\x13\x02\x0d\
\xfa\x19F\xa1\x8dv\x84\x88\x97\xb0\x07@\x14\x06\x83\xa8\
`\x80\x02\xf6s\x09\xb1\xda\x1c\xe8&\xe1\x11\xb5\x11\xc4\
\x15\x08 \xac\x07\xfb\xd4p\x17\xb8\xc2\xde\x103\xb7\xcc\
~\x02;\xee\xe4o\xdc\x17\x15\xac#\xca\x05\xde7\x87\
`\x80S\x02\x88.!R\xee>\xe3\xe6g/`\xa1\
\x81\xfd\xdc\x14\x06\xa0\xb8\xe6\xa0\xa7\x93\xb8\x0aAp\xa0\
\xaf~\x01\xf1.\xa9\xe0\xf4W\x0f\xf7\x1a\xaf\x94)\x89\
{^\xa9\xb5qp\x87e\xea$\xb74\x1ag\xfa\x19\
\xd7\x0d\x13^\x93\x81~\xdcM\xe0.\xa7\xe8\x19\x82a\
\x18\xc8\x0f\xf5\xa8$\xc4\x1b\x86\x04\x14\xa3\x03\x01\xdb\xe9\
\x10\x9fH6\xc9\x13\xed\x00(\xc3\x85\xc3\x04\xd2t\x96\
\xf0\x22\xc3\x93j\x0a\xee+]\x8c(\xcb\x9c\xa4<W\
\xdd\xf0\x0f\xedA*$?\x08p\xef\xba\x07\xda\x18\x22\
E\x9c\x09N\x83\xcc\x02\x90\x00:\xc8\xb8t+\xb6\xdf\
\x94\xb0C\xea\xe0\xe9\xbe\xa2\x07\xe0\xf6}h\x0e\xc0C\
\x8dA7*\xd0\xe2\x07-\xe0\x80`7\x04n\x0c\xa7\
\x0b\x94[<\x8e\xb82\x94.[\x8f\x1a\x1c\xc1\x98\x1a\
\xd6\x06P\xb0.}\xa1\x82't\x1bC\x0c\x11PC\
a)v\xa2)\xe8! \x1b\x12\xcc\xd55\x84\xc9\xea\
\x11\xe45\xcb\xcc\x16EFB\xf9\x91\x84\x02\x22\xb7\xeb\
FZ(\x16B\x03\xddpa\x93I\x0b(@\xe3Q\
\xfb\xeb\xf6\x9b\xf7\xa10\xc0d\x16o\xeb?\xae\x10\x0c\
\xca\x9d\x988nu\x09\xc4*$\xd5z\xddZ\xdc\x0a\
\xe4gr0\xe6`x:\x80\x09\x5c\x00\xa3CS\xa4\
\xb6\x1d\x04A\x153\x82m\x09\x80\x98!\x22\x01\xe3@\
0@dAi\x14\x81\x22\xbcC\x92\x887\x8f\x1fx\
Y\x07.m\xe7\x10\xa0\x80\x93\xf0\x8c\xaaK\xed-\xa6\
\x00}\x8e9\xb11&\xf6\xeb\x12\xe1.v\x07\xc9q\
\x81\x86C\x8f?i\x9a\x15g\x98\xca\xf1\x14\xd8q7\
\x98\x19M\xc6\xdd\xc3\xf4\x87\x22E0!\xa8)T&\
\x13U\x09X\x1e\xf2m\x0c\x22\x0b(\x1cB\xdf9!\
\x0e\x88og\x83\x9f\xb2\x199\xcc\x96L:\x1c\xcc\x08\
\x8e\xeb\xd5\xb4:\x88\x03\x1e\xc0\xa7\xa0I\x02\x94\xfcb\
\x08\x04\x01Nb\x00J\x1b\xc1\xcb\x8c\x15\x0e\x80\x93\x0f\
\xc2\xff\x00\xe6\xa7\xeb\x04\xda\xb9<\x16 \xcdM\x9e\xb4\
\x11\x94\xb6\x83L\x80\xb3>\xd3\xc4\xd8\xdcL\x89\xb5,\
\xa0\x1c\xc9\x04\x82\xfb\xee\x13\xe8\xe1\x14r\xd7Q&G\
\xe2\x01\xb4\xcfP\x5c\xf7o\x90\x85\xc2\xfeau\xf8\x10\
\x83\x01\x9ap\x004\xe1\xbe\x92\x15\xc4\xcd\x02\xd1\x8ea\
\x01\xe2\x92{\x7f\xc9\xbc$\xb1Q\xbaQ\xeaa\xa4D\
m\x04\xb2S\x07#\x91\x06(\x80)+\xd2B\x84\xa6\
\xbc\xfc\x02}\xe0\xd9\xfc6\xf40A\xd0M\x9c\x80\xc4\
04\xf6\xd2\xe9\x0eFb\x97\x06m2\x0c\x9b\x88b\
\x0b\xd0\x12Lz\x00\x8d\xcbm\xde\x84ud\xe9\x0e\x82\
\x1a3[J\x08z\x809\xb8\xd5\xd1\x127\x8757\
\xc42\xe0s\x01R\x0d\xf9x\xf1\x1d\x00\xdb\xcc\xa5\xdc\
\x05\xb9\x1d\xf3\x0e\xe1\xf3\xa3\xbe\xa0!7\x809\x83\x9b\
\x98\xf2S\xf1\x0d\x04\x9c\xf4\x0foh\x08\x81\xed\x06\x0a\
\x85\x97\xb5C\xcf\x1f\x10\x14\x10\x05\xa3aE\xbf\x5cK\
\x8f\xcb\x85\x0b\xb8\x18b\xa2\xeb\xf4\x11\x97C\xdc\x02\x13\
\xdb\x8d\x00\xa3b\xa2\x10d \xaa\xce\x919K\xbd\x05\
}~\xae\xc7p\x09\x062>\x1a\xd6\xf2\x0d\x05\x9c\x5c\
\x13yqU\x92\xdd\x10\xe2\x00\xf0vA\xdd\xfb\x1d\xf4\
&\xdd\xc2\x996!\x0c\x0e\xcf\xf96#\xbb\x0fh\xcd\
Q\x1a\x06-4\xec\xe2\x80\x00\x02\xce\xe7\xf1\xa3b\x81\
\x01A(\x83\xa7\x98\xa0e2\x17\x0f\xfb\xa7\xe6\xd0<\
\xe9m\x0c\x90\x16\x91\xd8\xca\x89\xc9\xc1\xb4$g!\x04\
\xe0\x0cAT?z$\xcd\xcb\xcc\xdaW#\x96\xaf`\
\x14<\xf56v+\x0c~\x22%\xd6\xeb\xd2c\x0ag\
\x15nY\x10\x17\xa0aEbZ^\xc7\x10\x8fP/\
1\xa9\xd871\xf6\x8ed`B\xd8a\x9f\x84\xb2U\
\xc1Dn<\xc9\xc49\x15\x88`H4\x0d\x04&;\
Wz\x084\xd0\x86\x88\x8a>\xc3\x1e\xf1\xc0A\x9d\x17\
(\x96\xf3G\x1c\xfe#\x11\x81&O\x93\xb9\x9c!/\
\xfd\x84\xa4`<9m\x0b\xb1\xde3\xdc\x03\x84\xc9\x8e\
\x220}n\xde\x0cg\xbf\x0aX`\x02\x00\x9e\x04\xe4\
\xc7a\x99@I\x03\xf1\x09\x9c\x04\x80\x03`\xc2N\xa6\
\xc7LT9\x9906\x9d\x9b\x8e {\x85\xf9D\x1c\
\x9e\xba\xf7\xbca\xe8aS\xb7\x1a\xed\xa0\x83S\x0e\x88\
\xc8\x15\x1c\xf3\xa0\xd7\x22\xc4\xc7\x08@\x07\xee!\xc3\x10\
\x16\xcfm\xaa\x22J\x10\x85K\x9c\xb0wB\x0f\x9f@\
\xba\xd0\x02`.L\xd4\x85r.Z\x01\x93\xb0\xd0j\
|\xc3\x81\x0eb\x80\xe2\x04\x9c\x83\xb3\xc7\x98\x00\xc0$\
\x1e\x00\xce\x07R\x88m\x96U\xa8\xf8\x8d\xdb\x9c*\xb0\
\xbf\xca\x1c\xf3\x0a1\x0a\x15\x18]\xc1C\xf1\x05\x97\xbb\
\xfa\x99\x82q\x95\x94\x05e\xfb\xe28\xd8-\xc2F/\
\xb6(\xc3\x8c\xc3\xdb\x00H0`\xdeQ\xf7\x7fpB\
\xb8W\xb8\xb7G\xb2`\x88\x0b\x0e,\xca]\xa7\x01D\
\xc8\xd0\x8b4\x90\x0d\xc5\xaa\xe3\x9dQ\x87\x88C\xf0\xa3\
\xcf\xdb\x82\xb6\xd0\x06\x01\x9e^g\x9f?\x93h:#\
\xbcB2\xd8=\x09@p\x81W\x048\xf4P\xb7\x07\
\xe4T\xdbDl,\xef\x1f\xb3YZ\x0fI\xf4\x0c.\
\x81\x82N\xb4\x1b+\xbe\xf4G\x05%\x1a\xbaY\xda'\
\x16rb7%8if\x97\xd2Zr\xabi\x89\x81\
\xa8\x8b;\x98rA5\x03I\x12\x80\x0b3\xaa!\xa5\
\x05\x050\x07wp\x8b7\x10\x08i##i\x92\xad\
!\xc1\xb3\xee\x84\x06[D}\xa0\xd5T\xb6[\x8ea\
\xe3Q\x0a\x01\xb0\x8c!\xe3\x8f\x1dA\x04A\xb1\xa9\xb6\
\x9b\xe8\x0a\xea\xd4)\x08a\x90t\xdfS\x19\x8f^V\
\xe5\xfbP\x94\x8d\x03\xfe\x87\xde\xf0\xc0\xaay\xabS\xbb\
B\x96\xd7\xccd\x12\x91\x5c\x0ec\x0e\x17\xeb\xed\x08o\
\xef|\xfb\xcfcC\x05\xb2@\xb3\xcc\x1bs\xb6\x13\x0e\
`\x8b\xad\xa1\x85\xf7C\xbf@\xd4\x0d\x1c/\xa46\x03\
\x82\xf1&\xdf\x08\xd0\xae\x00\x22\x10G\xc6\x981\xc3\xf5\
\x84\x03:c|\xc2R\x90\xcb\xde\x15\x16\x87L\xee \
!E4HQ\xe1.\xbe\xdb\x8c\xb8\xec!\xb5\xaeW\
\x9fC \xa0\x0a\xea\x09`\x03\x81\xbc5\xe6e\xa0\x9b\
ht\xc6\x8f}\xc2\x0a\xe8\xee\xaeY<\x99\xd2 \xda\
%5#\x0b\x88\x10\x09\x86\xc8&\x12\x14\xc0n4\xfe\
Tp\xa9\x0b6\x18\xccP\xe6(@0\xb5e\xaa\xfc\
F\x19\x16\x90\xb7\xdc\xc6#.E\x88\xece0\xe0\xd8\
\xdaA$\x08\x8c\xea\x94\x10\xe3 ]\xa9\x82\x8ea\xca\
\x11'\x05\xd7\xe5\x18K\xcc\x8c\xdd\xf5\xd4)\x8e\xf0\xe8\
a\x87\xf8\x0c\xa85h\xae\xdbj\xc4\x14(d\xf17\
\x82\xbc\xc4)F\xce\x02;\x1ex\x84J\x08\xcc\x142\
6\xcc\x0b\xbe\xa3\x82\x86\x14\x19\xcc9\xd3\x92\x88\x10\x1e\
a\x08\x98\x84y\x18h\x82]\xf1\x0c8\xd5\x14\x04\x1e\
D\xb2\xc9\xd0z\x06\x7fX\x1c\x5c\x801\x97\x1c$\x8e\
\x982\xe7\x1c@4\x87\x98\x5c\x10r8\x80\x1b@\x0c\
qP\xd7 \x0cV\xc0\x066\x09\x7f\xb8\x92\xa5CE\
8\x03wf/\xf4\xc3\x91\x7f\x9aeP\xf8\x90\x1f@\
\x04\x14\x03\x88\xdc\x06\xbeB\x94\x16\x5cT\x95\x1c\x97\x1f\
\xdc\x1b\x90\x0d\x95Z\x02\x12E\x18\xf9\x03\xc4\xc8\x08\xab\
n\x1a\x0d\x0c0\xb33\x09\xe1\xcc\xab\x9ff\xda\x15\x06\
\xa1-\xf3\x04\xc4d5\x91s\x22\xa0 \x18w\xbe\xf0\
\xab\xe5\xc1qt\x84\xc8\xacGi6\x0cx\xff\x004\
)\xd6#\xa9Z\xd93\x09\x0c\x8d\x0c$\x00\x90@8\
\xee\x0d\x0e\x80\xc8\x87\xcb\x1b\x1e|h\x16\xf0n\xf3\xa6\
\x17\xac\x8eB\x05\xcc<\x0fGDY\xa3 \xf1\x01\xc2\
\x839\xb8\xc16\xecB\xb4T\x12o\xe2\x0d\xe2(\x18\
}\xd0\x0b\xdf\x02\x8c D\xac\xb3\xcfr\xe3\xb2\xe0\x97\
\x96\x09\xde\xd0\x83\xe9\x0d\x80\xdb#\xb8 \x03\x80\x07\x82\
>\xcd\xa5\x0d\x81\x11\x05X\x0a=\x96b)\xd2?\xd2\
c\xc2\x19=M\x99\x9d\xea3\xc0T{\xad\xbcJ\x80\
\x03\x09\x1f\x89\xd0M\xa0\xd9\x08!\x5cC&e\x84\xd6\
a{(\x04!h|\xf5-#\xfcp\xf26;B\
\xd66\xcc\x89\x9e\xb6\x84&L\xe839*\x9c\xda\x02\
[a\x9ea\xd0\x06P\x80Z\x9eX\xeen\xa2\xbc\xc0\
z\x00V\x02\xa0\xd9A\xf0!\xce\xaa\x9a\x95\xed\x04\x8a\
\x17\xc0\xe6'T\xff\x00\x93\x1e`f\xe1\xd0P\x99\x84\
\x0e\x06\xe2\x06\x88\xc5d\x08p 0\xf4r\x88rE\
nl\xb3-\x15\xb0\xf2\x87L\xb1\xe9Eb\x14\xeb\x1a\
y\xa7\x98\xd7\x92\xf4\xf6\x88\x0d\xa2\xa7S\xeb\xb4\x92\xdc\
A\x1cpB\x84Pd\x86\xd0\xd9Q\x1eZ\x89c\x89\
\x80\xf0\x83\x1ft\x01\xf9\x90\xb5\x84\x0f\x84\x22\x19\x1a\x0c\
\x02z\x08\xccG\x81\x07e\x81\x1bz\xa1\x81((m\
\x88F\xcb{\x9d\x8d\xc2@;\x8b\x8b'\xca2\xe9\xb3\
\x22 \x80u\xb2\xdan\x06\xafq7~\xd5\x1b?\x8e\
ai\x07\xc4(s\xd2\x87pY\x01\xe1x\x1d\xc0\xba\
\x1b[\xcb\xeeC\x96\x86\x1d~\x9a\x94\xab:\x94\xbb\x80\
\x8ac\xdb\xd2\x02\xa1Oa\xd1\xb7\xf2\x84\xed\x87\xdem\
>\xd3 \x9b\x7f\x10\xd8*\x8c%f6\x0b#\xad\xb6\
\x82\x03T%\x1b\x8d\x10\x05\xefc\x88E=\xbdB\x18\
M\x02\xab\x09\xf7\xf4W\x1a\xed\x0d\x0b\x17\xa1\x82\xa2\x00\
\x9d\x8f\x03\x97\xe2YvL\xd8\x96\x22\x9fp+IO\
\x99\xfdGc$V\xeb~\xa5\x09\xc0B\xd5\xc3\xc7\x17\
\x84p\xb5\xd1~\xe5\x0d\xe1\xa0\x97N\x11\x9a\xa8/\xcf\
1\x02\x9fq\x0bH\x5c\xc4\x10\x01\xb4>\xc0/\x9d\xdf\
\x88$\x94\x84\xbe\x837\xac\xcc\x81\xbd\xbb\x87C/\xb8\
i\xb7\xa2\xaa\xae\xe1\x22j\xc5\xed\x01 \xd6`\x9b\x01\
\xbc\xde\x10\x8c\x03@$\x8f<F\xdfc\xfd\x86Wq\
y\x1bBaN%\xfb\xc70\x07\x89\xcb\x85B!\xb0\
\x10\xe8u\x10\x88>\xcc\xc1p A\x04\xe0p \xa5\
\xbc&\x14\xb4H\xf5{7PGP\xa9\xc8\x86\xe3\x0c\
\x04H\x1b\xc0\xd9\x17\xc4c\x01?Bn\x1ca\xf5\x11\
\x81\xec\x1c\xc0(\x09\x85\x1b\x064h\x96/\x22\x1c\x08\
\x0d\xaf\xc6!#P\x8d\xb7\xbaP}P\xd1\x9a\x8e{\
\x831\xa3;\x15\x08\x10\xff\x000\x1eaM\x05\xb83\
fv\xbfu\x0b\xec\xf4\xff\x00Q2\x83\x1c\x08\x16\xb7\
<\xc1\x85^\xf1\xfdL\x01Y\xec\x912\x83v\xe0R\
\x00\xf7\x80\x9d\xd5\x05\xee\x0a8\x806\x04$H\x88V\
\x8d@Gk\x84J\xe0\x9bY\x10x\x87\x0b\x06'\x1e\
z#c//\x95\xf7\xc0\x12\xbc\xdf\xa8\xc2\x02\x08\xda\
\xb9\x85A\xe4\x06\x17X\xcc\xb7/\x11Z0\xb0u\xa0\
\xa4\xd0Uj\xf9\x82=\xe9\x0b\x8b\x80=\xf4eZ\xb3\
\x010n\xc6Tv\x15\xb1\xde\x95\xd4\x08c\xe6\x10\x15\
6\xcf\xcc\x12\x06\x11X\xbd\x00-j\x97\x84\xd4[\x9b\
\xb8p\xe1\xe9\x05a\xbc\x22\x042tKN^\xff\x00\
\xa9\xd4G\x04\x04n\xdf\xb6\x80\x0d\x8a\x1c\xc2\xba\x11\x86\
#\xa2\x10\x1f\x98\xb3\x09\x13f\xfd \x8d\x9f\x19\x98=\
K\x08\xe23HS\x1dAf\x18e\xc0%m\x89O\
:F\x07%\x0dJ\xce\x99\xa5\x1c\x85J=\xc4|\xc2\
\xb3\x1dA8\x00\xf1\xf5\xf6\x86\xdb\xcf\xb0\x9d\x19\xfbo\
\xbci\xba\x18\x03.\x85\xc4|\xd6!\xb1\x10\x0d\xd6P\
\xcaZ2#r\xc8\x84\x9b5\x01\xc3#\x8c\x01\x83\xd3\
\xedp\x80\x0dc\x05\xfe\xf1\x88s\xa1\x86\x18}Jx\
\x1d\xee\x1b0\x16\x16\xc2\x08\x0b\x9b\x07\xd9\xa0\xd4\x001\
\x9cn?\xe46\x17\xb7\x08\x0e\xa0\x8a\x82\x04mL\xe9\
\x8b|h\xc9P\x0d\x83\x11\xb0\xe0\xb8\x5c\x08v!H\
#\xb5\xf5\x099gW\xdb\x02\x09\x03\x04\x19b+\xa8\
44\x15\x88\xcb\x83Q\x80\x0cgB\x10\x1a\x1d~\xab\
\x13x0\x90@\x9a?A\x0ac\xb3\x98\xb1kq\xe3\
\xc4\x06\x00`\x1f\xaa2\x18K\x96\x04\xbaPp!\x8a\
\xfe\xe0\x90\xec\xcd\xd7\x91\xf5\x88O\xc3\x18\x03W\x0c\xfd\
'\x80\xbar!\xa5\x10\x22\xb4c\x0f\xe9,O\xb4\x18\
\x8d\x10Ch7\xd2\x1b\x9f09\x1e\x0bd\xa9\xb0\x01\
\xf2q\x08\xa6X\xfa\x9b\xfd\x5cp\xd2\x1cA\x04\xc0\xe6\
\x9d\xea$\x9c\xc6 (q\xdf:Xai\xb4\xda\x01\
$`\x13C\xb3\xa0\x80\xc9\x9a\x8d\xa2R\x1c_\x98K\
-\x17\x90\xd5\xb3\xb8C \xa1\xbfA\x84\xf6\x01S\xda\
\x18J\x93\xc9k\xd1@\x81j\xba\x84\x1d\xdbC\x98\xe9\
\xbb\x80\x11\x91\xcb\x14\xea\x815\x08\xfc\xa1! \x22\xac\
\xc3n\x1c\xe5A\x08\x8da\xc1{c\xeb\xe2\x0c\xe4C\
\x83J\xcf\x99\xb8\xd1N\xa1 3\x16e}\xe0&\x00\
\x1a\xdbs\x09\x16\x0fc7\xc5D\x02\xa8~\xbd\x03\xa2\
E\x910\x94\x18g\x01u\x00\x01@G\x92\x8c\xf0\xe1\
\x8b\xda\xeb\xf4\xc61W\x0e\xfc\x88q\x85\x9b\x19\x86\x94\
\xa8/\x10\xa8\x05\x10(\xd4\x06\x09\xe6\x10\x08a\xbc\x01\
\x10U\xe8R\xd3\xfb\x07\x03T`\xec\xf4\xe3\xb4)\xe0\
\xbb\x19\xe8\xf0F\xe3\xd1J\x0f\x93\x08cE `\x07\
\xce\xf1d\x94vp\xfb\x86\x89D\xfal\x09\x8a\x82H\
\x01\x97^\x0eYB\x8e5\x0d\x81\xdc\xb11\xef/N\
\x82\x10E\xa3 a8\x8d\xd1\x8fxq\x04!\x01\xf1\
-\xd3M\x0ba\x93;C\xf4\x98\xb2[\xd9i\x99\x8c\
\x01\xccAE\x11\x12h\x11\x98L\xc9f\x02,\xa3Y\
\xd0\x91\x00\x13C\x1a\x11 \x82\xb0\xb1\xe9\x15\x13q\xef\
\x17\x18p\x91\x5c8\x8b\x96\x80V\xb4ph\x8d\xfb\xf7\
\xf4\x8c\xb0\xa8\x8c\x99\xa8m3\xf5$rL$Q\x91\
O\xf2J\x0b\x95\xec\x83b\x8e\xf8\x9b\xf7\x0b\xd4h(\
;\x8b\xdcL4KA\x11x\x0f\xfc\x84\x22\xb4s\xb4\
\x01f\xa5\xee\x90\x93?\xe2 8U!P\x856s\
\x18\x1dL>\xa2\x18\x0f'\xea\x0d\x1c\x1a5\x04{M\
\xe1\x1c}\x8c\x7fwP\x86+,\x9d\x06}\x02s\xc4\
\xbfjz\x1c\x0f\x89Z\x19\xc3\x80\x08B\xa0\xcc\x22\xb7\
V\x82\x1aX\xf7\x82\x14\xe9J\x0c\x01\x83\x09bb\x00\
\x0b\xe0C\x04:\x99Y\x05Hl\xe1\xd9\xfe\xe1\xca!\
\xb3\x0bh\x08;\xc4U\xc8\xc3\xe0\xcc\x04\x00\x0c\x9d\xa0\
$(\x92\x99/\x00\x11_2\xf2\xdd\x98\x8e\x13!\x06\
\x0a\xeaf\x8c/j\xe2\x10\xcb\x11\xb7\x88\x01G\x7fX\
@\xc9\xf3\x0d\xfb}\x88~\xe2:\x8e\xc2\xdb\xce\x01%\
\xb7\xc8\xa0\x93X\x08\xdc\xc8%-\xb66\x1b\xa9\x92\xab\
s\xc4e\x03\x00\xdb\x7f\xe0\x05c0h3\x06s\x02\
c\xc7\x98M\x9e!i`8\x1c\x8b\xc0\xd163c\
\xc4\x04\x1c\x90\xcc\x1bU8t:\x95\xad\x8c/}\xb6\
\x86|1\xf5\x80_P\x92m\x95\xc2aS+\x0bQ\
\xb0\x09:{\x0b\x99_\xa9gC$\xc1\xb8\xc0\x09\xe0\
\x84$BM\x95\xf5\xd4GC\x8d\xa1\xa1\xbb\xf0\xe2\x06\
\x04&\xc3\x1b\x8ea,\x93\x0c2X\xb8\xf8\xe0!\x03\
\xb9rG\xeb\xde\x00:\xec\x0f1\xea\x1c\x88\xa6{\x87\
0y\x19\x00B?~\xe0\x01,N\x0f\x13w\x0c]\
\xd0\x11\xcf\xa2}\xe3\x951n\xb3\xd4\xb9\x96\xd8\x82\x10\
\xe1kP\x93\x14\xf8\x84\x08\x8d\xd4\x08\xb7\xcc3\x10v\
`3h\x19\xd9\xc2\xe0\x80\x06\x0c\xc4\x1f\xc1\x04\x19\x15\
Q\x00:B\x0eX\x0f\xac2\xaf\x7f>\x80A\xc5\xae\
\xdc?\xd8\xdcm\xa6\xfdM\xfa\x8a\xc4\x81\xcc\xb2\x02\xeb\
C\xc4&p3\xb9\xe0\x22\x87\x8c\xa7-\x85M\xe6\xd1\
\xcd\x99\x83@q\x13e\x13\x14|h\x85\x80\xd5\xc7p\
\xb2r)\xb5S\x22c\x15\x16\x84\xe1\x1d\xa5\xe1:\x18\
tQ\x9af\x17\x0a\xfa\xa17\xe2\xc0\xca\xb8$M\x02\
\x8aAV\xa6\xb3\xa0\xd5@\x22p\xd7\xa0\xd1{A7\
\x82\x14\x18\xd3}\x0c\x229\x86\xce\x81\x13\x90\xa0\xe7\x88\
``p\x84+\x02\xc7<\xca\x04\xe8l}#\xaf!\
\x0d\xa6\xd0\xe7\xa85\xc7\x13t\xbf\x5cx-\xe0\x82\x07\
*\x89\xbd\xe1\xb2\xd0\xc3P.\x07{80\xb1\x98\x1f\
=%$\xe4x\xe8\xbfT%\xa0\xc3\xa1\xc7R\xa7\xb8\
a,\xdd\xe8t \x8fI\x80\xf64~\xd0\xd3\x03\x7f\
h\x22\x04\xd4\x0c\x93\x08\xc8\xe38\xbav\xee\x1a\xe4\x8d\
\xea>\xb00\xbd\x9cB\x04p|\x88z\x82\x18%4\
\x80\x83G!\x1f\x10i\xb6\xa6o\xa0\x00\x08\x0f.\x14\
-c\x98a\xdbS\x91eZ\x1d\x0e\xe2G\xb1\xfd\xdc\
\x08?\xfa\x03g\xb3\xa3\x841,\x88&\xb6\x08\xf65\
\x0aWc1\xcd\xdd\x8eg\x05\xb3\xc4\x0f\x8c\x1d\xc0`\
\xbf\xb8\xb6\xbe\xf0\x7f\x84U\xa1\xfbW\x0a,\xfcw\x11\
\x9d\xe4\xd8w,\xa0\xc8\xeb\xb8Q\xf3\xf2\x80hC\x22\
G-\xd9\xfd\x10\x01\x85\x1d\x86\x13( \xac\xa0r\x0f\
\x1ea,\xc1f\x1dL\xc3\x94)\x12\xc8:P\xb7P\
\x8d\x0c\x10fd#\xd1(\xc2\x09\xe2\x00o}\x9e\xe5\
#\x18\x163\xa0N\xe1N\xb16\x87\xdc\x04\xcd\xa5.\
\xf4\xdb\xd0l\x0b7\xbe\x86nx\x99\x7f\x03\x04XC\
\xc3\x80\xce.8\xc9\x18q\x1e\xc5\xc4\xaa\x04\x12dy\
\xea\x1e$\xb1\x7f\x02\xa0@{\x84\x98L\xe8\x0c\x18N\
\x0e\xb7\xc4\x1a\x16\xe0%\x09\xb4\xb4\x00\xa5\x9b-\x00V\
\x85\x0c\x00\x9cA\xc9=\x01V<\xcd\xca\xbd\x81\xcd\x98\
\xef\x1b\xb8fg\x04\xc8\x04\xe2\x08\xcdL\xa1\xd0#\xc0\
\xbd\xcc\x02\xa4;\x0bv\xcc\xcf\x10\x02\x1e\x14V\xa6)\
\x8a\xdeg`\x9c\x0d\x8f*xdk\x04lG\x99V\
\xff\x00H,\x8f\x02Y\xc8\xab\x82@\x02\xcc\x03_r\
\xc7\x0c\x10\x0cw1\xd4'\x84\x0e-\x04*\xe8w\x01\
\xb3\x1dOA\xbc\x0c^\xc0w2\xe9;\xc2@.P\
\x10|\x83\x1a&\x06 \xdd\xdc\xa0\x15GI\x87+ \
\xcc\x18s\xe2\xdb\x8b\xde)\x00\x0b\xdc{\xd3\x94\x99\x84\
iE\xfb\x0b\x83\xb8U\x0e\x96\x8aX\x85\xc0\xe6\xa4\x00\
\xa7\xbc\xdeD\xb9\xcb3\x98\xa8j\xc21\x02\x0d}\xa0\
v\xc4\x10\x02\x11\xe9\x22\x85\x133V\xb8\x08Cgb\
\xfa\xc2\x97\xe6\x00q\xf5\xe5(\x11\xbd\xa1\xcefa\x82\
\x99\x0d\xf5\x13\xa4\x0c\xad\x04\xda\x90\x1d\x01\xa0\x87A\x1b\
\xa9\xadI\x9a\x1e\xfa\x17\x01\x83%\x8e!\xc0\x87\x02\xe1\
b+Q\xd0\x1c\xfa\x0am(%\xc2Y\xb8\xe7A\xa0\
\x9b@\x83%\x81\x0e\x05\xc4p\xa0\x8e5=\xde\xf1\x85\
\xfd5QX\x86\xeb#\xcb\x90\xfaB\xa4\x11?\xbcn\
8|\xc2G\xa8l\x98u\x0d\x01G\x11O\xb4#\x04\
l\xb9\x18\x9bC\xa3-\xc4R\xd0\xe5C\x9e\xa0\x7f\xe0\
\x03\x93\xd42E=\xd1\xfa\x1fv\x86)\x08GC\xb8\
\xa0\xb9]\x1e\xb5\xf6\x1e\x80~\xf8\xda\x0ch}\x02\x08\
A\x99@2u\xa0\xff\x00\xaa\xa4\x9c\x16\x89\xc0\x10\xdd\
\xea\xc4\x12\x01#.\xb4\x036w\xd87'\xa1\x00N\
\xc6\x84y\x9f\x81\x0c\xb0\x9c(\x9b\x02 \x84\x9c\x94\xde\
\x87\xabd`\x96\x8a-R[B\x16\xeb\xec\x86\xcb\x8c\
F\xd18\xf98\xee4\xb0\xd8p\xc8\x8d\x22\x7fa9\
4\x02\xdc]\xc1$d@\x02\xce[u\xbb\xfa\x97\xad\
\x9d\x193\x153\xa2(\xea\xc5*\x11\xf1\xa0n\x10\x93\
3|r's\xa0\xcc`\xeb\xb7\xb4&\xe0\xd6\xe5T\
DD\x0d\x97\x00~\x81\x0cU\xa9-\x91\xb2\xb9\xe03\
\x01E\x89\xec\x9b\xd0\xc58)\xb4(\x121\x94s\xe9\
\x0d\x04\xee*\x0cL&^\x9cwb\x02p#\x820\
\x03\xe4\xc6\x07\xb3\x08, 0B\xe7N<\xec\x8f\x93\
\x7fh\x07\x0b\xc8\xfc \x88F!\x04\x92\x13\x91( \
\x16\xc4\x0f\xb9\x198!P*\x8e&\xf1\xa1\x04`\xab\
\xf8\x99\xb5\xd2\x1d\x93PT\x8cJ\xa44,\x9b\xcc \
\xc6Q\x94*\x1d\x01\x94\x22c\xed\x1e\xcd\xd0\x0f\xb9\x87\
\x9f\xa4V\x11\xaag\xc9\x93\x18\xd4b\x0e\x04\x12\xb6+\
\x10\xd9\x00*01.m\x02\xa4\x81\xd4%\x08\xa2\x14\
\x09C\x86[\x86\xf9Bm\x13\x89Y\x1ao6C\x01\
F \xfcDd\xe4\x7fR\x9ba]\x5c\x91a,\xd2\
\x0aM\x04\x18Y\x1b\x8a\x88\xa4\x19\x5c)\xd8'\xad\x03\
\xeb,\x85!\x0e\x00`1\x11!L \xb1\x0b:\xd1\
FP\xd9B7\xe1\x0a]A6\x01\xab\x84\x00\xe8\xc0\
\xddh\xc6\xa1\x81\x98\x80R\x15\x09\xb8\xe0\xa6a\x84A\
F\x8e\xf0\x12\x01\xd6\xa3\x01\x81\x0c\x03:\x89\xf0N\x09\
Q\x88f\x5c\xd3\x08\x0e/\xd25\xef%\xee]D\xdb\
\xd0_e\xa0\xcc\x141&\xa0\x88(\x10O\x96\x85A\
\xb3A\xa1\x82\x02\xdc\xbd\xaa s\x87\xcaJq\x88\x86\
\xccD\xbc\x17\xd8\x87J\x17\xbc`7\xf9\xd3\xed\x04\x0d\
\x15\x17\xcc\x1f(\x8cZq\x8erB\x1b{\x01u\xfe\
\xf0\xb0\xe4\xdf\xbc\x16\xcd\xc1.\xc2Pm\xd2\x82\x0d2\
\x15\xf9\xea\x1c\xc3\x17\xa1W\x8dOk\x87xt\xa2\xa9\
\x85\x96\xb7o\x19\xa3R\xb6\x00a\xb9D\xc3\x12=\xd7\
\xf4\xdb@@@\xdc\x06C\x05\xb3ta\xb3\xa1\xce\xa4\
\x80\xd8\xc3\xed\xa9\xa27\xbe\xbbu7\xd1\xd7P\xd8\xee\
tGx\x870bf^\xf6\xeeT8\xee\x04hc\
a\xe0\x10\xc4\xa0  \xd8\x10\xb0\x0dE\xccf\x80\x1f\
'\xc7\x81\x0fZ\x0eG\xe2w\xf3\xb4m\xa4\x86\xaf\xca\
\x08\x18*\x86\x90\x0a\x94-0.\x09\xacd \x80\x8d\
#T\xf0=\xa3\xd6\xbc\xd9&\xc0\xee\xc7\xe6\x1dE\x7f\
\x83\xeeP8\x0e\x04V\x22$9\x81\x8a\xa2\xb7\xb1\x91\
\x0cJ\x8d\xdf\xf1\x19J\x04\x9b\xaf\x0b\xfb\x8e\xe7#h\
`\x9b\x01H+>H2\xebRZ\x19\x90\xcfGe\
\xbdjS\xacB\x9dzL\xc4=\xa5\x81\xa4\xb01\x22\
\x9a\x11\x8e\x0c\x1c\xcf\xfb\xa0\x81\xd0\xdc^9\x80\xd0\x0f\
\xa8x\xff\x00 \x09m\xafa\xe2\x02!\xcc)+3\
3}\x03c\x98\x0eH\xad\xbb\x800\x19\x16 \x8eR\
\xf1z\x0f\xa49)\x0a\x13\xcd\x07\x04\xef\x12\xe0\x08\x83\
\x16\xc1z\x1dU\xa2a\xc2fZ\xa8\x15B\x99}\xa0\
1c\xf8\x84\x82\xa3\x0a\x09\xc4\x18\xea\x1e\xc8\x83\x00\x0c\
P\x06a\x90\xb4,\xd8F\xca\x00\xb0 \x2220S\
\x9c\x02\x01(\x05\xc0\x9d\xa0\xff\x00H\x94\xa8\x80\x02\xb4\
\x98!c0.!S\x97\xb9\x9c\xf3\x18\x85H\x0eX\
Cp\x08\xc1\x80\x19`\xb8g]\x11\xbb\xa3\xcc\xab\x01\
*l@\xe0\x8e\xa3O\x85\x1e\xe6\xf0\x83\x84\xc8\xcc\xca\
 \xdb\xac(\xee\x18}\x08\x15I}\xa4\xfc\x8f\x0e@\
Z\x930\x88\x1d1\xf0\x96w\xfa\xc3V\x09\x92\x0a\xd0\
t8\x86\xce\xbcv\x83\x15\xaf2\xcd\xc2\xea\x98>\xc3\
\x0d\x990\xa8\x08\xe2*\x8d\x10\x97\xb4]\x80!`u\
\x98H\x90o\xd5\xb8b\x12\x8a\x07\xe6\xf4\x06\xa1\x17o\
\xb6\x9c\xe4\xb0\xe7\xb83\xd6\x82\x09\xf5\x18}A\xbc\xc0\
\x5c@\xdc\xc6\xba\x82\x138\xd4\x96\x22|\xcd\xb59\x0e\
!\x08\xd4\x06\xe0\xd8\xd8\x83\xcd\x1bb\x80\xc9\x1d\x12\xc2\
\x10\x90\x8a\x90~\x19\x82\x0c\xe6\xa7b@\xd2\xa5Gs\
\xb5\x9f\xf1\x02]\xed\x13\xbcB-K#\xb3\xc90\x00\
l+\x8f\x08\xf6H\xb5\x83\xa3x`\x86%ALy\
o\xe9\xdaI\x1dT$\x80\xe3@\xb20\x8e\xea\xf9\xd7\
\xa8s\xdc,#\x00\x1b\xbb\x8a\xc6U\xeb&\xa8\xe0\x0d\
i\xb8!7\x8aL\x82\x0e\x86\x83\x1dM\xf4\xfbh{\
\x84&L\xc1\xa0\x86\xbc\xc31\x92\x15\x05>\xd1\xe8\xc5\
\xcc\xc6\xc2\x8b\xb0\xfd.c\xac\xad\xb4B\x90R\x91\xbb\
\xd1\x94\x10h]\xc2\xda!s] \xc9c\xa3>t\
\x15)$\x83p\xbb\x8d\xbcE\xcd\xe1\x18\x8e\xf5J\x1e\
!A\xb4\xe3\x87\xfdC3\x9b\x06\x0b\x1c7\xb49\x99\
\x18\xbee\xdf\x07t\xc1\xaa\xbc\xc1\x0e\xa1\xce\x8ao\x0c\
l\x86(\x13u\x0c\x1a\x12\x17\xfc(}\xfd\x00t\x00\
\x94\x0e\xf6\x99\x17\xb4\x09\xe2E\x0d\xe6\xdeS+e\x8d\
\x0c+\x04\xab\xbc\x98e\xa2s\x0a\xd1\xfa&3v\x1b\
2`\x87:\x1e\xe2\x05\xce\xf0'\x07[I\xb2 \x81\
\x04\xda>\x17S\xcc\x11 \xbd(\xcf\x98\x96\xd9\x89\x8d\
A\x09\xf6\xc2C\x90<K\xa8\x220u6\xea\x08Z\
\x02\xf6\x10f6\x87\xe9\x11\x10<O\xe8\x84\x22PT\
;\xa1\xa9\xa0\x22\x0f\x83\xa1\xbd\xe1\x8c\xbe\x1e&V\x22\
\xd4.f\xbd\x8cE\x86\x182\xe3i\xc3\x87P\xc4\x08\
\x0d8\x1cD\x93\x91\x89\xb4\xc3\xecK\x1e6\x88\x0a\xc8\
1b\x12\x9c\xe6\x0dG0\x90u\x00\x88W\x05\xa1\x08\
\x1c\x11x\x81\x10\x90\x08\x9e{\x96e\xdaUC\xa26\
\x9e\x06\xe3\x91\x0e_\x0b\x8260\x86\xaa\x1dC\x01\x85\
(I'\xa0\x11\xd8W\xb6\x14\x19n\xf9\x94\xcc\x9d[\
\xd4\xb4 \xc6 \xf4\xa6\xbe\xe7Q\x98\xea\x08`\xc16\
j\x09\x14BJW\xb8\x82L\x0eJ\x02\xab.!=\
\xd7\xa0H\xa4\x1b\x8d\x1c\xc9w\xa1\xec\xd4\xa2\xd3\x88a\
%@\xe0\xab\xdadt\xf1I\xee\xfd8\x03\xb1\x89X\
\x16\x1dh\xae\x96\xdf/\x102m\x8dp\xdet\x01\x00\
.\xe3\x9dGT\x10m\xc4\xd8\xa3}\xe0\x1bX\x10}\
\x84 \x14G\x89\x94\x09\xc0\x10 d\xd8\x22\x08m\x98\
W0\xd8\x87\xf1\xea\x04\x0dT\xdf\xb8!\xd0\x9a\x15-\
\xda:\xc3\x12\xb0o\xd1\xc2%ho\xd5f+{L\
?8p(\xc2\xf8\xee\x13p\xea=\x04\x82\x92\xbe`\
\x9dk\xf1\x00(\x08\x1cvd_\x10\x84`\xb4\xca$\
\xe9\x90\xd5\x04\xc2X\x88\xb3\xb5\xa0\x01BJh*\xf5\
\x11h\x10\x0eA\xbd\x1d\xa1l\x95\x06q\x08D\x84\x96\
\xf0\xe6\x1aPW\xd6R\xefB\xe4@\x09x#\x00>\
=\x0d\xd4\xdc\x10Z\x17\xbc<\xdd(\xd3\x01\xbc\xef\x0c\
F\xab8\x87\x1am\x9d\x14/\xa2\x01,\x80\xcd\x0cA\
\x00\xdb\x03\xff\x00&\x167\x0a\x82\xac!\x09=!a\
\x06\x08b\x903\x0e\xc6\x83b\xa9\x10P\xc0\x04\x02^\
\xdc\x88iW\x18*P\x1f\x10\xbc\x8c\x9c\xd7\x0a\x18D\
&\xf0\x14\xe3\x1e\x223\x05\xd1?\xbe%`\x03l\x91\
\x87Q\xfe\x00\xdb\x98w\x0d\xc6\x0f\x88\x80\x22c-\xa7\
\x0d\x8a&\xcf\x89\xb4s\xef\x06\x8d}\xb3\xf2\xab\xf3\x1f\
_\xeca\xc2\xdf\x91\xd2\x97p\x84t\xc6\xb2*\x07\xe7\
\x888\xae\x02a\xc7\xbb\x08\xae*\x11^\xdd-\x0c2\
\xbd\xe6\xfd@\x22%\xe1\xf9\xc1\x86XL\xc1k\xb1\x82\
\xe0\x03CN`\xcf\x86\xee[6S\xd5\x85\x83\x09\x93\
\xf5\x83\xa8\x89u\xd4\x1c\xed\x09q\xb8,m\xed>\xde\
\x85\xa3\xdc\x10f\x1bE\xb5\x10a\x0aT\xf0\x01\xc4A\
r\x14\xed\x0c\x08\x08\x90\xc0p\x99\xc6\xb2\x19\xc6\x08\xaa\
\x85\xb9B\xe4fN`\xf7\xda\xd8\x7f\xc2\x00\x13X\x83\
\x03C\xdap4.7:\x86\xbdAbv\x00\xc5\x1e\
\xd0\xde/\x22\x94\x94\x13(\x99L\xc4\xda(a\x01K\
\x1a\x18a\x833\x81\x06\xd32`\x1b\xb7~\xa3P\xba\
\xc3w\x0av!\xf5\x88\x5c\xa4&\x97\xa1,g\x18\xd5\
\x92\x07\xa0\xb9\x09\x81B\xf4 \x01f/C{\x16u\
:\xed\x0a\xabm\xff\x00M\x09\xbeL%\x81\xc4\x11\x90\
\x8cH\x9c\x99\xbe_\xa0\x99\x11Z\x1cB\xbc2`2\
\x94\x08s\x08\xc0\xd5A\xc1B)@\x94v83}\
\x0d:\x87\x7f\x11\x86\x00\x07\xe2 \x00\x1d\xbd\xd0\xd8\x94\
f\x10\x85\xe4j2\x17\x98-\x22\x88'\x04\x5c\xe8\x0e\
\xab5^\x81\xa0\x82\x09B\x0fn\x14\xb0\x17\xf2\x84.\
\x08\xce\xdca\x9f\xdf\xf6&\xe0*\x03>\x1d\x9d\xcc;\
\xd7\x18aC\x00~\x81\xa1$\x99\x84\x93d9\xb2F\
=R\x5c\x94XF\xcb\x80\x85\x0a-\x06_Yd\xc3\
\xd9\x0b\xb1\xa6\xdd\xfa\x99\xc9\x93^\xa6\x01\xde\x15Q\x91\
5\xf66\xd0Y\x0c\xc3\x9e\xb5\xad\x97\xcc`\x18#\x91\
\x0e\xa6\x0a\xcf\xa3\xed\x01\xcc\xca\xf1\x09\xa7AC]M\
\xe0\x87\xd1\xb4\x1a.`\xf2PQ\x86\xc3;\xae\x10\x84\
g\x98\x16\xd9\x10\x1c\xc6\xbet\x0c,\xda\xa2\x09\x08\xa0\
@`\x0a\xe3\x94\x05\x00\x87\xb2\x97k\x86\xbc\xf57H\
-\x0aJ\x02\xa0s7\x85 \xb0mK\xf5\xccl\xed\
\xbe`\x16\xcb\x08\xdec\x15\x0a\x81]\xba\xf3\x0e%\xc0\
\xc1\xcc\x02\x1e7\x83C\x0d\x07g\xbe\xe0\x94\xb6\x0d\xac\
x\xd4a\xc3\x05\x037\xd2\xc8C\xcbo>\x91\x140\
0\x82\x97\xb5h\xc0\xe7\xe9\x0c\x02\x10\x06\x94\xcb\xbf@\
\xfa\xc2\xd5\x8d\xee\x00\x157\x03g\xeb\x01a\x5c:\x88\
6\xd6\x1e\xfc\xc1\x0c\xea\x07\xe9\x19.\x84\x22\xee\x96\xc0\
H0f\xc7\x13\x94\x00T\x10(=\x8c{*\x5c]\
B&\xd3\xa83\x02,\x03\x01\x0a0\xc5J\x8f\xd8\x87\
\xb4\xa01\x8b\x18\x87<\x08\x08\xf9\xcc7M\xc4\x84\xc5\
\x8c\xc00\xa9^cSA\x17c\x1a4X\xa8\xdfM\
\xa1H\x5c\xc1\xd0\xe8t\x06\x0e\xba\x9c\xc1\xb6\x1a3\x80\
\x18\xf1\x02\xf4 b\xed\xe8\xad\x04\x1b\x87\x88\xa4\xd9Q\
\xa7\xbdv\xe2\x1d)J\xd0c\xe0f=\x0c\xe9\xa10\
\x94\xd9\xb6\x86\x15\x04\xd7\xa1B*\x04\x11H\xc2\x90\xbb\
\x97\xac\x0a\xde\x15\xdb\xd3({\x01YB#>\x82\x16\
s\x06a\xf0\x93\x14\x0fQ\x92;\x04Bi\x94\x10\xe8\
]]h\x023\xbc\x1cIg\xf7\x88:U\xa0\xaa}\
\x18a\x8aj\xe62\xd0B\x98\x0c\xbd\xc4@9\x7fO\
hn\xd2\xe25\x8f\xe3\x10\x8a\x95W\xe6\x08\xf4\xed\xc1\
E4|\xa3\xfe\xc1e\x18\x02\xc7\xdc8\xe8 Kc\
\x92\xb28\x95\xa4\x02R\xf7\x10\xa1\x86m\x9dv\xf5m\
\xc2\x0d\x86\x030H\x14q\x04\x00\x1c\x01\x8f\xd3\x00\x91\
#sd\xe7\xcbp2\x91\x96\xd5\xc47\xf0V\xc8G\
N[\x8d\xd4$6\xd0\x96\xe2e\xf3x\x05\xc0 E\
\xfc}\x95\x0fr\x99\x01\xb1G%\xdc\xdf\xa8S;6\
\xd4\x80\x0c\x04Eu\xdf\xa0\x18\x05\x93\x888\x1c\xc0A\
\xf0c\x13\x88l\xc2$6\x11\xef\xc8\x19Z\xc7\xe2d\
\x1b@\xa1\x87K]A\x98\xb6\x8en\xa26\xfc\xc1\x11\
\xa0\x81\xa0;<\x91\xde2D\xb0\x02\xe3\xa3\x0eS\x10\
\xd1\xd1\x86\xa0P\xf2\x1d\xaaW`\x81\xa6Ef.\xc1\
\xc5\xe0\x13_\x12\xd0\xe1*rq\xee\x0f\x83\x8f0\xd7\
\x85\x0d\xc1\x95m0G0\xa0\x12\x1e\xefx\xc3$>\
\xbb\xc1\x97\x80\xa3\x95\xb2!T\xb8PN;q\xd3\x82\
\xe8\x0db\x0f\x1c\x84\x1a0\xc4\x9cA\xa0V\xd4g:\
\x18\x870\xd5\x5c\x0b\xb3\xdc9\xeeRRw\x81\x92\x22\
\xc3n\xf4u\xd1\xd7\x04\xb3Q\x8f\xb0\xa0\x10I\x88V\
M\x98\xd3h!H\x92\xf4\x0d\x8f0\x17G\x02\xde\xd0\
\xe8#W\x1av\x00\x7f\x7f\x8d6\x8f`\xfe\xd1\xc8\x88\
\x1fx\x09\x1a\x9ev\x800\xc1\xe6\xc57\x0e\x85\xafj\
\xb8\xa0U\xb1E\xab\xfc\xc3\xa1-d\x00\xd0\x94\x05n\
\xe0\xd0\x00\x0e\xddK\xc7\xf7\x0b\x09\x95p\x1c\x04\xa0\x08\
]\xc1\x8c\xa5\x05\xad\x97\x02\x0d\x05\xf6\x875\x88tz\
8\xa5zJ\x0cb\x0c\x856%\xd8\xc4&\x99\x16\xf0\
s\xa0\xe0\x184\x01\xfa\x83\xfa \x12\x16APD\x04\
\x01^p \x8bO\xbe\xa7R\xb7\xc4\x0c\x99\xdbp\xb2\
\xc0\xa8\x0c\x17*\x80\xee7\xad8|F\x00\xc3\x00\x97\
3\xe2\xc4nk\x91\xd4:\x82\xd4\xf7\x98uV$\x19\
\x8f\xd0\xecE&\xa0\xc4\x04\xa4Y`\xc4X\xaa\xdfN\
W\xb48\xd5A\xd4\x08\xda\xa128\x1a\x88S\x0f\x87\
\xa0\xcc^\x98\xc2\xb8K:\x83|!\xaf\x10\x91\x82?\
\x98\x0f\xc4$t\xa06\xd9\x1d\x9c\xb8l\xa2Fc\x98\
\x99D\xc2m\x0c\x1fB\x12\x14 \xca]\xea\x16\x05\xed\
\xea6\x0a\x88\xe3A\xa0\x82\x17\x8c\xe3\x177\xd0T'\
\x17\x14\xed\xc6\xce\x9b\x0ekc\xe6\x1e?\xe5\xeb\xfbh\
Re\xef\xaa\xa3\xb4\x19\x82\x02h#h2O\x07\xad\
\x01%Y\x85X\x03\xcc\x0f\xee<\xc2\x0a\xd8\x5c\xef\x09\
V\xe8\xc9\x15b;\x94\x90\x8d\x06A\x86\xc9\xf9B\xca\
v\x10\xa7G\xd4u\xe7\xc6\x9bjt$D\xb3\xa0\xd0\
\x8b[\xcbm\xb4\x09\x17\x98.\x01\x0d\x80\xd8A\xa6\xfe\
\xd0m\xc4\xca\xe2:v\xb8>A\xf9\x84\x5c)\x98 \
%\x04\xb5B\x0c5\x83\xb8LbMC\x136Tr\
%\xd8#\x011E\xee\xab\x81\x93,\x07\x18Y\x18\xe4\
\x03\x813\x1a\x93\xee'7\x11\x00Cr@}\x99\x0a\
\x13\xc7\x227PS\x97\x12\x9d\xca\xecP\xe0\xb4\x01\xc5\
\xe8\xfd*X\x03nC\x16|\xd4\x94\xa2r\x11\xb3V\
6b9\x89\x92v\xfbC\x9d\x0c!7\x0a>\xd0n\
\xba\xdcb\xc3\x81x\xbf\x1e\xd1'\xc7\x09\x0b\xd081\
\xf5\x9bw\x14\x18\x8e\x0a\x96\xc2\x0d\xde\xbb\x80\xc6\x7fm\
\xbeL9\xea\x082&\xd0.X\xda\x1cNG\x97\x9d\
\xf4\x05\xd0\xd4\x19\x88\xc3\xc4#`\xa3\x880|\xa0M\
\x89\xc5@\xd5Te\xc8x\x80\xe8\x0c\xf7m\xf8\x81X\
\x90Ig#\xdc\x04\x06\xb1\x983\x86`\xd0\xce\xe8g\
\x9f3,BEsz\xb2E`\x1fn\xa1\xe1\x02\xe8\
\x12\xcf\xbcP\x10\x8bb\xeea\x99A@\x8d\x83\xfd0\
\xc1 \x07cb\x18\x88\xca\x10O\xb4\x9c<\x09:\x1a\
B\x17\x19Cc\xb01gOe`\xb0\x17\xe4\x89M\
\xe0\xa3\x18\x02q\xfds\x04u\x01\xa8q\x01\x960\xec\
\x08\x00\x16s\xfdC\xa107\x12\x87\x802\xf7R\x84\
\xe8!<\xc2\xa5\xa0\xa0\x1d\x86\x98\xd0\x92u*\x90\xda\
\xfc\xe8\x0a\xf36Mc]\xc2\x09\x01\xc8\xd0iGl\
\x0f;\xe8 T\xc8\x9c\x01\x00F\xc3\x84\x14\xd8\xdce\
a\xe2P\x8a\xa8A\x85L\xf5\x1e\x92I2`$\xf6\
\x85\x08\x97\xb7\x10\x1b Xo\xe6\x1f\xa4\x16\x16\xf1\xcc\
\x01\x0ch:\x82\xd2\x98\xbb\xae\xd3\x0fH\xde\xae\x06Y\
\xb8\xe1nM\xd0\xac!\x14\xa1\xde\xab\xd0rU\x09\xb4\
4\xa8L\x82\x88\x00\xb2`\x03\x08\x0b\xeb\xb8\x85\xb3\x0f\
\xa4\x06}\x08Oi\x02\xd4\x93\xe3\xc4-\xfa\x14\xf8\xa1\
0\xfa\xfe\xfe\x8a\x10FKb\x973\xc7\xac@M\xb0\
Fw\xd4\x0c\x82c&2\x18s\xab\x002a\x91\x9f\
\xcf\xaa\xf7\x0cL\xca\x05\xcd\xfco@\x91\xb8#\xe4\xcb\
\xb8\x13\xb1\x14\xadr\x0e\x03\x0bw\xa0\x9c\xae\xe6\xca\xac\
\x03\x0a\x1f9T^#\xb8a\x12c\x00\x94\x08\xde\xb7\
\x0e\x0b\x00\xb0\xaf\xa8\xee-\xa2\xee\x10\x90\x85\xb5v\xee\
\x18`\x83\x09p\xbf\xc4\x03\x94/\xa4!\x15\xad\xe1\xf0\
\x96eL0\xe2PX!\x1bY\x1f\x8ec\x91Y\x80\
o\x01\x07\xa7\x88\x98<\xcb\xa1\xa3\x98`\xda1MN\
^\xcaf\x98>^a\x084\x06W\xa5\xa1U\xb1\xf7\
\x87\xca\x0e\x820\xca=9Y\xd0\xc3\xe8:\x94\x22\x0c\
Cp\x08\xc5\x1b\xd8\x87\x22\x02\x0f\xd1\x99\x82` 6\
t<\x1d\x8c\x16P\x83\xad\xba=\xc3Lw\x05\xbc+\
\xe5\xd4\x1fH\x80\x85\xb9\x08\xa8pa~_\xe3AX\
L2\x0e!F \x84\x01\x22\xc8\x95F\x8e\xac\x07\x90\
\x11\xbaN\xe5\x8fo\xea\x22\x86\xa1\xb2\xf7\x99\xa8\xbb\xe6\
\x12\x00\x1ew\x84v#\xb2T\xdfp#\xef\x89\xb2\xff\
\x00\xd9\x81$\x00\x08\x0aM\xe1\xc0\xa8&\xd3h#F\
\xa3Td\xb1\xd87=\xc1\xd0ew\x12\x1aq}\x18\
N\x80\xc7\xaa\x86o\xa6\x0cA\x84\xbf\x156\xd0\x1b \
;\x86\xaeB\xf8_\xae\x12I\x930}\x9e\x8d\xe6\xc5\
\x06\x18\x8a2>\xc8[n\xc9\x05Z\xf3\x01\x12\xa3o\
\xc0\x8d\xf50C\x85i\xb4.\xcc\xed*\x11(\xc4\x16\
HP\xd0\xfaL\xce\x1f\x8b\x87\x185s\x1e\xd0\xb5T\
`#\x94U\x84\x5cDK\x84\xb1\x88\xa9\x16\x0b\x0a>\
<F\xc5\xa1\x0c\x07\xa1A\xfcR\x13\x01\x08\x86%\xae\
\xcf\x10\x87\xbe\x90v\x01\xa1\xd5\xc2HF1\x17%\x0a\
\xd7\xe4\x99\xf7\xa8J\x1c\x10\xd2\xb8\x83\xd9\x12\x03\x9d\x00\
+Ar\x827\xd1\xc7\xf6\xf5\x00\x12\xe0\x11\xb8h\x22\
\xb2\x0a\xda~\x81\x8fC*V\xa2\x1f2/\xb2\xc2\xf5\
\x94Q\x00w<\xe8F\x1f\xf0\xa2\x9e\x80]4\x00\x0d\
{\xc1\xa6\xc6\xb3\x01\xf4;\x9foA\x8c\xb8\x1cM\xb4\
\xac] \x15\xdbZ\xca\x8ad\x98\xf2.\xe3\x83\x9e\xa1\
\xe4)\xbc[\xa1\x0dA\xb8\x0c\xf0\x10)<\xdb\xcb>\
\x04#Ku\x07~:\x83\xfa0\x80N\xce\xe8!\xd1\
\xd5\x0fg\xcc\x19\xcc\xcb0\x9c'A\x9b\xc4$\x00\x19\
\xf2\x8cc\xd9\x81\xa9J\xff\x00\x87\xb4\x18\xbc\xd87\xf3\
,w\x00\x14\xe6r\x08\xdfo\xef\x10\x84\xba\x836\xbc\
FH\xcf6<\xc0\x9b\xb8Y-\xa3\x97h\x09^\xdb\
z\x0f\x8dh\x04\x0b\x90\xabS\xaa\xdb\x0d\xc9\x09\xb6\xa4\
\x06\xe1\x15\xfe\xd0y\xd0%\xb4\x80\x1b\x98b\x00DQ\
\xd0\x87$\x83\xf3\x13\xc2\x1f(Y\x1c\x18\x14\x91<\x8f\
R\x83\xe1\x88x\x95\xe3\xcfpP\x1e\xe2&A4I\
\xa8\x00\x92\x86\xca\xa5\x90r\xb6\x19|\xf3\x0c\xdbx\x08\
(\x9ea\xf7\x80\x90\x06\xcf\xdb\x98,{\xb9#\xe3\xdc\
A\x12\x22d\xd9\xef\xea!\x9c\xb2 q\xf0P\x05c\
\x8d\x18s\x8a\xd2/\xda\x1efiB\xd7\xb8\xa5\x86-\
\xb8\x03!'\x7f3n\xa1\x99~Q;\x01\xde\x13q\
6\x7f\xec\xe0`1\x13\x02\x1a\x184c\x14\x0aq\x0a\
\xd1\xbb=\x88=\x02\x02\x86\xc2;\xeao\xa1\x86\x00I\
\x0c\xfa\x80\xb0#\xa6\x05n#\x9a$\x03x\xafP\xa7\
,\x8e \xa64\x0a\x8b|\xc3\xa0\xd3\xfa8-\x18;\
6'$\x98G\x1a\x0c6@\x1eL/!R^\xf8\
\xd4\xc2\x10$\x8f\xa4\xac!s\xbd\x13\xef\x0f4\x81b\
\xcc\x1aF\xdfH\x1b\x97\x01\xc3\xf3\x8c\xf1\x0c\xd5`\xa1\
,\x11\x19\xbd\x02\xbe\x82\x10\xc0H3\xed\x001\x02\xa7\
\x88/B\x043\xc0\xc4\x0d\xd6`\xc8\x09\x03&\x0c\xe6\
8\xf1\x07\xa3}\x0fz\x84\xa3h\xe9m\xa1/\xd19\
\xa1\x13\x08%\x18&L=\xb5:\x9cj\x16\x8fJ\xf4\
\x04\xa1PX\x98\x0c\xfa@f$\x9c\xe5\x9d\x8fC\xe8\
B\x01\xab\xcc-F\x01\x8b\xb4,\x993\xcc\xd5\xa0\xb1\
``\xf1\xa8\xf59\xa1\xd8\x19\xb4\x1b\xf3\xea\x13\x7fM\
\xd5\x22\xa1\x04}\x01g\xb9\xb4\xde0\x13\xa4g\x98K\
\x87\xd04\x06\xb43\xb3f\xa1]\x00\xa3\xf9\x8f\x87\xb0\
\x99|\xc8\x03\x10\x02X\x1bFP\x9b\xc2\x10@\xbd\xce\
\x1f\xacNF\x8d\x8b<D\x8b\x91\x03\xa1\xeb\x10!\xc7\
\x06\x02\x9c@SP\x92G\x98\x0c%\x06e\xf8\xd4\x5c\
'\x9cO\xa0\x8b\x98Z-\xe0\xf3\xa8D\x81\xfe\x1c\x15\
\xablo\x05\x83\x84\xbd\x97\x04T\x020\xe46.\x00\
\x856\xa76\x80n\xc7\xc4\x5c\xeap\x00\xce49\xf4\
\x9d\x80{\xf4\x12\x00\xb6\xc2f\x8d\xa3\xae\x10 W\x98\
L\x02A\x0e\xdf\xdc\x04Lh\x00w\x04\xb0';\xc0\
uNx\x87\xf9\x0a_\xe7\x00\x15\x07\xee\xbc`w\x87\
3\x9cL+\x98!K\xb8\xab6&\x06\xd1U\xda\x06\
\xdc\xf5\xf4\x83xmq\x16\xdcn0R\x92\x97*\x0c\
N\xa2\x00\xe0\x9c?q\x12,\x00\xaf\x89\xe5\x84\x11\xb3\
\xb8q\x0eIo\x09(\x832\x8b\x08W\xf4b\x15\x9e\
\xe0\x86\xc0\xf6\x1efe\xe4K\xfb\x9b\x82\x9c\xef\x05\x94\
\xd0\xde\x10$\x05\xa6\xf0\x8aD\x1dF\xcb6\xf5\x0a\x13\
\x0a\x06\xda\x8e\xce\xde6\x9c+\xf0\x1f\x03]\xba\x82R\
s\xa7\xd2\x18}A\xcd\x00\xf8\x19\xa8\x14\x07\xb9m3\
\x06\xee\xbf02\xee B\x010s\xa5F\xa0\xd4p\
\xea \x01Vi\x1b\xfd3tn5t\xff\x00b'\
\x00\xf5\x07\xd2m\x0e\x8e\x0b\x14T%\xbb\x8d~\x1a\xf5\
\x01\x06\xe2\x86\xa9\x1b\x0a\xa5\x10g\x08\xc2\xf4\x04b\x1b\
\xf3\x04W\x12\x88\xda{+\x84\x22,B\x1a\x86\xc0\xc5\
\x08\xdf\xa0M\xfe\x07\x94\xc2\x1fN\xfa\x1b\xa8\xcbQ\xcf\
1\x15\xe2n\x0c\xcd\xb5\xc3RT\x06\xba\x86\xddA\xd9\
\x8a\x8f\x1ay\x88\x85\xbb\x9bA\x9cj\xdd\x0djw\x1d\
\xd8\x97\xba\x9e!\xfaz\xc6a\xc4\x81Kg\xde\x1c\x94\
*m\xdc\x09e\x84\xbe6\x82\x10\x099`J\x1d\xfc\
LU\xb79\xeb\xacB!B\xae\xf2}\x22:\x03a\
\xeb\x13'\xd0\x08\xecW\xa0\x9b\x05\x99\xcc\x94\x03H\x00\
\x95\x02\xd1\x83M\xc8\x02\xc8\x12Z\xbau\xa0\x80\xc2\x95\
O`x\xd4\x0d\xadS\xfb\xb8\xa1\x123\x08\x17~\xc1\
\xe6\x08@\x8b\x90\xfe\x89\x80\xf1d3\xb9\xaf\xcc\x10\x7f\
\xc8\x17/G5N\xc5\xc7p\xcd\xba\x80'p\xf8\x85\
]\x86\x0a\x871Q\x87-\xc71AqB\x0d\xcc\x84\
\x18\x00jY\xff\x00\xb0\xb7\x82\xdd\x8d\x84G\xd4:X\
\x0cLHl\xc7\x1ebV\x05c\x00\x91\xbf\x94}\x18\
\x9bc\x91\x1d\x9e!\xcc\x01\x95\xbc$\x83F\x18\x82C\
\x15\xf5\xf1\xeb\x14t\x10\xb6?\xc4\x19\x88R\x01\xa5\x94\
!\xb1\x8eh\x0e0\xf7\x98\x1a+\xf3\x0d\x98@\x11\xb0\
d\xdcB`\x04\xb6\x0cl\x10\x95\x1dh\x8a\xa1\x00\x8e\
w\x84\x89\x99\x81\x81\xa0|@\x881\xce2\x80C\xfa\
\x87\xbc'e\xaa\xd2\xb7*\x96C\x94\x5c\xf2\xf2\xe1h\
\x1d\xa5\xa0\x0b\x0f\xdb\xfb\xe6%\xd8\x04\x01~Q\xe0\xb7\
\xde|{J\xc2!CD\x8aQ\x12\xa1FN\xef@\
\x18\xa0\x17\xd8\x10C5Hl<\xf3\xf6\x8e@\x8bg\
v\x9bJ\xa5\xe8\xb3$\x15\x19d@\x1e\xf7\x0e\x82m\
\xe80\x83C\x9fO\xde\x10\x141P`{/@\xcc\
&\x1a\xb3\xb5zM?(%Kb\xc7\x1a\x09\xb6o\
\xd3\xf4\x9e\xcf\xb4\x00\xe0\xb4`\xfb\xd2\x9dAn\x9c0\
\xe1\xe9\x1d\xc6J\x83\x91\x15Q\xc3\x94b\x1d\xe8[\x99\
\x18\x9fM\x0cf\xf4\x99\x83\xa8Q\xd2\x88\xc4\x16\x19q\
\xd2L\xd0G\x16\x86\x0fC2\xd0A[\xd0\xe4\xf1\x0e\
4^#@l\xf37P\xc0\x02\xb37\x86\x82\xe6\xf0\
\xe7\xd6\xb4Q\xeb\x83\x0d\xe2\x1c\xf7\xfc'P\xa5\xe67\
\x81,\xdc\xe7\x7f\xe5\x01Y\x85\x04=b\x0d)\xe6\xa6\
\xf05\x18\x81x0\xc0\x17\x17\xe6\x19P;B2p\
Dj\x14w\x02Lc\x0a\x1a+}\x0e\xa3\xd0h\x90\
\xc1\xd1\x9d\xa2\x00\xe0\xbd\xbfC@a0\xa3\xc3\x93\x10\
\x8c\xc3\xcc\xa5\xde\x88-\xf85\xdam\x19\xe3\x8d)v\
\xe6(\x19G\xef\x12\x99h:\x12\x14\x19\xc6\xd0\xe6\x18\
\xf2\xcb\xae\x83\xfe@\x0e\xf8\xe8\x06|C\x9dL\x14\x82\
\x1cN 48\x0c!\xf3.\x1f\xe3\xde\x1c\xf5\x07\xd2\
\x1f`#\x06\xe2\x15\xd1\xe62\xaczD\xe0\x10\xd0+\
C\x01;\x08K\x91\x1d\xf60\xd7\x88\x0d6\xb5\x0c;\
\x88 f\x19\x09\x0b\x19\x88\xd3\xd8\xfa\x9eD~\xd0A\
dU\xba\x86\x17\x00i\xe4\xb7p\x85g\xa9s\xd4B\
\xe4\xecB\x12\xc6\xd9\xc0@\xa6\x83\x1ea4%\x9e_\
\xea\x02y\x8d|\xc4a$ow\x04\x05\xabn\xe1\xd4\
h`\x83\xeb\x00j\xec80\xfa\x06\xa7B>=\x02\
\x1c\x18\x90\x96G>\xd1\x1a\xd8;Y\xbcz\x8e\x05\xb8\
\x18\xacC\xe82\xbb\xc6\xa4d6q\xa0\xd1\x00\xfdN\
\xe2\x88$t\xc2\xa1.u\x0b|@w\x88\x03\xad\x04\
{h\xc0\xe3g\x05\x19S\xb9c\x8d6\xfe\xa0\x81\xee\
j}\xa2?K\x02\x01\x00\x9c8\x89\x05\x93\xea9\x87\
\xb8\x01\xb1+\x98%\xa6\x17\x9d\x14gG\x9d\x03Q\x09\
k\xa0\xb4\x10\x8d\x05\x83\x152<z\x09$\x0b%c\
C\x9e\xe40\x90\x22V\x803\x06\x87:\x01\x1cA>\
^a\xf4\x89t;\xb8j\xa2\xd4\x82\x0c\xb9\xe7M\xfa\
\x802\x03\xcf\xb49\x84\xf1z\x0e\x8a\x01\xde\x0e\xd0\x00\
\xa32wh\x83\x91\x9b8\x9b\xc3\xe9#\xf8\x03\x00\x92\
~\x11P\x0d\xee\xfb\x99@2\xf3Xz\xdb\xe2*\x9e\
\xd0\x8a\xd33\xe3A\x11\xf0\xee\x22\x9b\xdd\xab\x10CQ\
H{\xde3\xb0\xb5\x02\xe20t\xa7\xb2\x82@\x01l\
\xf0`&\xee\x18\x8bbj\x12\x00\x15G\x06#@;\
\xd0X\x9b\x08x\x95b\x00\xaeh\xfd4\x12\x5cVW\
\xc4Z\x96\xba\xfe\x0d\xa6\x22\xd6\x8fp\x897>\xfa\x88\
\x09R\x84\xe5\xf80\x12\xe1\xd3\x063\xc8\x89\xd301\
\x86\xe5\xe2\x5c\xa9C\x10\x5cF@8\x01_\xcc3\x84\
*\x0b\x1f1z\x01\xf4A\x80\xa8\xdf-\xee\x1f\x04\x00\
)\x9e\xcee\x02\xc2\xcb\x98L\xb6<L\xac`\xcc\x02\
\x05@\x8c1\xc887H]\xc4$\xfd*\x12-X\
\x08\xbd\xd4&\x0d\xc8;N\x19s\x05L\x09\x13\xb0\xd9\
\xf1\x1d\xf4u\xfb\x7f\x06\xd0+v\xf1\x1f\x0fH\xd3\x94\
2\x96\xfe\xb3|\x1d\x9e\xf0\xe7\x1f\xc0t##A\x09\
'1\x18\x0e=\xbd\xa2F\xe2B\xac\x91\xcb\xde\x01\x1a\
\x06\xdc\x87\x80\x87\xe0]b4Pv\xd2 ~!L\
\x11\x82S\xd1q\x10\x89\xbd\xac\xc2\xe1\xc9\x85R\x16\xae\
\x12\x18\xb6\xc47n\xf4a\xf2u0\xe6\x07\xbd\xc3\x9c\
\xcaZ\xe4o\xe2\x02\x12\x11\x0e\xd3+h\x010M\xea\
q\x03\xd0:Q\x93\xdbA\x03\x01\xb9\xf6\x9e\xfa8\x8b\
0\x05\xa7\x9c\xcd\xb4p\xe2\x10\x89\xe1\xd6\x87]\xbb\xd0\
ht\x09\x8bZ\xd4)\x95\x8d\x011U\xa7\xdaYR\
\xba\xd1C\x80\xe9\x01@\xb6\xfcC\xa15\x08g\xcb\xd4\
\x15\xb7\x8a\x99\x12s\xa9\x85\x90\x1a\x87\x90\xfe\xfd\xfa\xc0\
\xd9\x1ayHHmZ\x84\x9e\xe7\xc7+\x1c\x1d3!\
\xc5(\x033#}h`f\xa7\x1es\x0f\xa9C\x00\
%\x8c\x16\x0fE\x97\x0a0 \xcc\x1e\x80\xc5B\x11\x01\
c\xd0f\xd0\x05ei<\x04\xbd\x03\x87%\xdc\x06\x88\
\xd8\xc1j@\xf9\xf9\x9b\x8cA\xc1\xc1\x0e\x0a\x1fa\xa8\
\xa1\x93\x95[\xdcP\x96\xb0\x96v\x04\xff\x00r\x97P\
\xe4\xae\xe2\x04\xec\x88\x81\x85\xb1\xb1\xb4\x22\xdc@\xe8\x0a\
9\xfb\xf5\x0c\x027\x9d\x05X\xc835@\xfe\x05\x0a\
k\xf6\x97\x5c\x0dj\xacY\x8b\xb1\xde\x85&\xe6\x13\x03\
\xb2\x16T\x80\x05}\xfc\xc2Hv\xb0\x83\x86\x00\xce\x81\
g\xac\xc2]\x90\x02\x1e\xee\xe1\xf9\xa1w\x04\xe5\xfd!\
Z\xfdf4!\x9f\x98DY\xa0?b\xe1\xb2(U\
TL1\x1a\xbd\x81\x9d\xce\x9d\xbdPD\x83?#\xda\
\x15\x00\xd6ve\xbe\xf1\x1c\xd4F!\x88\xb3-\xe8\x7f\
\x94e\xed\xbcv7o\x0f\xfe \x1c0@\xc6\x02\xe2\
<\x1c\x12\xc4h\xce\xb53\xc4\x0e'\xde\xa29B\xd0\
\xc1\xb3\x98'\xdd--\xa1\x06=\x01h!\x11\x924\
7\xf1\xa8\x0e\x026!\xcc3,\xf8\x84p`\x1eK\
\x80s\x93\x07\xa0\x91\xc2)\x06D\x02\xc0F_\xfa\x80\
\xeeW\x03\x00e\xa8\x18\xa1\x0f\xbc\xe685PzF\
\xa6\x03Q\xebQ\xa8\x04\xf1\xb3\xd0\x92S\xbd\x08\xdc\xbd\
\x08\x00\x0c\x9d\xa6\xee\xa0\x85C\xc8~\xb0\x02{\x10a\
#\xe9\x02\xd7@Y\xf4yt\x09\x01\xe6\x10\x8e\x83\x15\
\x8aqVo\x88}\x01\x22\xce\xd5\x0a\xa5\x9d\xe3t\xc8\
(sm\x10:\x80\x86\xcea\x0e\x11\x9c\x5c\xc2\x9b\xdb\
T\x1c\x0c%!\xe5\xb8*!\xf4\x00\xe7=\x8dI$\
\xde`\xe8\x5cFL\x14,\xe4@D\x82\xf4\x12\xe2Y\
\xf1\x08\x9e\xfb\xf86\x9c\x93\xef\xd1\xf7\x9cK+\xbd\xde\
\x82\x8d\xf3\x06\x0e\x0d\x9e \x80\xeb\x94t\x8c\x03\xa0&\
\xc0\xc0T\x04B\x12%r1&@W\xa2\xd4\x03\xdc\
9\x86@Y\x87\x10\x84\x9a\x88\xf5p\x01n\x0d\x05\xa0\
&\xb7\x80I\x16 \x02\xe0\x119\x81\x0c_\x22\x0f\x13\
\xab\x80,\x1f\xb1Fm\xe3\x90\x02\xc2\x0f\xa4b\x012\
H[&L\xc3cW6\xab\xccE\x18\xa7W\xe7P\
\x0e\xccM\xb4\x1f\x10\x85\x02_\xbca\x01\xef\x88*\x80\
Y~\x11k\xb1\x03\xc0\x19\x830\x0a.kg\x1dy\
\x03\xd0\xab\xa4\xf3\x05\xb1@\xdb\x98\x0dl\x99\x0d\xd0\xf6\
0S\x16\x01\xf1G\xd8\xfa\x00f\xb3\xfcG:\xd4\xe2\
\xb7\x11\x0a\xed\x83\x08\x00\xee\x18@d\xc1\xa9\xd5E2\
\xd0-\xa1\xf8\x9d\x10\x9c\x1e\x83\xee\x07h\xc5\x0c\xf0\x14\
\x1f\x08*\xacu\x03\xf9\x87\x10\x06\x04\x87p\x96d\xfa\
\xea\x15\x0a\xda\x15\xed\x1d\x89\xb7\xae\xcc\x07\xd5\xcb(\xd1\
p\x872\x8co\xaf\x94\x10\x01\xdb\xfb\xbb\x84 \x04F\
`\x85\xfb%\xa0\x87\x09\x88 {B\xf8F\x10\x00\xa9\
|\xd4\x08A\x96\x88P\x8e\x03\x07\xb8\x1e\x80 \xf7\x01\
#\x11\xaf\xd0\xcf;(3\xdc_\xc0}\x06\x1d\x5c\x14\
\xadX\x06\x19\xb7Z$o>\x80I0a\xe7}p\
\x83\x07P\x1f\x99e\xa8\xd8~!\xd4o\xea\x12\xc2\xec\
]\x9f\xe1A\xae\xf8\x8dJQJP0\x82\x88\x07S\
d\xb9\xe2\x08\x13Q\x8b\xd4\x01j\x07q\x00\xee\xf7J\
\xba\x10\xa62\xc0\xaa\x1dO\xd0s\x0bh\xa2\xdc\x92\x11\
\xf4\x06\xc6N\xc7QF\x17\x9f\x13~\xe5\xed\xe46|\
i\xb7^\x80E\xf1\x1b0x\xd6\xa5\xedk*\x1d\xd4\
+i\xc8-\x83\xa1\x14\xccR\xc9>\xe7\x88H92\
\x0a0A\xddI+\xf3\xf4\x00\xb7\xa8KG le\
\xe3\x86O|\xc3\x91\x07b\xa1\x001\x04\xce\x09\xa2\xfa\
\x88(C\xac\xfb\xc2\x06\xfb\xa5\xe2\x00e\x8a\x5c&g\
\x08\xd9\x93\xc5s\x0a\x17c\xa3<\x02\xc3\x07\xc4 \x8c\
%\xff\x00p\xa1\x92\x99.}\x0a6\xfd\xa3,\xd4&\
\xdel\xaa\xa5\xd6\xc1\x8c2L\xb8B\x85\x05B~\xfd\
\x81\x06\xd4K\x82]\xe0\x8c%\x83\x9a>4T\x0dx\
\x83\x04\xa1\x01\xd9\x98\x84`\xe0\xcf0\x1b\xc6\xd03\x09\
\x8d\x80N t0\xb4\x0c\xcd\xfa\x80\xd9p\xa0\x86\x8f\
\x0e+wgA\x98\xcdd\x1c\x83\xf8\xe2\x1f`\xa9c\
\xa6\xdf\xc8oA\x11\xdd\x8d\xe1N\xc4U\xe9)A\xf1\
\x01\xcb\xa2r(\x04\x81\x1d\xc0`\x82\x0cc\xbd\x02\xb8\
\x9b6\xd5L\xf1\x09!\x09\xc3.X8\x880\xc1\xcc\
x\xd3\x8e5u\x09\x83\xb0\x8a\xe0\xc2\xdbC\xb7\x8d\x00\
X\x08\xdf\xa7\xda\x8cS\x9b\xc0\xad\xf1\xa6\xcd \x99\x9c\
\xe0\xf5\x98H\x14\x1fQ\xc8\xea2\x0cP\xc0\x80Q\xbf\
@&2\xb3\x18\x9e\xe2@\xb2\xa2I\xbe\xa33e\xfc\
\x02\x0fR)\xaa\xd4\xcd\xa1\xf4\xfd\xfdE\x02v\x13t\
\xc1\x84\xc2\xdf\xd3S \x99'`\x7f\x08\xc1\xa1\x1d8\
0\xc2\x86\xe3.F\xc1\xef\xeaP\xe2\xdeo\xa1!\xd5\
\xcab\xe8o\x01\x87\x02\x162\x8f7>\xd1\x1c\xa1@\
\xf7;\xc4\x00\x80 \x86@\xdd4\x068\x22\xce\x10\xc5\
\xa6\xda\x0d\x15o/:nh\x033\x22\x82{\x7f\x01\
d\xb3\x99\xbc1Ks\xf4\x13\x89\x12\xb8\x12\x8a\x08*\
\xe3l\xaf0\x11\xb6\xca\x8b\xf63{z20p\xa8\
\x02\x00c\x16\x1e\x99fY\x0b\x95\xec\x06C\x03\x98\x10\
\x1a\x16\x16\x82\x0c\x88\x18\xa1\xd1\xda\x03pI[y\x85\
&\xa1\xa8\x0aX\xd0\xa0\xdf;\xe9\xe6;\xad7\x83q\
\x98\xd4\x903\xe7\x0af\x1e\xc4\xa58W\x98\x5c\xccb\
8\xf7\x8f\xd0\x04\x97\x88`\x051o6\xd3mIv\
\xc4B\xadP\xc4,\x06X\x9ev\xfe\xa0\x1f1\xed\x81\
o\x0e\xe0\x05\x11\x14U\xa6;N\x1c\xf7\x0b\x98\x008\
\x04Lz\x13\x06Q\xe6\xbf\x11\xe6s\x12\x8b!\xc1\x84\
_p\x80\xa7\xbd\xc1\xb8Pp\x0b\xb0\xe0C\xdc\x03\x09\
e\x98\x7f\x94hH\x1a\xa8B+}\xfa\x89P$V\
1\xe3@DQE*\xe3A7\xd3\x06\xc4x\xa0\xde\
t\x22@\x961\x18$\x98\x93\xf7\x83\xeb\xe8\xc3;j\
\x04#\x8bz\x1ee\xa4\xe9\xe8\xebA\xe2\xbd&\x09\x1b\
\x01\xff\x00}\x02m\xde\xa1\x93\x09\xe2\x00\x90\xeb\xa9\xb3\
q\xed\x9f\xf6(\x85\xb0\xfczF`[C\xe6c\xb8\
1\xff\x00\x8c\x92\xb56\xf4\x98u8\x0fX\x10\xe29\
\xd0\xe8\x00*\x11\xc8\x9e\x7f\x9a\x9cz6\xf5\x0e\xaf\xc4\
&\xe3\xc1{\xff\x00\x0b\xec\x80\x0c\xf4\xa8\xcb9\xd1\xc9\
\xb10P\xb0\x17\xf1\x1b2\x87B\xa1\xf8C\xfc\x9bD\
\xe9\x81\xe9a\xc1\x93l\xc1\x0a\x81\x9bz\x02\x81\xe7E\
\x09\x00\x09\x14q\x1b\xd9/\x0a\x17\xc4V\xd3\xb6\x84\xb9\
\x81^T\x07%-\xd5\xe9\x96\x18\xf2e\xb1\xd2\x98w\
\x92\x873b6\x99\xa1'q;\xc7\x5c\x06\xd0\xd7\x11\
\xf1L\xa1\x9a\x0blb\xa2\x14\x8dL\xcam\xf2\x82\x03\
\x88\xd8 (\xbd\x22-\x820=\xc0\xc6\xa1\x13\x04\x1a\
\xe2\x0c\xc0\x03b\x08d@L\xd63\xdcm\xa6Op\
\xcd\xc8*Z\x03{\xe1\x1f:\x0d\x11 \xc0(\xc1\x1b\
\xc21\xecp\xc7\x1b\x88\x7f\xd0\xf3\xf6B\x13\x19\xe6\x0f\
X\x1d\xa2@\xb5\xdf\xf0m\x07\x04\xea:\x956\xc4>\
\x83\xa6\x10&\x1e40w\x88A\xc0C\xbdE\x5c9\
\xebF\x8a\xd7\xfc\x84\x9e\xa7\x97p\xc0g\xf8v\x81\xb4\
S\x8c\x1a`\xb4''&L%\x80\xc4\x80\x10\x9c\xcb\
\x19w\xc7pO\xbfC\x15\xfap\x22\x0bf\x22\xf4\x08\
?\x98\xad\xbd':\x1d*K\xad\x96\xdf\xc1\xb4 \x0e\
Z\x18\xc0\xb1\x9d\x04$V6q\x93U6\xd0\xad\xa3\
\xc0\x0d\xff\x00\x80\xc2VN\xee\x1c\x98\x07\xa3!\xc4\x00\
L\x86\xda\x10\xbd\x00\x92\xa3zl\xb7\xfe\x1c\xa1\xc2\x92\
\xf9\xf4\x1b\xf5\x1dA\xa9\xb3\xe8\xa0\xfb^t\x01\x9e\xe7\
\xc5\xa1C\xdf\xf1`\x95DY\x9c\x22\x0c\x10\x1b\xa0J\
\xfb\xa2\xd8\x04\x1d\xb8\x88\x84@\x98q3\x1e\xea\x19&\
\x19\xb8\xc7\xa5B\x80c:\x10\xb3\x98\xa8f\x0e\x07\x8d\
F\x0c\xde\x1c\x95\x07\xd7C\xea\x09\x8e7\x87B\xa9\x1d\
J\xa4\x15\x5c\x01{\x86;\x9bF\x85\xdc\x8c\x0b\x18L\
\xe8t\xa0\xdf\xec\x96^\xfcFH\x16\xf1\xa1[hK\
T(m\xa6\xda\x10\xb7\x15Y\xc1\x81\xc5\x0c\xea\x7f\xeb\
\xd5\xbf\xf1\x88\xa0\x07q\x0eK*'a\xc4$H\xe8\
@\xd9\x0c\xad\x0fx\x08\x90\xe1[kKC\xc3\xa9\xbd\
b\x1d;\x0e\x09A\x0c\xf1VL|\xc0D\xa1:a\
\xec]\xc3\x9fZe\x95(\xc4\x02\x84(\xe2\xa3\xe3\xd1\
\xb6\xb4\xb17la\x0b\xcc\xdb\xd5\xbe\x81[\x1b|A\
acY\x8f/\x81\x11\x16\x8bU\xec\xe7A\x1d!\xa8\
?\xf5(tA\xe6ea\xc0\x08\xf5\x08\x0c\xacjS\
\xa77\x94\xbb\xa8s\x09\x0d-\x08\x02;\xf50\x18\x80\
\x5c?\xc0\x8c:\x12\xb0\xc76d\xf2\x8a\xf57\xee\x02\
\x98\xd8\x0d\xde\xa1\x03chs\x12\xa1\x0c'\x88\x18\x00\
\x84zT$\xc3\xe5Z\x91\xa6\xc7\x9d7\x98\xd1<-\
\xb6j\xa2\xd0\xd9\xb8\x04_0\xb9\xd1\x00\x87\xce\x88\x83\
\x04\xdem\xa0\xd3~^t\xa1x0\xe7Bf\x18\x82\
\x09D^\xa9\x80\xa4{<\xc2\x1b\x10\xea>\x10\x00v\
\x878\x1bD#0@\xb6c\x10\xff\x00\xb9\xb9\x18\x0b\
\xdaQ\xcb\x86\xe4 \x04.\x05\xfe!~\xfa\x077\x86\
\x19\x8bP\x02%\x80\x17\xb7Px\x0fC\x0b\x16\x1eX\
0\xe1\x0e\x07\x03\xd2t+\xf7['\xccB\xba:g\
\x06\x0e\x82\x1163|z\x84j:\xf8\x02\x12\xcb\xde\
g\xc1\xf4\x1d\x06z\x8dW\x9d[\x1b\xc2\xc0\x92Y9\
\x83C\x9dD\xdes\x0c\x90\x021\xb8\x8c\x0bl\x03\xfc\
\xe2\xb6\x86lfG\xe6\x00(\xe2\x05\xe5>\xfa*q\
Q\xb5\xa8\xcf\xa2\xc2\x05\x8a\x89\x07\xf3\x01\x17\x803\x0d\
\x06(\xc2B\x11\xab\xd1.\xa6\xde\x9d\xb4`\xd0\xb1\x96\
\xdd\xcf\xb6\xa4\xd0\x17\xbc$H\xe7\xd7[\xb2\x8f\x05\xef\
0{\x80\x9b\xbd\xa1\x0d\x88\x18\xbd\x87\xc7\xf5\xe9?\xc9\
\xb6\xbbz\xf7\x87\x03G\xc7.Yg0\xc4/\xec\x8a\
Z\x1cn4\xca\x18R\xef]\xa6\x02y\x01\x9fI\x1b\
\xa9\xf5\x7fM\x00G`\x7f\xe4)\xd6!\xe2\x04{<\
C\xe9!Va\x9cI{\xbd\x1a\x83Q\x00X8\x8d\
t~\xca8\xff\x00F\x85\x9c\x99Q ,\x85\xc2\x91\
L\x89.\xa6\xdd@\x09\xd0\x0dro\xbb<\xcbM\x07\
\xd2\x14i\xc1\xd9\x9d\x90&\x19\xd6\xe1z\x9e5\x11V\
\xaf\x98b\x8bE\x0c\x14\xff\x00c\xb41B!,\x0c\
C\x07\xbc\xc3/\xdbP@\x82\xef\x08\x5c\x04\x12,\x93\
\xa9\x05 \xdd\xb12\x8e\xb45\x83\x03\x0b\x99O\xbe\xb8\
\x5c3\xeb\x84\xe5\x02\xe5\xaer\xca\x0eVE\xe6\x09\xb7\
\xf7\xc8p\xe6\x12\x08\xb1]\xc2\x00\xa1Hs\xd4$\x81\
\xda#1\xe8s\x08n\xd9\xf6\xe2\x1b>_\xa4D\xc8\
1\xc6\xa2\x81\xa8G\xf1\x88 \xc0\x0f\x98 ,\x13\xeb\
\x07\x10\xdcY=\xf1\x18j\xbfG\xd3B\x13\x90\x0c\xa1\
\xfaz0t\x19\x81\x8b\xcc\xc4\x19\xb0\x03\x07\xfd\xa8H\
&\xff\x00\xc8# \x22\x8e\x0a\x1c\xe8xu\xb4\x00\x0d\
\x98\xe6g\xcc\xdbA\xf5\xd4\xfa\xc6t\x84\x10C\x1a\xf8\
\x11\xa2\x09\x10o\xe2\x0f\xa1\x19\x87S\xa3b\xcb>\x9a\
\x1b\xff\x00x!^6\x871\xd1\xfa\x80\x02\x1c\x8f\x88\
\xabA\xfcl+\xf4\x08h\xc0k\xd64\x08}\x07\x8c\
T\xe6Z\xb7\xce\x84+\x92\x8f9\x1ec\x22\x1d\x19\x80\
:\x04\xb1\x0c\x1am\x9f@\xdf\x1a\x1c\xc1\xa9\x10\xbc\xfd\
51E\x93\xd3\xd1\xc9\x98\xa0\x00Ja\xcc\xc1\xed,\
h\x1f0\xb9\x90\x16xF\xe9\xb2\x1e\xb17\x9b\x08\xdf\
=z1\xac\x9b\xf6\x87T\xce\xe5(\xb5\xb7\xfb\xf4(\
#&\xa4\x5c0B\xee\x08\xf0\x86\xd1j\x5c\x19\x9c\x22\
\xb7\x93/K\x13[\xcc\xa1\xce\xb6\xadQz\x0f\xa8\x19\
p\x18\x0c0\x0b\xb8V&\xbe\xf3\x81\x00\x0b\xb6\xe5\xc2\
\x98c!\x8d\x00\x82\x04\xa9e\xdc\x11!\x95\xbb\xcc\xde\
?CR\xe6\xfam\xa6\xda\x8f\xa1\xea\x15\x0e\xbb\xc6/\
\xaf\xe0\xaeV\xfaj\xc4\x06\xd8iK\xc3\xe0\xcc\xdf\xcc\
qhI\x1e\x08z\xa8\xb5G\x92\xd7{\xc4Fv:\
\x95K_\xa1\xe9\xfb\xc2a\xbc\x02=\xf7\xf4\x0f\x1a\x0c\
\xc0H}\xe6\x05\xa8\xf2\x8c\xef\x0efa&\xba\xc4\xda\
\x1c\xf5\x05\x1cM\xe0\xd1\x10\xb42\xc9\x98V\xda\x17\x0d\
\xf3\x07\xa0\xe8IK\x19\x86\x90\xa3\x88m-\x8b\x82\x00\
\xcc:\x83\xf1\x05\x1c\xb1\xcf\xa8g\xa8h\x91a\xa9\x8d\
\x99a\x10\xc1\x9f\xe2\x05\x1cC\x7f\xc5\x86\x87\xd4\x12\xc4\
\xe6@\x83\x9fG\xb4U6\x80^\xa3\x11\xe1\xb3\x80\xa1\
\xa0$\x81\x10\x8a\x08\xe0\x18>`\x08\x14\xe2o\x08\xc5\
\xc3\xd4\xb9(\xab\x144l\x12D\xb0:\x15\xd0\x11\xa7\
8e-\xe0\x08\x5c\x10\x0d\xa1\xcf>a50'^\
P\xce7\xd4Gz/?\xc0\x18\xf7\x04\xe2\x0bp\xde\
o\x09%g\xd0\x1bC^LC\x08E\x1c\xfa\xc1=\
\x96\xf7\xdao\xdc\x84!\xb1\xbc\xad\x85\x00\x096\xf5\x86\
\x84E\x14\xca\x10\x093H=\x81\xe2\x11\x14\x0c`\xec\
\xa1\x8a)\xb7Z3\x130\xd9\xb0e\x14A\xa0\xa9F\
D\xc0\x87\xb4\x01l\xa8~\x90E&\x89\xe9.\x80\xb4\
\x19\xad\x91\x84E\xe9`'cR\x15q\x0f\x85\x8dB\
\xb7\x0e\x9eC\xd2\x13\xa8\xa5\xc8\x8d\xfc\x98\xa0[.\x0c\
\xf5\x0ea\xf4\x11Se\xb7\xa8\xfd?\x8b\x7f@$\xab\
0\x92~\x5c\xb5\xd4\xe3\x81\xfc\x19\x9bw\xa8&\xc2\xaf\
\x1abe\x10\xae\xd1=\xe6\xeasx\x22\x9cp\x18=\
\x0a\xa6Q\x0d\x04Ox\x1c\x05\xc2\xc1\x80\x89\xc4h\xb8\
Db(\xac-\x9f\xf3\xb9\xba6\xbe\xf8\xf5\xef\xa1\xd2\
\x8f\x22\xc6\xe0a\x1f\x10zO\xa02p\xff\x00\x1e^\
\x95\xa0\x1f\x1f\xce\x01437\x01#\x15A\xe9\x12\x07\
\x17\xd4$\x931A\xdcb/\x0b\x09V\x08q>k\
\xca{@\x0b\xb0\xa2\x06\xad\xa17\xf4\x8b\xad\xe1\x22D\
z\xbc\xfa\x04\x04$\x87`s\xbbs\xbd\xe5\xd4\xcd\x16\
 \x97\x0e\x81\xf9\x82\x00C\x9e\x22\xe2cxs\x0b\x80\
\x84\x1d\xf6\x80\xacH{\xbd*n}N=\xb4P\xc5\
\x16\x8a-D\x0d\xcd\x80\x1d\x80\x9d\xa1\x82\xc2\xc5LK\
\xb0\xcex\xd0\xff\x00\x0f\xde\x10!\x1fz\x88\xca\x870\
\xbf\xc4\xd8\xa0^\xbb\xc5k\xf0p\x19\x0d\x15\xa1\x15\xa5\
!2[\xa5(\x03\x11\xf2\x8b\xf8\xc3#\x81\xb2\xd0}\
e\x0fc\x8d\x18\x81\x8f\xae\x878\x87M\xbd\x06\x0a\xc2\
\x9a\x8c\x18G\xa1kS\x81m\xbc>\x82j\x95z\x85\
\x9b\x04#M\xff\x00\x83\xef\x19@\x97q \xd0]G\
\xf4\x82h\x849\xb8\xed\xc1\x00bjA0\xfc\xa1\xa7\
p\xdb\xe2 \xd2\xee\xa1\x93Z\x08\x87b\xa0\xecp\x9b\
\xb8\xb5\xff\x00oB\x13.\x1c\xc3\xa1\xf4\x0f\x11V\xa3\
C\xde\x808\xc6\xa1\x02\xa6P\x85\x17\x8fW\xde\x1c\xe8\
\x07t\xa2\x07\xab\xc4\xaa\x8d\xbd#\xeb\xa8\x13 \xcc\x00\
<\xed\x19-\xbf\x88\x8fO\xdad\xe0\xf8\x7ff\x0d\x00\
\xb8\xaf\xb8\x08\x82KA/\xe5\xfc\x02\x0c{\xc8\x19\xc1\
P\x1f\xcb\x9eu\xf5\x1c\xc56\xf4\x0ah\x04~\x1c)\
.\xcd\x8e\xe6e\x01\x13\xcf\xa4\x0c\x86\x8fq\xd8Fd\
\x9bm\xbd6\x8b\xf8\x149Y3\x8a)46\xd0f\
\xbf\x94@\x5c\xad\x0c1d\x0c1\xc4\xc9\x95>\xfe\x9a\
\x90*\xbe\xcf\xa0\xa3\xd5j#\x13\x07\xb8\x00\x12\x8b\x1c\
\xc03\x00\xb8\x89X\xb9\x9fJ\x8a\x0fS\x13\x10\xe0p\
\xfb\xa1\xfazD\x88)\xf3\xdf\xa1j\xa2\xf4\xed\xa2\xd0\
E2\xbcC\xea?\xe9\x03+\xd4F\x9b\x7f\x08\xd41\
\x0d\xf9\x10\x12\xc4\x002\xd88A,\xcb\xaf0M\xf5\
#R\x10\xcc\xf3\x0b\x8d0*\x86\xd7a\x7fSv9\
\xe0\xbf\x10B\xb6\x0a\x01\x0ea\x96\xa0_p\x91 \xbf\
B\xd3s\xd1\xbc$w\x80\xdc\xec\xae \x1d\x07\xeb\xa9\
\xde\x98\xc6\x80\x13),\x12\x0a\xb7\x80z7\x9dj!\
w2\xac\xc1*v\x99\x5cT\x94d\x22\xcd\x02\x1e\xc2\
\x11\x04?\xc0\x18\xfai\xde\xb5?@\xb7\x8d\xa1I\x8b\
\xfd:\x0a8c\x88<\x80\x1f\xea\xe1Hs\xbc\xdaQ\
0\xc7\x1e\x80\xaei\xc4\xe3\x98\xbd(\x0aG\xb45\x08\
\xf0P\x07\x01\xb7\xdeo\x0f\x8a\x89\x1f\xa9\xc7\xa8ah\
K\x11]\x99\xf6\x88\x8d\x16\x9f\xf4\xe4p=\x87\xdfS\
\xebP\x90\x17\xec\x0ew\x8d\x14\x18\x0b\xbf\xd3\x0e\x8a-\
Cy\x8a)\xb7\xf0\x11\xa6\xd1\x7f\x13\xec\x0d(a{\
\xea\x13\x0f\x13\x22\xb52\x86m\x81I\xc4\x5c!\xba\xf2\
\xe2\x10\xa9$\x93f\xf4\xb2\xa0+A\x0e\x87\xf82G\
\x072\x8b\x8a\x10\x84ox\x04(};z\x00\x1c\xfa\
\xf7\x87:\x17\xfd?\x83c\xf9QN$=\x00\x8c$\
\x90\xa0p\x06\xdec\xd9\x840&\x07\x1c\x04\x0d (\
\x0cq\xe8^u: \x82\x82_'\x03\xbf\x8e\xf0-\
\xabe\xf4\x9bl\x84\x81\xbfQd\xdf\xa4\xe8\xb4\x1d\xfa\
\x87\xa3m<\xa6\xd9\x98i\xbfZ\x0c\x1b\x9cU\xcd\x8f\
\xd6\x1b\xce}\x00\xf4\x80\xde\x86\x0f\xa0B.Yc\x98\
\x7f\x94\x01Z\x149x\xfe\xe1A\xd9>\x8a369\
\xef\xeb\xe8\x19\x8a\x1fi\x00\xed\x9f(ue\x00\xdfx\
\x5c\xf0\x19\xf7\x86\x13E\xec\x8a'\xe8\x0f\xf9\x06\x8d\xe6\
ys\xea\x81\x0c\x83\x06\x0a\x87\xa6\xd7\xc0D\xdb\xfaB\
\x86\x01*\x90q\xbcKrMk\xb3\x84h\xb50\xbf\
m\x87\xb9\xfc\xc3\x1f\x22\xcfgs\x17\xa3\xccs\xb8\xb2\
<s=1b\x08\xd6by7\xa0\xf4-\x07\xf0\x8c\
\xc1\xa5\xb1~a\x005\x01_\xc2\x02\x858-z\x16\
\x1dzIB\xa1\xc1\xfa7\x84#\xc7\xa4E\xa0\x87E\
\x02\x85R\x04U\xc5QA\xc6\xd2\xd0\xe8\x01dq\xcf\
\xb4\xd9A\x98\xa2\xad\x00\x11i\xb7\x7f\xc4A\x1c\xeb\xdf\
:\xed\x10\xa4\x10\xe1\x9a\xd0\x8f\x8f\xe7>\x9d\xa9\x87\xe8\
\x8f\x17\x16*6T\xc4\xfd\x02\xe2\x0a\x1a\x18Ah\x18\
L'\x89a\x04\x18\xd2\xf1Y\x94P\xb8\xa6\x0erS\
\xc3e\x1e\xacJ4\xf8Q\x08\xee1\x00\xf4\x91CS\
\x98*\x0fH\xf5\x03\xf3\x08m\x0e{\x84\x1d\xe3\xa9\x9b\
@#\x08F\x03:\x11\x8e&+b\xff\x00\x81w\xe8\
1\xa7\xa8\xa7F\xbdC2_\xd4\x01\xd9\x87\xc5\x81\xc4\
\xfeM\xa2\xba1pV\xce\xbd\x14{\x0bn\xe1\x9ct\
\x03\x98\xb9\x1e\xdc9\x84\xf0\xdb\xa1\x0ej\xee9\xb0\xf3\
\x14\xd8K\xea\x18\x1cT\x97\xd5\xc1\xc2ox\x8c\xa8\x81\
,2<\xa8rx\x83\xc8W\x9c\xe0{\x0f\xbc\x12e\
5\x9c\xcaa\x03'Q\xdc\x00\xe97\x81_]H\x02\
\x125B\xa1P\xc4\x22(\x0a\x19 \x08\x04T>\xf1\
\x1c%\xde\xff\x00\xf5\x16\xae\x8c\x86\x83\xa9\xb7Q\xd6\xbd\
\xd7\xfcGO\xa2\x08\xda\x81\x8e\xcf\x1f\xf8\x04^\x86x\
\x9cZ\x106\xeb\xd1\xe4*\x8a((\xe1\xc2+E\xa5\
\x9c\xc6\xa6\xda\x0d\xe6/\x9f\xd3\xf5\xf4\x81\x0a\x0f/A\
\x10r1\xa8x\xd7\x02x\xd103\xb7^\x9f\xb6\x81\
\x93c\x0cW6\xef\xf8\xcf\xa8L\xb1\x01Q\x97Q\x94\
\xf1@+\xb9\xb4\x1e\x85\x0e\x87B\x8c\xb2\xee\x13\x22\xec\
\xb8\x1b\x98\x5c\x1e\x80\x11>\x88\xd0\x80u\x95(\x9a\x1e\
\xa7@.\x82\xf6\xfbB\xde\x7f\x83\x09\xbe\x83\xd3\xbf\xa0\
\x90\xd3x\xc8\xf8\x8f\xce4\x0e8K(\xc4`\x80\xc3\
P\xe8\x8e\x10\xe7@\x09=\xfa\x00@C\xe9\xdf\x13,\
\xe9\xb2\x84\x0f\x03\x14\xf8\xc3Z\x15\x0e\xa1\x03rX\x03\
\x93\x04\x8f\x18\x1eOg\xbfG\xb7kA\xe8\x1e\xa4\xd2\
\x83++\xbd\x96\x97\xb8L\xf8\x98\xf0\x80\x87\x08\x22\x82\
U\x0d\x8c\xaa\xbb\x81\x05\x96{x\x99'P\xc6e%\
\x0a\x1f\x90\x84\xc2\x93:\x18%\xc8\x8bQ\xb9\xeel)\
<\x01\xef\xed,I\x9bO#P$4\x9f\xa3\xdcW\
\xd6\x11\x06rG\xb8\xa1\x1eu\x06h\xa4\xde\x11\xa6\xda\
\x81\x12$\xb0H\x8f\xe9dol\xfc\xeaT\xa3\xd6\x89\
j\xa8\xf8\x87=B\x002J\x84jD\x02\x91@'\
\xea\x1f\xc2s\xd6\xa2(\x00\x1c4\x10\x8b\x84V\x86>\
C\xe8Wv\xc3\x1c\x88\x81\xde\x87\xbfAim\x16\xa7\
\xd4b\x0a/\xe8y\x8e*\xfe_\xbc\xc0/\xb8\xd1\x0a\
\xbd\x08\x8a:\x1eWs\xee\x81\xf4QI*\x1ceh\
\xa0\x19\xb0!\xd4Pu9\xf5`\x18k\xf5j\xa2\x8b\
D RC\xe6\x184\xdaor\xc7\xd1\xbf0\x82\xee\
\x00\x14\xdd\x80(#\x86\x01\xf5\xa0=\xe8B|\x03A\
\xa8\xf9\x80\xdc:@\x9fi\xb3\xeb\x06pA\x15\xd6\x95\
\x00\x92E\xe3t8gxpC\x88\x80\x03p\xee\xd0\
\x91\x10\x17\x16\xaa(D\x1e\xa1l\xee%LKsy\
\xdb\xd2=\x0d^\x8f\xaa\x0d\x0d\xc3\xa3\x22TX\x80p\
6\xf7\x87\xeb\xa8\xf1\xa0n!\x1a\x9c\xe8q\x8f}C\
+1B\x9a\x22q\x1c\x03\xf9\x84x\xc6\x86b9\x9d\
\x06\xd3\x22\x08\xf7?\x9b\xfe\x84\x1e\x91\xab\xf8\x82*\x01\
\x03^\x82(zY\xc0Xl`t\x13\xda\x01\x01]\
BL\x04\xc5\xa3U\xcc\xdd\x0ap`\x95p\xe8\x01\x0c\
\x03x\xd0&m\xed\x07\xac<\xc4}/@\xb4\xda\x18\
\xa2G\x10\x00|s\xa2\x81GX!\x8a(\xa6\xc4w\
\x9d\xf1\x09o\xe8U\xbc\xc3qE\xaa\x82\xde\x9f\x10\x0b\
\xd0\xbd\x02\x08\xa1M\x0a\x1dT\xb2\xc7\x98\xa2\xf4\x0a=\
\xa0r\x09\xfd\xbf\xc5\xe88CqA\xe80A\x08\xa2\
+\xc4UX\xf4\x03\x90go;\xa3\x16\xa0k@\x85\
\xa6\x01\xc9m\x06fP0\xa8(`\x19\x02\x8f\xfd\x9b\
\xc0\xb0\x05\x88\x22\x82\xa8U\xf9\x97UP\xf9\x96\x8bU\
\x16\xa4\x98hW\x8dT\xc2R\x0f>\x83\x98\x0e\x86\x11\
\xe8\x05BLQ\x9b\xc5\x976K\xd0\xcc (\x09\x80\
\x98\xf4\x16\x0a\xd0\xcc\xdcz\xc1\x12\x10\x91\x10E\xc1\x15\
\xeaJ-\x00d\x82\x82\xda\xaf\xac\x17\xf6\x01q_\xf1\
\x09R}\xf4\xc7\xad&\x17F!,\x80\xb3>\x0d\x07\
a\x06\xb4i\xc3Dw\x89o\x03\xa9\x00\xf0\x94:1\
0\xee\x11\xe4\x08\xa1&\xd1\xd0\x03PKt.\x0e\x84\
S\xdax\xd0iK\xb8-o\x05\x06]@\x08p\x1f\
\xb5\x0c\xe2C\xe6\x11\x08\x8c\xa2\xe6o\xdc9\xach\x00\
\xbc\xf5\x0c\x18\xee \x85\xde\xe2+\xfbL\x06o\x12\xa1\
\x89\x1f\x0f\xdd\xfaC\x88\xcd\x9f\x1b\xfa\xb0{\xf5e\x8c\
\xa5\xb9\x90?\xb8l\xf3(7\x14\x02\x0a}\x8dD\xdb\
\x11Q\x82\xd7a\x0d\xb7\x99\xb9\x8b\xb6\xd0\xd4\xf0C\x89\
\xc0f_B\x8b\x91X\x1db\x22\xb1P\xcc\xf2\xcd\x10\
?\x22\x10\x93\xb2<\x86!\xb8\x0c1\xb4+e\xc3\x8c\
\x5c\x00\x5c\xc7\x04\xb6\xd5B\xc0\x1c\x9bq\xfd\xca\xb8\x14\
\xaa\x084\x09\xbe\x1d\xc5m\x8f\xd4v\x19*rH\xa6\
\x07\x10\xff\x00\x00\xd4\xe6(\xbd\x0f\xecd]@n\xe1\
\x88vo\xa2\x8a-\x16\xa3N\xa1\xa3\xd1\xb3\xe4\xd7z\
r\xd1@4\xe4\xd0\x9fl\xfd\x0f\xd2/B\x8a\x14\xf3\
\x17\xa0@\xdb\x10\x5c$\x88\x80<\x1cC\xc1\xf4\x0a(\
\xae\x1a\x0d>\xe0c\x82\xdc\x87&\x82\x8fpR\x15\x1b\
\xb1\x04\xca\x83\x06]@\x05V\xc4\xe8l\xe6\x11ah\
!\xf7\x0a\xd0\x80\x14\xb1\x84\x0b\x0b\x1a! \x0eX>\
\xb24\x01\x0cs\x0dOj\xd30\x93\xee!0\xb7\xd0\
\xc5\x08\x81Q!\xef\xd03\x08\xda\x18B\x95-\x1e\xa8\
\xd4\x98\xe03.\xa1L= \x5c)\xbc\xde\x01-\x14\
\xe4\xa2\xd06\x86,7@\xb8\x10~\x9fS69\x94\
\xd8\xe5]\xce_Hu\x1f\xfb\xb4\x0a<A{\x13#\
3e\x0f\x0d\x99``aN\x04\xfa\x87L!\x96\xf0\
\x10\xad\xf8\x83:A\x09\xce\x8f\x12\xc4\x058B\x1d\xbb\
L\xcf\x01\x10\xf9A\xb0\xf7\x83\x1a\xa2\x14u2al\
\xd9\xee\xf4\xdcc\xc6\x9b-\xa0\xb0\xd1\xd3\xed\x15f\xe0\
,\xc6`\xa8@\x83\x05\x14T\xd9\x0ez\xdbDT\x0b\
\xd0BwSUN\x12NL\xa6x\xd8\xf0\xe7\xc9\xdb\
\xd6N8\x86\x00Q*\xb1\xa6\xd0f\x14\x95oC\xa6\
\xce\xe1\x1f\x11\xe4B\xce\x98\x84\xcd\x07\xd0P\x06\xf3x\
\x10I\x00B\x1e\xa1 \x04\x8a\xc2-\xa4\xda\x08\xbe \
&J\x10h=\x19\x0a\x015\xc4lj?-\xed\xf5\
AB\x9f\x09\x8dO\xc4\x0d\xb4 Tb\xdb#\x8f\xbe\
\x88!\xba\x85\x00\x820\xd2\xaeS9\xcc\xbb3,!\
\xa1~\x04\x22\xfa\x83m\x91\x01\xce\x853\xa1\xd4\xc4q\
\x06`\x06\x00\x93\xd0 \x8a\xb4\x02 \x83\x04<\x8dH\
@\x01p\xa1\xbc\xff\x00#\xba\x0b\xdf}\x16\x8a\x11z\
\x11\x00\x81\xeb\x12\x0bc\x1b\xc1\x15\x91k\x02\xcf\x98\xa2\
\x80\x15\xd0|\x0f\xd1\xc3\x99\xc9>\x1a/\x8d\x16\x9b(\
`\xe8\x18\xf7\x14;\x8c\xb1\xd6\x9bKz:\x01\x0e[\
\xc3\x9d\x04\x11/\xa0\x7f\xd4R\x0f\x81\xde\xf0\x8f\x9b\xdf\
E'\xd8=\x14\xb8\xa3\x0a\x1c\xc1\x98l\xb3\x9f\xe0 \
\x02-\x85\x16\xa8\x86\x12\x07\xb4\x08#\x80\x08\x99h\x18\
\x99\x0e\xc3M\xa1\xb4%\xc36\xd4Q\x8em\x00\x02\xe3\
\x89\x0e\x85\xb3\x9f\xe1\x06\x01\x09\x95\x84b\x8b\xd1q,\
\x12\x14\x8e^\xd3\xc4\x04\x93\xac\xa8$\x0c\xb7\x98s\x05\
h \x1b\xd8\xbb&\xff\x00A\xe2\x7f\xbb\x91\x07DH\
\xdd\xc7u\x9d\xa2T\xb8|\xdcpe\x04d\xed\x08D\
\xd9\x14\x1e\x1fx\xd3\x02\xd6\x8a\x8c\x10Z\xc2\x00\x84b\
R\xe4\xc6\xccG\x9e\xa1\xd0\x96\xed\x05\xe4\xa2%q\x9e\
\xd11\x011s\xa6a\xc2\x5c\x90]h\x0c\xa0\x0d\x9a\
\x18\xb4\x10\x82\x0d\xfa^\xca\x01\x1c~[CbNL\
\x7fT&\x0d\xe7D\xd8HEy\x81ym\xa2P\xe8\
\x0b\x0d7\x80A6M\xfc\x9e\x90\xa9\x0ad\xb7>\x93\
\x85\xb6\x85UAwF[C\x8f0\x00\xc1\xd8h1\
\x08P\xb5q*\xebU\xa0&<ft{\xc0\x09\x00\
\x18\xf1\x0b>`\x8c\x97KE\x08\x01\x07P\xdf\x037\
\xbf\xea\x9bE}C\x16\x84k\xb1\xff\x00\xce\x1b{\xd0\
\x999\x85\x1c\x17F\xb4Z\x19#D\x87\xe0\xcb\xb4\xdb\
\x10i\xb4R\x80\xf3\x09\xe42\x1cL\xe2\x19\xce\x01\x84\
E\x00\xc9W\xe9\x8b\x98\xa1\xcfz\x98V#\xfdG\xa0\
gS\x92\xb5\x10\xe6/Q\x17\xebQj\xa1\x16V&\
A\xb9\x9e\xa7\xed\x19\x96\x836\x1fG\xfc\x85\x128q\
\xc6\x85\x02&\x14\xa0a\xb0C\xa7\xc6\x99%\x06U\xf1\
\x08\xbd\x14Q\xe5\x86T\xaal\xdb#\x8e\xc5\xbf\x98\x5c\
\xc8\x89E\x0e\x87]\xb4&\x83\xd5\x83\x0d\x9et\xde\xf1\
\x08m\xed3\x95\x88\xe9\x85\xbe<i\xb4\xf1(!%\
\x9ec1\xa13\x9a}\xbdAp#\xe3E\xea\x13x\
u\x03\xd0\x89\x1c\x16M\xea@\x11\xd9\xfah\xa56\xd2\
\xc0\x82\xd9J\x0d\xf1K\x98p @@/\xe9\xe8\x11\
f\xfb\xef\x16C\xc8khx\xea\xe70\xcd(\x9c\xf9\
\xb8\x1a*\x06,\x07\xc1\x85\xa1B\x1f\x93\x08\x14\x912\
hj\x12[2\x80~\x9a\x1b\x13\x08\x00b\x00\x07\x1b\
\xc0`\xd4@fa\x96a\x86p$\x84G\xc4\x0a\x18\
\xf0\xc3\xa6\xd1T\x11T#\xe2\x00\xdc\xaa\xaf1\x8d\xea\
9:\x00[\x8a\xb4\xcc\xe0\x02s\x1d.0\x1cN\x8e\
\xc1;h\x11Ax\x80@[\xe0D5\xad\x9b\xcd\xe5\
f\x90P\xde\xc0\xfex\x89\x0b\x00X\x0d\x80:\xfe0\
4T\xc5\xd4\xda+\xee\x1d\xab\x1fY\x83\xd4\x88+\xcc\
\x11@\x22\x8aZ\xd1L\x22\x8a(\xc2\x84\xab\x9a\xca\x08\
\x12\xe6\xce\xa6\xc7\xbet(\xa1\x85\xa2\x8a(\xa2\x80C\
\x16\xaa\x03\xec\x8d\x82\xca\x0d\xda\x18U\x14\xb9\xc5J\x18\
\x02\xf4(\x04\xc0\x00\xf1\x88\x87&\xe2\x8a\x11Y\xe6\xfa\
\xd4\x88\xa2\x8a-\x0bEq\x5cQE\x14QC\xa0K\
(\xa0\x8a@Z\x1d\xa6!a0\xa0]\xb7\xc2\xf4P\
\xfd&\x12A\xe0\xc0\x1d\xb2\x8e4(\x11\xc0y\x9eU\
\x08\xd4\xb4}\xe1\x8a\x19$\xc3 \xdb\xba\x95\x7f\xf8\x05\
\xf21\xf1\x02w6\x1a\xa8i\xa0\x1e\x83\x14QF\x16\
\xf1V\x84@(r\xa6Sf\x830\xc0ny\x87\xa8\
p\x96\x5c4\x9fV\xa0\xeb\xbc\xc3W\xdfC\xfccB\
\xf6\x5cZ\xe1\x00\x8b\xf9\x83r\xae!\xf4*{zD\
\x1c\x06\x83\xdb\x80F\xe0_\x88\xe9%\xab\xc3\x91\x1eq\
\xe6p\xef\xe1\xecw\x8c\xd3\xa4\xe3\xa4\xb50\xbb\xc1\xb4\
\xcbi\xcey\xd0(\x18\xc5\x5c\x02\xd6\xfa\x80\x00\x82\x14\
\xe2\xe1]\xcb\x80\xdc\xd9\x18\x94\xb9\x82\xe1\xb1M\xb7\xea\
\x84\x5c1\x8c\x8c\xe6\x00\x01\xba\xf6y\xf4*\x1c\xb8^\
c@\x11\x1c8T9\x84h\xa1\x8b\xfbC\xeds\x0a\
\x02Y+\x02!\xa4X\xea-\xc2*#6j\xe5H\
\xfe\xb8\x07Q;4\xa6!\xd2\x7fgi\xf1\x04\x18\xef\
\xb3\xb9\x9b\x7f\x05yA6\x82\x1c,\x7fZ\x8d\x01a\
\xd3j+\x83\x90h\x14p\x8a\x1c\xc1\x98\x22\xa2\x9a\xa8\
\xa2\x9cR\x91\xc4QE\x09\xa7x\xc6\xca\xe6\xe6M{\
M\xd3~\x0d\xb4PCqE\x0c(\xb4a\x14\x00;\
\x15\x0d\x05\x01\xe2\x11\x14QC\x04S\xe6\x08K<\xbf\
\xea\x01\x04ox\xaf\xa8\xaf\xa8\xb4o\xde\x84\x95\xcc\x0f\
1J\x18@t*\x1f\x94P\x90\x1c\xfd\x94\x02W1\
\xc3\xa5\xb3\x81\xc4Sh\xb4(\xae`\xb7\xfe\x97\x89\x94\
\xd9w\x14Q\x88'a\xa0\x01\xa2\xebE\x14\x02\xaa\x19\
g\x00\xbf\xa8_\x84O\xddE\xaa\xa8s\xcb{\x90\xc1\
\xf5\x84\xc0\x1b\x0c\x0e4P\x0cr\x5c0\xa6\xcb\xdb\x1c\
u\xa2\x80E\x0d\x92\xb2\xb98=\x1f\xeay\x18\x1c~\
\xb1\xed\x09\xd8\x02\x04\x80\x1d\x95\x14\xdbU\x15\xc5\x14d\
\xd5A\x98!\x8a1\xd6\x0d\xcc\x09\x15\xb1\x80\xa0\x94$\
-6\xd0\xb0\x07\xa4%p=\xa1\xcf\x98Qn\x1b\xc1\
\xe4\xc6\xd0\xd9\x9b\x18q\xe84\xdbR+>\xa1,\xc5\
A\x10\x04\x80y0\x8b\xe7A(A\x07x\xaa`P\
\x9b\xef\xd6\xa5\xf2\x0d]LS\x10\x82\xcdh\x00\xe6,\
z\x12\xc8\xe7\x96\xc4\x00\xce2 ;\xe2\xf4 \xed\x8f\
c\xcc\x09\x17\x1b\xe0q\x14\x91\x06\xe7*\x00\x84\x80\x07\
\xee\x0c\x12\xb1\xc8C\x80\x8dY~\xde&Q2j0\
\x81\x04o+\xdfhAH\x8ch\x16\xfa`Y\xb7\x83\
\xcah\x8a\x98\xdc\x00@\x0d\x88F\xabP;#\x1b\xef\
\xd4\xc2\xc1\xf3\x1d\x93\x08S~\xe1\xbd\x0b\xd5\x08\x80\x0b\
\xa3-\xf6E\x14-\xe6\x02f+\xed\x0eO0\x00&\
\xa1\xa8H$w\xe2\x17@\xe2!\x1bp\x83y\xb3\xb0\
\x07'\xa1\x0a\xc9O\x977\xf04> \xa9K\x96\xf0\
\x83\xc4\xde\x12ls\xa9\x0f\x82\xde\x0d^\x9fx\x05B\
\x00\x0c\x9czl \x1e%\x05\xa8\xca\x95\x8d\x09\xb2#\
\xf6\x82\x0d\x00\x8a\x01\xa2\x8a\x01\x0e)|\xc5\x00\x82\x12\
\x86\x02\xfa\x1f1G'\x96\x82d\x81\x18\xb4d\x81\xd9\
C\xba\xe4;\x03\x98m\xccP\xd2(\xafQ\x1a\x0c(\
@5)F\x02F\xc2_\xaf\xbe\x85\x14P;@H\
\xb2A\xf9\xd0\x0d\xcb\xaa\x82\xd0\x0b\xea\x00\x10A\xfb\xa2\
\x8a(\xa1\x17\x04(\xa6\x0c\x02\x01\x14$\xe4\xc9\xa9\xe6\
!\xc4\x18[O\x05\x9b\xb8\xb9R6\x146O3\x96\
\xd3\x09\x94(HqE\x08C\x940\xb2\x08\x80\x8e'\
\xd8}\xe1%\x1a\x08DS\x9a\x16%\xa5\xb4z+\x10\
\xa2\x06\xdc\x89\xb3C\x88\xa6\xfa\x1fH\x80:d\x13\x00\
\x88\xfea\x22$,\x18\xa2\x8bC\x04E\x01\x92\x0b\x82\
l\xd0 \xed7\x810\xd9o\xf7z\x99B4\xdc!\
\x1f\x89h\x22\x86>2\xd4@\xba\xd0\xcc\x19\xd0\x84n\
\x00\x16fP)Z\x04\xecBS\x03\x89\xf6\x800b\
\xdbLDp\x8b\x84\xac\xc2)\x85\x17\x8c\xc4i\xdc\x17\
\x14Q@! \x1ad \xad\x14P\xcd\xb1\x0e:\x87\
4\xb3\x064\x10\xebeI\x08\xfa\x16) oF\x00\
)\x5c\x14\x12\xf6\x1eF\x00>6\x85L\x84\x0bY\x8e\
\xe0!6-\xa0J\x03\xb23EXA\x0e\xbemN\
\x1a\x8f2\x90\xe8\x80+\xcc+lGP\xe6\x03\x03\x10\
\x0e\x80\x1b\x88wv\x92\xdb+!P\x80\xbdq\x03\x87\
@\x09*\x8b\xdc\xf1/5\xa1E7\x88\xce\xc8\x08\x13\
\x14r!i8\xd0\xc1O\x8f3i\x8c\x13D\xa0r\
,\xef\xd1\x80\x9a\x0cJ\xd8V\xf3\x86\x8c``\x03#\
<M\xe1\xeaNv\xc4?>\x09\x5cT\x03.\x1e\x11\
\x85o\xfbO\xa9\x84\x9b\x12\xcf\xf0`\xf6\x8b@ \x8d\
\xdb\x00q\x06\x08P\xa1\xb8\xa2\x83\xe1\x07\x9bA{\xf3\
\xf7\x8a\x06\xf3\x06\xf1\x1f\xba(Q(\xb0]\xf0\x22\x8a\
(\xa2\x83Ah\x11]\x056\xeb&)\xeb\x0e\x000\
&\xea\xbd\x0a\x1b1E\x14?H\xb4a@\x22\x988\
\xb4\x0f\x1a\x0d \xac\xc3g\xc0\xb9\x96Bw\xee\x0f\xc9\
\x0c\x10A7\xbe\xa5\x92J\xd0D\x10+\x08\x85aP\
\xf0\xccW\xd4\x22\xe3=M\xc2\xb2\xc1d\x0d\xd4\x22\x02\
6.\x1b0\xc7\x81\xedSx\xa1\x11M\xac\xdco\xe2\
\x04\x98mP\xc3\xda\x1d7\x81\xa0\x09!\x00n\xa1\xb4\
^\x83\x10H\xbe\xe0V\xc6\xd5(\x0eU\xf1\xdc\xde\x13\
\x09\x1a\x18\x87:)\xd2m\x14\xa1\x82\x80&\x01\x08s\
\x14Q\x7f\x09\x80\x90\x052\xe2\x11\x11\xd0\xb3\xbd\x1c\x1f\
\xb6\x87\x13mT\x85(Y\x1b\xc2<\xc6xC&d\
\x118\x18\xc4#'0\x0b\xea-\x085\x94\x04P\x12\
\x5c\x1b\x5c\x08\xf14x0&\xae\x11\xc2\xafF\xda\x0f\
\xac$c\x14W\xa6\x1e4*[\xcc\xc6\x80H\xe0s\
\x00\x03f4\xb8n7\x10@b\xa8\x88\xac\x09d\x9c\
8\xc9Vq\x181PL0\xa2\x8bA\xa0\xa1;\x08\
A\x84:\x18D\x0cC$\xc2\x10\x1d\x8a\x83\x12\x96/\
\x8b\x84J\x8d\xfa\xc5\x0e\xf5\xc1\xfaN)c\xe9\x13f\
\xd76\x16.\x16\xa4\x1b.\xe8\xcd\xc4\xb4\xc0v\xf9\xd3\
\xdc\xb2\x0cC7\x02\x8d\xa0\x87\xe7\xd0Eu\x0a,\x90\
\x156\x1cv\xf3\x0co\xb7\x10\xc0\x1cL28\xd7\xda\
4\xa0\x070\xb2\x08\x84\xde*\x1c\x01\x16\x80\x83\x15\x97\
\xa2\xc1\xe9\x09\xc1H\x80\x06\xd5\x98'\x16\xc09\x032\
aaw-\xbc\xac\xc3g\xbdM\x0d\x9c\xecn!&\
`+<\xfby\xfd\xa1\x10\x86\xf2\xde\x18\x96\xe7\xb8\xcc\
\xd5hu\x02\x08\xa0\xa4\x11b\xefA\x8d\x06\x85\x8fi\
\xc0X\x07NU`\xaa\xbch`\x11Fp\x00\x13:\
\x01\x14Q@\x22\x8a(\xa1\xc4\x19\x8d\x1c\x02\x9f\xaee\
\xca\x1bhD^b\x1cE\x14Z\x14QE\xa8`\x02\
%L\xb9\x86\x14\xc4\xff\x00\xd7\xf4\xc4\xa0\x10@\xc7r\
\xcd\x08\xdb\xc4\x5cf)\x91*\x1cABb\x80j2\
j\xb4)\xf41E\xa0\xd3\xa8\xa0\x85\xa6\xda\x13P\xc3\
\xbeu\x16qE\x16\x87M\xb5\xe7R\x04\x030\x05\x92\
QU\xed\xa02\xefP=\xe0\x01\x1eV\x9b\xc2\xca\xb8\
z\x86\x8d\x83\xcc\x0d\x06b\xf9\xd5B \x84hdk\
\x0e\xe4\xf0w\x85\xe2b\x97a\xc0lG\x9d\x14\x06\x80\
\xbe!\xb5\xc1\x0a/H\x22@\x5c\x09(\x8c;\x82\xdd\
M\xa6TF|s\x1eF\xe1u\x07\x84\x13\x7fA\xc6\
\x80\x18E\xcd\xe0\x0a\x04;\xe1(;\x22\xa2UD|\
4y\xec\xf4ZmBeK\xae\xcf9\x84I\x07\x88\
z\xc0\xe8V\xf0\x81QA\x83<\xa2\x80\xdd)\x1c$\
G\x86=\x22\x1fB\x95m\xc9B\x11u\xb1G\xc1\x92\
}\xcd\xbd;jvv\xef7\x87\x04\x1bC\xb8\x06\xe8\
A\xdd{@\x87\x04&|T\x22\x1b\x0c,\xe9\xcc\x07\
\xd29\xa8hx\x86\x84\x11z\x0af\xe2 \xd8F\x1b\
\x01T\x1e\x01\xe7\x0c:\xefp\xc2\xe0\x11\xe8e\xb8\x19\
'\x9cK\x82XC\xb8\xb48\x15\xea\x03\xd4\xe1\xa0|\
O\x89P\xb4\x06\xc3@wB)\xed-\xac\xdbA\xf1\
\x02\x1c\x85\x05Q\xcfq\xa1\xd8y{\xe8/R\x88]\
\xb9\xe2\x15\x04\xbd\x08\xbe\xe0\x9b\x0c\xea\x1b\xe3Ez\xa8\
\xa5\x80F\xd0A\x06\x82\x14\x1a(\x04S\x0d\x02\x00\x8a\
(\xa0\x85\x82\xdc>x\x97)\xbb\xfa\x81\x80(\x88s\
\x14\x02)C\x807\xce\x83\xe3B\x81\xccZ\x16\x82\x02\
\x17|E\xa2\xa0w\xa0{+\xf0\x1f\x99\xe6'\xf5\xfc\
L\x22\x80X\xb0\xc6\xdc\xc0 \x10\xea1\xe0\x1b\xfa\xfc\
\xc3f(D*Q\xf8E\x14/1M\xa8\x8f\x98\xa2\
\x836\xa0\x06\xe2\xf4\x94\x1b@'\x03\xbb\xfc\x8c8\xa8\
tQE\x15\xc5\x08\xd5\xe6=\x14Z\x00\x91+\x01\xc4\
\xb1\xa0<C\x00\x1b\xe8Hv\x0b\xd0Q\x1d!\x06\x00\
\x86`\x7f\x1e\x95\xa2\x98u\x14\x11AH\x18\x0e\x16\xfa\
W\xe6(\x15\xd6\x9bw\x140\xea\x04t4\x11E\x0c\
\xde)s`\x87T\x00}g\xb4\x19\x0f\x13 \x86\x81\
\xf4\x18aa\xd0^\x84\x8eL\x09F\x1c\xa6\xea\x18Q\
\xfbL\xe1}\xe8{K\xeb\x88\xb0\x91\x06\xac\xd0\x80\x8c\
\x10\xad\x87\xe6\x00\x08G\xd8\xfe!\x04\xc4\x11\xb2\x06\x18\
PQ\x86\xd1ESh\xa2\xd0\xb52\xd5\xaa\x84\xd0B\
4\xc1\xf2PQ\xd0\xa47\xb2\x16\xc0\xf3\x8d\x02G\x9d\
\xbd\x0a\x01\x18\x84\x1e`\xcc\xabe\xbd\xa1\xf1\x00\xa9O\
\xf7\x10\xaam\x92\x19N\x1e\xbd\x19'\xcc|\xf3,\x04\
\xad\xfe&\xc6\x83L\x12\x07\xae\x22\xe0HT\x80\xc29\
A\xee\x96\x14\xc4\xa5\x83\x82\x0d \x226\x8d\x0e!\x80\
Q\x87S\xb6\x8e\x05(\xe3\xd2\xa2\xd1C\x80\x14\xb4\x8c\
\xfe&a\x0c\x80\xca\x02\xc8\x18q\x8b\x8b\xa9\x9e`!\
\xbd!2\x818JF\x97\xbb\xc2x`t\xc0\x1d\x0c\
\x10\xff\x00\x09C9\xa8!d\x00M\x0cB\xb1\x98\x04\
)\x07\xb8\x11\xbd\xbaC\x83B\xbc\x15\x8d\x04\x01\x00\xd0\
\xed\xd0:\x16\xa6\xd7\x8d\x0ae\x16\xf2O\xc41YB\
\x88\xc8\x84QN8\x8a(\xa5\x8fz\x14QhR\x87\
\x0cD$\x82\x10\x03\x22\x1d\xc3\xa1\x95\xd0\x0f\x8d\x1f\xab\
\x829\xfeq\x19\x22:\x01\xad\xe0\xb1\xfd=\x05\x9b\x18\
\xa6\x08\x85\x009\x93\xe2`\xc5\x00\x01\x14\x15\xd4_\x10\
\x8b31[\x04C\x0a*\x85\x93r\x85R\x1c\xe8t\
\x22&F\x8a\x11~\x90\xccsFC\xc1\x8e!9q\
X\xd0\xe3C\x13\x8a/\xcdN\xc1\x14Qz\x8e\x87Q\
\x9cB!\x11E6QC\x86H\x86\x1d\x97\xc4\xdcl\
Q\xf1\xa2\x98a\x173`\xf2lc\xe4\xc3#a\xb2\
\x1e\xc8\xa2\x8a(\xa6\xf1\x15e\xf6\x8au\x0d\xc5\xf3\x88\
\xd2\x86\xc0\xf6\x95\xc6\xc0EQE\x14\x99Gi\xf6\x87\
\xe6'\x1cH}\xbc@q\x94\xe49\xb9Z\x02\x00\x89\
\xef\xf4&\x96\x7f\x8d\x10\x01\x98\x00\x06\x06\x90&\x02\x11\
\xef\xa4j7\xd1\xc2\x82w=;\x88E\x0ax\x80:\
\x85\x0a9\x8a-\x0a\xc9ahB\x87\x13*\xf6C\xa1\
\x89\x93\xb5\xaez\xf4\xae'`\x84\x22F\xc2s\xe85\
\xe2\x02$vp\x01@X9F\xb7\xcc\x19`-\xb7\
\x85\x13C\x11\xca\x02\x15\x04X\x80\xb6\xe9\x84\xc2Y$\
\xc2:\xef\xcf6#2\xc05\x04\xba\xc5\xc0\xfbTy\
\x9b\x84:\xe0\xe2Y\x04\x190xC\x81\x90\xa1\xe2\x0e\
\x95<b\x11\x0e\x83\x09\x02\x0eK\xd0\xfa\x0c3\xed\xa9\
\x87\x9a\x0b6!\x80<\xa8u\xa8\x04\x01e(\x00\xb0\
\xce\xe1g\xa6\xf1\x22F\x1e\x10Na\x08\xddik\x1b\
\xfaG\xa0j4QA\xa6\x025\xf1\xfb\xe6\x08\x04_\
\x98\x7f\x88\xa0\xea\x01\x06\xa8\xcc:\xf8\xee(\x04{\xe8\
E2\xbc\xc5\x02\xfa\x80\x97Gf\xd1C\x82\x14c\xe6\
\xe2\x80B\x90\x00\xcc\x02\x10\x12\x08\xb8\x05b\x88\x81\x88\
\xda(DQh\xa6K&\x18\xd4\x08\xa8B\x05\x00`\
}\x9a\xd0\xb2<\x81\x83\xef\xa7\x92\x7fe\x14\x0f\x03\x06\
\xa0\x1a!\xe6\xfa\xcd\x92\x86\xc9\xc3~a\xe8TR\xda\
\x00t!\x11E\x01\x9d]@\xc3\xbc\xe6SU\xf3\x0e\
 \xa0Q\xcd\x19\x87\x0c\xc2A1D1\x14Z\xad\x14\
\x13.b\x8a`\xf4\xcc\xfa\x90\xc1\xcb\x08\xa2\x82\xc1_\
\x84QTP\x09rA\x08\x04#\x89\x8e\x8cQ@\x16\
\xf8\xaf0\x97\x86\x8a\x17@\x8di\x9d\xc1w\x09d\x1b\
\xc3\x08\x00*\x83gxS\xa9\x94\x02\x01\x8aHi\x91\
\x0c{]_\x97\x05\x95\xc0b\xb8\x00P\xd2m\x8b\x87\
\x84\x02\xf6\x1d\xc5\x0b^1\x0e\xe9\xd7\x04\x048\x96\x02\
\x00\x85\xc4\xdc\xa2E\xff\x00h\xbb\xa0\xfa\xc3\x14\xb69\
\xe3\x88\xd1\xb3\x22<@s\xc4\xdem\xa2O\xc1\x150\
\xcc\x9d\x5chl\x88\x18\xc1!\x10F{\xa4\xd7\x10\xf0\
\xc1\x82n\x0a\x83@\xfd\xb9\x82\xc4\x84x\x99\x86H\x85\
C=\x9d\xfd\xa2\xb7\x87\xdd;f1\x026\x80\x99\x82\
\xc8\xa1\xbfv4\xd9\x13\x854\x0c\xea37\xd57\x00\
\x84\xcdp\x81\x06t\x1d\xfaO\xa5\x0aM\xccx\x18\x14\
`\x08tf\x7f2\xf5U\x09\xe3Rav\x9eF\x16\
\xd2\xb0\xf2b\xca\x01\x0c7\x80\xb0\x1e\xd0\x96\x83\x0d\xdd\
(\xe8q\xa7\x95\x02\x10\xb8\x9eB\x13g%,\x5c\x17\
X\x19\x13\x90@\x02\x04\x8e\xa1\x11E\x143\xca`\x08\
\x04\xf5\xac\xc0\xa2\x87\xf6\xd7\x00\x07\x01\x00@/\xa8&\
\xfd\xc3`o\x99Sj(R\x1e`\xee_XC\xad\
\xa0e\xcd\x8b\xb3\xa8R\x08\xed\x08\xf8\x80.X\x08\x22\
\xbd\x01\xa0Y\x82\x07\xb2\xba\xce\xa30\x81\x0aC\xb6\xcd\
\x04U\xa8\xfe\x01\x06\x83@ \x82 %\x1d\x1f\x98\x04\
\x10b\x15`^\x83C\x12\x94\xb4\x0a\x00\x07P\x08\x04\
Z\x00\x1a\xef\x88\xa5\x81\xd9\x98;\xe2\xa1\xc9qC\x88\
Y\x13\xbcQ\x00\x94f\x07\x9e \x0a\x86\xefP\xa0d\
\xc5\x19\x97_\x10\x84\x80\xb8\xa2\x9c\x9e\x87\xbd\x9f\xb4\x10\
\xb1\x80\x1fr\x8bf>\xc1G\xba\xa8\xa2\x8a\x11\xa2\x87\
W\xc3\x8a\x11\x0c\x22\xa0\xc1\x87\xd0}*\x11\xa9\x15(\
p\x0dk\x84\x9d\xe7\x1b\xc3\x81-\x16\x80\xf05@\x81\
V\xce\xc4u\x10\xcb\x87\xcaY\xa6\x07BI\xed\xa6\xc3\
\x00\x9biO=T\xc2\x1a\x0e4\x02\xe3 \x0bC\x1a\
\x16e\xa3\xc4\xda*\x98E\x08\xe0@ \x1cg\xfc\x8e\
`2\xea\x01}D\x0e\xe3tc\xb8nK\xcc\x1bP\
\x89\xb1\xe3@w\x1dA~ \x07F9\xe0\xc5\x02b\
\x94j\xe2o\x04\xfb\x19\xb0\x03c\xf1\x0e\xc2\xb2\xa6\xf1\
\xbe\x04\x86 \x03\x93\x10\xef\xb8\xc7\xb6j\x07o\xa8S\
\x8d\x86\xf0K\x02\x07\x00hD\x9c|M\xab#qj\
\xc8\xcfF\x08\x8a\xaf#\x141?iQ\xbe\xf3l5\
\xbc=\xa4\xae\x11\x8f\xeaG0\x08W\xe7\x98LD-\
\xa18\xdd\xc5\xa0\xa8\x95\x93h+\xeca\x8aa\x1a\x18\
\xa1\x10\x0b\x84E\xfc\x0bS\xa2\xad[d0\x81\xc0\xc7\
\xb1\x01\x80P\xcf\x15\x16\x84\x05\x13\x96K\x0d\x7f\x88B\
\xc2\x1c\x18g~JR/[\x0bC1\xa16w\x8b\
\x91\xb0\xb6|\x8f\x11\xd9\x8a\x05\xec\x13\xcfc\xc7\x03O\
\xbc\xcb\x15Q[PDh\x83*\x86c\xc07|\xb7\
\x13\x03\xdd\x81\xc8\xde\x8a\xe1\x8a\x1d.\xd2\xc3\x1du1\
>\x1a\xf5\x0ej\xb0\x8c\xaa\x90\x0b\xee(?0P0\
\xd9\xa1ZbF\x03\x5c\xdc&\x0a(\x9fl\x22@\x92\
2\x9bD\xf6\x85\xfd\x89|\x11\xebRJ\xa7w\x93\x96\
\xdb\xadB,\x8c\x01\x22\x80\xcc(e\x07\xd3\xd2=\x01\
%{+\x98=B)\xb4\x10\x0d\x04P\x08\x0b\xdcq\
h\x08\xc5(\x0e\xb66\xdc@!\xb3z\x89\xbe?\xc8\
\xa0\x84\xa1\xce\xb4\x81_:mF\xe5\xb3d\xd4\x22I\
\xc0\x1e9\x9bA\x08Z\x9b.(\xa0\xb9\xe0\xf7\xa10\
a\xb2\xf4\x19\x87\x1f\x1bo\x15E\x14QE\x0ck$\
\x0c\x22(\xb4S\x08DV(\xdc\x11Z\x11\x0d\xac\x82\
?z\x86(\xb4\x1f(\xa3\x94\xb0\x0cZ[J\xd9|\
\xc50\x10f\x0e\xe59E\xa6a\x14P\xcc\x925\x93\
\x13n\xa0\x11${\x9fm\x15i\x90^\xff\x00\xd6\x8c\
~!\x1f30\xa4\x81\x1d\x14-\x00\xe8E\xa3\x88\x0b\
0\xde\x0f\xcdN+\x83\xc1\x01\x97qhV\xab\xea\xb9\
\xf7\x14`\x93\x00B\x10\xb9\x8f\xc5\xc5\xaf\xba\xb8s\x88\
u\xb8\xe6\x14\xb4\x9dq\x14\xcb\xb8c\x96\xfb\x5c\x0c\x92\
\xa1\xcf\xda\x0dqw\x89|\x88\x12\xaa\x18ju\x17\xa9\
\xc7\xcc\x17\xe2G\xd4\x11\x05\xea\xc6C3\x11\x13\xee#\
\xdf\x8dM\xe3x3x\x84\xb8\xdaE\xe2\x83'\xef\x07\
\x80\xbc `\xc3\xd8l!\x85\x14QE\x09\xaf,\x89\
\xdf\x0a\xbfy\x99E\x05\x5c#\x88t\xa7C\xe7\x88\xa1\
\x10\x88\xb4(E\xbc\x06\xde\x11\xf6\x82\x00*\xe4\x02\xff\
\x00\x11E\x14Z)\x10\xf7\x9e(*\x08\xda\x0f!\x80\
W\x03F\xe4\x22\x92P\x1e\xcf0\xae\xfc\x9bK\x89\xf6\
\x91\xff\x00\xb0\x9c \xfb\xfe\x222\xdf\x93\xe4\xcc\xf2\xfc\
\xa2\xb0|\xc6\x98  \x98\x0e\x07\xfdh%\xa7\x0eY\
\xf3\x1cr\x8c\xa9\x918\xc2\xc8\x0c\x0c\x83\x9e\xa0\xc1\x17\
P\xb9\x18\xd6\x19\x86\x84\xd9C\xa1\xf1\x83qJ1>\
S\x94\xac\xa24\xf6\x10\xea2-\xc1\xe9\x0c\xeb\x94\x19\
\x13t\x104\x09F\xd6\x03\xa8.\x81\x83\x10\x002\x08\
\xf1\xa1\xe8R\xd0\x00\x22\x190G @,.\x10\xcd\
 \x0c\xad\xc4\xd5\x98s\x10\xdc,*\x8eO\x04\xab\x0b\
\xb00\xe0\x9d\x0bP\xd1E\x00\x8a(\xa0\xf4\x08 \xd0\
E\xa2\x9bE\x064\x02\x0cB\x22\x82(h\xd1\x1f`\
\xf4\x8d\x0cP\x01\xf3\xbf\x1a\x08\xbeb\xd1T1C\xa1\
\xd1@\x0f5;M\x04:\x98@{\x08t>\x95\xa2\
\x84\x94\xd8\x22\x8bC\xa9\xf4\x0d\x14\xdb\xbd\xe2\x99`x\
\x17\x04WW\x14P\x88\xb5\x18\x84E\x14XB`\xa0\
\x90\x84Cfs\x01\xfb\x11\xa0d\x08\xccQ#\x8b*\
\x1a\xd2\x11\x96\xfdA\x10\x80\x03\x1fX3\x1c\x11WB\
\x18\xb4QN\x9c\xb3\xd4\x1ai]`\x0cE\x14Sx\
\x807\x04\x88\x14\xc5\xeep\xc0pH\x8a,\x0c\x0f0\
\xc5\x14\xc2\x0bu\x08\x84\x14\x86\xf9B.(\xa0\x8am\
\xd4\x08L\xa2\x9dBg\x81\xfa\x22\x0dKf\x1a\xe2\x1b\
B\x84\x04\xcc\x82\x04@\x90q\x06\x04\xc7\x0f\x91\x81\x09\
\xd6\x02\xa5Z\xd9\xf6\x83\x06\x15\x19\xae\x88\xe0\xcd\x87\x88\
 ^VS\x1cC\x81E\xb0^\xf0\xec\xe6HM@\
\x0d\x9e\x80\xa0c\xa1\x8e\xe03\xbfa99{\xa1\x08\
\x82\x11\x8ay\xc4iM\xfb\x8a(\xa0\xa0V\x0c\xde-\
\x04\xf4\x18 \x93\x86\xcc\x04n\xf4\x01\x02\x05\x90`\xaf\
\x11\x90\x03_\x08\xf4\xa1\x89(\xe0\x15\xb8\x1f\xcc:\x82\
\xf4Q\x91\x02\x9b\x90\x9f\x90M\xdc0\x85G\xe6;\x0d\
\x13G\x9f\x1a\x08[\xb8I'\xb9k\xdfJx\x99\xf4\
\x22\x14}\xa1\xea\x07\xc9u\x0bEf\x12\xe2\xcap!\
\x9c\x95\xc4b\x81)\xd1p\xe8\x04\x05\x04H\xa6\xd3\x16\
E\xa2<\xc0\x14\x97\x0b\x08\xf68<\xdc\xc0's\xea\
[F\xc0\x80\xc9\x1c\xbf\xd8#@\x100$\xc9\x85\x90\
9\x87C\xfa\x00u\x12\xc7\xb0'\xe6`\x08|m\xc4\
B\x81\x82\xe1)Re\x9f\x11CxQ6`\xec\xc9\
\xdd/db'\xba\xbar\xe6\xd0W}B\xf9\xd1\x9c\
X\xf6&S\x10\x1d\x00\xa3\x93\xe2\x01!B\x8ea\x00\
tF\x0cQ@'\xb4\x02(\xa2\xd4\x08-*n#\
:\x0c\xe7\x10\x08\xa2\x80@\x22\x8a\x01\x15u\x14\x11E\
\x06\x85\x14Q@\x22\x8b\xd0\xa2\x80F\x15\x0f0\x82s\
\x98\x84 \xdf\x91\x96\x10E\xc5\xaa\x9c(\x0e\x0a \xcc\
\xc7\x98\xa2\x80E\x14QE\x140\xa2\x8a(\xa0gE\
\x08\xbd@\x10i\xa3\x0e\xb5\x0b?\x0a-\x18\xd0\xf4\xb4\
\x02F\xe3\xd6\xa3+T\x091h\xb0\x19\xdd\x81\xb4B\
\x05m\xa0\xc0[6\x84h\x158S\xac\xc0l\x84\x22\
#\x97|E\x11h\x22-\x14QhQE\x14p\xb0\
\x11\xb8;B\x1f\xe5J{\x83=\x83\x16\xa6\x91F{\
\x93E-\x0a'v9\x8a\x11\x16\x83\x87\x95s\x13m\
V\xff\x000L\x9fC8\xa1\x84\xe0?IA\xd9\xaf\
\x03\x91/\xb7W\x10\x80\x86c\xfd\x85p\xe20\x02\x1d\
\x9f\xb2\x11\xe6Z<\xc2\x138\xff\x00\x91<\x1aS\x1c\
\x87\xca\xa5\xa7p\xb48\x88L\x13\xe5\x0d\xc4\x83\xa1\xe5\
2\x81\x114\x7f0\x88\x8bq\x07\xcfn\x09\xdb\xc1\x8f\
z\xc7:\x14\x0dZ\x8a(\xb5,@\xc4]\xc2\x22\x87\
@a\xdd\x9a\x89\xee$\xdef\x0c\x04\x1b\x0c\xc0\x04\x1a\
\x04\x01\x00 \xed\x0c;\x00\x0c\x1c\x08W)\x1d\x90\xe2\
k<\x9d\xcd\xf4\x04\x10$\xfer\x1a}\x94\xb4!\x1d\
\x0fG\xd2F1\x1f\x89\xc1\x9b\xcc\x1c\x04s*\xc3v\
%\xd6\xbe\xf2\x9b\x182E\x07a-\xc7\xbc9\x5c\x11\
\x0a\x8b\xe5\x87a(\xb1P\x08\xbc\xc3\xe6G\x99\x10\xcc\
=\x01\x9c\x14\xaaS\xed(\x87p#I\x92\x07\x80\x9c\
\xcf\xa1\x1a\xa4F\xde:\xee\x05>f\x08\x08\x1d\xc7\xda\
q \xbc\x84*Q(\x15\xbc\xed7n\xd0mU\x80\
\x86\x14E0\x0f\xc4Nb\xbb7\x037\xc8\x1dg\x98\
M\xf4/x\x09>\xf5\xb9\x1e`\xb4\xfa!\x10@\x93\
\x9d$wf\xb9j\x08\x02(\x04\x1a\x02\x03wp\x0d\
\x14\x10\xa2\x82\x04m)\xbcP\x08\xa0\x80f\x08\x1a\x14\
PB\x8a(\xa0[\x8a\x8bB\x8a\x1b@\x22\x8a(l\
\xc5\x0d\xa2\xb8\xa16CO\xf2:\x0a(\xa1\x80G\x02\
(\xa2\xd0\x87\xbcP\x88\xa1\xd4-\x0a-\x0a\x01qh\
E\xdf\xa8\x062\xa3P \xdb\x15\xe6\x11\xfc\x00\x0e\xa0\
\xe8\x11x\xa8\xc4\xca\xe0`Q\xa3\x98l\xcea\xc2\xc5\
\x0a\xeb\x9d\x0a.{\xfb(\xa2\xa8-\xe8\x0a\x0a\x93\xb4\
\x16\xbcF\x17\xe0\xf57\xd6p\xc9\x94m\xc6@\x8d\x18\
-\x85\xbfo#}L\x06\xb7\x0cz\xc0\xa3\xb4Ox\
e[\x01hQE\xa8u\x02M\xff\x00t\xb4\xe0;\
!\x07\xbf37\xc0\x03(\x8a\xb8{\x812\xd4\x07t\
\x16\xcb\xde\x83\xe1\xa0aP\x1f\x11dm\xd7\x22}-\
?0a.\xbf #\xc4\x013\x19\x82`\xde\xcfh\
\xc2\xc12a\x0aUV\xe2Z\x84\x90\xce\x80\x10\x8f\xe9\
\xa1K\x1f\xe0\x1f\x13\xd90\x80\x04Ba\xdc\xb8\xd05\
\xbcZ\x0e\x82\xda\x18\x81\x0c0\xc5\xa0:g`\xd6\x80\
PuA$ \x0bA\x89A\x07\x94\xa8\x00[\xf8\xe6\
\x17*\x10\xa2\xe3\x12\x81\xf1\xe0\xf7\x0e\x82[\xb2\x95M\
CY\xf0\xf6\x9f\x097F\xe8\xc4:\x1c\xfaI\xac\x5c\
\x06\x16M\xa8\xb0\x15,\x88\x0c\x22\xee\x01\xa1\xcc\xbb\x19\
\x15\x13\x19Y*\x03s@A\xf3\x98\xe0\x1d6x\x9c\
\x80\xc2^.\x13\x04\x1e\x05\xb30H=\x0e'\x1ah\
\xa3g\x7f\xed\x0c\x09\xc1\xb6!f\xce\x1e\x0e\xa0\x81\xe9\
\xe2\x000\x0c\x9e\xf0;\xc0\x16\xa0I=\xe9\xe0n\x0c\
\xa3\xf2\x9b\xe50\x9c\x86(\x9f\xd1\x00`\xb7\xd9\xcc\xc8\
\xe0\x07m\xe0\xf0\xec\x15\xdba\xa1\xfe\x829\xf7\x05\x14\
\x81\x93?i\xf6\x18\x0a\x08\xe1\x8b@\x13)\xe2\x01\x8b\
\xa8!\x0b\xe6\x0d\x01\x09\xf6\x80E\x00\x87\x0bh\xa0\x10\
B\x8a\x01\x00\x80@\x22\x8a-\x00\x8a,\x0c\x0f1\x80\
qE]\xc5\x14R\x8a/@\xf5*\xee)\x86\xac\x0f\
\x06\xa1\x10[\xb8aE\x14QM\xb4QE\xa0\xea\x0e\
\xa2\x9d\x81\xe7B\xd0J\x04\xe6\x14$z\xc0^\x90)\
 G\xd0\x14$25\x08C\x00\x9d\x0c\xc5\xfc \x16\
}\xa0\x10\xc2\x1c\xb5\x0bB\x86\x14QAk\xa8\xa5$\
*\xe6\xe6\xc4\xf3\x1a\xcd\xc4\xf7\xe5<\x96g<\xc5\x16\
\x85P\x0e\xcc-\x06\xd0\xaf\x9fP\x0c\x18O\xda=!\
\xc4\x18\x1dG\xe3\x06$\xe1I\xc3$\x17\x11ja\xa1\
\x08I\x01\x98\xcb\xdc\xa8\x1e\xd3iU\x092'\x03B\
\x8a(\xa1L\x88\xe6+:\x08\x8a\xfb\x83He\x09\xe4\
>\xb0s\xfb\xd2\xbd\x8bT\x8c \xa0\xe1A\xce'\x02\
\x16\xdaT\xaa\xf9s`\x85\xa2\xb8\xa2\x86\x14\x1a\x1d\x00\
\x863\xb8\xe2\x17\x09\x10\x15\x9f\x98\xc4.Jlb\xd0\
\xdfd\x0b\xa4\x00.9\x99Xp\xf3\xcc\x06\xda\x84H\
\x93\x01\x10;C\x01G\xd0=\x04\xe7\x7fC\x12\x16\x0a\
\x8c\xc1\xe1\xf4CT\xe1BVV\xc6X\xcc\x15N\x13\
\xdcM\xf4\x83\x00\xb2\xe6\xf1\x0b,\x1f:\x0c\x1f\x00\x81\
\xf4C\x01\xc9le\x96A\xe4|\xa3\x00b\x7f\xa2\x10\
q\xb1\x17\x0cR\xed,\x81s\xea\xa3\xf9\x8aR/\x7f\
\xc4\xdd\xa1\xe0?\xc9uVa\xbcYW\x1d\xf2\x9e*\
\x1a\x07\xa9p\xaab\x84G\x02-\xcc\xaf4\x8a\x82\x9d\
\x9fz3\x94k\xef-\x88\xb9\x92X\x8f\xbc\xee\xd8^\
\xce\x03c{J\xe0P\x102c@\xd0\xba:mj\
\x0cE\x14\x03@\x10@\x81\x0e\xa9Z\x06\x8070e\
\x80\xa0\x12\x8aX\xa7\x14Q@&\x1a\xd0['\xc4P\
\x08\x04\x00\xc1\xbeP\x08\xa2\x80E0\x8a(\xa2\xd1h\
\xb5F.\xde\x22\xd04 \xdcP\x08\x89nb\x8a(\
\xb4\x1f\xe3\x00\x0bE\xfc`\x01\xd492f)cU\
\xe6(\xb4\x1c\x0eIG\xfc\x01\xcc:\x0a(\xa1\xa2'\
'\xa1E\x14S\x0dL\xab\xd2\x00\xc9@E\x16\x1b\x9a\
\x86( \xb6B0\xe2\x90\x06F\xc4`\xfbA\x80d\
\xc8\xe4m\xf3p9\xee\x14\x80\x02\xce!%\x944^\
K\x94^\x81Q\x10C\xe7\xd6\x01\xd6a\xa8Y;\x9d\
CP\xb3\xcc\xb2pg\xe5o\x0c\x09\x8c\x083\xb87\
\x10\xe1Q\x03\x03\x08\xf7\x11E\x0eqS\xb8\x9b\xbbF\
\xef\x81\xe4p\x0f\x94Z\xba\xe1\xce\xe3\xff\x00#\x10,\
\xb8\xa5$@F\x14j\xa28D\x01\xde\x10\x22/\xc4\
 :\xf0b\x02D6\x81\x18d\xc1\x8a\x02\x12\xa8\x19\
\x8e7\x08:\xc6\x82\xc5\xbe\xd8\x1d\xf7\x02\x07\x8e\xdb\x98\
Sf\xff\x00\x1a!\x08k\x04_B\x18\xefA\xadC\
\x02V=\xfd\x01\xac\x10 \xc4q,\x0e\xa1\x08\xde\xb5\
r\xda\x14\x806\x10\xb5\xd40\xc0\x08\xa8~\xa8\xb1f\
\xe5sS\x8d\x02\x9b\x81\xf0\x84\x18\x80/@\xb0@\xe1\
\xdc6%\x0b\x80,RNf\xce\xdc\xc9\xc3\x97\x88k\
?B7H\x81O \xc0y\x82\x5c\x13@\x9c\xb7\xf8\
\xe6\x19\x01*\x82\x1c \x03\xc0}\xf3\x13\xb1N\xec\x19\
\xeez\x0a\x00\xd8\x90\xc6\xd5\x83fM\xcc\xfe\xbeW\xb4\
#\xcd\x00~\x8c!w\x81\x87\xee\xa2C{\xbd2N\
\xfe!&\xa3'\x88a\x81Uj\x00\x19\xd1\xe1\xd4%\
\x97\xbc1T\xac\x1a(H\x05\xdd\x91\xfc%\xc3\xd2\xd1\
\x17\x9a\x9bP@\x81\xa0@\xce\x01\xc1 ~\xfcM\x81\
\xb1\xa0\x86\x13g\x04c@H\x85dA$_Qj\
 \xf0\xc4QE\xa2\x80E\x14P\xc5\x14QM\xe2\xa8\
4\x16\xa0l\x8d\x02>\x80\xa2\xd4QE\x14QE\x14\
r\x1c;\x9a\x03\xb3-\x1b\xb1Oa\x1b\xab\xe0b\x17\
\x06\x01K9\xf4\x00\x97\xe7\xc6\xe4\x9d\xa5U\x03\xc0.\
(\xa2\x9c\x1a\x19\x88!\x01B\x1b\xefB\xd5\x8b(V\
\xcd\xf3\x0c\x07*;,\x83\xb5\xe8QE\x17\xa8\x18j\
%o\xe8\x1c\x08U\xc8\xfc\x87z\x82\xc3\x88\xad\xc8\xb3\
\xa8\xe6\x1b\xcb\xc0?]A\x04<\x1c\x84\xb4\x1b7\xfc\
\xe0\x00a\xd4\xfa 3\x80\xcc)\x98m\xd6\xa0\x061\
[\xc6\x04d\x96P^\xc2\x12\x97pF\xc0\xa3\xd7\x1e\
\x16\xd0\x22\x84ON3\x10e\x81\xb6P\x06\xc1\xed\x05\
<\xa7C\x02\xa6p\xdb)(\xb4p\x5cR\x80\x16`\
#G8k\xa8c\x1e\xf0\x9bF(\xb1\xb0 Sc\
\xcc$\x9eN\xa5\xd6\xed\xcef\x00\xfc(\xe2\xc9\x9c_\
x\xaa\x83\xcc\xdf\xa9-O:\x09\x81`\x9e\xf2\x5cb\
a\xe91m3c\xbb/\xa8\x978Hx8\x13\x9b\
\xe2r%S\xd9i\x90\xc9\xd7^`\x15\x1b\xd0Km\
\x02o\x88\xfd\xd6\xfc\x93\xe23\x07\x92\xc2\xa0\xdc\xb70\
\xe8D\xbb\x87-(\x02\x1a\x08Hd)\xe3L\x0c8\
\x9by\xa3\x90\xe1\xbe\xd5\x051\xdc5\x88\x00\x0a\xd6\x1e\
\x8b\xd0\x87sc\xb7\xbc\x14\x00\x87\x0d\xe6\xd0\x1d\x0f\x13\
F\xde\xd0\x99\xfd\xa5\x0bF\xa2\xea\x19\xee\x1d\x80\x05\xec\
\x22\x1f>\x11\x8c\x98|\x108f\xbfB\xdbB2\x9b\
\xdc\xc0q\x07\x03xx\x81\xfe\xc7\x0c\x11E\x06\xca\xdf\
\xcc{\xb4w\x1bo\xb3\xa1\x0d\x940}\x80\x19t`\
G>\x0cxG\x85<\x8a\x02k\xddJ/\x9c\xaf\x88\
JRy\x05\xed\x0f1\x06\x06#-B\x085\x86\xf7\
\x0bI\xf2\x90\xf1\xee\x08Mp\x8f\xf8\xcaM\xd9\xbc\xc2\
|\x891\xc3\x99@\xc2\x06@\x8c\xbfxb\xf3n1\
D0>}b\xc0\xd0\xc1D\x1f\xc0\x00h\x08(\x00\
\x0f\x98KI\xed\x888\x0c\x043~\x0f\x1a\x02\xc7\x02\
R\xe4\x13;@\x00$\x02\x05\x0a\xd0!\x1dM\xca\xe1\
,\xc3\x07\x04\x09Z\x8a/@Z\x8a\xa0\xf4\x80:\x94\
?\x88\x00\xb5\x17\xa8\x07@\xc7\x10\x9fb\xd7\xda\x16\xce\
\x05\x97\xa0\x88\x02\x8av\xee+8\x01\x827\x843\xa8\
\x11;O\xc9\xfdC\xac\x8f\xe7q\xa8\xa2\x8aK0\x80\
\xeaS\x15\xfe\xc3\xa840\xb3\x8d\x04\xee\x05\x08\x94\xcc\
<\xc00\xcdC\xee\xfe\x10\x0b\xb7\xc6\xd0\x04\x858\x1c\
\xc6'\x96\xa1\x07Qj$\xaa\x00$QT\xd1u\xad\
S\xc1\xea\x1c\x0a\xf4\x0d\xe0\xdd\xc8q\x10\x03\xa0\x5cE\
e\xf7\xa3i\xca\x16\x85\xe9\x05\x06\x8e-\x00E\x02x\
\x98\x01j\xf41\x02H\xc3\xe8\x01r\xed\xac=\xcc\x0b\
iPn\xbc=\xa0y\x13\x02\xaf3\xd9 B\xaae\
H=\xacGR|D\x86\xb8\x86.\x87gKp\xe7\
<\x0a\x1bI\xb2g\xb4\xc8t\x02nBA\x88\x0e\x0a\
2\x80-\xc6\xf4.k\x8fn\xeaX\x01g\x09#\xe3\
\xf6\xe0 {\xaf\x82U\x9f\x1b\x88\x06\xa0)|\x03\x81\
\x0f\xd8\x9b\xcc\xc9\xa6\xf1\x07\x00\xfbK\x0d\x0c\xc0\x93\xca\
\x08]\xb2\x1c \x84\x87\xe2\x00\x027O3\x09\x14\x05\
\xecN2\xf1!\xe2\x19\xe4\x00\xcf\xd3\xe2\x08\xb0\xf2v\
}\xd0\xa8\x1a\xbeK\xd2\x87\x0bEZl#\x226\x88\
\xe8\xa6}\xe3\xa5\xe9\xec!\x80\x1ao\x15\x1f\x0e\x1c\x0f\
 (8\x83\xa8Y$\x9c\xebL\xa07\x0c\x09^I\
\x82_\xe1\x19\xa1N`\x8e#\x0c\xaa&\x90\x04/\xf7\
83<\x13\xbe\xe5\xd7C\xe2\x8b\x85W\x8b\xfb\xceQ\
\xde\x0c\x8e|B\x9e\xfa0\x9aO\x8d\xe5\xbd\x95\xbd\x86\
\xe6\x1e\xe6L\x97\xb4\xb7\x00\xa00#\xc5\xe6\x1e\xa5\xb7\
\xba4\xa1\x8fZ\xa4\xd0PP\xd0\xa8\xe5`A&>\
p\x07\x88\xab\xa8\x80Z\x9c89\xe80\xfc@\x80\x19\
{\xc0\xea\x12fNl\xc3\xfa\xcd\xc6'`\xc0\x1f\xb2\
\x0b\x93`!\xc9\x0b\x00@\xacb\xf8\xda#l\x00\xde\
=A\xc0\x10\xe2\xe4\xae9\x87G\xc1f;oY\xe4\
z\x5c\xda@\xba\xf1\xcf\xa7\xca\x80\x22p\x09\xd2$\xd5\
\xb1\x01\x9a:R\x00\xcd\xfaP\xe2\x13\x8fa\xcb\xb5\xe5\
\x1eE\xc0R*0H\x0d\xc2\xa3\x00\x01\xe6\x0aX\xa3\
\xf43\x0a\xaf\x01\x17\xdbc\x06\x0a\xab\x1cL:\x98\x0d\
\x8d\x91P\xcc\xa4\xd3\x12uN%T\x19\x18\xf1\x98\x88\
\xc2\x00\x01\xf5\x08\xaf\xcb\x17z\x03\xd4\x02\x8a)\xed\x14\
Z\x14\x18\xacE\x17\xa0\x01}E\xf3\xa1\x22\x8a(\xa2\
\x83\xbd\xc5L\xa1\x01\xf5\x14QE\x08\xe2\x0f\x1b\x0dv\
s\xa1\x02\x0f\x85\xe7y\xb7\xa7\x1f\x0d;GD\xa6Q\
~\xdb\x08>D\xc7C\x93\xe6\x05\x86\xe8\x91\x0d\x00[\
\xd8\x81\xe7\xbd\xc7\xa8\xaf\xe0\x18\xd5j(=@\x1fP\
\x0a\xe2\x0al\x02\x13|\xa9B.\x82\x1a\x8a\xf4\x0c\x80\
$\x1e`@\xdc\xad\x04\x11\x08/\xe5\x08\x9b\xe0\xb8\x03\
\x03\x15\xa0\x82\xfc\x7f0\x00/{\x0c\xc1!\xbb\xf6\x85\
\xb0\xa8\x04@\xf6\x9fs\x14QE\xf3\x03\xe6\xfc`\x03\
T1\x11\xdcGfw8\x8fP\x22\x9a\x0c)\xcdE\
\xa1\x8ak\x92\x88\x86!\xb0\xc2\x02\xb0\xa2\xa1\xf1\x08\x05\
\xc3\xc3\xe8\x8e\xb2q`\x9f\x0e'v\x9f\xacfq\xa0\
\xdd\xe0\xc0m\xd16} }\xa5.@(8\x8cT\
\x09{\x96\xe1(X\xbf]\xf0\xeb\x18\x8cGe\x1d\xc6\
j;x8Q\xf6\x8dr_\xb4\x10*v\x0d\x80\xee\
d\x16SD;\x9b\xaf\xd2:d\x1d\xdc\x04\x80d\x0a\
=\x85m\x04n\x88\x08y\x85\x94dI~\x0c\x19\x99\
1\xbb\x01\x09\xa8,\xf32]\xfd\xe0\x9bhR\x98e\
\xe8\x01\xcd\xaa\x08h-w,L\xdf\xd2K\x95\x85\xa1\
\xec\xe9\x02B\x98B|\x98\x03f\x09\xbe|8\x12\x0f\
\x19\xc2\xbcD]{I1\x17\x09\xca\x02\xcb\x8c\x81\x83\
\x81\x92\x90\xb6\xc1\x19p\xc0=\xa8\xc9\xdf\x98\x960\xea\
\x02\x03\xa0\xfd\x99\x87\x000J\x04\xf6\x5c\x11\xf6\xd3\x0c\
H\xb6\x10!M\xe0^g\xdcsw\x80\xb3\xd9\x86\xf7\
\xbd\x8f#\xa9M\xb2\x16\xf2\xe5\xe5#\xcb\x97\x1f\x7f0\
\x84K\x83+>\x05>`:cy\x18\xfc\x13\x08\xec\
cM\x86J\x10\xfap\xf9wQT\xa8\x22\xa0\xf9\xe2\
a\xbf\xce\x08=\xbf0\x9b\xfc\xafa,3\x80\xd0\x81\
z\x9e\xb1\xcb\xfa\x81\x5c\x1b\x98\xf9\xf5\x10\x04e\x83\x14\
QA\x0bP \x96\x06\x18%{\xad\xd1hO\xca\x08\
!\xac\xa1J\xc1\xb2\x18$\x0c\x22\xa5\xb0\x81W\x00v\
b\xd0\xdc\xc6\x1c\xe5\x17\x0a\xbd\xa3\x00\x88\xea\x02\x19C\
\x08F\x1f\xb8\xf3\x1f\x98\xec\x17\xfc\x97\x83/\xbcJ\xac\
Pz\x03\xbf\x98D\x9cCf\x90\x09\xab\xf6\xacN\x8c\
\xf6a6\x01\xdcmt\x12\xde&\xfd\xa0\xe0\xc4QB\
\xb6\xd1E\xa2\x8b\xd6\xa1\x99\xc8eGo\xe1QE\x14\
QB8\x8a\x1aE=\xa1@H\x80\xc9\x86\x85\xda9\
\xec\xe8B\xc4>\x0e\xf4uN/\x1es\xcb\x1b\xf4\xfe\
U\x17\x98\x1c~\xb7\x137\x0f\x22\x8c\xc3B\x8a(\xbf\
\x8dj\xa2\x8a(\xa2\x8bG\x84X\xfa\xa7Ph-\x17\
z\x84T\x10,P\x0e\xdcs\xfe\xf3<\xc1\x9e{\x8a\
a\xa0\x08\xa2\x8aa\x14\x01\x5c6\x14\x1e\x9bNP\x09\
\xb12o\x04\xd8Y\x01%\x1e\xce\x12\xdep%Z\xae\
!\x1c\x05qh\xa6\xae\xa7\xd7~3\xc6\x87\xe6(\xa2\
\x87@\xea\x14QE(\xe2=\xb9g<A\xf1\x13\xd3\
#8\x1e!@\x91\x04\xf0\x18\xdc\xc0\x02\x15\x05\xc1\xdf\
\x073!Ox\x0e%D\x1b\x0b\x88\x02\x89\xde\x01?\
\xe7L\xf3 \x09+b\xde!}\x86_DaR\xd6\
NAD}\xe0\x98\xc0P@\xac\x11\xf2 \xc9\xec\x01\
\xd0\xfe\xe7O\xce\xd2\xa0T\x87\x0a$B\x9bhP\x8d\
\x1c\x1d\xe1\xce\xa0\xaf0\xe6\x0d\x01Z\x08\x7f\x83y\xd8\
v\xe6\xfa\x9cT\x81n^u9\xd0\x14{\x88\xef\x10\
\x8a (\x98\xab\xad\x83\xc4&\xbb\x18\x80\x81\xef\x01J\
\xff\x00a\xc0-l\x96\xedv\xc0#D\x9d\x8fp+\
\xd5\xc4J\x7f\xf5(\x8e\xa1\x22]x\x04\x89\xa1\xe4\x19\
`V\x8f~=\x84(\x86,.fl\x86\xd0\x12~\
\x10\x00\xf0b\xe0*\xcc;sG\xc5\x1cw\x0cW\xf5\
\xc3r\x9b\xe2w\x81\xce@X\x0b\xdf\x8a\x97\xe2\xe4P\
xy\x82;4\xbeLY\x84XC'\x08\xe4\x91\x81\
\x9b\xc0E\xd7\x87\x04\x9f&\x16C\xe2\xcf\xea\x8c! \
\x85E\xb1^\xe8\xad\x8b\xb2f\x01r\xb5mSw\x13\
\xc7s\xda*\xca\x11\xcd\x5c\x0e4\x069\xb5XLd\
G\x83\x94\x11N\x87(\x04\xc7\xc8aZ\x80!\x8c\xcb\
\xb0\x9b\xf8\xc5C\x16F\x09d^\x88\x0d\xe1TPP\
\xa3\x04$\x22&Bm\x0aC\xf7R\x14f;3\x0f\
)rK\x9b\x04\xb4A\xbf\xc2\x10\x0ef`\xfe\x22(\
\xec\x1b\xcb(3q-2c\xb8\xec\x08H\x98\xc4\x06\
Q\xf6\xd1\xfe\x84\xc1\x81{\x10Z\xf3\x00F\x03/\xd7\
\xc9\xdf\x1087\x87\xf7\x08\x84\x00h=\x14\xdd\x0cN\
\x1d\x86\x07\x137\xcb\xc2MO\xa7\xff\x00\xa9\xff\x00)\
Oo\xe95LTOB*|\x89\x0d\xce~\x80\x98\
\x08y\xd1-\xc6\x8b\x01.!\xd8^\xc4\xc1\xfe6\x04\
\x1ep\xe2\x00\x1d\x9a\xf4\x11\x0atG_\xb7\xa1jQ\
\xc0\xa8\xa2\x8a\x18\x0c\x1c\x1bE\x14Z=\xea\xe0\x05\x8d\
A\x14Qz\x85\xb2,\xdd\x1d\x8cp\x88\x83\xc1\x8f\xa6\
\x8b\xd0\xa0\xa8aCp\xe2\xa2\x87Q\xae\xe3\x03x\x18\
8w\xb8J\xcc\xa2\xb8\x1f\xa0\xae\x1bo\x1ah\xe2\x00\
\x07\x01\x14P\x88\xa2\x83\x13\xafh\x05\x8a\xb3\xc4\xcc\x9f\
\x82\x04\xcaL\xcd\x9d\xba\xf9\xf4(\xa1\x92\x968\x81\x1f\
\xc4.o\x0e\xafi\xb4\x1e\xd3!X\xec\xd2+\xce\xdc\
@\xc1\x90'\x80\x0e\xf1\xd1\x96\x97\x94\x13\xaa\xa3\xcb\xb9\
\xc3F\xc46F \x1d\xc4\x15Qpa\x17Ht\x06\
\xd4\xf8\x187\xd1\x99@\x1c\x12\xc9q\x11\x0c\xf7w0\
\x94\x90\xda\x0c\xbbKi\xb71\xd6\x0f\x90\x97\x93v\x8f\
\x99\x82\xc1\xb8\xe6\xfe\xf0\x994xw\xe8\xad\xe1\xcf\xa0\
\xc2\x9dcA6\x87\xd2?\x8f\x05\xb3~\xa2\x15f\x09\
\x82\xcc\x04\xc5\x01\xf8\x87\xbb\x91y\x03\x83\xf1\x1e\xd5\x0f\
\x09\xe29\xb1\xech0\xb6\x83\x07a(\x93E\x812\
\x95\x09+\xe1\xecbW\xcf\xe7\xc7p\x9fa[\xda\xf8\
\x89[`\x0b\xd8\xbd\xf6\x85\x06\x98\xa8\x85\x8e\x98\x81\xb9\
\x8f'\x98L\xa8\xc0(\xff\x00\xd8 J0\xf7\x82\x07\
Z\x0b\xed\x01\xafB\x8c\xeeh\x82\x1b\xf3(\xca\x07U\
\x14b\xcfI\xd8\x15\xec;\xdc\x18\xc5\x8bX\xf8\x1f|\
M\xbaE\x00 M\x02;\x8bX\xb5\x00\xdc\xdb\xa2F\
{\xa1}\xa8uH\xee \xe92E\x08G\x16C\x80\
\x9d\x0a!2\xd0\xcb\xa8n\xa9\x12\x22\xa0\x18,\xc1\xa0\
g5\x06(=\x04HM\xe9\xb3\x8a\x16\xdb\xc4^\x80\
\x01\xca\xf2/\xb8\x0f\x06O\x22_\xf7p\x19\x8e\x0b\xc8\
\xff\x00\x13\xc9P\x01\xdb\x001\xd9\x82\x16J\x04\x1c\xc5\
\x80\xe1.\xee\x22/\x98\xcd\x00f\xd1\x01\x9a\xde\x10\xf1\
P,h\x0fC\x84\xa64\xa1\x98\xdd\xcfBR\x07\x04\
\x07\x84p\xf0\xca\xa12\x81\x82h\x04-\xe4H^\xc2\
\x08\xaet\x81\xa9j!,$f\x99P\x07\xac\x8e\xa7\
\xef\x06\x02\xcb\xe4\x18\xee\xa1\xe9\x02>\xee\x01\xfb\xcd\xa2\
\xf2\xa0H\x1e0\xcc\xf6\xfe\x03\xfc\x0bb\xc7\xe3\x1e\xb0\
\x09\x002hCr\xcf\xfb\x189E\x12\x04\xf7\x001\
;\x9e}\xa7\xde2\xff\x00\xd8@\xf9N\x0czw\x84\
@\x0c\xc2\xac\xdc;W\xf0\xa8\xbf\x81E\xa0\xe5\x88\xa2\
\x8a3\x08C\x14(-m\xb7\x8a(\xa0%\x9a\x8ec\
P\x14\x17\xb4W\xfb,{E\x08\xb8\xa2\x04\x1a\x01\x84\
%\xce\xec\xecg\xf7P\x87\x80\xc3\x90+U\xf5\x08h\
rO&\x00\xeeD\x0c)pXE\xa1*\xe2{\x80\
`D\xc4\x8c\x8b\xc0CZ\xd9\x981y\x87\x22\x07\xd0\
v)\x02\xc0z\x17\x05\xc9T\x0en\x12u+\xe3D\
\xbd\x10`*.\xc2\x02\x8c\xf6\x85\xb8\x80\x12X\x9b=\
\xa7\xe20\xe6\xc4X{o(\x8d\xf6\xa4\x0c<;\x81\
\x84\x0eP!\xc0\x009\x84\xc4\x05\xb77\x8e>&P\
\x12\xe0v\x98\xe2\xec\xc7\x99\xec\xcd\x12\x83%J\x90\x91\
\x0ee/\xc4\xdeZ[\xfdH\x80\x1e?\x84\xea&\xdd\
\xea\x13<\x8f\x07\xa8g\xf9\xc6c\x81\x0coP\x84[\
\xb7PhI8\x044:\x0e\x80W\xb4\x06S!\xc9\
0\x05+\x82\x04XDJ*d\x96\xe6\xd6#\xb8r\
=\x09\xbeA\x90\x87/\xef7>}BZf\x00\x8d\
W\xd5\x06\x1d\xd4\xb7\x92\xbe\xf2\xe1$\xb8\x83`\x07~\
\x8c\x1f\xb0\xc8\xb8\x0e\xa5L\x16\x82\xab\xf0_Pel\
\xc4\x0a\xc6\xd1f\x14\x1e\xc5\x88\xaeN#/\x88\x00\xa2\
M\xd0* \xff\x00\x91s\x0d\x0e\x1cK\x88\x00\xf0F\
0zPn\x02 \xa8\xe6T>\xc8s\x06Q\x01\x03\
\x88\xc0!\x96\xc1\x8c\xc7$B'x\x95^\x08\xe1\x12\
\xa9\x98A\xe7\x97\xa0\xa5\x91X3\xff\x00f'$\xd5\
\x8d\xedy\x96\x0c\x91\x1d\x97-\x8b\x07\x83\xc4\xb2\x9fp\
\xff\x00\x930\xf8\x00\x03d\x1f\x1189\x0a\xab\xfd\x08\
\x04#-\x94_\xe7\xd3Q\xef\xca\x14X\xb7\x87\x1fW\
A\x0eA\xc9\xcb\x9b\xaa\x16\x11\x0a\xcf\x96!\x04\x05\x0d\
3\xf2\x85$\x09\xf0Et\x96(!\xcd\xe6\x06\x17\xc0\
\xe0$n\xeag\x92=-\x0a\x11\xd3\xc5\xc5\xab{/\
\xe2c\xcf[\x88\xeb#db\x0d\xd9b\xc7\xfe\x0b;\
\xf4\x89\xd4\xcb\xc6.Hb\x16\x7ff\x9f\x7fP/y\
\x85A=\x87\xf2\x12\xdf@\xa34/\xf3\x04VW\xc6\
\xa9\xfd\x94\xe0\xcb\xe7\xd8g\xd4\x89>t8\x0d\xef\xe8\
\x10\xa5\x9f\xf0*\xd0\x190\xc0\xd5\x89K\xbd~\xd5@\
\xeb\x90m\xce\x0cS~\xb5:\x11\xf1\xaa\x83>\x9c\x18\
P\xf0#\x98X\xb4&>HU\xc6\x14\xa1\x03{f\
{\x81\xe8\xf7Xo\xd1\x11+\x87\xb4H\xb0\xe6a\xa9\
\x89\x92\x0a\x10\xcfk\xe5\x00\xf2\x08+?\x0cFn\x06\
92`\x8d\x8cCv\x0e\x1e\xf3\xbe\xaePv(<\
\x8f\x89\xf5\xf0\x8eBp\x89\x0c\xe1\x0b\x07\xfb\x83\xb6X\
\xac\x0f\xd6P\x18\x8a\x83\x01\xcd\xc1h\xd0\x93\xbb\x91\x0e\
\xf1B\x15\xe3\xcb\x86\xfb\x8chJ\xe1\x9b\xf9\x06\xebr\
\xe2*S\x1c\xa2`5\xa9\x04\xf8\x1b\x83\xab\x9b}U\
D[\x8d\xe1\x83\x92\xc4\x1bP\xd3\x1f\xcc`\x17p\xab\
\x0cC\xa9\xbcfo9\x88\xf8L\xa0*\x1f\xe0?\xc8\
\xab\xaf\xfd{\x7f\x00\xf1\x0c\xa2\xff\x0031\x0b\xde\x06\
\x15\xc2\x18\x00B^a\xa2\x0b\xc8%\xc5\xdc7o\xca\
<\xb9\x83i\x07\x00\x198#h\xc5\xc9)\x86$F\
\xc3\xb1t#`I3\xb6\xe2\x84\xc1O\xb4&\x1b\xc7\
\xb8\x0b #>\xfe\xd13\xa2\xf0\x05\x9f\xdee\x86\x93\
r`\xce\xc5\xe48$\x1a\x89\xc7\xdf\xa8v9\xc7\xbd\
\x05K\x01\xb3\x87\x04 L\x07\x06p\x11f\x17\xd8\x86\
$*\x1e0\x8e\xd0\xf0\xa9\xd4\x0c\x96/%\x0a\xe6\x07\
A9\x0c\x11\x12*%\x81\x08\xaf0\x11\xd6\xac\xae\x00\
\x987\x11hy\x95\xdaw\xb4\xcfI\x8e\x85i\xe2\x15\
j\xcf\x13\xcb\xd8\xd4\xbc\xd3`\x97DCh@3\x05\
\xd6>eu\x18\x9eC@\xc3\x01\x11\xc1\xefw\x10H\
-\x11B\xbb\xdb\x0d\xbex\xf5\x07kVe\x5c\x02\xd1\
7\x12\x8a<\x02)_\x1d\x8e\x13/9\xcb\xd0P\x93\
N\xd0\xe8\x80;B\x85e,\xe8\xa8\x86\xaf\xa3\x81 \
\x162\x85\xae\x89,|J\xa5K\xda\x16\x90\xcd\x0d\xbf\
\x80\x0d\x09\x80\x09\x15\x87\xa4FD\xfc\xdd\xfd\x0da4\
>\xa6\x9f\xb3\x150i\xb3\x96\xb3\xd5F\xf0\x9f(\xb2\
\x7f\x89E\xa9\xef1V\xa0\x88\x0b\x19X\x91c\xafY\
&\x0c\x81\x96\x9bu\x06\xc2\xa1\xe9\x19\x8cD\x81\xc9\x1c\
\x06<!\x06\x01\xeao&\xb3+!E\x08\x81\xa2\xcd\
\xa1\xe3.\x0c\x22/\xe0\x02\x18g\x84D\xdf\xd0}\x8d\
\x8c\x0fL@\xf8\xfaO\x08\x1a\x9fQ\x1d\xeb\xb7P\x81\
\x83<9\x80\x0c]\x11\x88\x08+x\x84\x08\x18\xf7D\
\x0byX\x11\x82 \xccu\x18\x0b\x92\x17Ay\x84\xd8\
\xa9\x07\xef\xc4D\x94\xfe\x08cZ\x80\x05p8\x89\xb3\
hf\xca\x1e\x82\x09\xca\xde5* y\x90+p=\
\xc2`*\xf2\x04n%\xfdI\xf2\x0f\xb4\x0d\xbb\xe0\x1d\
(p`\x89\x14\x1e\xc20\xde\x80\xbcj\x10\x95\xe53\
\xbb\xa8\x07?\xb6En\xa0\xd1\xf8\x1b\xa1\x01(\xc3\x91\
\x0a\xe1\x01j\x02Ga\x89D\xd1\x8d\xc3\x0ap\x01\x80\
s\xe8:\x9f\xfcfm6\xff\x00\xe2\x10\xd9\xa3\x08 \
\xbb\xa6\x81\x15c\x1d\x88\xe0q\xb7\x5c\xce\xa0X\xa0\x86\
\xc5l\x1b\xf7\x12\x01\xdb`> \x84\x16m\xad\xdf\x89\
\x91\xca\x973\xef\x0dO\xb1?L9\x91\xce\x5c\xbc\xbf\
0\xa0A\x90\x0c=\xe5I\xa0\xedf\x0a9\xe0\xf9\xb8\
\x10\x80\x95\xf0\x86\xea\x10\x00\xed\x03ql\x0aQ\x9bG\
h@\x9b\x9a\x18:\x84\xb9\x01\x08c>\xd9\x8f#\x18\
\xaa\xea\x02]\xa40\xf7Hl}(N\x86\x1e\x22,\
\x93\xc1*\x15\xbb\xa2\x0b\x0e\x1c\xb8\xdd\x9cL\xdeX\xc1\
)_\x1fYv\xdc-\xd3\xdfi\x86\x02N\xc0\xeb\xb8\
\xa3\xa7=\x8f\xbb\x8ec\x83m\x03\xaa\xa9\xcd\xea\xc8\xc5\
A\x85hSedq\x1bMK\x0a\xe4\x9d\xe7\x16\xac\
\x1a\x83\x83\xc8S1\x82\xaf\x80\x01\xc4A1\xde0y\
P\x99n\xf3/\xb3\xe4N\xb2\xe9\x02h\x04\x00\x84\xcf\
\x17!!{\x9e\xd1\xa0\x03\xe1\xc5\x91O\x11l*\xc9\
Bt\x140\x89\x8d\x8a\xbf\x01\x0d\xf2G\xe9\x04\x05\x8c\
B\x11\xd3\xd9%.\x84\xfaAP\xb0\xdd\xcc\x165-\
\x02-\x01\xb0\xf4\x89\xff\x00\x05\x84\xef\x09e\x93~\x8e\
\xef\xfb\x8c\xc0\x1f\x89C\xf5\xaa!F|\xf6\xff\x00\xeb\
\xf8\x07\x99x\xfcT(,\x85\x00\x17\x88\xe2\xf9&O\
\xe5\x04\x90=\x19\x99\x84\xc8\x8f\x85\xf1~\xd0<\x9e$\
\xd7\x0c\x85\x0cN\xc0\xf6\x18D\x03^\xec&-\x16\xe3\
q\x83p\xb1\x03g\xc2\x15M\xe0\xac\xe4S\x8c\x0c\xfa\
1>\xe0\x9b$\xad\xc9\xb0Tcw\xe5\x18\x84T\x82\
;\xe86\xdc\x04PV\xbe\x1dz>\xd5\x01\xa6\xef`\
\xf0^b\x83\xba?!\x10\x98\x9cw+\xbfy\x85q\
\x09\x0d\xbc0\xf7\x19u\xf0,\xc2\x9c\xcc8\x9c\x19\xcc\
C\xc48\x08\x1c\x00\x09>\xd0Z\x9cl_\xc4\x1b\xbb\
\xc2\x86\x01)t\xfbC9\xd3'\xecC'\xd3\x03 \
\x08Q\xbf|\x0f9\x87\xa3\xee\x0c`w\x04`\xd92\
\xa0\x180\x19\xf0}a\xc8\xaf\x07\xb7\x10X&T\x88\
^\x012\xdb~%5^\xc0\xe0\xe6\xe7\x18\xe8>b\
\xa0(\xe1\xf2\xae*\x01\x83\xf2K0\x87@\x877\x11\
\xd5\xc6\xa5\x82\x1c\xbd\x94\xb0\x8f\xcc\xd1\xc3\x01\xa26\x85\
\x10M\x85\x08Q@\x03i\x94\x07\x91V\xa2\xdf(G\
\xa8\x08`\xf3\xff\x00\x94\xff\x00\x08\x87\xff\x009\xfe3\
\xa1HQ\x8d\x0d\xe5\x80\xc1\xf5\x04\xa1\x7f0\x99\x08\xa5\
8\xf1\x11+\xeb\xfd\x80\xb2\xc8\xd8\xc37b\x02y\x8c\
+x.0\xd4\x84u\x06\x15\x00I\x18\x16\x0a\xcd\x08\
\x12*\xb0P\xfd\x10\x03\xfaB@n|\xc1$\xaf\xc7\
\xd2\x16\xd9\xad\xb5!H\xdb<\xa1SP,\x14\xcc\xb1\
\xef\xa3\x97\x97\x0ds\x90H\x80m\x8c`\x1c\x0c3b\
\x7f\xbe&\xc7\xf3C\x11\x03`GDt[E\xee\xea\
\x1b\xa1Y\xb9\xbd\xe7\xc4\x10Ko\x10\x12\xc5\xee\x1a+\
\x84\x88\xf6\xb8+\xf0\xdec\xb3hB\x18\xe1H/\xd5\
1\x82\x8a2\x09\x8b(\xb9\x88w#\x18\xaf\xd4\xc0(\
\x19\xa2\x04}\x8f!\xd7\xe3\x04*>\xfd\x1e\xeb7,\
\x10WGd'\x02\xa2\xe0%\x87\x88N\xd3Cv\xa5\
)\x0cy\xd0\xa0LEwz[0>&\x1d\xfa\x82\
\x04\x83#\x80\xc6\xf7\xbb\x91\xe3\x98d\x10\xda\x9a\xee\xa2\
\xc6Bs?O\xc2~\x90\xd8\xeb\x8d\x1b\x8ap\x81\x90\
O\x11p\x08\x07\xbc\xf9\x8b\xca\xc4\xc62\x0b\xb4$m\
A\xb1\x02\xcce\x0f\xc4\x1bw\x0b\x0e \xee\xe2:0\
\xf7\x1b,o,f2\x92+u\xac\xe5D\x90m\x87\
h\xe23|\xa2\xb1n\xc0\xef\xc4*\x80\xdf2\x10\xcf\
\xc2\x96\x02o\x1a\x1f\x5c\xc4\xf9B\x11C\xc1\x02\xd9\xe4\
?\x10\xf1\x0e\xd5^\xf0\xcc\x8e\xf6FJ#\x08`i\
8L\xd8\x1d\xc0I\x02\xe5\x84\x16\x22\xc9\x02\xaeQ\xd8\
\x04\x92C\x98\x05Cl\x01\xcd\xb2%1\xba\xe3\x08\x0e\
?\xb3\x85\xdbHQ\xa0\xb4\x9fI\xf3\x0d\x8a\x87\x0c\x89\
4\x18\xcf\x08\x00\x97\xcb\x89L?\xd2\x0d\xcc\xa1\x002\
f\x03\x1b{@\xc6Y\x80P\x8a\xe2\x1c\xeb{\x93\xe0\
\xc0\xdb\xdc\xb6\xed@\x80m\xcf\x98\xf1\xed\x01\xe3\x089\
\x95\xc9\xab\x8e\xbf)f\x0aM\xd2\xe5\x08@\xc0\xbb\x1f\
\x93\x0f\x83]B\xf6\xff\x00!\xe5K\xf6\x0e%c\x14\
B\x8f\x19\x81\xfe\xccV1\xe2mmV\xe0\xf2bX\
\x83\xad\xabu\x1f\x9a\xfd\xce\xa06\x13#\xbd\xf8\x12\x8f\
.8'\xd0\xc2\xe6;\xce\x12\x0eP+\x98l\xfc\x00\
\x00:$AL\x03\x95\x87\xf5\xd42\x82\x9e\xf9\x1c4\
|\x04!\xc0\xea\xd8\x84\x91$\xe7n\xb4m\xac\xc2Y\
\xbc\xeb\xbe\x83}\x06e\x8c|*\x84\xcf\x8a~t\xc0\
\x00.\x1c\x81(\x9fw\xac`\xff\x00\xee\x1f\xfc\xd16\
\xf4=\x85\x18VN\x00U\xf9\x85\x00\x0f\xb2\x13\xe5\x16\
\xa0\x06\x15\x5c\xba\x19\xcc\x15L\x9868\xdf\xf3\x05\x8d\
\xfbx\xe7\xc4\x1ftd\x85\x8e}\xe0\x03E\xd8P`\
b\x0a\x1a7{\x94\x84\xbeD\x09\x82\x03C\xc2}\x83\
R\xbd\xcf\x13\x08\x12\xdbK\x12\x5c\xbb\xc9\x82\x08#d\
\xc3\xd0\xcezxA\xf8\x9e\x10(#\x9a\x02\x02\xce\x06\
\x0dG\xcb^ ~\xed\x04\x8a\xa7\x88\x7flD\xf4\x12\
~\x0c\xaf\xdc\x80\x99\x10\x15\x9b\x80/\xc3\x10\x01\x18\x80\
\xc2`e3\x08\xea\x1a\x8b\x91\xee!\x80*o\x08v\
N\xbcJ\x0c\xa2\x0a\x18\x12\xac\xb7\xa41\x02\x16\xfc\xc3\
\xeb\x88\xec\x1c\x08B\xef\xbcT`\x12\xb2\xf3p\xcaE\
%\x88#\xc6-A5O\xfc\x1f\xe6\x93\xab\x88\x88A\
\x83\x87\x92#\xfb\x85G\x98,\xe2\x13\x98\x9a\x8c9>\
D\xa84\x07\xf6\xe2\x05\x18|\x80\x98\x02\xc0W\x91\x02\
\x8e\x140\xdc\x08\x1ad\x09i\xb60;\x8bC\x89\xb3\
\x93\xe2\x12\x80\x8c\x98\xbd\xe2\xf2Bc\xdd\x03\xf9\x9bD\
Bh\x91\x09&\xe00\xb1\xba\xd9\x01\xb1\x9d\xfd\x03x\
UxY6<T\xff\x00D(\x1c\x09\x82\x1a\xa1\x00\
\x0d\xc4R#\xba\xdf1\xd3\xd0J\x0eE\xd4\x0a9\xc2\
\x07\xc4.\x1c\xe2?\xa4-\x10.\x896 \xc8\x89n\
\x9b\x86\x14*!\xee\x0c\xa5\x80\xd2\x0f\x1d\xc0h\x0e\x22\
dB\xdfgb\x18&\x1f\x7f3 \x99\x858h\xe0\
n\xd7\xbb\x98\x03\x888\xbc1@\xfb\xc1\xa6\xc0\x97\xe0\
\x0fd`8C\x02\x0c\x07\x0b;\xae \x0b\x07\xbe\xa6\
\xdf\x0c\xb9\x10\x0dM\xd0\x0b\xdcP\xc4\x0a\xa1w\xdc\xb4\
f\x22\x00\x9b\x81P\xd9>P\xec\x9e.\x19\xb5\xc7x\
^`\x90j\xa1\x9d\x85\xe3\x9eo\x98\xcd]:\x10\x12\
\x96\xa6&\x1c4\x19\x9fB\xed\x0e\x0a\x89wD#*\
\x1b\x84\x9b\xde8\x84u\xaa\x88\xed\x08\x08\x1e\xce\xa2v\
\xa7C\xcec\x9eGBn\xcd\xc3\xdcp\xfa\x8c\x07P\
D\x14(g\xa8lYca\xed\x18c\xff\x00H,\
\xc7\xa0\xfa\x18iu\x9f\xfecg\xd6=#\xd0 4\
\xa3\xe3\xf7=\xa1\xda\xe4\xefC6\xea*\xbe\xfa\xe60\
\xb6\xc3 7(\xc0\x89\x08\xe8\xf5*\x95d\xc0}\x8a\
\xf8\x8eI\xb7\xd9)\x0d\x1eG\xbf\x98\xdb\xe4\xf7w\x01\
x\xd4\x00@<FT\x0c't\x08\xf0h\x02E\x0e\
6\x86\xa8\xdf\x12\xb2HDxp\xc0\x986\x81\x80\x19\
\x15\xba\x0d!e;\xef\xc4\xe9iHn\xa1\x87\x8cL\
\x90\xd4\x22{\x83\x16\x09*oa\xdc\xfc\xc0\x10\x01\x93\
n0\x8c-\x18\x94\x0a\x003\x13=\xfc\xc5RE\xc1\
\x93\x01\x00a\xc8\x5cVH\xed#\xf1\x10\xefi\x92c\
G\xa2\x03\xec`\x1e\x8f\x0c\x05\xf9\x8c9\xbf\x8fj\x13\
\xef\xe0\xfb\xa0\xc0\xaf\xf4\x02\xcc\x1a\x17B<\x81\xfa`\
\xa1\x01\x1b\x88y\xc4\x19\xcbg\x126\xba\x81\x1f\xc9\x06\
\xf2\x0f\xdb\x81\xa4\x89\x80\x8e`\x92\x05\x96\x83\xef\xb2\xe1\
`\xa2\x0f\xc0\x14\xcf\x0f\x88\xb3K\x9d\x8a0\xff\x00\xe0\
r\xa3\xf6\xcc&e\xf3&6\x22\xceo}\xcd\xe5\x96\
/\x0b\x0a\x97\xc41\x000\xcd\x91\x83\xd2\x84\x85\xf2\x83\
x\x92?\xc4\x1b\x22\x0eV\x08>\xce*b\xe3\xa4\x99\
\xeb0 \x11\xd8\x11\xed\x093\x1d\xc2\x9c\x03\x04\x03^\
\xeeT`\x01\xdfuQ\xb1\x1b\x0c\x0c\x09\x0c\xae\xe6]\
\x10y[\x0c_&\x0f\xc0J\x03\xcb\xc6\xf0\xa7\xfc\x1b\
;\xc9\x88p\xe2\xf3\xa3\xb6O%\x0fa\x86\xea\xdcj\
\x1e\xb8\xef\x10\x872\xc4\x15\x08\x02*v\x15)2\xfa\
\x83\xfc$\x8c\xa5\x9aT0\x105HiA\xa9\xc2\x81\
\x96hNP'\xc2\x11\x00\x9b\x8c7K\xe6\x88\x0fT\
\xe0\x8c\x02\x98\x15\xf7\x02\x11V\x10\xcc+Tv\x80\xfc\
\x82J\xfc \xd8$b\xc4\xc2X\x10 >\x940\x88\
\x1f%\xedt'\x97c\x14~\xb6\x84\x86j\x22\x98\xaa\
\x86\xc7C\x80\x007bf\x84\xe5\xb4\xbe\xc3\xa80\x04\
\xbcf\xf7\x87t %\xc9\x07\xa8\xfa\xf0\x1f0\xf2\x15\
\x19\x0a\x14\xfc\xe6\x18\x01\xb3\xc9\x96{\xc8\x1eQ\x8d\x17\
\x15\xd38XR\xa1\xe7\xf7>\x9d\xa3\x8fS\xe9L\x14\
\xbe\xbe\xa3\x92\x8b\xef\xf8@\x805\x97\x7f\xf8\xc1^\x7f\
\xf0\x01\x13\xdc\xb2!\x14\x0e\xdb\xf4\x0f\xfe`\xf5\x084\
\x1a\x0d\x06\x82\x08s\xa00Y\xac\xc7\xb6\xf0\x90<\xe8\
\x09\xed@\x04.OTH\x87\x10\x97[\xc9?\x88\x18\
\xachA\xb2'\xcc\x0b\x8cE\xa0\x06D9\xda|\xee\
F\xbb\xedp\x98\x01/ra\x0c\x82!\xfb\x88\xcf\xd8\
\x1f\xc4%\x97<\x0d\xa3\xbb\x9c\xc4\xe4\xe5Q#\xc9\x00\
K\x9bB\xcb Bq\x17P\x11\xe5\x12\x18\xbf1w\
\x82\x17|Aq8f\x04\x1d\xf0\x8f\xd9?D\x12\x04\
\xf0ghj{\xff\x001\xc3\xef\xc1\xfd\xa7\x88O\xf5\
\x10g\x1b\xcbq,P\xca\x80\xe5WiV\xeb(\x9b\
\xb4\xcf\xcc\x0d\x8f\xbc\x11\x89A\x8dY9\x0f7\x00\x18\
vx*??h&\xc0\xc7\xba4e\x8bp\x07\x0e\
\x15]\xba\x1c\xc5\x00V\x9a\x06@\x1e*\xa0vq@\
B\xd9}\x9e\xe2\xe0y\xaa\x15\xee#\xff\x00P\xbcU\
Q\xc0\x1cT\xfdT\x89\xb1\x84h\xcd\xfc\x0b&dB\
\xa6\x07\xb2b\x11\xcbV\xe7\xb3}\xcc\x11Qu\x8b\xdc\
\x80\x16\xe1\x99\x09\xb6\xfa\xca\xda\x00\x10\xc8\x8f\x02\x1d\x0b\
\xcc\x1e\xcf\xc0\x91\xe4\x8eP\xc2\xda\x14\xc7\x9b \x9d\xfc\
\x00\x0f\xb9\xc4<\x18U\xc0\x0e\xd3{ \xc0\x1d\xef\x92\
\xa8\x93\xd4\x04\xda/\xb3\x00\x04v\x82\x9a2\xaa\xc0\xd3\
W\xc8Q\xaa\x0f\x0fp\xbe\x82\x02\xe0\x06K&o\xb9\
\x8f|\x1c\x5cy~#\x1b\xbf\x85\x09\xef}nD:\
s\x03\xfb\x89\x8b\xec\xc42T\x92\x8b\x8e{\xd88,\
\xba*\x1c#\x94b%\xa6'<\x0ct0\x96\x00\x95\
\x10\x01\xe4\x9a\xdd\x88[\xdf\x80\x00\xb0*\x15\x12\x93\x06\
\x1c\x10\x979!t\x0f\x87\xf5\x0aJ{\x8f\xc4,\xc2\
\x00L\xa9\xbe\xab`\xf3/\x22\x1b\x07\x95\x0a@o\x9c\
\x1dr\xd4!\x18\x8a y\x1b\xbb\x1d\x5c\x13C+\x8e\
.\x1cE\xb23\xa7J\x11\x93\x1b\x02\x00\xb9#\x04\xbd\
HH\xb1\xc3t\xfb\xdar\xa282\xf9X\xc71\xdf\
\xbaa\x8e\xc0\xb0\xefM\x81\x8b\xb3s?x\xfd\x11\xe3\
\xdd\x80\xd7P\x99\xf0HrY\x98]7h\x14A\xee\
P\xc0\x081\xe1 48\x8e\xe1\xf6#\xf8\x89\xbc0\
\xd6\x87\xd0t7\x1e\x9b\xf5\xa6\xdd\xff\x00\x18\xf5\x9f\xfc\
g\xff\x00\x1f\xbe\x98\x884k\xff\x00\xac4\x1e\xb1\xa8\
\x82\x1a(\xd8\xb3\xd4\x22\x06pP\x9b\x9b\x09\xb4\xae\x9b\
U\x90\xe8\xdf\x0c\x95!\xf1\x08V$\xf7\xa2\x9f\x06\x02\
,D!\x85\xd2\x08\x83\xfd\xc3\xc9\x1fp\xea\x06\x91v\
Fe\x06fB\xc4\xa1\xcf\xfc\x9bJy\x08\xc3\xea\x94\
\x87\x9e\xcc\x16@\xfc \x1a\x84\x86\xee\x11\x0c\xdcE\x0c\
\x15\x98L`\xcbagF\x04\x1a!\x18X`\xbd\x8b\
\x8c0j\x10+\x1c\x1e\xa0D\xe0\x17(<\xb1\xf5\x9e\
\x01\xe0\x97\xcf\xbc@d;\x07\x87\x88\xa2\x84\x8e#\xda\
\x1c\x80\x09i\x00\xb6\xce\xdc\xc6\xed\xc0\x0b?\x02P\x18\
/\xe526H\x85l \xfb\x07\x13\x13\x0d?8L\
\x84\x8asI\xa3\x97\xc3\x08\xe7+\xac\x951\xaaHW\
\xcf*\xa1\xecT\x5c\x04\xcd\x1er\x95~Eq\x8c{\
\x99\x91\x90$>\x07\xe8\x94+\x5c\xa0-\xe1\xb1\x01P\
&\x07\x90\xf1\xc41C\xa8!\xb9\x9c\xcc\xc3h\xe8\x01\
#i\xa2\x98\xae\xcc\x1b`\x84]\xd0\xed\x00\xf8\x81\xc0\
\x98\x00m\x03\x03\xbd\x0a$G\xfe\x0a*\xe0\x22`\xc6\
\xf2\xdb\x1a\x93_?2\x8a\xac\x1d\xc2U\x8b\xbb\xf9\x87\
\xce\xaf\xf3\x0d\x13\x0fl\x0e\xd1\xa4H\xf7\xbc\xdd\xa8\x0e\
<\x88\xdf\x96\x82q\x03\x07*\x1d\xc2\xce`h\x02\xb8\
\x00\xe5n\xf7q\x0e\x04\x90\xdc\x0aB\xe0\x5c\x0a\xac\x04\
\xd0\x87;\x00\xce\xfcA\x92\x1f<\xdd\x0a\x19hJ\xd1\
\x0a\xb0<C\x9a\xc8+\xdc\xbb&\x00\x82\xca4\xb77\
\xf7\x95&\x16c$\xe6\xb8\x10!{h\x08\x1f)\x88\
Fk\x8e\x19\xdc\xaah\xa2\x02\xc7+c\x88\x0d\xb0\xda\
\x90=x\x83\x92j\xba\x0c\xc3\x14\xa0wH\xe0\x0d\xa8\
\x80\xe5\x07\x88$\x16m\xbc\xf7\x03\x82\x00a\xed\xa3\x00\
\x08\x12Rh\xfar\x84\xde8@\x83\x90ghM\xd3\
\xef\x1d\xc5w)\xd1\x86\xb1\xa5\xbc\x1f\xde`\xb6l}\
\xc8\x0c\xb0L\x8f!\xe2\x09\xc70\x83\xc0\xe4u\x01,\
\x1c\x07xu\xe7S\xe9>oSg\xf8\x07\xff\x00\x1c\
\xff\x00\xe3\x1f\xfc\xe1\xa0\xff\x00\xc0?\xf0\x1c(`(\
\x18ge\xa9\xd0\x98O\xc4\xdf]\xe2\x0e\xeaw~\xd0\
\xb6\x10\xba\xa3rf\xe1&\xd2\x87\xc6\xd1*\x89\xd9\xc7\
\xe6\x11\xa0\xeba\x5c\xb9\xce@\x18G\xbf\xdeg\xd0\x18\
\x11\x0a\x1f\xf2\x1e\x9a[\x867\x04\xb11\xf0\x9bh \
\x93bY\xd1\xa1\xa3(/\x9b\xe1\xa3\xa3\x9cK\x04\xa2\
ur\xa3\xf2\x06\xb5\xbc\xf1\x0e\x83C\xe4h!\xa32\
\x0b7\xf7\x9c\xce\xd6\xe5\xeb\x0b\xde\x0f\x88*X\x0c\xb3\
\x9d\x10\xd9^p\x923\xd4)<\xd0\x18\x97u<\x81\
V\xbcC\x8d5\x8a7\x01\xf6C\xe9+g\x0e\xbb\xf5\
\xe8\xb4r\xb7\x8fA\x9fA\x8d\xe5\xfc\xc2\x18!\xd4\x7f\
\xf5\xc1%YD\x7f\xf4G\xf0\x8f\xfe+\xce\x9bj\x7f\
\x8c\x96o>\x83\xa1r3\x0f\xf0\x13Zm\xa1\x83\xff\
\x00@\xd4\x9fA\x90\x18\xf4o\x0ex\xff\x00\xee\x1f\xe7\
\x19\xff\x00\xee\x8f\xfeI\xf4\x9f\xfc'\xff\x00\x9cs\x97\
\xff\x00\xe1\xf7)5\x9b\xff\x00\xe9\x8fP\xff\x00\xee\x9d\
v\xf4\x01\xf1>\xfa\x9f\xe1\x19\xd0\x02H\x03&\x1f\xae\
\x88\xfaF\x80\x06;\xeaQ<\x15\xf5\xf5\xef\xe80\xe8\
a\xf9\xf4\x9d^\x8f\xff\x00\xb24?\xf9Q\xf6\x9b@\
\x07#l\x7f\xe1?\xc2\x0a\xebP\x1e\x88\xdfZ\x8f@\
\xf5\x0f@\xf5\xd7\x18\xcaYh\xf7\x81l`\xb5s\x00\
\x7f\xa8\x06\xc4\x00s\x99e\xca\xde\x03\x98g\x91\xbcB\
B\xc8\xe5F\xdc\x81\x0b\x81\x92\xa5\x04\x02[\xf8\x85\x0a\
'\x06\x0e\xda\x00$\xafX\xbd\x07\x9d\xa1\xa2l\x11\xd4\
p\xd1/\xfeC^e1J\xda:\x87v\x8d\xc5\x8c\
ne\x86\x0cpj}A\x87`<\x8d\xc6\xe3\xe6\x0c\
Es\x1e\x06ae\x91\x0e\x97\xb82\x5c\xc4\x10.}\
\xa1\x07\x98 \xc19\x8e'1\x22GZ\x0fg\xd0s\
,)\xe0T\x16P\xfc\x82\xae\x00v\x09\xb7\x0fx\x09\
\xc1r\x81\xeeQ\x9d2\x9c;\xee\x02\x11l\x1f\xbc\x01\
\xf7\x02\x98\xe3\x971\xed\x02\x0c\xc2\x0d\xe5W\xa9>9\
\xf1\x99\xbbR\x81\xb8\xe4C\x87\xb6\xf0D=\x02%\x86\
`5\x99w\x15\xd9C\xc8\x03\x95+\x82\x00\xb8\xbe\x11\
\xb110ap\xfa\xe0\x09\x8c\x05\xcfi\xe3\xb9\xa3\xc1\
\x94k\x91\x5c\xf69\x10^\x16\xbc!E\xc3 \x0a\x07\
)jZ*]\xf5\x00\xb6\x8f\x88\x19'\x04\x1b\xb0x\
\xde\x04\x87\xda$G\xba\x8aE\xf6p\xf3\x1d\x01.\xf1\
\x091\x95\xb4'\x1c\xfe\xa5\x01\xc8J3\xe2\x06\x09\x0b\
{\xe2*\xa4\xe8pZ\x18\xa0c1\xc1\x00\x12\xc4\xc9\
\xfb!1\xf0e\xc7\x1c~\xa7\xff\x00\xdf>\x83\xfc\xcd\
\xd1\xe8\x22\x0b%\xfc\xc7\xd20a[c\xd4\x0a=\xc1\
\x06\xacK7\xeb\x10\xc7\x1c\xbe#\x80\xd4p7\x07I\
\xe5\x18\xb2jn\x0a\xd2\xf3\x0e\x1flKG\xfd@t\
\xef\x11\x87\xe6\x9a\xfcN\xb6v[@\xe4\x92?0\x0c\
B\xca\xcd%\xbb\xa5\xe30\xde\x14\xf8}e\xd5\xd8A\
\x80\xb8 \x00\xef\x1f&\x1e\x81\x03\x88P\x86\x14\xda}\
P\xaec\x80\x13Bn\x88;\x98p\x10\x10\x87?\x15\
\xc3d\xc0F YR\xb9\x84\xe3\xda4\x1f\x189A\
\x02\xc35o\xde\x12\x02\xaeO\xb6a\xe0\x1f\x10s\x08\
\x5cM\x90\x98\xe7W\xef\xd8\x86;\xe8\xc3\xe5\x02C\x94\
\x88\x1f-\xe1|\xc2m-\x1c\xd1\x88[\xf2vdo\
\xc4\xfa\x97\xe0\x14qx\xc8\xf0\x08\x8f{\x8e\xb2\xb2\x06\
\x5c\x09\xb9asU\x13\xd3\xccT\x06\xe7\x98\x1e\xfc\xe6\
\x1d\xb8\xde\xe1W\x00\xa1x\x002>!\x14Mg\xf2\
#\xf0aW\x12\x0e\xdf0DHC\x80\xd9\x07Cp\
u\x01\x91\xb2Mn\x9f\x8cB\xc2\x09&\xf9a\x90\xf2\
\x8f\xc411\xf7 f\xeb`>|8<\x140\x0a\
~\xc5\xc1\x85\x03nl\xe1mFY\x01d@\x06\x0f\
m\xcd\x86\x19\x05L7\xdb\x84U\x03?\x87\x8bP\xd1\
qP\xc0\x06\x87\xd8\xc7w\x12\x0a\x01_\xf1\x00p_\
\xc2X\x18\xc8I\x80\x88\x88\x00\xaaJ\xf8\xcdL\x8a\xdb\
\xb1\xfe\x80\x86\xc7>\xa3A\xdb\x88+\x06\x09\x00\x9e\x17\
(\x9e\x88\xac\x1f\x1d\xef\x09HH\x08\xa5\x96\x84\x0d\x1d\
\xb0\xc3\xd5f\x04V,\xcc\x97#x\xf3)\xb8\x91j\
\xad\xa6-\xbd\x84\x01\x1b\x82\xc4f\xaeB\xb9\xe6\xa8\xc0\
\xbe\x13\xc5q\x0e\xd6C\xbdr\x01\xf7\x80\xa3y@\x0c\
\xdc\x02-\xcd\x9e\xcf\xcct5k#\xb1NF\xf2\x8f\
\xd3\xd4\xe4|Q\xf6\xec\x04o\xa9\xe9\x0c3qW\xdc\
\x05\x1f\x88}\x1d\x83\x114:\xac\xa6J\xc3\x91\x7f\x99\
\xc5X\x03\x1f\x85\xb0\x09\x00\x02;`\xc8\x0d\x841\xf5\
\x9b\xe2f\x16'\x18f-\x05\xa3\xb8[q\xd4p5\
\xd7\xa7}6\xd4\xf4z\xbb\x8e8\xff\x00\x8b\xbd\xa1\xf2\
5)w\x0e\xdbM\xbf\xfc>\xde\xbd\xbf\x90\x1fC\x82\
\xc8\x10\x88 \xb2c\x96\xa2WH|\xc1%\x00\x08\xa3\
8K\x18\xa4\xb6:\x01\xf3\x0c\x02>#\x85<\x00\xbe\
~!,\x06\xbe\x882\xdf\x09k.\xce\x19\xe8=\xc0\
\xa81\x0d\xcb\xe9\x0f\x83\x1d\xe5\x08\xfd\x81\xe20\x17q\
7~%@0\x11\xf3\x04\x87e\xc4Cm\xed\x07\x11\
\x83\x04\x18\xd3+\x8e'\x10\x83\xd9\xc48\x1b\x80D\x1c\
\xc0%\xdco\xfc\x80\xd1\x0b\xed3\x07\x19l@\x81\xa2\
\xeaR\x00\x00\x07P\x8c\xc0\x86\x02\xb7u=\xa0\xbf\xb8\
\xbf\x0b\x00\xb3\xd6\xf1v\xf6l<\xc2SE#`\x1c\
C\xd1i\xe3\xf19\x90\xc0\x9d\xd9+\xb8\x18\x80\x22\x87\
#\xfc\x8c\x81\x07k\x19a\xd29A\xf6\x97\x83\xe2Q\
\x99\x18\xf0?iY\xa9\xbc\xa3pX\xe1\x9c\x97\xc4\x1a\
\xaf\xe4}\xa3I\xd5Y\x05&\xc9\xb9\x1b\xb1|\xe2/\
\xa6\xden\x05\xfc\xc7\x06\x9d\x81Cs\x8a \x08\xdb \
t\x0b\x84s\xe5\x08\x03\x92\x80>\x1c\x22\xe5\x9cz\xe5\
\xcf\x10p\x88\x01\xdd.\x92\x22\xed\xc0 *\xee]A\
\xc7\xd2\x0ep@\xec\xfc\xa0c\x02C{\x19\x12\xa4\xd6\
\xb8\x11\x05\xeck\xda\x19\xae*\x09W\xf4\x08\xa3\xa6\x10\
7\xca\xfbL\x7f0\xf8X7\xd5F\x10\xf8\xd0\xee4\
\xd8T\xc5\x22j\xbe\x04\x18o\x9d\xcd\xb7\xe4\x95\x84\xc4\
\xba\x5c\x1d\xafg\x07\x99\xc6\xc3a\xfa\x22>\xe1d0\
\x94%\x8a\xca\xd2\xfd\xe1PbvW\x81*\xb25j\
\x05\x8a\xfaB\x09\xa0v>\xc9\x8d\xc2P(6A\x07\
\xa6\xa8H\xb1\xce\xe6\xca\xcb\xa8\x02\xf2\x04\x91\x02]\x80\
#p\x0f\x1e#l\x07\x92\x11\x8d\xfbx \x93\x81@\
E\xf4\x80w\x0d\x06\x1e\xe4\x12\xb4\x81\xf1\x0a\x83I\xf7\
\xa8p#*\xf2\x1d^\xd8\x80Y\x91JC\xe9\x1cH\
9\x11\x9c?G\x1e\xc8\x81d\x00\x9b5\xbd\xe1\x93\x05\
\x8d\xd4\xdf'\x13\x05\xa4\xec\x82\x08\xd0>\xb2\xe2H\x15\
\x0f\xa4?D'\xcb\x8bA\xaf\xb7\xa9\xc6\x1b\xb4q\xe8\
\xe3\xd0@'y\x81\x07\xc4$-Ip\x06@\x99A\
\xb9\xf7\x08\x0fz\xe3\xcf\xf3\x9f\xfe\xd3\xf4}\xbd&\x0d\
6\xed\xc6bR\x8b\xa4z\x83\x09\xce\x10$/\x01\x9a\
\x84\x80\x05V\x11\x88\x11\x90\xb0[\x17P\x8f\x11J;\
'#\xd4$&\xe3Y\x8c?\xb89$\x1dN\x99\x1b\
@\x5c\x0c\x13G&!0\x07&&*\xe6\xf8T\x08\
M\xda\x80\xb1\x85\x01\xe4\x14\x969\x11\x9d\x84f+\xcb\
Pr\xef\xf3\x00\x8fo\xdd\x84r\xa1\xf1=\xe09t\
\x10\xe4b?\x13gKx\xc9\x08\x03\x05\x04_\x05x\
\x10\xac\x1fP\x18\x00W\x99\xbc\x11\x0a\xed\x81\x15c\x98\
\xb7\x06\xfd\xc1\x838\xd0\x19\xed\xd1\x19\x06\x1a\x00Wb\
F\xecn[\x98\x0cW!km\x88\xe0\x01X\xa6\x9e\
\x1a(\x0a\xcc\x01\x84\x83\xb9\x807\xc6B\xc8\x08\xb5x\
\x82\xf6\x0a\x0e\x84\x11\x034\x8f\x93\xfa\xa2\x9e%!\xf7\
\x82X\x1b:\xae\xa1\x9b\x19\xc0X\x10h\x81W\xc8j\
\x04-@\x05@\x04\x11.4g\x5c\x9f\x036\xb0_\
\xaa\x1c2=\xb9\x8f9\x96\x94N\xd7\x01BH\xaf\x03\
\xb1\xf6\x80\x0a\xc1#\xb69\x82s\xde\xc0_\xaa\x00\x82\
\xd99\x1db\x043\xd8>`(-\x88\xe7x\xe1\x10\
\x12\x7f@\x85\x89\x92\xdc\xcd\xbf\xed\xf3\x9f\xac\x01\xdf\xb0\
\xe0q\xcf\xe6\xea\x0a\x85\xb0\xday<\x0e\xd9\x96\x1e/\
\xefB\x10[Ll{\x86\xad\x86\xe3\xed\x0a\x009~\
\x89\xd6\xbbyp\xad\xd6\xefK\xf0`\xe0*9\xbeF\
ah\xba\x84\xf3\xc4'P\xb3Cp\x12~\x1c\x09\xc8\
P\x1f\xe18\xe1gc\xda\x0cy\x05y\x89\xdcJl\
B\xed\x05\xad\xf9\x80\xef\xa3B<@?\x22\x0a\x10\x22\
\x92\xdfa\xd9\x9c\x07\x14\xb7\xcb\x10\x04,\xdc\x85\xfd\xc6\
 g\x0cL\x82T0L$tYdy\x81\xee\xb1\
\x0e\x1c\xe25\x91\x8c\xb7\x99\x82\xa98\xed\x85\xc3\xcbW\
\x05\x8f\x84Y\x10r\xe70\x02\x0a\xab\xfd\x81\x00\x91\x5c\
]\xc9\x05!\x16d{\xcb\x18\xe0\x00\xe2\x19\xaf\x01B\
\x98c\xf7\xd1\x15\xd3\x0f\xba\x02~\xdaS\x0eZ\xc3\x5c\
\xa4#\xa0\xcc`J\x18\xdb\xd0\x87C\xa9$\xb1\x11\x94\
S\x85\xfe\x12\x07tN\x84sT\xdd\x88BH\xcd\xf1\
=\xe0k\x93\x8c\xa2\xc0Fq7\xed\x09\x8d\xa2-\x0b\
Q\xfb\x0d>\xd1\xd3\xdb\xd2\x0fq\xf7\xe8,\x18\x1a\xc5\
A\x09\x94\xae\x5c\x1c0\x92Uly\xd3~\xff\x00\xf3\
\x9f\xfe\x01\xfe=\xa3\x0349\x95<=\x19 \x0e=\
CM\xa1\xaa\x17\x02\xf24!\x86Bm\xa0\xf7r\x8d\
m\x08`\x07B2K\x224\xb4v\xcc\x15\xfcpA\
\x8d*:\x07\xcc'f\xab\xa4&/I\xdc*<\x19\
\xf29\x8c\xc1Q\x9a\x85\xc90\xd0?\xd4\x12@\x95\x96\
\xe8l{\xdb!\x0fAn\x0c\xc0\xc5g\x16q\x1f\xb3\
\xd3\x22\x0ec\x01@.qY\x9e\x04\xbd\xac\x12pC\
\x01\xb0vQ#\xc1\x11\xc6b\x8f\xd1\x89\xb7\xb4\x04\x09\
\xc7\xa8\xa4\xa1\xed\x0b7\xf0\xa6m\xc2\x16.;8\xaa\
\x1d\x0a\x8bY\xc2\x7f\xdf\x13\x02\x07\xe2_\x00\xf0@\xe4\
\x9eU@\xec\x04yQ\x0c\xc3\xa8H$|\x87\x01W\
\xdb\xa1\x11\xb4\x02\x13\xa7cD\x08sG\xbc!\x9f\x94\
\xdc>P\x01\xc3u\xb4\xa8\x10^^H\x95\x02\xf9\xcc\
B\x5coQ[\x95\x01\x1e\xc2\x84z\xfd\xa5\xe3b\x18\
\xaf\x8er#\x02\x96\xd8\xf1\x0c\xc0\x07\xec\x110\x1b\x7f\
DM$\xce\xeb\xea\x5c\x1d\x81\xf7\x11r\x8a\x17f\x13\
\x1f\xa8\x13\x18I\x91lb\xe1\xa1W\x03\xc8\xb2\xff\x00\
\x10\x9e\xba*\xc8\xc0cq0Y\x0d\x90\x02\x89U\x99\
\xbb\xc9T\x08\x15\xbeTGg\x88X\xa8\x024\xb0A\
\x9d\x92\x91\x90\xad\xc3\xe2T8\xf6\x80'L\xc1[\x8e\
F%\xa0\x81(\xeb\x02\x82\xae3\xbb\xa4*fKh\
9\x96\x82\xdb\xa8\x18LT\xb2\x1b\x06\x04\x0b\x1b\x91\xec\
\x81&\x82\xaa\x04\xff\x00\x89\xd6a[8\xe2\x13\x0e3\
h\xe0T\xcfe\x1e\xe9\xf0\x84\xcc\x03\x1dss\xf3\x12\
VA\xbf\xec\x88\x0c\xd1K<cE\xabs\xc1\x99\x9e\
c\xa1\x016\xf7\x06#\xa0\x08\xeb\x0b\xf8\x12\xaf\x00\x84\
'\x0c\x83\xec\xaf\xc4V\x02\x87\x00u\x16)V\xbf$\
\xbah\x00\x12je\xae\xe5\x81\xfb\xb4x\xac7\x1e\xf0\
\xb7\x1eC\x0e\xd3\x0c5\x1a>t\x8c\x11\xc3\x07VA\
D\x95\xdc(n\x85\xe02\xdc\xad\xa4?1p\xe6T\
\xb4\xe5\xbeP\x870\xdfG\xde\x16V\x06\x88n\xea<\
\x81\xcc*2P\x02>%\x01\xaeB\x1e\x148\x0dW\
A\x5cg\x06\xa1\x91\x10\xa4\x1f\xa5\xc2\xc6h\x01\x8eY\
\xf7\x84\x051U\x07(z\xecE1-C\x00'p\
A\xbb3?sb\xc9\xea\x0c\x99c\xb1\x19\xca\x22T\
\xf1Q:n\x07P\x02\x0c\xccS<\x03\xf6\x85Z\x18\
\x18A\xe0\xc6\xe0\xc2\x9bh\xa1|Om\x0c\xa0\xd8F\
&p\xe3\x99\xbd\x0d\x02\xa3\xf5\x9f\xe4:\x9f\xfeh\x14\
\xd8n\xa5\x81\x10\xd0\x0b\x12\xa3h\x15\x8a\xd8k\xdc\x1e\
\xb8\x80\xac\x93`h@-\xe0\xa3\xe4\xa5\xbaa\xc2\x9d\
\x1a\x95\xb09G\x05\x8b\x9cU\xc0\xdf\x22T\xca\x00>\
\xa3\xf9@\x97\xd6\xd7\x19#\x1c\x19\xd2\x89P\x08b\x06\
#\x94F\xb8\xd8U\xc2,@S3x-\x84\xc5.\
\xd0\xe4\x99\xdb-\x8c\x12b\x1c\xa0\x96\x19\xa01\x06J\
\xb8\x09\x1bE\x0a\xc4\xe67\xda\x0c\xfe8\x827\x00\xc9\
\x81\x81g8\x9dp$\x84G\x96`\x22\x17\xad\xcf\x10\
\x07\xad\xde\x1ce@b\x80&\xf2J\x0fm\x84\xc7\xed\
\x09\xb6CS`\xe2\x13\x03\xca\x00\xff\x00 ;\x02q\
\xce\x16\xda\x11\x02\xdf\x88\x9bPB[\xfd&\xc4P\xec\
\xb6\xe9\x00\x88)\xdc9\x05>\x12\xe1W\x0eC\xbdh\
Q\xec\x89\xc6\x85\x06\xd4\x00\xbf\xf7\x09_\xe4\x81o\xeb\
\xc2{\x93\xf5\x8f\xcc?\xfdOrxF\xc1\xa9GW\
\xee\x01\x06N6\xfb@\x08\xc2\xdf\x10o=\xfe\x94\x00\
+q\x11\xbcC\x81\x01c\xda\x08\x05\xde\x1e\xc2\x03<\
N\xe3\xeb\x04\x12\x80\x82\xcc,{`\xef\x00~\x888\
\x18B'\xe8\x9e!Cp\xcd\x86\x13s\xdc\xc3\x15\x8d\
\x01\xe6*3\x91\xe4\xee`\xbf\xdaw\x82\x1c\xb7\xd5\x98\
\xfe\xd5\x5c\xd9\xd4\xe4\xfa\xa1\xe0\xa17\xd4N\xf07\x06\
\xf9\x9e\xf8\x01\x83\xf5@|\xfd\x0c\x1a`\xe1D\x5c`\
#\x00\x84l~BSO\xd66\xec>GPc\x8d\
w<`\x0e!\x16-\x1c\xd1\xc1d\xb2 \x7f\x18H\
\xf5J\xe5\x18\x00\xbe\xce\xe6\x11&\x0f\x22\x02\xd7v\x8c\
\x05\xc8|@_\xf2\x9c\x12\x0e\xd0\x98\xdf\x98>\xc4\x11\
\xda:\x8e\xfc\xa5gHP@\xa0,\xbc\x01\x894\x1f\
\xbcU\x17\xdf\xfb\x8e\x22O'\xeb\x80\x93\xc4\x1d\xa0&\
\x0d\xa8r.\x9c\x7f\xf0\x86\x17\xda\xa1(\xdf\xd2U\xfb\
\xd9\x09\xde\x1e\x10\x8c@\x0d\x9d\xc3`\x22\xf9J\x8c\x18\
Ct)\x1f\xa6%Ub7\x10I\x07 B\xcb\x85\
\xf4\xaa\x83\xdf@n \x8c\xd0\x0d}7\x08\xc0\xa9\x5c\
\x06\xb8\xb7\xf6E\x04u\xb6\x84x\x81D\x9f\xdcyP\
\x00(b\x00e\xa9\x8a<\xdc\x06\xd9\x8f\x02\xccI`\
|\x14\xfd\x1c\x00\xccl4(57\x06\x8a\x18!\x0b\
\xc1\xe4B<\x92\xa0d\x01o#\xeb\x08}\x1e\x17\x9d\
\xe5p\xecbQ$\x8cK\xa9k\x9e5(\xc6\xd38\
\xe1\x08s;Cp\xcd(\x06\xe6\x5c\xae$Oq\x0c\
\x12,C\x09\x11\xc7\xfe\xd5\x07\xff\x00[>P\xff\x00\
\x07\xb4\xb5l \xc54.g)Sn\x7fTs\x13\
\xef`\xec\xb6\x84\xdc`\x03\x93\xdfR\x84[$\x7f\xa2\
\x14\xf7\xd8\xda\xda\xaeb*L@D\x5c \xcc]\x18\
\x82\xee`\xa0/0\xb26_\xf6;\x0b\xfbG=\xa8\
\xb7\xcc\xbb^{\x83\xf3\xed\x11\x87\x19T\x88\xc8%\x07\
\x22\x5ck\x14*\x1ah\xb2!A\xa3\xb4\xc7a\x09\x83\
\xa40Y\x22\x05\x07x8^\x00\x10\xef\x00H\x1cH\
5\xc1?\x7f\xfa\x87\x9b\xe1\x13h\x01\xdf\xd2aw\xa1\
\xbe\xc2\x1e\xcc-d\x01\xd09\x86\xf2\xd2x\x8bK\xa8\
\xdc\xf1\xb2#\xbd>`\xa0\x18\x85\x95@\x98\x1cVX\
\xb8\x8e'\x01L\x191V\x02\x1c\x1d{\xc40\x18\x90\
\x04\xc3q\x10\xdc \x06\xd3\xf6p\xf0\xfdgQ\xf9\xd0\
\x0a\xc5\xa0o\x0b\xf7'\x1a\xe4\x08A\xe5\x80\x10\x04\xa5\
\xec\x13\x93\x04v:\x00\x9e\x17\xc4\xc3\xe3 \x96\x87\x1f\
\xa6Z\x18\x1c\x11$bB\xd5@3\x04\x1c\xac\xd2\x09\
D\x01xA6\x10\x0d\x0f\xd9\xc1\xba~\xd3\xf5H\xf8\
}\x10\xf0\xfdt\x8c\xfc\x1f\xbe\xda\x1dfu\xfc\xb5\x0d\
z\x94\x22\x09\xfd\xae\xf1H\xa8\xa9\x19\xc2A?8\x10\
\xec\x08\xc2\x83Ucb\x12\x00\xe0\xd6\xd7~#\xb7\xd9\
\xd1\x05?c*\x1eO\x94\xe80\xe9\x84\xf7\xf8\x7f\xb0\
\xf6?\x1f\xec>>\x90~\xe2{\xfd\xa7\x9f\xda\x14\x7f\
\xe2y\x0f\x84\xc7#\xe0h\x12\xae\xbcA\xc2\x02\xe2\x08\
\x0c\x8a\x0f\xcc~\x04\x02\xf1\x80\x8bw\xde\x0f\xd1\xff\x00\
q\x16?~aM\xae\x15R\x12\xa1\xff\x004`\x1b\
3\x00b\x87S d\x00\x87\x8d\x8e\x04\xbdA\xd94\
\x01q`|\xb8S\x1a j\xd2\x19#0\x0a(\x80\
\x8a\x83xN\x13\x19g\xe3\x00\x0f\xf4\x99X\xf8D\x12\
6Z\x98\xaa\x00\x17\xbf\xb6\xd0b\xd1\xb8\x84\x80Q\xe1\
\x01\xf8\x87\x89G\x92r\x802\xa1\x8d\x1c\xce\x186\x97\
w{\xc2c\x90wQ\x15MT\x0f0\x9f\x9d\xa2\x85\
\xb1\x80\x06\xd9\xe8\xc7w9\xb8\x1e\xd0\x98\xd1\x98\x03\x0a\
\xcb\x0f\xd2e\x12;\xb18ch\x8c\x8f0!\xef-\
\xf0}6\x8cu\xb6R\xcf^#Cz\xb1\x81\x01\x80\
&u\x0bW&\x11\xda\xa8.\xa5)\xec\xd4:\x94\xf4\
\x93`\xd1\x84\x09b\xac|\x07\x16\xb9/\x10\xbd\xe5\x8a\
\xe2=\xc7\xfb\xf6\x85\x1d\xc8\x81\xec\xb8\xb2\xb2\xf3\x18\xe9\
y\x96\xff\x00\xb2\xc5S\x85H\x11\xdeI\xaaR|J\
\x8cJ_\xfa\x04\x1am\xa0!\x16?\xc8B\xbf\xfc\xb5\
[\xb8\xba\x80\xf6\xd7f\xc6\x8fO\x89\x91X\xda=\x8c\
\xc4n\xcbg0\x97\x1b\x92er\xde\xfd8\x88\x17\x87\
\x00{\xb3[\xf6\x99\xad%Eu\x05\x22\x8a\x11\x07\xb3\
\xf8\x82pp\x14\xee\x00A\x10n2\xea\x1d\xfe\x11\xf1\
\x0d\x10\x06\x9b\x07\xb8\xa4T\x0ae\xcc^\xf10\x03c\
\xc4^\xe9us\xda\x1c\x1e\xd2\x86\x00\xb0 \x0e,\x97\
\x1dp\x05\x0by\xa0\xc0H:0\x1cM2\x03\xa4\xac\
\x11\x05\x18-\x9f\x94s?8#\xdf\x08b\xe9\x07\xa7\
W\xe2\x15\xcc\xd1\x81\x86\xd1\x8f\xe9\x92\xb8\x13c\xb9\xd8\
~\xb1\x86\x1a\x039\x14\xa0A\x14\xdc/\x15\xdc,\x9a\
\x05\xb0kb=\xa5\x03\xfa2\xa4\x85U\xdc\xd2\x864\
Y\x08s\x9ee(\xff\x00@<B\xb0\x09\x8a\xba/\
\x98\x00\x94N\x01\xd9\xb7\xe6_\xed\xfd\xcf\x7f\xef\xbc>\
_\xbe\xf2\xbfB1\xc5\xfbN\xd5S\xca\x0c\x08\x02\xb4\
K\xa2LnP\x14\x90\x10Y\xf0`\xd8\xa1\x0b\xe3\x00\
c\xd5\xc2Wi\xa8\x1e\x22\x92\x98U\x9c\xcc \x18\x03\
\xf7\x94\x8c=\xa6SWC\x0a\x02\x08l\x04\xcc\x1fD\
 ;\xe0\x06\x0c\x9bL\xa8\x18\xe8\x01X?\xae\x1f\xb8\
\xf2\x94?,a\x0a\xc8\xd1_8|\xc4y\xa6\x81\xae\
~I\xee>S\xc8|\xa7\xec({|\x92\xb9\x1fX\
\x87\x1fy\xec~\xba\x08\xe68Q~LJ\x8cs\x1a\
\xca\xc0\xbf1i\xc7\xb0\x8bW\x86@7;R^E\
\x18\xa7\x17h@\x09\xdc\x1e\xf1\x89\xaf\xfb\x86\x04\x08\xf1\
\x82\xfe\xd0\xaa\x17(X\x06 \x13\x142\x92+5?\
K\x9f\xa5\xc2<G\xf0\x83m\xa7t~ct\x8b3\
\xda\x13\x1d\x8d\xa7w\xd56\x07\xeb\x83\xaf\xc0\xc1E\x87\
\x83-\xfb~`!\x8f\xd5\xe6\x1fv\x16U\xc4\x05\xac\
{\x04c\x8f\x86\x91\x0c\x09\xb3\xf1L\x5c>\x10/\xd0\
\x89\xcb\xe1?\xe1\x089\xbfH\x13.d\xfe\x82[\xfc\
'\x87\xc5\x0b\x8e\x1e\x10\xf8\x8e\x92\x81\xd8\x8b\x0c\xc1\x0e\
Q9O8\xbd)\xaf\x84\x99\x08t\x07\x11w?#\
\x00G\xf7K\xe4\xb3\xda\xfe!\xdb\xb47!\x1c\xb7\x83\
\xb8c\x1eW\x90f\x17\x22\x9fxxo\xbc\x0c\x15\xf9\
\x89\xeex\x83\x0a\x9d\xf8\xd1\x00+{\xb8*U\x00\x0a\
\xea59\x06OyH\x84\xd8\x0cH\xf3>x\x84\x5c\
\xa4\x137\xf2\x08\xd0\x22\x9b\xb6e\x13\xe7,X7p\
\x14\xd1!/\xb49X\x8b'\x89\x85J\x10\x0aP\x81\
0\xc8\x96\xfc\xc0\x101\x1d\x02/l\x7fP\xc5\xe0(\
\xa0\x17\x8b\x8ekl\xa2\x07d}'\x22\x01\x849\xb9\
\x94\xb3\x849*\x80\x86\xd7\x19\xe2^\x8fhA\xaa\x9e\
\xd0\x81\xc4{K\xe2{G\xea\x02\x8f\xfe\xa0\x09 /\
\xd05\xbd=\xa5\xc3\xa8\x08\xa0a\x90=\x08\xf0a\x03\
Dp\xae\xac\xfd\xe3\x90l\x9bf\x97\xb4\xe56J\x10\
\xbf\xec\x06`\x85W\x9a\x18\x89K\xd8*^\xdfX~\
\x08f\x90\x04\x02\xc4\xd0\xaa\xff\x00\x068\xdca ?\
\xb0\xc3q\x05\xc9\xa7\xf9*\x17\x8f\x04[\x02\x15V\x9e\
\xf2\xf2B\x8b\xb2\xac\xc2\x8e\xfb?\xa8\xa6t\xcf\xc7p\
B\x9a\xf3\x0d\xca\xb3(\xc2\x84(~!\xf7\xb1\x12O\
d\x88\xe7\xc4H\xc2Q\xb3\x0d\xa8\xcd;P0fE\
\x83M\xfa\xc49\xd6\x18\xd8!\x83\x0a[\xb3\xa0^\xdf\
\x10\xe5\xc9\x22\xde9AyHL\xa6M\xfa\x11\x93\xa0\
%^\xd3w\xf5!0\x96\x07I\xd4\x11\xa0\x0e\x22!\
\x1b@\x9f\xf7)\x1f.g\xec)\xd6\xf9C\xc6\xf9B\
G?2?\xfb\x18\x07O\xac\xb0\xa5\x96\xc0((\xdb\
zw\x11\xc1\x22\x016\xfc@O\xf5\x08\x0bd\xa5\x0b\
Y&\xc2\x96\xd3Z\x81 *\xc4B\x90\x107\xf9\xbf\
\x88He\x03\xd2\x00b\xa0 \x0d\xf2\xff\x00\xb1\x08\xc3\
\xba\xcf\x07\xd7\x89\xee\x83\xb1\x89\xfa\x10\x9f\xf8'\xe8\x08\
d\x95\x94\x9b~1?PO\xdf\x11\xd6\xf3\x99\x15Y\
\x13\xa3\xe4\x91\xe7\x04\xe1K\xc1\xfc\xc7\x1b\xfd\x9f\xd4\xad\
\x01\x19\xce\x07;\xc02\x0ba}\xe1pEt(K\
\x80'\x90#\xcec\x83\xf3\x8f\x97\x89]\xfa\xfa\x03\x0a\
\x0b\xc1\x87\xfdD\xff\x00\xb0\x9f\xf4\x0c=\x83\xde'\xfd\
#;\xbf0\xf2b\xf8\xc5\xd3\xb4?\x22{`\x9c\xed\
\xf6\x89\xd5\x9e\xc6_\xec]Oh\x04\xfd\xcc-@\xe0\
\x81\xd2\xe1\xb2\x9f1\xed\x02\x97\xdd\x84\x22\x0f\xf6\xfbA\
\xa20\xf4}\x04\x19\x039\x07\xb90c\x91\x08\xe5~\
\x8f\xc4\xae\x1f\xaf\x13\xf5\xff\x00\x89\xfa\xb9R\x90\xcdt\
\x9e\x05M\xe5r\xd0\x1e4n.o\x88\xbe>\x89\x7f\
\xa1/\xf4'\xeb\x10/\xf9\x10@\x1b\x1a\x07\xea\x84>\
\x1fI\xe5\xf4B?\xe0\x80\x0e\xf0\x00\xe63\x0b\xf4g\
\xea\xe3\xa0)\xf36\xc3\x16\xf1\xa4\xedA\x84`|G\
\x83\xeb\x00\xfd\x0c\x0f\x00\x9f\x98\x0c\xfb_\x94\x03\xf3\x96\
|+\x878\x09\x0e\x7f\xb9n\xde\xff\x00\xdc\xfd\xc1\xfe\
\xe0@}\x22\xfe\xe5H(\xfe\xb7\x85Z\x5c\x7f\xd4\x0d\
]\xd1\x07\xf30o!\xdb~b\x01\xf6\x97\xfc\xc1\xf6\
\xfd\x03\x8d(\xb3\xe2\x18\x14vD~e\x5cr \x06\
\xd8h\x08\x15\x0a![\x82V\xe8\xb8\xdd.v|\xa1\
!\x10\xbf\xde\xe5iOk\x7f\x98B_\xd8A\xc9>\
\x04=\x84\x07\xdfx\x10\x00\xfb\xf4\xa1\xc6\x83\xbb\xa8R\
X\x0b\x11\x18t\x870\xab\x1a\x0a_\xc1\x0dcD:\
\x9d!s2\xe8{\xc2W\x01p\xbc<QEY\x1d\
\xfc\xcf\x01\x04)\xa5w\x0aH\x00\xe788Q\xf0*\
\x103\xbd>\xf0\x8a\x22\xe0}D\x98\x81\xa3[B\xe0\
\x91|K\x97\xc4\xbe%\xf1._\xf2\x0c\xeb\xb4:\xf9\
\x9b@\xae\xb6\xafE\x84oOq)f{\x89]J\
y\x80\xe7+\x9a\x8a8|F\x0c> \x16\x00\xc9\x06\
\xbf\xa8I\xd8w\xcdF\x0e\xc1\xdb\xd9> \x03\x11\xb3\
$OF\x10\xb0\xc3\xf0!6\xc3~\x80\xe6(C\x80\
Cb\xda\x81Z\x98\xab\xc0\x86\x07\x12\xbf\xb4\x13\xe1\xa5\
\xe2'-\x8a\xe8\xe7\xb3\x05\xa0h\xb3\x7f\x10\x89\xad\xbb\
s2\xef\xec1\xfd!\xd0\x7f\x0d\x92\xe4Ok\x90\x90\
\xa5\xf7P\x98\x92\xacD\xd6]\x84\x10b2R~a\
\xf4\xc4>\xe1\x05\xdb\xa6\xa6\x05\xbc\xe2p\xf5\x04)\xd8\
\xe6x\xfe\x13;!dP\xa6\x1b\x05\x01N\xd1\xf7p\
G\x0d(\x13`_\x89\xfbT\xf1\xfbE*z\x11\xff\
\x00L?(\xbf\xd3\x02\xcaF\x89p\xd6$t!\x03\
\xd1LnH\xd5+e\x14\x1b\x02\x01\xc2\x08\x08\x00\xd1\
0B\x1c]\xaf\x84S\x90,\x91\xa4G\xf5B\x81M\
\xea\x80oh\x01\x80\xbe\xf0@\x0c\xd1\x13|\xb1\x0d\x07\
d\x08\xff\x00A*\x83\xbe!FB\xe1\x07\xcb\xf7\xa8\
B\x04U\xe2\x19\xff\x00\x92\xfd>\xa1O\x13\x08\x9eY\
}\xa2\xbbG\xeb\x89\xdd\xf7\x9f\xa8\x19\xfa\xc1\x9d\x9f\x09\
\xdd\xa0\x22L|\x08a\x22\x81\x0c\xc4wB\xf7\x1f\xba\
\x9f\xaa0tH\x81J\x99\xac\xa7\x1d\xbb=\xa5\xc7\xee\
\xe1\x03\x8f\x9c=>\xb8\x7f\xe8C\xff\x00N\x1d\x02\xcf\
\xf9\xda\x03\xf4\x1c\xff\x00\xa0\x9f\xf5S\xfe\xebA\x8d]\
\xe4\x16B\xa2\xb2\xce\x8e\x86I\xc0\x1e`\xc0\x01 \x1b\
m\xcc'a \x7fR\xb8J\xe1\x17\x04_\xf0\x95\xc4\
C\x88\xf3\x80\x14\x12\xa0fO\x84\x80BO&\x01 \
\xc7\x8c\x1e\xd1\x1e~\xff\x00\xdc \xbf\xe1\xfe\xe3~\xbf\
\xee\x13\xeb\xeb\xfd\xcfo\xd7\xfb\x98g\xe0\x7f\xb9\xef\x0a\
\xea\x01\xfd\x88u\xb7\xf6Z.\xdf\xaa\x07\x87Ir\xe5\
\x94-;29\xd0\x13\x0d\x02T\x09\xd2t\xe3\xfe\xd6\
\xa2\xd21\x0ef\xf6\xc8oJ\xf3?Q\x82\xd3W\xfa\
\xe9=-\xa0\xff\x00\xe9\x07\xfaS\xa9\x08K\x97\xed\xdc\
\xc8\x9f\xaa\x95\x13\xf7\x9d\xfa<'\xe8\xf4\xde\x0d!3\
\xa69\xdb\x90\x0b\xfe\xd0\x83\xfe&\x12\x00\x84%\xa5\x05\
\xbb'\x10,?l1\xab\xc1\x98\xc08\x84\xd9\x10\x88\
\xff\x00\x88G\xfeP\xf3\xfd\x13\x0e\xc1\x02\x17\x970j\
\x7f)g.6l\x04\x08?C\xda\x07\xa5\xd6\xe7\xe2\
T\x05\x03\x98\x1c\xc9\xa38\x10\xdc\xe4\xa4\x11\xd7\x944\
\xc4\x0e\xf7\xbcC\x01\xca\x03\x1a\xf1\x98[@\x85\x13\xc0\
\x0e\xcd-\xbb\x95K\x5c\x90\xaf\xf7\xed\x1a`\x079\x22\
\x87\xf7\x02\x9c\xa0%\xb0?1\x80\x14\x0cQp>\x92\
\xf6\x99\xd7\xb0(iy#\xf8\x98\x11\xcfc'\xc4\x03\
\x0a\xf6\x02\x10|]>\x02\x00\x00\x83r\x9d\xa1\x0d\x83\
\xe6,\x94\xae O\x12\xb8\x9e\xda\x9fN\xda\x0dh\xb2\
=91M\xe0c\xa7\xa3\xde{\xc2+0\x119\x98\
\xa0\x01j\x1f\x1fHy\xce\xed\xa0<\x0a\xc8`\xebH\
/jO\x02&\xb5\xabt\xedp<8\x95\x1f\x8c\x18\
\xe2\x07t\x85\xd4\x15S5\xad\xa3\xbe`\xbb\xdb\xde\x1a\
'3x\x85\x09\xf4J\xd8\x04\x19\x14c\xdcOa\x85\
\x8cw\x06\x03c\xee\xdc\x1f\x0c8\x1e&\xf0\x12\xc9\xf0\
\x83=\x98\x0c>e\xd2\xdd\x08q\x1c\x89\xff\x00\xa8h\
\xc7\xf4\xba\x88\x89\x850DS[Q\x22\x0c\x01\xb0!\
#\x84\x90\x01Q\xd8D\xe0\xe9\xaa/\x22`Gp\x03\
\xf1\x17\x06\x15 \xcfP\x18\xc8!\xe0\x5c\x09\x128\x00\
'\x9c\xd7:\x0b\xe1/\x91\xf1<\xa2\x96\xa7\xd6\xd0\xc8\
\x8b\xe6\xc5\x1a\x00\xde\x22Q\xec\x83R\xe7\xdc\xf3\x06\x19\
_\x0f0\xa00\x89\xe0\xfb\xe2$\xd5yx\x819\x95\
\x05>\xa1\xfd\xc2Z\x95\xb0\x04|\x91\xf8\x93\x97\xd4\xc7\
\x8c\xcc\x0e\x91\xd6x0\x83\x180\xaf\xc4\xc5\x88\xe5|\
\xc47%7Db\x16\xce\xc2\xc3\xa8h8\x22\xa1\xf0\
-\x90\xcf\xe2\x00vy\x06\x11\xf9\x10\x00;\xf9\x09\xff\
\x00\x1b\x0a|\xf5\xae~\x82\x9f\xa0\x99\xd5\xf5\xcf\x0f\xae\
~\xb7\x19\xe3Sx\xc7\x84\x5c\x5c\x10$\xab\x888N\
\x8b\xf4\x19\xe4\xf9\xd1\xe9\xd4n\xfdlu\xe8\x82\xb94\
7R\x01\x03\x84\xf9@\x06\xe5 \x84\x02\x02\x91\xb3\xb3\
\x88\x842!\xdf\x03p8C\x1c\x93\xfe\xa1a\xe8+\
\x10\xa1\x0c\xca\x127\xf1\x14\xf7\x9e\xf1\xd7\xbd\x08\x02%\
8\xab\xe6a\xbf\x9b\xf3\x15\xfe(\x8f\xfc\xa7\x87\xd4K\
\xe3\xe8\x8f\xf41\xf7\xf0\xc6\x17\xe1j \xae\x1f(\xc7\
?Tc\xfe\x91?\xd1?\xec\x19\xdd\xf5O\xdd?\xdc\
x\x92\xdeZ\x8a*_\xddg\xea\xb2\xff\x00\xc3/\xfc\
q\xf3\x8f\x90\x9f\xd9g\xe8\x90\x88v\x02\x01\xc6\x81\x0f\
d\xfd\x01\x17\xfc\xd3\xf4)\x7f\xf0\x87\xf4P\x102&\
D\x91&\x09\xae\x98\x94\xd7\xb6C\x0d\x8a\x19\xd9)\xbb\
\xee\x7f\xde\x97\xfei\xdd\xa2\xe8\x13\xac|O\xd8\x04\x00\
\xdf\x16+\x22\xd91\xdb\x88\x7f\xd2\x9f\xbc\xc3&v\xc6\
\xe0\x03\x9dD\x0f\xda\x10\xdf\xe6\x0e\x87\xd8 \xd1W\xd9\
\x07\x92R\x81\xe6\x16\x85v\x9f\x14mpn`\x00\x82\
d\xa8R\xbaQ\xd2\xa4S\xf0&X\xf8a\x03\xb0|\
!\x7f\xe2\x84\xb7\xfaS\x1f\xf3\x0f|9&d\x92c\
\x1f\x22\xa1\x1a\x11\x10/\xe9(\x86\xe7\xb5@\x81{\x0b\
\x01\xfeKXYi\xcag\xb2d~\x0cF\x80\xd3\x97\
b\xde\x0d\xc1\xb0bQ\x1f\xbd\x02\x04\x91\x04\x1b\xf6F\
\x88\xb3f\x9e!,\x11;\xd5b\x1bn\x1c\xc7\x026\
~\xd5\xc4\x10&\xdc\xf2\x86\x80\xb2\xd5\xc2\xe31\x98q\
\x1e\xa8\xadXX\xb9v\xd1\xf3<#\xa8\x90\x84N \
\x15\xd4dm\x94$!\xa0\x10\xecA\x8cC\x18\x95\x07\
\x0d\xf6\x84\xcf\xee\xf7\x87\xcc\xd9\x16\xcd\x9f1\xa2\x05\x0c\
V.\xa8\x91\xe6\x00\x11\xe0\xa7g0\x87\x84\xb9\x84\x86\
\xd7\x03\x06\xcdK\x02NB\xee\x0c\x861\x80\x881\xde\
\xf3\x22\x19O\xe9/\x91\x81TDX\xfe\xfd\xa6\xc1\xf0\
\xf6\x005\x02d\x19p\xed\xcd\xe0\x83qq2\xbe\x89\
\xfeh\xa4\xa3o\xa4O\xee\x00\xc2@\x22\xa2+%\x09\
\x89Z/\xab\xf9\x85\xa1\xc9\x02\xd0U\xc8E\x06\xfb\x81\
C!\xda\x18\xdf\xae\xa2\xf8\x92\xf6\x14>\x08\xccs*\
l\xf9p 1^\x10\x98@\x95\x1eg\xb9\xfaK\xff\
\x00\x84G\xfd\xb4\x85(I\xd6\x06\x5c\x91\xff\x00\xbd\x06\
\xe6?&w\x19\xd9\xf5\x10\x90\x22\xc3\xa4\xf3\xf84\x0d\
\x02\xf81Y/\x10\x9b\x85\xc2\x10\x05T\xa2\x0c \xff\
\x00\xb2\x9a3\x0a\x10\x8e\xf0\x09+\x0b\x223{@j\
\xff\x00x\xddD\x09\xc9\xd1EC\x94\xc2x\xeb\x13\x1d\
\x8e\xe3\xc3\xfev\x03\x08\xa2\x02\x02\x00\x04e\xf3\x19 \
!\xc2\xb7\x97:\x9f\x08\xf0\xf2:\xde\xd8\xba\x07x\x9f\
\xb8O\xf8\x90\xe9\x04\x7f\xe2O\xf8H\xd9\x91\x10\x09;\
\xbe\x89\xdd\x22A\xfb\x04\xfd\x0a~\xf5\x0f\x17\xccC\xc3\
\xf3\xd1\x04\xa4\xe25Et~L\xf0\xfd`\xb7\xf6G\
$\x13\xa1f-\x9f\x14ZAR\xf6\xc7;6\x0f\xb3\
o\xac\x18\xc4\x12t\x82Wqb7\xa45\xd8g\xd3\
h?\x9ae\xf4:3g\x80\xc4\xfd\x11\xbcO\x1e\x80\
\x85\xd2B\xdf\xcf\x09\xa1\xe9\xc1\x0f\xab?P\x9f\xacN\
\xe4\x7f\xc6\x8e\xd2\x90tXA\xd1\xf3\xd2\xbb\xfd@L\
\xc8\x1d\x91\xf5N\xf7\xca~\xa2u\xa8\xf8QH\x00\x11\
g_\x88\x10Xe\xc4\xdf8\x0d\xf9\x98a\xbc@G\
\x11\xd0'D\xea\xfa\x19\xfa\x81\x98\x93\x15\x83:\x8f\xc4\
cA\x7f@\xf7\x953]\xc01C\xaf\x1c(t\xe6\
D\xc2\xeb\xf9 ^\xe5\xef.\xfc\xb1b]p18\
\x1a\x0d/8\x00\xe6\x09\x00\x1f\xf4\xd1\x0e\x9d\x1f\xc9\xaa\
]\xc4~>!%\x99\xe2\x8f\xccDa\x0f\x10\x81\x91\
\xf6\x11\x03\x88p\x18i\x84/&\xdb\xc7\x02\xc8{Q\
\x82\xfc\x90>\xf70\x1bA\x9c&\xe0\x0b\x0eK\x8c9\
\x80y\x84\xbe!\xf1\x92U1\x1d\x18\x1c\x0c<\xae.\
v\x1c\x84\xb8\x12\x11\xc2,FSw\x889,C\x89\
ls\x04\xb3\xc9m\xbf\xd5\x1c\x8d-?\xb3\xef1\xf9\
'\xe5\x8e`\x81\xb3\xec\x87\x9c\x1f\x88Q\xa7A\xa1\x97\
\x98\xfe\xa5\x97 \xb9\x93\x00+\x12\x9c\xcb\xef\x11@4\
\xe5;\x81\xaa\xacv\x8c\xb8\xb1\xc1\x940@A\x92\xb1\
u\x05a9\xa4\x1eb%\xa1\x0f\xac*\x1c.4\x16\
mT\x11PPZ\x08H\x97Wq\x8e#\x1cLs\
2L1\x00TV\xe2\xcaT\x18$\xdf\x15\x01\xb8\x22\
V\x1c{\x18\x07Q_R\xe8h\xb2`\x16(\xf4g\
\xbc'\x09!\xc9\xb7pq0\x02\x94\xe16\x1c\xda\xab\
tH\x0f\xf9)\xb1\x01\x0b\xa4L;!\xb4B\xc5A\
\xcf\xa7h\xa6\x04\x00d\x9d\xbc\xc3\xb4\x83\x82t\x88}\
\xe6$\x08\x80g9\x8c\x8a#\xa2\x11\x18h\x17\x07\x04\
\x08M\xfbF\x08\xa1\xd8\xcc\xb0\xec\xb7\xb6\x0b\xc4}\x1e\
0]>&\xe9\xc2]<\xff\x00SvC\x00\xd8_\
\xc2\x10\xcd\xa37\x88\xa6\xc2\x157\x94\x0f\xe8G\x03\x99\
h\x07\x02\xa2\x14P\x0f-\xc7\x0a\xfa\xa1\xe6\xfa\xc3\xfa\
\x18\x93\xc3\xeb\x1fH\x1b\xdf[\xdbI\xd5\x1d0\xe9\x97\
D:a\xd3\xf3\x9dQ\xd1\x07\x81\x1c\x14\xae\xe1\x08\x85\
\xb6\xd8B\xa0\xc1\x13\x01s\xb9\xcc\x11\x03t\x94\xe1\x99\
e\xb2X\x89\xfc\xc4\xb5oG\xa7\x1aD\x08\x22]\x85\
AX\xc0\xc9\xeext!?\xf5\x9f\xf64/\x09\xb8\
]\xc2\x11\xe4t\xbbM\x13\xfe\xee\xbc\xe8\xe6GC\xe7\
\x07\xfdI\xfaI\x9f\xa5\xc5!\x12\x17\x07\xc4\xae\x1f\x10\
\x91\xc7\xe2$x\xc3$z\x89\xcc,S\xfc\xa2q\x89\
?\xb0\x18\x03\x98\x12( \xbb\x84t\xe2\x9d\xc5?z\
2\xff\x00D\x16\x05\x8b\x08P\x94\x1f\xd13\xc2\x1f\xa2\
\x9eXA1\x94S7\xbd\x9f_\xcc\xb70\xdaIt\
(\xf0\xdf\x88\x13\xce\xa0\xd3f;\xe0\xf2\xfd \x9d\xb0\
n\xc7\x1aD#&\x0e\x1b\xc5\x1c\xfda\xd6\xfcg\x84\
E\x90*\xd9\xe9O\xfb\xe6~\xd1\x9f\xb0g\xee\xd3\xf5\
i\xe5\xf8\x9f\xa8K.\x0d_\xedB\x89,\xc5\x8b@\
\xe6\x8a\xb2>gBtgWL\x0fc\x00\xe2\x97n\
\x83\x81\x83&\x93\xf4\xf1\xed\xa1\xe5\x1e\x06\x00\x05\x93\x02\
M\x00O\xea\xde6\xe5\x18\xc9\x06d\xc0&\xa8_\x12\
g\xfdu \xe9G\xe8\x13\xb3\xa0\x11\xe3v\x13\xb1\x0d\
\x06p\x1f\xa1\x80\x5c\x00W\x1a^Ua\xa3\xce\x90\xf1\
N\x917ub\x8e\x0d\x14>\x17\x0a\x194C\x04s\
\xfb\x88\x89\x18}\x83\xb3\x80\x8f#\xdd\x88\x9e\x15\x04\x07\
\x0c\x1d\xc1\x01\x82\xf3\x05\xc9\x85d\xb1\xca\x99\x04\xcft\
\xfd\xe1\xae~\xe8\xa2\xbe\xa1\x87\xfd\x83.\x80,\x82A\
\x96})\xfd\x0fh$\xdc\xfe\xd0\x01\x9d\x1e#\xb9\x09\
O*\xa1!\xb1\xd0\xeb!\xb3\x7fX-\x84>\xf0\xfc\
#\x80\x18X \xe0\xca\x94\x09\xc3\xfc\x0e`\xaf,@\
\x8b\x03\x94.\x05tpN\xe0\x102\xdb6D\x18\xde\
\x01b>\xc48\x803\xb1S\xdcA\xe7A\x83pY\
\x87\x1bA\x80q\xa3\xca\x00(\x5c4a\xd4\xf0\xd0:\
\xc3\x91B\x07\xc6\x83\x10\x16\xb0\x00\x83\xb46\xee\x01p\
\x18\xc7\x98\x83Z\x85;\xa8\x02A\x04,\x95\x9b\x81\x0a\
\x10}\xcdn\xa0N\x94\x0d\xa5\x06\x85\xa0\xa0\xf7 P\
vm\x0e2X\xe0\xa9q\xd6\xf8\x83\x18\xb6\xb0\xae%\
a\x19\x0d\xe4(&ul6m\x16\x05\x99\x0d\x00@\
\xc8@\x18\xc6 R\xaa\xaa.b\x5c\x01\xda`x\x89\
rq\xb3\x09\x07\x5c\x1e\x10ls\x1e\x06\xb1\xe6^ \
\x22\xf7\x03\xf9\x80\xb8 \xf3{\x08\x16H\x9fY\xe5\x0d\
\x9e\xa1\xc6\xc63\xbc\x14\x0f\x9d\x9e\x93,\x18\x9fh\xf4\
+\xa8=\xa0=\x8d\x064\x0d\xa2g\x97\xd2\x00\x84\xef\
\xe21\xc4\x1d!8\xe9\x82\x00\xa5\x00\xfc\x01\x0c\x05Z\
'0(\xd92\xc7q\xce\x83\xb2\x9f\xa8\x18\xdf\xf3?\
`\x87\xd29\x06\xf2\xd2>S\xe7\x1eS\x5c\xcdw\xfb\
E\xff\x00h\x9f\xed\x07\xfb\x10s\x19\xe4\x18\x0f\x18&\
.\xc5\xc4\x93#\xc1\x18`\x8c1m\x0f&\xe2\x05\xc5\
|\xa1D\xa6~\xc3\xa4=#;D~\xb3;\x9f3\
\xf5\x18O\xfdapX\xdb\x10\xf7\xde\x03\xc8\x8f\xd0\xe5\
\xe2.3\x89\x15\xbd\x10r\xa7\xe8S}\xb8\x06\x09_\
,\x11\x09]\xc1\x03\x18\xf8OiBB\x86\xc2\xa9P\
\xa9\x04\xb9\xb9\xb4\x0d\x81\x0aU]\x10pC\x1e'\x81\
\x84\xc0@\xd8\x87\x1e\x82\xec\xfd&~\xb3?\xe9z\x19\
\xac\x0c\xb2\xdc\x82\x0d\xff\x00\x04\x0e[T\x91\xd0\x1d\x80\
|C\xa71\x06\x04.\x1b\xe2W0$s\x01p[\
\x06\xaf\xccN~\x9aF\xde?P\x9f\xc7o1\x007\
\xc4\x03t\x07&\xd5;\x84aV\xc5O\xd4'g\xc6\
\x7f\xcd\x9f\xf1\xa7\xfc\xcd\x11\xe9'\x96\x95h\xb18\x88\
p\x85\xca(v\xa74\x9f\x9c\xf2\xc0o\xc4G\xbb\x85\
\xde\x07\xf6\x08P\x11\x08\xf6I\xf7\x94\xa9G\x98u\x0c\
\x03Fe\xef\xee\x14\xe6[\xf9\x0a\x83\x9b\xa3\xe4\xce\xfd\
`\x80\x0f\xed\x09\x907\x10aB\x02p&]\xc5\xe5\
\xf7\x00\xe3\x05Y\xed(\x19\x83T\x8e\xcc6\xc3\x08\xb0\
\xab\x91\xa0\x00\xff\x00B\x1b\x80\x87\x00\xf9\x91\x8cA'\
\xcc0\xcc\x8e\xe0NdY\xe5\x0d-\xf6\xca0N/\
\x03w\xb4\x1b\x15\x07\xca1e/ \x0f\x90\xccK*\
\x94\x82D!Q\xb4;\xdf\xbf\xb8D!?\x98\x86g\
q\x16!\x05\xdc\x18\xa8&\x87\x06\x22\xfb\x8c\x0c\xec\xb8\
\xa1\xd8\x5c*/0\x8b\x83\x0a\x00\x9f\xbe\x98\x03eB\
\xa0\x85\xc1\x04S\xb0T\x1d~\xa2\x80\xe6\x186\x80\x15\
\x04\x04\x86\x5c\x99\xb0\x07\xb4\x08\x04\xe1\x01\x03\xd2\x9aB\
\x09p\xcdF\xa3\x04J\x90O\x88\x05\xa3#\x15\x01\x11\
@y\x84\x15\xfe0\x946\x80\x0e\x0eJ7T\xe3|\
T\xd6t>\xc8Dl\x02\xc2\xc2D\xda\xb4 a\x91\
%>c\x92XA'36\xa3\xb4\x10.L(\x09\
\x87.Y\xd2`\x12\xde!\xa2!\xcfpoj\xc0\xf1\
=\xd0&#\xe0\xa0T\x87@4\x9e_)\xe5\xf2\x82\
\xc9\xdc\x89\x8e\x88\xea\x81\x97\x89\xd5:\xfe\x9ag\x04\x0b\
\x07\xe8\x13\xc6\x1bE\xe7\x0b\xccw\x989\xd0\x92\xea|\
O$yC\xf7I\xfa!<>\x88\x07\x1f\xa29B\
\x00X\xccR\xb3!#\xcb\x5c\xc2`\xe0In\xe7a\
\x9d\xe8y\x8c\xf2J\xf7\x9eh\x7fs\x0f\xeaa\x91\x1e\
bB9HB\x02\xff\x00\x89\x5c\xbe \x84n\xb9\x10\
)y%s6\x17\x047\xe8\x94\xbd\x0b\xba;\xe3\xb2\
;~\x91\xf3\xfaO(\xb9\x89\xe2\xd2uhKP\x1c\
\x04O\xac}~c\xeb\x1a\xe8\xf6\xc7\xcev\x9d\x01\xb4\
'\x91\xd1\xfa\xa8dZs(\xb0eA\xa8!\xe3f\
\x9d\xd3\xf0\x82\x10Fn'\x0d\x85\xc4\x09\x0c\x17\x8d \
t\xd3;0\x19\x99\x8ff\x91\xfbL\xfd\xa7\xd00\x1d\
:\x95~8\x9f\xe3\x13\xfcb\xff\x00\x9c\xff\x00\x85?\
\xe1N\xdf\xc4\xdc`\xe0D\xe7\xf1;\x119(\x02@\
9\xca\xb4\x02\x87hs\xe2\x03H\x14\x02\x19Mtw\
\x83HC\x9e\xa8\xe1D\xd1\x9e}/\xd5\xcf\x8f\xcc\xc5\
\xde\xcc/\x0f\x99\xe0\xf9\x9f\xab\x8f\xff\x00s\xf7\x99\xd6\
\x9dbu\xe8\xc4\x14P\xc7\x86y\x83\xeep\x8c;\xa3\
\xba\x05+\x01\x0c\x07\xd2\x05\x13\xa8.\xfd\xe5[w\x80\
oQ\x96a&\xff\x00D\xb1\xa7\xd2?\xf6\x08\xff\x00\
\xea!*h\xd0\xd1\x19\xc0\x9f3\x0f\xf67\x82\x0b(\
\xf8\x04\x10\xde\xb0o%\xd2\xfaM\xa3\x07\x96\x9f&>\
x\x22\xe1=\xd8\x84,\xc2\xe1\x1a@\x91\x91P%P\
\xa8`\x88!\x12\x01\x03\xc9J\x82\xe7\xd1\x03\x82\x92\x98\
-\x9a\x86\xf8\xaf\x88Z\x82\xa0f7\x06\xd5-\x11\x81\
\xbccL\xbb\xda{4y\xcf8\x08&b\xc20\x18\
\x01\x00\xacD\xbf\xb4\xf2\x1bG\xc8\x13\xa0G\xc7\xaa\x07\
cA\x87\xd8\xc3\xc7\xde@>\xd2E(`\xd6~\x11\
\xad\x97\x81\x06#d\xaf*\x87\xecE\x0d!\xe8DK\
\x11X\x9d\xc7\x98?]\x00\x8fP\x18$\x80>\x0c8\
\xfeY\x81|\x80\xc8\x13\xd4\xa19\x8a\xee\x0e>\x90\xc1\
\x04\x16\xe8\xe8\xf7+\xaa\xc4w3$\xb0h\xc1\x0eA\
1\xc3\x80\xc0\xff\x00\xe1\xd4)\x8e\xc8\xccV,\x19\xec\
\xe6l\x0f\x82x\xe50\x224\xc4x\x0d\x01\xe9\x08\xf3\
\xf9\x8f-\x907\xac]\xc0lC\xfe$\xff\x00\x8d\x0f\
H\x04\xd9\x9e\x89\xec\xd2\x06\xf3\xe1?t'\xef\x13\xf7\
\x88\xfd\x14\xbfg?W<\x7f3\xc1<S\xa8Bb\
\x22\xe7\x5c\xe9\xfb\xc0\xbb\x18T\xea\xfaA\xf0\xb4`\xd3\
\x12\xb4\x8c\x02\xe2\x07X\xf7\xc2\xf7\xf1?U\x0b'\x9e\
u\xc0\xe3\xd1\x80\xc6\x1c\xf4\x8f\xfa\x93\xf5\x19\xfb\x8c\x03\
(\x00\x80$t\x12\x0e\xe7\xa8\xeb!`\xa3\x0fh\xa8\
\xae\xa5u+\xa9Q\x89\xfa\xa9\xfa\xad>1\xf8\x9d\x1a\
\x16\x03\x00i-\x82\x85\x88\xd0\x1ae\xe4\xd0\x1dP\x04\
\x96\x1dQ\xfb\x04\xf1|C\xfa\x8d\x07\x9b\xe3\xd1\x04\xea\
3\xac\xc2\x02T\x9e\xd7E\xd0\x89\xfe\x13\xf6\x08\xdaQ\
\xd3\xa0vAn\x1f\xd4<8,{5\xeb\xbev\xce\
\xc9\xdf;\xa7p\x9d\xe3HD\x22\xb2K\x1a\x0a\x93-\
`sO6\x8c(%\xd4}\xa1\xe7N\xf3\xa2g\xf4\
\xc7\xa1\xa3\xd0n\x11\xa5\xd5\xf4\x00\x1e\x1dG\x8f\xd6_\
\xfa\x5c\xa6\xf0\x04}\xc4\xb50\xb2@3\xdf\xce,\x96\
I1p\xa6$\x1d`\x01\xe4m\x02\x01-\x18\x85x\
\xd41P\x8e\xa0\x22\xe3\x01\xcf\x11\x1e#q\x11\x86\xf0\
\xc9\xb0\xd3\x7f3\xf6\x97\xfd\x9b\x8b\xf3\x07(\x8b\xdc8\
\x83\x98\xf3\x8d\xc2\xe5,\xdc&\x0c\xa4\xb0\x18HP\x04\
H{tL\x12\x01\xc2\x04\x7f\x93\xdb\xe9)b\xa1\x90\
1\x07\xc0\xfd#\x87\x1e\xe6\xfc\x9c9\x83%,\xa11\
\x81R\xcd\xe1\x97\xcc@\x12\xf0n\xe0r\xd45l(\
v\xc1\x9f\xff\xc4\x00+\x10\x01\x01\x00\x02\x02\x02\x02\x02\
\x01\x04\x03\x01\x01\x01\x01\x00\x01\x11\x00!1A\x10Q\
aq\x81\x91 \xa1\xb1\xc1\xd10\xe1\xf0\xf1@P`\
\xff\xda\x00\x08\x01\x01\x00\x01?\x10\xf2%\xc2\xaa)A\
}<&h\xf2\xca\xd0N\x83\xad\xe2\x00^`l\x86\
\xf1\x01\xd1S\x0f\x8a\xfd\xb8h\xbe;_\xd2\xe4I\xc8\
\x08\xd2F\xb7\xafS\x08M_T *\x93A\x8fK\
H\xdcy\x9cp(y;\xc4\xd94\xf6\x5c\x90'n\
\xaaO\x19\xed\xc6s| C\xa7\xb91(\xdf\x19\xb0\
\xc6U\xc1G\xbcR\xe2{\xbc\x12\x0c\xab\xc3\x8c\x5cE\
\x86,\x934G7\xca\x0c\xb5\xd4\x17}\xcd\xc34d\
\x83w+\x968\x9a\x02\xc6a\xf9\xc1\xa1\x87\xc2\x98\xda\
7R\xe9\xf4\x99\x10\x1c\x047\x1cWv$\x0bB\x0e\
'0\x0c\xda\xe5f\xdd~U\xcf\xa7\x1b\xc3\x83*H\
\xf7\x8c\xb0\xdb\x22aM\xe6\xc2\xf6\xda\xe5AF\x1d\x1d\
\xca\x9dd\xb6\xcc\xf0\x1d\x88x\xc2\xe92\xc9\xfdq\x09\
*\x8d\xa5u\xd1\x90\x1a\xe0\x08j+@=z\xc55\
'\x08\x9f\xb5\xcd\xe4\x99j\xd1\xf4LE\x0a6\xe2\x7f\
@\x01\xe0X\xceqx=e\xbd6v\xe7t\x13h\
\xe4\x96\xd6\xa1\xb91AF=lp(\x86)\xae_\
X\x83\x94\xed\xd9\xa7\x8b\x8c\x0e\x91\x95:;\xd68\xbf\
\x0e\x1e\x01-\xbf\x09\xc1=\xe2b\xa5s\x9a}\x18-\
1\x22\xbce\xc3\x5c\x1eF\x82\xd0\x96Z\xf1\x5c\xfci\
Rg\x8a\x9d\xb8U\xd0\xb08O2qpX*\x96\
;\x91\xd7(\xeb\xd9\x9c\x91\xdc&\xc6\xf1\x9b\xd2Nj\
Q3K\x5cp\xdb\xc8A\x1e\x10lp\xd5\xf9\x0d\x87\
f\x06\xf7L\xb2N\xa6\x05\xe1\xb5\x0fS\xaf\x9b\x92\x03\
5\xe7\x90=\xe5\x88\xfa\xcd\xc7\x0e\x14`\x94\x85\xbcM\
\x8d\xc2\xc6\xe8\x00\x80i\xa6\xe9\xc2f\xe8\x8f\x08ly\
\xdc\xf5\xf1\x83\xd7\x04'\x17M\xfc<;\xc0\xa3C\xb4\
\xbcz\xc5\x05\x057\x13\xa3\x07\x82@\x95\xa0\xa6\x9d\xb8\
\x8a\xa4o;5\x8b\xd1A2\xa5y\x9fx\x95\x07\x13\
\x96\xeedy\x9a\xc4H\xdak\xe1\xc6\x07!\x0du\x82\
\xd1\xb5\xedu\x90ad\xb3J\x0e\xe6_B\x159\xfc\
\xb9&\xf1\x11\x94\xdd\xea\xf2\x13\xac\xef\x1fY\xc9\xbc,\
1\xc7\x8e\xcdW\xf2\x0c\x1a\x82\x12\xb7\xad\xfa>sz\
\x0d\xb1Q\x08\xe6^g\x1ff3\xf2;\xf5\x8c\x803\
]\xece\x17\xd0a\x9dW|\xd0\xc3\xf5\x96\xf9\xe2\x91\
\xca90\xc9\x0b\xb5M\x5c\x09\xce\xfdg\xc9\x8f\x9a\x0b\
\xa1\xb1xf\x08\x80\x86\xce\xea\xa8\x9bf\xa4\x88\xa9\xf0\
\xe0\x00a\x85\x16\xa7\x1a{\xc3\xb9&+\xa0\xbd\xaek\
T\xd1M\x8a={=8>\x16\xf84\xaf?\xaf\xe7\
8\x1e\xd9\xd4\x12\xb8\xe7\x02\x9b\xb0\xad}a \xd7\xc6\
\xb3\x90\x04\xb6-\xc8L\xdb7W\xe4e\x89\xd9\x04\x87\
Q\xc0\xdcXr\xdaJ\xd3-<\xce\x0e\x97\x1b\xe6\x06\
J<Y\xdf\xbc\xebu\x1a\x97Fs\xd6\x05\x1d\x8d\x1b\
\xb0\xae\x056o\xb1P\xe3[\x09\xde+\x94\x8f\xad\xe0\
\x01Z\x18b\xb1\x92\xf0G\x96\xe3\xc0\x9a\x0dw\xc8v\
\xb2\xb7:E4\xa5\x0f|\x18#dBFn\x09*\
\x84\xc9}\x15\x8ds\xb0\x88\x1e'\xbc\xb1\x1a\x056\xce\
\x93\x0e\xa7)\x8f\x0c\xe3\xacm\xa2\xb5\xc4\x22\x81\xaa\xe4\
T\x11\xa7\x09\xec\xde$\x8d\x87\xcb\x15\x02\xbc{\xc4q\
f\xfd\x185\x8aF\xbb\xf7;\xc8\x0b}\x88[:\xc0\
]\xe1\xe8\x22i\xc7\xc8\xf7\x9e\x92Y\x0d\xc9\x8ad\x0b\
n\x94\xa8\xf4\xee\xab\x86\xa5\x7f#s\x9a\xe7\x14\x10;\
]\xd0_I\xb3\x10 (M\x01\xf0g\x15\xec\xf7q\
\xb4&\x07\xafyRxE;\xc3\xe1\x84\x0a\xa5\xc1-\
\xd0\xff\x00R` 9\xb8\xf8\xc44\x85\x9c.\xf8\x97\
\x8c+\xaeIN\x89\xb8\xcd\xa6\xd0\x12\xbb\x9a\xe3\x12I\
\x9d\x8cC\xa7,\xd4\x1ck\xb0\xd2kK\xdeQ\x0f.\
\xf4w\x94\xf5\x9b\x90\xd2\xc8\xbf\x81\xd6)\xa0\x95\xac\x0f\
\xd6\x1d^\xf0\x9c&\xc5bEJ\x17s\x16NJ\xad\
A/\xdew\xc7\x8d\x0e\xben6\x04rr\xdf\x9cA\
\x84\x08k\x930\x02#\x17\x0a\x96o\xd3\xa7\x04\xec\x94\
\x1e\x8f\x11\xd4\xf8\xca\x86j0\x88\xa9_r\xe5\x11\x02\
!(\x816HS\x93#Z\xa8\xd0{\x93\xb3&`\
\xe9\x00l\xb0\xe1\xa1x0\xa4x\x18\x90\x9d\xbf\x05\xc7\
\xc1\x9a0\x22'\xb1]\xe7\xa2\xf7\x8c\xd3\x10mK-\
\xcb\xc7K\x91\xa2DOK\xa8\xdd\xd3\xbc\xb8\xab\x0c\x81\
P\xcfF\x16\xac\x03\xa7\x8fyhw\x81\xb8\x96\xa4\xd3\
y\xaf\x0ac\xd1\x0c\x8cEq\xf8\xe36\xc2\x82`o\
\xa0\xdd\x86z\xb1\x986\x101\xe1\xe1\xcaY\x9b\x10\x15\
\xdc,\xf9\x86\x13X\xedq\xe0\xd91\xc8\x8clr\x94\
\xf8m\x88;\xc8Vm\xc4B\xbb\xb8H\xc2\x06\xc6\xb3\
\xa60m@\x0a\xb7\xac8\x8e\xb3\x82\xe74\xaac\x0b\
-\xe7\x96g&\x19\x8d\xc1\x82^q\xfd\xe1\xcb\x92\xb9\
x\xe1\x85<\xc1\xe1\xb83P3\xb9\x908\x82=\x1d\
o\xbf-\x5c{Ox\xe8}\xeb: \x9c\x87\x05\xfd\
\x19\xa2(A\xd2\x08Q\x11\xe6\xe2\xdb\x03\x12\xf3\xe81\
\xa1{\xc5uC%Xm\x9d\x8f\xc0\xe3\x03\x07\x1a\xcd\
M\x1e\xa0\x88\xf5\xd2\xe2\xd3v$9\x03\xb74\x00\xa2\
\xa6N\xc3Im\x09\x1c\xc9\xd3$k\xb5\x12\xaa}\xed\
\x07\x22\xb3\x8b\xe2\xad-\xc7Z\xfd\xcfW\x1c\x93\x9e\xf0\
\xbd>\x5c\x98[C\x11H\x881\x82F\x11U\xfbp\
\x93\xf9)\xc8\x94b\x98\x9b\x1c\xb8\xd3\xc1\xd8A\xda~\
C\x11\x99|\xfe\xcd9\xd8L\xb6\x8ak\xe0N~s\
\x98W\x04(\xd2a\xc2A\xe3,e\x95\xcf\xd1k\x8e\
\x1fF\xdcR1\xa5Ck\xef\xdc\xeb\x10N!\xea`\
}\x89\xa1T\x09qHo\x18y\x10\x92\x0al\xd3\xa7\
\x012\xb5\xd1\x06\xb8\xc8HK\x966\xed\xce\xf9\xf1[\
k\xbcJ\x9dh\xc0\x856(R]\xac\xf8p\x85\xd0\
\x22\xc1l~._\x0a\x8b\x94\xb1\xd9\x1f\x01\x93\xa8%\
4\xef*M_h\xfc\x86\xe6\x22N\xda\xb2}7\x09\
\xbb\xa5\x9e\x8a\xb5\xd3\x90\xab>\x8b\x96\xc5(\xf7|\x9e\
\xa6{\x17\x87\x83\x0c4\xd4 #\xbex\x13\x13\x8e\x85\
\xf2f\x93D7\x8d\xa6\x00\xde_\x0d?9\x22;p\
>\x8b5g9\x10\x22G\xfa\xe0\x0a7\xb4\x92\x9c\x5c\
\xdc\xdeD{\xf6\x99\x0c2\xd5\x01.\xee\xf1\xa9\x81\xda\
6\xe3\xb8\x06pEU\x9b\xeb@7'Zv\xf1&\
\x14\xe1\xeb\xfa\xe56\x16\x0b\xf814:\xf5\x9a\xe3{\
\x1cSG\xeb6\x8ei\xb9{s\xe9\x11\xb7l )\
\x10^x\xda\xf6\xe2\x0b\x0f\xd8\xbe\x1c\x97C\x12\xe1\x06\
+\xb9\xb3#3\x9a%t4\x03S-\x9c\xb5\xbf\x90\
M\x0a\x88\x07\x85)\xbc\x88$\x89\xea\xf992{\x0a\
\xa4k\xea8\x95\xa0\xd1?\xd9\xc46\xdf\x89\x9f\x06\x1a\
\xaa\x80\xde\xea\x9c]\xfa\xf9\xca\x83\xe2V\x926L\xba\
\x13\xca\x04\xd0\xee\xe7\xbcJ;\xb6\xd6\xae\x0a\x14f\xa9\
\xc3\x926c.\xbeE4{\xdek`M\x0b$\xd2\
p\xe1%\xab>\xa2i\xce\xba\xc3\x0c\x81\xa0\x00H\xa4\
fj;o\x8ba\xd4\xf2CV\xf1\xee\xe4\xfd\xa2\xa3\
\xf7\xff\x00\x83\x1c[\xbd<\xe1pm\xab\x5c\x22\xe5\x1a\
\x98N\xe2X\x9f\x10\xdeoU\xf0\x5c\x14*\x05\x08\x0f\
p\xae9QH\xf1I\x0b\xb8X\xf7\x0c\xd1\x9c\x1aw\
\x8b\x81\x0a\xa4\xa5\x01\x04\xa7Qu\x80Gfs\x80\xd1\
\x1d\x9bu\xc7\x1a\xef8b\xee\xd2jgn\xf68+\
\xaf\x8c\xd9\x88\xdcX\xc5\xaaO\xd5\xd9\x90\x0d\xad&\x12\
\xc1I\xad\x05\xd7\x18@z&\x93\x02=\xd1\xa6\xbb'\
\x97Yi\xc0#%\xe8\x9c\xde\xee\x05\xc3`\xc7\xbd\x07\
\x15\x95n\x8f[\xb3\x15\x0e\xd4\xbcOJ\x07\xed3w\
\xacz\xab\x00>\xb0\x22\xc8\x8e\xc5\xcd{\xbc\xe6\x92\xbb\
\x97\xe8\xb7\x00\xf6.\xbc\xa4]\xf2zq!\xbb\x12B\
\xa4\xd7\x0b\xd9\x87\xcfnGh\x8az\x5c\x22\x83\xddY\
\xf2^/F.\xd4\xc6\x02F\xf6>\xb2_fA\xac\
\xda\x97\x87\xd3\x96\xaf\x04L^\x13\xa2e&\xac\xe5\xf7\
\xae\xae\xbd\xe0\xd2\xd2\xba\xb6\x1cK\x95'\xc7\x0fd\xf5\
\x90=\x5c\x17t\xbeH\x91\xfc#\x94\x11\xd9\x87\xe3\x14\
D\xdb\xc6\x18h\x08g\xed8u\x9bE\xc8CB\x1e\
\xe7\xbe\xf1\xa8\x8e\x97\xf09Mv]\x5c\x98o{\xa7\
\x8b#\x95U\x9e\x01\x00\xa6\x06\xaa\xfc\x97n\x9c i\
.\x8e\x8e\xf0\x8bwS'(\x18F\x94\xd1\xb28\xf0\
?\x8c\x04\xb5\x94\xebIO\x93\x08*\xc5t/\x07\xe6\
d\xc9\xdd\xce\xbc19\xbf\xe35\xadgM\xe6\xe8G\
\xd9\xb3\x08\xac\xd6\x5c@\xda\x0d\xed\xc6\x18P\xd4\x0bW\
\xdf\xc3\x80+`\x0b\xe8\xd1\x94'j\xa6\xbb\x98\xa2\x83\
\x0d\x12kU\x990C\xd8q\xea\x1e\xf2\xe1>\xb2<\
\xb8\xd9\xee\xe4:\x86\xdd~\xba\xc4\x90\x96\xff\x00l\x16\
\xfdG8\x93\x97\xcf\xae\xb0\xd2\x17\x05\x9a:\xb0\xc4\x1a\
\xb7y\x1b]\xce\x99\x8e\xc4\xab;\xec\x97]\xccl\x05\
2$\x08\xb1\xad]\xe5mIDF\x10!\x9d\x8e\xe5\
\x85\xdfX\xd9\xa1+:\x1e\xa8d\xe6k\xe03M\xcb\
\xd3\xfd\xd7\xac\xe7\xc3\x5c\x8dd1\xf2#5\xe5+-\
\xd6t\x1eq\xb5\x84\x85\x9c\xe6\xa7/s\x16\xc6\x9e\xb3\
V\x01\xc7\x86\xf0\xd2ar\xa3\x93\xf7\xbc\xb0\x8d\xde$\
\x97\xe3\xb8\x9di(qp\x1e\x8f\xd1\x80r\xe3d\xa8\
\xf1\xce\x15\xe8\xb8\xae\x0an\xe2\x5cj\x22\xdc\xae\xdf\x0b\
Z1\xde\x198.\x16W\xe8\xed\xc2\x1a\xc1&\xd7\x09\
\xa4\xc4^\x8aPp\xc5R\x0551\x01{\x8e42\
\xcf\xb8e5\xf9\xb9$/\x02\x9d\xb8\x94cSU\xd5\
\xec0b*\x1en\x92\x98\x0b~7\x9d\xa0V.\xdf\
|e#2\xd6\x00\x85\xf6\xe7^#\xb9\x8a\xadA,\
\xf70\xd0\xad\xa2\x1fI\x83ST\x0f\x97\x09\xdb\x1d\xc5\
\x98\x824\x99\xbc(\xb0\x80\xc5\xda,\xd7\xbc<\x8d\xeb\
k\x87i\x90\x14\xaa\x83\xed\xab\x9c\xe6\xd7\xac\x08c`\
m]\x09v\xf5\x9c\xeam\xac\xa0M\xbcdS\x0aR\
zw\x16\xe5\x8b]\x9coQ\xce3\x8e[\xb9$\xbe\
\xb2\xf9n(Z\x9dQ\x9c\xe0\xa3\x99\xd4\x01m\x22\xdc\
S\xab\x9d\x83\xd1\xb7%q\x09\x17{\xdeG\x18\x86/\
)f\xe7\x1c9\xd2&\x1b\x96\xe0\xeeS\xbcMP\xd7\
K{\xd7\x97\xac\xa1l\x0e\x8f\x02K\xcc\xf8\xf1p\x07\
m\xd1&`\xe5\xf0`\xb3\x81\xd3y\xc6\x0fr\x0f\xb3\
\xc2\xcch\x1e\x1c\x18f\x9d\x82{\x98\xc0\xa8\x8d\xb8\xd2\
\xce\xab#\x84\xe3\x0a\xdal\xc0\xa5\x0a\x91J\xceC\xd9\
\xc18\x99\x0e\xf4\xa7\xb9\x17\xbc\xa9U\x85u\xeb/\x82\
\xc6@\xf6\xf3@\xf4\x89n\x08\xdfBl\xa2\xe5\xa2\x01\
\xa2\xef\xbfx@Z\xb2\x8f\x1d\xd3\x89\x96\x1cnf\x93\
\x1e\xc7\x19x5\x90\x01\xab\xc4\xce=\x9b\x17e\x8f\xbd\
\x5c\xb9+^\x04!\xab\xed/\x97\x0cQ\x89H\x0d\x08\
\xe8\xb40\x0e0\x9c\x94\x94=K\x86\x07\x11z3\x8b\
\x85\xc0\xe1\xa3\x07\x11)A\xae\xae\xa5\xe6|e\x0df\
\x02\x82QA\xe3x\xf1\x01vg\xb9'\x18\xd9\xa4)\
\xd3\xa0z\xd6)~\xc0\x825#6o\xeb\x02Y\xeb\
-\x10\xe8\xe77\x1b\xea1{w\xc6\x1b]\x83\xbd\x1a\
,'nj\x03~O\x0d\x98\xd4\xd9\xb6\xbbW\xe7$\
\x1ag\xa7\xcb\xe906\xa1\xe5:\xd64\xc7KR\x9f\
}f\xfcQ\xdc!\xea\x87z\xf1\xa2\x98\xc1\x8a.\xcb\
1\xcb\xb0\xb0\x05M\x85\xef\x1d\x1d\x1ap9(h\x8e\
\xc8\x0b\x8cNp\x82D\xe0\xfc\xbe\xb8\x84\x87\xcf\xa1\xc0\
\x0e\xb2\xbf\xd7\xd60Fhw\x85t\xe4\x0e\xce8\xcb\
e\xc4\x94$n\xb6\x1e-m`4\xd9/\xd9\xd6!\
I\x87E\xb3\x02\xdb\x22O\x97\xa3\x10\x05S\xe4\xd6\x00\
\xe9\x81\x5c\x03\xdb1$\x117#\xe5F\xfd\x8cCM\
0\xbb\x06\xcc\xb9\xd5\xea\xfa[=``\xf4\xdc\xef\x95\
\x9f\x1d\xef\x85\x99\xf3n\xf7\x9cZ\x7f\xd6jj;\x11\
\xb7|\x99\xae\xc2\xbd\x9ae8\xee\xf1\xd6\x10\xac\x08\x09\
\xc9_\xb7\x087@\xc7\xbb\xbf\xeb\x89\xf50\x09\xc3\xdb\
\xf0\xb1\x8c\xe8\x91Bz\xfc\x9b\xcb\x8bS\xa0#\xe6j\
\xe0\x18\xa9\xa5\x17\x03n\x0d~\x98S\xc2\x9aD=F\
\xc7$\x12\xfc\xb7\xfa\xe3{T0\x5c\xd1VL\xd4:\
\xa2\x03\xeb\xd2\x18\xad\x16\xbaH\x0d\xb8\x00\x1b*p\x03\
\xb7\x0e\xc8\xa0\x12\x00\xaa\xe7\x10\xb8G\x90p\xb9\xd9\x9b\
\x95K\xab\xd9\x90a\x06\xb3\xec\x07\xe3\x11P\x07!M\
\x1d\xebE\x0c\x04\xce\xba5}M\xb8\x8bP\xb2\x9b\x0f\
\xa8Mw\x91\x96\x0a\x1f\x9c\xdf\x11\xb4\x88\x9e\x93\x19\xb0\
f\xaa\x18K#\xbf\xab\xc6rJ=\x9b\xc7\xea97\
\xf5\x0c\x97\x12k\x9a;f\x9eM\x15\x94\x96\xed:\xd7\
nh\xa0Vor\xf7\x8b\x0b\x91\x83\xd0\xd4LU\xd5\
D\x1a_\xae\xcc\xdbi\xab\xc7\x192f\xcf\xbbH\xd3\
\xc6\x9f\xac\xa2S\x9e\x1c@\x0d\x05n\x9b\x13SX:\
]\x05\x9c#\xcf\xfaL\xd4\xf0pL-\x00\x11\xdb\x92\
g;\xea\xbfr\xe0\xcc0\xdb\xb3V\x1d\xf1\xab\x87P\
\x0a\xfb\x0dg\x09\x17\x84\xc2\x9a\x8e\x97\xd7\xcf\xa7\x17N\
\xdd`5^\x96\x5ckd\x00\x0a\x03\x8eL\xc2\xb9\xea\
\x88\x91\xa3N~\x5c\xee\x99\xafq\xc6\xce1C[C\
\x08\xba$\xf1\x14S\xfbb\xdb>\x9e\xa8\x7fc\x88g\
\x96\xdb<N0\x0e\xe5\xb0\x8co\x8ct4\xb7S\x83\
\xdd\xf0^\xe3\xee\x1b\xceN\xf5\xef'tt\xf3\x95\x92\
\xe4\xf03%\x84\xf0x\x83\x85\xab\x800\xe3\xc2^\x1c\
 \x85\x0a\xd4\xf4iol\xe1\x1e\xf9\xc6\xc5\x82\xb8\xc0\
\xca\xc5\xfb\xc0\x9b\xcd\xc6\xb2\xf9b\xca\xa6\x1a\xa5\xedx\
\xfa\xdfw7\x1d\xf7\xb9\xeb\x13\x0e\xbd.,\xd6\x06p\
\xb1\xe2\x01eY>\xc3L\x0a\xb8\x01\x5c`\xcdp\x9a\
aY\x94X\xae\x0cc\x8d\xbb'9\xb8e\xc0\xfb\xc8\
3(Q\xce\x1d\xb7\x95=\xeb\x9f\xbc\xb7'\xe00\xbc\
\x97\xd1\x84%\xc5\xd7\xd7\xe3\x19\xdd\xb4C'\xb6n\xb6\
F\xfc%\x87\xae1\x02\x05#`\xf2r^\xf0\xb8@\
~Y\xf4`\x5c\x9c\xa5\xdb{\x0ce\x1c\xe5\x9cgi\
\xec\x93\x90\xf3\xf0f\x94\xf6\xcd\xdb? \xcd\xdd^0\
\xdfCq\x8c&\x90U\xb5\x84\xc1\x9ab\x823g\x81\
\x98\xc296\xfc\x89\xfd.S\x82A\x83\xe6\xe4\x86\x96\
\x84\x0d?\xc6\xf1\x1c%\x1c\x7fN\x02\x88\xa0m\x9cx\
A\xe9\x1a6A\x13\xe9\xc1\x1b\x19\xa9\x82\xae\xf8\x09\x9e\
\x98\x94\x05\xe3.J\xfc>q\x821!\xd0#\xb7\xb7\
s\xc1f\xa1\x0cEj8J\x15$p\xeb\x8cD\xbe\
\xf6;+9.@\x14\xd3O\xcf\x85\x8b\x841i\x01\
\x8at\xc5\x06\x05\x1f?\x19\xca\xdeJ+G\x02S\x1d\
\xa3\xec}w\x95\xd2\x19\xb2\xbe\x97\x1a\x82\x82\xa9^\x9e\
\xceK\x9a\xddN.-\xd0b!\xf4r}8M\x1b\
\xbd\x1f9\xd6@@v>\x9c\xa9\xc5\xbd\xe2\xa9\x86\xf0\
-\x0f\xb7\xd1\x87r\x10\xde\x01\xaf\xbe\x9f}`2T\
\xd6\x88\xac\x90\x97\xe3\xcb5\xc0\xf4\x14\x1app\x82\x16\
\x81\xa4\xdaH\x9e\xee\x02\x9d\x06\xda\xb3yQ\xa6\x1b\x9e\
\x12\xe1\x96Y\xab\xea\xe4FJ\x14M\xec\xc7\xe6\xe6\xaf\
\x01R\xf2\xdc]v\xac\x86j+f$\xb4L],\
\x8b\xb0\xde\xf0\x02A\xae\xd5\xc2\xfa\xef\x0c\xeb\xc1\x80\x03\
i\xa3/N?\xda\x83V9\xcd\x96\xe2P\xf6\xfcO\
\x97'\x0eZ\xf9\x1foX\xa9|dvXrL\x03\
\xb1\xf3\xd9\xcb\xb9\x80\xdc\xa0\xcdb3\xd87\x92<x\
\x90\x0a]W\xb15\xac\xb8\xa9U@A\xef\x02\xc3\x13\
\xe5@\xd0\x7f\x08>v\x01\xae\x81\x16\x0f\xf6\xc3\xd0\x00\
C\xeb\xe7\xdb\x80\xa0\xb8\xef%\x1e\xbc\xa5\xc9\xaa\x00\xe8\
\xe8\x03\xb7\x83\x08/P\xf7\xd3\xed\xcbap\x16\xe2\xe7\
t\xf3h\xe4\xb6\xb9e\xbc\xda\xc6\xe4\xae\x86\xf7\xe6\xb1\
<\x92@\x84\xcd;p\xf7\x8e\x22\xa2\xd4\xccik\xa6\
\x96\x17\x8a\xe3\x13W\x08\xdc\x02\x17\xb5f\x9e\xf2\xe78\
\xaa\xc09r\xbd\x9a\xd2o\xa5\xf8\xc5\xe6\xe4{q\xe1\
\xcd!B3d\xf5\x92\x92s\x85]Hh\xceL\xc2\
\xf2\x88mp\x87^\xb1(\x1a\x9a=\x86F\xb8\xdd\xa7\
k\x5c7\xac\xd4\xf9C\xd3\xf8\xf8\xc4\x032\x19\xa1\x82\
\xd7\xab\x8a\x81\xd2\x22\x02\x0e\xceC\x8cS\xc1\x0d\x80{\
\x05/\xb7'-\x0b\x125\xdd\x9bMe\x82\x8a\x88\xa1\
\xb7\x85a\x0d\x8d\xf2\x86\xabM'\x1e\xae4\x1e\x84z\
\xce\xd2e\x10\xc4\xdd\xd1\xa9\xda\xf1\x84\x06\x8e\xd4\xf5\x90\
\x14D\x0f\xd8\xea\xe0\xe2[\x15Xi\xd7i\x1b\xf9\xe3\
\xe8\xd1x\xd3\xf9\xc08\xb2#\x9fK\x908\xc0\xb5R\
\x1c|\xe3T\x12H\x84#\x97S\x8f\xc1G5b\xd3\
\xdfE\xc2\xd3DlM\xbc\x9e\x12\xa1|\x00\x08J\xdf\
\x1f\xd6W\xe4H\xbf\xb3x\xa5!@\x919\xac\x8el\
\x10\xf3\xcd\xfb#\x9c\x8b\x8e\x877\xdeI\x0a4[n\
\x03\xcc\xb1]\xcc\xf4\x17\x8d\xe3md\x88of6\x8d\
\x97\xac\x91\xb7\x93g\x17\x11\xeb=\xaaUCF\xfb\xe7\
\x14\x22\x11[-Au\x9b\xa0\x08Z\xa1\x89\x85L\xef\
R\xd9x\xc2\xba\x0f\x0e\x0ct\xce\xedz\x9d~rw\
\xf5\x94\xed\x9b\xdf43\xe5{\x9da[1\xc5pb\
\xc6\x85\x9a\xaf\xc4\x9f\xdb\x1aT\x0a\xcd\xf4\x82\x1bw\x93\
\x17\xbfd\xd6\xfaS\x19*\xef\x03\xd2U\xb7\x9c2\x19\
\x15\x08\xd7hk7y\xc3\x1e\xadW \xcb\x11+\xb5\
w\xe8rd\x81!M\x0a\xb1yy\xe5\xcb\xc9\xd5\x13\
\x5c\xc7\xf3\x94n\x5c\x1a8\xc0J\xb3l2\x80{7\
y?\x83\x98k\x18\x8c\xa3\x1d\x8f\x80Vx\x1a\x9c\xd3\
\x15\x100\xce1\xbe\xf0$\xdd\x19\x7f\x06\xf7\x8a\x93|\
\xb0\xd0. \xcdp\xc6r\x0dltNN,\xdc\xc6\
\xef\x94\xf0\xd7\x17\x18\xce\x06\x14\x95!\x8b\x17\x1aD\xd3\
\xf7\x8cmW\x01C\x9f\xeaq\x1d\x8d\xfb\xce\x01rX\
\xf2\xcd\xd7#[\xf1\xe0~\x0ca\x5c\x0b\xce9N6\
2\xd2N\x1d\xd2`v\x18K7\x89\xd1C\xdc\xc4\x03\
\x02\xa0\x05\xe7\xde\x11LA\xbbD\xd1\x8a\x8dFkI\
\xe4\x83\xab\x86\xb2\x87\xcb\x9c\xb4\xc2\xba3\xb1\xf5\x88\x15\
\x8b\xc3\xeecp\xc4\xdb48\xd1\x22*q\xf4e\xce\
\xd8a\x0a\x83\xdaPk\xa3\x9eL\x1b\x85l\x80g\xcc\
\xc8\xe1\x89\x03\x18?\xbd\xf8)d>\x82\xd9\x84\x8a<\
\xfb\xc8\x84{\x5c\x86\xeb\x8a\x10\xf9'\xd64\xd3pT\
\x8e\x8f\xd6\x0c\xce\x1c\xa8\xe91I)xg\xac7S\
6\xb4\xdfW\x7f\x9c\x82|x{\xf9\xca\xb88\xdc\xd8\
7\x8b\xf7\x84x\xb0\x1eW\x10\xca?Z>\x85Ol\
\xab\xe0\x97\x22\x88\x85\xd2S/4\xe1\x07\xd7\x87\xdb\x14\
f\xa6\xb0\xbdGy\xc8\x1b\x1b\xa4\xeb5R'\x1ap\
\xa9\x1e0:t\x8fK\xce\x02m\x08\x07_7\x02O\
\x90|\x12\x05:\x1a\x83\xc7\x06R*\xca\xbe\xae,\xd7\
3\x97\x06m\xbd\x8a\x84\x0b\x90\xf7\x97\x17\xbb7\x9a\xd0\
:<7\x99\x84+a\xeb-4:\xe7\xd6\x1f\xba\x0d\
\xb7\xcc\xb80\xcd\xc1\x1aS\x99\x94\x03\xee\xcf\xc6\x09\x0e\
\x00\xb73zC\xdb\x8c\x14\xad/\xb4\xc6\xefb\xa5\xe7\
\xb3\xe7\xe7.\xc5\xf7\x92\xe7.H\x11\xdc\xbb\x0dc\x1b\
2\x05\x83c\xecpE\xf2OD%\xebn\x09+\xc9\
\xd7\x87\x7f\xdfx\x11\x9fh@z\x0e\xf0\x09\xdc\xa1\x9c\
)8NG\x11\xa6=\x9a\x995h\xcf_ns\xdd\
p\xd1\xa4+\xc9w~\xc9\x8d\x8fx\x84\x0e\x05\xfc\xe8\
\xc4m\x92!\xb4N\xf6\xc7\xd9\x94\x92gKA\xbcl\
\x0c<\x8c5\xa5\xdc\xf8\xc3\x10\x9a\xcc\xb4\xe8\x03k\x82\
\x13-\x00\xdd\xba\x98\xf2\x86\xb2L\x03\xcb\xf6\xc0\xc5\x15\
\x81\xae\x04\xba\x00\x88\x1e\x80\xe3Y\x93=\x15\xe2\x1e\xfe\
\xf11\x1d\x08\x91\xdf\xcb+&\x18M\x88\xb1\xa5\x90\xfd\
\xb9?\x83C\xe0\xa7K\x94Dh\xc76+R\x8d\x87\
\xab5\x92\xecn\x5c\x9e\xe90C\xd8,\x02\x05C\x22\
\xdf\xf5\xeb+w\x8c\xe5\xff\x00\x88\xe4\xa5\x0eK.0\
x\x8dC\x81 \xfa\xf6e\xca\x96f\x9c\xf86e7\
\xdb\x87\xd4\xcb\x9a\xa6\x9a\xeb\xbd\xe5K\xf2G \xb9]\
zf\x89\xaa\xd1\xc9\xce\xb2T\xa5@c^\x1f\xa34\
W\xbf\x00\x9f+\x87\xaa\x10>\xd7\x01\xdc\x81$m>\
2\xb7\x15\x0a4\xdb\xa4\xf9\xc0\x0a\x0f\xb5\xec\x05\x94h\
\xef%\xb8A=\x9f_\x1a\xc1\xef\x8dO\xbe\xeb\xe8\xa5\
\x03\x0d6\xa12\xc5?>\x99\x83\x80\x09*\xcdF\xba\
'\xa6 \xb1\xb5\xdfY|0\x93Ps1\xac\xe3\xa6\
\xfa\xc5+.\xda\xbc\xcc\xb8\xc6\xc1\x95\xe78\xa5\x95\xcd\
\xd8\x22\x07\xc1\xf3\x87\xa9K\x0e\xae\xf1\xde\xd9\x85j@\
qv\xc1\xb3n\xd5\x0fB\xed\xca\xa8e\xcd\x01\x8cx\
p*nx\xb7\x9aT~\x1c\xd8\x140t\xc55~\
\xe6Z-\xad'\x0f\xc9p\x5c$+J\xa3n\x02\xb8\
E\x05\x9b1E\x0a\xa8\x03\xe7\x9e1\xa9lE9[\
\xad\xc7\xef\x03\xc3Z5\x13{\x91\x8d\x22\xabzM\xc6\
\xba\x03\xd6\x09\xd0kl\xc0\xfd\x82H\xeb\x05\xe0\xda\xdc\
[V\x15\x1b\xf2N\xe7\xde\x02\xc1\xce\xcc\x91\xeeN\xb0\
\xd2)\xef\xef(\xcd\xb9\x07=\x95\xb7y\xc1:\xe5\xcb\
\xca\x9e\xa6_\x17\x22\xa0\xd8\x13\x1b\x82\xd5\xec\xa7\xfa\xe5\
\x97!*Z:\xa9\xb60\x19\xc1\xd4\xd0L\x84\xd1\x02\
\xca\x10\xd3\xd6B\xed\xb9\x09\xa9\x97:\xd3\xea\x10\x0f\xa3\
\x02\xe4\x1dr\x0f+\xa7\xe3\x11\xe0h\xfd\x8dzpX\
\xdcPJ\xd57\xc9\xd6\x15\x94\xa2\xd2\x054,\xc6#\
ExqV\xe17\xe2N\x97\xaa\x91\xfe\x11]O\x12\
\xe4\x7f \xf71\xfd\x17$p\x11\x11\x1e\xce\xees\x0c\
\xe8\xb8f\xae|\xcd\xb1\x22\xfc,\xd7\xca\xfb\xc1\x99\xcf\
\xf2\xb06\x9d,\xce>\xee51\x18\x1c;\x84\x0a1\
\xa0\x02\x8eq\xa9\xbf\xe9\x88\x1c(CX\xc7\x9cy\xce\
|\xb1\xb4\xba8\xc2\xef\x00a\xa1\xe8\xd1\xf0`\xe1a\
\xfc\x0bg\xdb!\x97\x07\xe5\x18\x88\x88a\xc0\x10\x1e\x87\
\xcfx\x0eN\xcd\xcdh\x1f.\x03\x88\xff\x00~ '\
\x1a5\xf8{\xcei\x16\xf8\xb3\xe6\xe0\x84>*\x8c\xf6\
9_E\xde\xc6\x8a\xe5\xc6\x04!\x81C\x85\xcb\xc5k\
\xaf@y\xf1t\xbe\x00\xd6\x12\x87-\x12;\x12\x18\x85\
\xc4\x01\xa2\xe0\x5c\x815\xa3S\xde:7\x17\xb7\xa1l\
\xf5\x96!\xe1\x80\xde\xc5\x00\xae\x8a\xe0a \xf0\x18\x80\
\xb2\xac\xde\x8e_)\x11\x939\xe3\xc4\xafeGu|\
\xde1m\xbd\xfd`\xa9F\xd27\x83\xbda\x170\xc0\
\xaa\x93f&\xfb\x9e\xcc\xf0OFj\xbc@o\x9eP\
\xcb#E\x82\xa0U\x86i`U\x15>\x976\x0b\xed\
\x92\xd7\xe1\x8c\x83`\xf24\xc1f\xfe\xfc\xa4kWN\
\x1fw\xf9\x94{\x14\x98\x92U\x8e*\xea\xe0\x92\xde\x0f\
\x0a\x85}\x8f\x05ZqeA\xe5\x0e\xe6P\x11t\xfb\
:|\x94b\x0aw\x9a\xf0K\xc8\x02\xc5\x0a\x08;x\
0\x22\x01\x15\xaf\xae\x8f\x9c3!\xb1\xc3k\xfaq\x9a\
\x9a\x86\x94\xc3\xeec\xc6p\x85\xed?,\xdb\xde8\x8e\
\xdf\xe9q\xb88\x98\xa7N\xcew\x9bop\x18\xa1\xb8\
\x90\x85O#\xef\x02\xdf\xab\x94\x0e\xdb\xc0\xd85B\xfb\
{\xcf{\x11\x95\xc7\x5csNq\xdf\xd1\x09\x055\xd9\
p\x08\x884\x82\x04_\x86\x0a/v\xdfx\x8f\x04\xe1\
\xa0\xc7Sf\xcb\x86)\x8d\x93#\xbb\xefX\x87V\xb8\
r\x98pL\xe8\xfb3\x17\x1e\xc2\x82\xbb\x0e\x08\xd7\x0e\
(\xb9\xb5\x80\xb0w\x16\xe1\xf8\xaa\x0f\x07$\xf4\xfc\xe6\
\xa0\xdd\x85\xd6\xbd\x7f\xa6\xb2\xb9/\x01\xf4z\x0c{\xad\
\xb6\xe1\x83r\x0a\xfc\xb2\x9bk\xe3L1\x8f\x83\x91V\
\xeb\xe8x\xb1\x97\x91\xf0~|3\x92\x0f\xd0\xc4\x92\xb3\
\xa4\xc2\xf4[\x89-\xe4k\xc0\x9c\x8f|b,D\x04\
\xeb\xae\x9b\xe00-v\xb1u\xaeLa;\xd0~_\
\xc1\xd6#:M\x94\xce\x0f\x975\x9c]\xbd\x03&\xf6\
\xed\xa7+\xb7\x02\x8f\x8a|\x81\x07\xe0\xcbm\x85\x91R\
\xb5\xa5\xfewUo\xcd\xd2xcC\xd0\x0dxda\
\xe3\x9f\x859\xb8\x91\x5c\x12\x97m\xf5\xe1\xb8\x96R\xce\
f\x06\xe6'Y\x5c\x84\x8es\x8b\xd1\xf0\xe2h\xe1\xe7\
\x0di9\xfc\xec\xca\x8e*\xaf\xbeG\xe3\xd6!\xb0'\
+\xa5\xcd\xcc2n}S\x1c!dH\xb4\x02\xb80\
Mz\xc8\xcb\xdb\xf0\xe9D\xd6J\xa3@\xee\x1c\xbf\x06\
\xf0e\xe5URw\xf3\xad\xe0\x9czY\xa3]\xb9\xba\
Z\xa7P\xa8\x84\xdb\xac\xabM\x17x\xb8\xd2k\x09\xbd\
\xc0`\xccQ\xc5\xab\xe7\x80`\x84\x22\xa1\x14\xac>\xb8\
\xcd\xa9f4U[>L:\xc3\x88\xa1\xde\xc8\xedn\
\xfd\xe1,\xac\x15\x95q\x84\x9e@\x18\xee\x89\xc9\xad<\
b)\x1ad\xf9\xc9)\x08\xa9m\xc2\xab\xeb#A\x02\
\xe8\xaf\xac\xe5h\xa0\xba5\xce\xddg\xa2\xe3cK\xd8\
>1\xdc\x87\x8e\x86\xda\x14ig\x1e\x04T9\xb8\x80\
{\x22\x9b\xea\x0a\x02h1\x14\xd8\x85\xf2\x22Q1\x99\
\x88#\xee\x9b\xc3\x00\xee\xdb\xdc,\xfbq\xf6\xd0\xa6\xc7\
f\xb8\xc5\x04\xd3Ox\xc04\xe1\xf9\xca\xf7\x9b\xc1\xdb\
\xc3T\xca\xd4}\x84J\xf4p\x7f\x0e\x04\xd0\xdd\x8bG\
\xdb\xcd\xc4\xc8T\xa6\x0d\xe3\x92d\x05\x04\xd1>\xde\x8c\
i\xdb\x0a\xd0\x1e\xb0*\x1a0\xd8\xde\x1cR\xafg\xc7\
9\x07w\x8e0U=]\xa9\xad8z\xe4\xcfM\xdc\
\xd8\xb9S;^\x5c'\x18G%\x9b\x0dK\xf3\xf1\x8b\
L\x1e\xb7\xc10S*\xe5\x8cyc0\xda\x02\xd4A\
\xbb\xe1\xdb\x8a\xa7D\x108\x13\xac~/\xd5\x9a\x04\x1f\
\x8b\x87\x1d\xb1\xf2E?\xb7\x95j\x93Z\xc4\xd2\xee\xcd\
\x7f\x9d\x5c\x01\x02\xa0\xbe\xb1QR.\xcb\xb0\xef,\x9e\
\x08\x88M2q\xb7+N\x0f\xef\x8a\xe8\xb7F,\x9c\
\xe2\x98\xce[\x1d\xf2\x02\xfa\xc5\x80\x15X\x10/\xa3$\
\x0cg\x0c/\xcf\xc3\x0d\xa90\x8chS\x9dG\x80m\
\xc4\xcb\x19\xeb\xa5\xdb}f\x99P\x8c\xa4\x1aJ\xfa\xb9\
qqo\x10d\xbc\x12\xc5|\x19q\x91\x19\x8a\xc3\x8c\
,\x8c\xcd\x9b\x07\xb7YI\xbdT\x18k:nv\x18\
\x11a\x98NT\xed6\x9c\xe9\xcaU\x9ff\xf5\x94a\
)\xb3`\x1dz\x0daMg\x12\x91\xe4\x8er\xdb\x16\
\xd4\xa2]9\xbd;A\x1e\xb9\xdeq\x12\x05\xbc\x8f\xac\
\x8e\xa5\x85.\x94\xe1\xfc\x5c}\xb2\x02\xb4\x91\xa9\xe9\xba\
p\x85;\xa6\xa3\xc6\x07\x93\x1a\xf4\x0a{.3\x91q\
\x5cE\x09\xf2\xe4\x01\xd5-C\xe5&m\x84)\x8a=\
E\xaau\xc6J\xfb\xb7\x19\x0al\x0e\xc7!v\xf7\xf1\
\x8a\x10\x11\xc5\x0e\x14x\xb8\x97\xc2\xb1\xd7\x13X\x01\x09\
\x02*\xfd\x09\xe1\xedi\xa4\xfc:LsLp\x150\
\xa0e\x8b\x12\x93\x93\x07\x99\x05\x15\x12\x8a{\x1cz^\
\xf8\xc7\x99L\xd6\x1c\x98\xa1\xac\x10\x9c\x13&\xaf\xb4\xc4\
\x80\xf8J\x97\x95\xf2\x8c\xbf9\xf0\x1b&\x01\xb5\x89\xd3\
7\xd5\xc7\xa3A\xbc\xa1\xdb\x91\xb6\x18\xa5,\xc05~\
\xb0\x0a\xa9\xdb\x88\xf8\x1a\xbe\x1b:n\xc4}zp\xc3\
EC\xdfN5l\x98}td\x04\xa0\x0c\xdd\x96>\
\x06\x9b\xf1\xd63R\xf1\xbb\x8a\xa1[5\x84\x00~U\
A\x0eP\xca\x08\x0d\xe7P\x13\xfd\xe7g\x90\xe5\xce\x80\
\xd3\x9c\x90Z\xd9\x92\xe3o3\xa0\xfb\xf3\xc7y\xf3\x8a\
\xba\x89\x92\xa0\xd8\x8d0?63\x83\xc1\xcf\x18AK\
\xad\xe6\x96L\x18\xb9\x10\x9e\x1c\xf1\xd68\xbd\xe4\x04o\
c\xdf\xacN.o\xb4\xe2J.\xf7g\xa4\xc8\x1d\x86\
\x8elm\x81\x9e\xfdc9T\xdd\xfc{\xcd\x84L\x10\
H\xb1x#\xcb\x8c^\x84!\x0a_\x9f\xac \x09\xa0\
v\x1e\xc9\xd0f\xb2\xdd\x9a\xcbO\x8e2\xf9\x0fq \
\x8fy\xa4L\xd8\xea\x17\xee\x18G@\x87\xef\xe0\xca\xb0\
^8\xcb\x85\x06\xe3l\xb3\xe6\x198d\x85M\x90\x85\
\xdc\xb8\x98\x9d&hj\xad \xe1\x8a\x06\xfa$\x8f\xc1\
\xc6\x02m\x11\x07Chtx\x8a\x5cccj#\x1f\
\xe8`_\x17\x10W\xfbo\xb6\x08\xb0\x00\x1a\x0f\xfc\x06\
;n\xb5\xfe\xbe\x1ao\x01\xb3P\x00\x01\xcc\xf6Z9\
g:\x03@\xd18\xf0\x90v\xd6\x13\xf9\xfb\xc4:\x18\
\x16\xa1=\xfe0\x08\x04vR\xb3\xe3\xd7\x83w\xacj\
j\xb5\xc3\x89\x97.\x9b\xc1\x0a\x18GwkI\x89]\
\x91\xcb\xe1\xb1h\x077\xb4\xc5\xc0\x9b\xb0\xa0\x85\x0d{\
\xc2\x15S\x15\xd1\xed\x9ex-\xc6\x11E\x12\xec\xd6\xf6\
v`\xb6\xc2\x1a|/\xdfS7\x19l\x04\x0f\x01/\
\x07\x5c\x98\xb4\xe6k\xbe\x9d\xcc\xa5)\xdc\xde\xe3\x95\xda\
\xf1<\xae\xfav\x1f|\xcckR D\xbf\x8cJ\xbe\
\xe98\xcd;\xb7lx=\xe1\xa0\xa3k\x87\x5c\x98\xa9\
J4^\x8ea\x96\x7f\x01\xfa\xc6\xecu\x8ag\x9d\x80\
X\xce\xcc\x15\xbeR\xa5\xa94\xed\xbe\xb3d]M\x94\
\xe4\xcb\xcemnQ\x06\x99\xd6\x0d:\x0c\xa7\x0eW!\
\xa9^\x95\x7f\xael\x9cs\xdeYi\xda\x0cx\xfc\xe3\
 )\xb6\x02l\xce\xb7\x84\x01\xa5\xc5\x9b\x9fY&\x8e\
\xf4\xbb\xd2\xbfa\xb3\x14\xca\xf1\x93\x861e\x1b\xa7\xec\
\xc7J\xcb\xd6\x11\x8a\x1b\x00R\xbf\xf4\x18\x02\x07\x0a\xf6\
9\x10H\x83L\x97fjt:\x15\x17\x12\xdc\x0d\xd8\
\x07\xe41\x01\x04\x1aw\xefO\xef\x06i(\x94\x1f?\
8\x000\x86ZoV\xfb\xe4\xce\x8c\xda\xb1\x14\xb8\xb5\
*)\x1a\x17\x9f\xed\x86\xe10T;{q\x87/X\
\x94\x87\xdb\xa3\x16\xb5\x02\x07\xa2\xf0c^\xec\x16\xa7\x15\
\x9dS\x12/\xc3\x9a\xee\x90\xf0\x94D\xc3A\xfd\xd9\x96\
\x09\x8d\x82h\xc3\x02\xf4\x1d\x19\xa6\x0e\x8f\xa3\x15\xc7\x00\
\xa9\x14\xea\x99\xad\xa1\xdb\xb6\xbb\x0f\x97,I\x16*\x82\
\xf0\xa0]i\xc1#X\x22\xad6\xd5\xe3 8\x0aV\
|\x8b\xc5\xc9\xd9\xb4I\xa0\x0d\x00py\x0c\xad\xb6[\
\xcco6k\xcb\xb7$\x047\x81\x80<8HPJ\
\xd8M'y\x1e\x81\xbe\xb3\x11\xc9L \xa9t\xe2x\
\x1d\xb3A\xbb\xfd\xd9l/\xe3\x1a\x8f<\xe38\x10\xde\
\xb8\xcd\x0d\xe6\x8b4b(9N\x09\xdb\x00\xc0a\x5c\
W\x81\xbb\x98\xdfg\xb2w\x8e\xacJ\xa3\xe3\x5c|\x05\
\x5c\xdb;.o\x03\x97\x14\xf0\x1c!\x8c\xf0cr\xf1\
\x03Oy\xbc\xa7\x22\xc6\xde\x0fS\x12\xe2\xfd\xb3\x8c\xaf\
\xb3\x0a\xedx\xdfWj\xd7\xd9\x8aC\xbc\xe0\xa1\xa47\
\x9b`8\xacv\x05\xd9\xce\xf1TP\x84\xf6\xc5\x94\xe7\
\x91h\xbfn\xfeZ\xceX\xa1\xbb\xe9pJR1\xd7\
\x07\xee\xe7Y\x9b@9q\x22h\xee\x9b\xc0\xad\xfd\xcb\
\x8e\xd4l\xeb\xbc\xc6\xa0Z\x1d/8\x1a3\xa4\xc9w\
{\xb3_8\xe1?Eu\x95Ex4\x14/\xbf\x11\
\x17\x8c\xa5m\x1b\x87\xe5\xef\xd3\x81\xed:\xdb7\x97\xc6\
\xfbJ2\x1dj$9\xf1t/+\x81\xe0Q\x0c)\
,\x8dU\x8d\xbdix1\xa8\x8e'\xcdO\x0d\xa68\
\x1813\xd89\xe3\xca\xd9\xe9\xdb\x11\xd6$DPv\
e\xf1\xc4\xde\xf8\xb3'w\xd6\x9fX\xc0\x18\x1a\xfap\
\x0aD\x80*\x89\x07\x90\xdf\x1d\xe2-\x09Tj\xf1N\
\x9f\x8cS)\x13z+#\xeb\x1d\x0f\x10\xa3xf\xbd\
\xe6\xd5Wi\x91\xa8\xddeXt\xf3\x81\x10\xe4\xa3#\
\x11\x8d\xfa\xc0^XD4,\xd5\xdb\xc1\x9a6\x1b&\
(ir\x08\xb4h\xbc\xe8\xc0^\xf9m\xc7\xc6r'\
\x03o\xbc3\xf9\x92P?+\x92\x98\x0f(\xd7\x8fU\
\xc3%q\xa5suB\xf0og\xa7\x04\xe1\xc5+:\
\x96\x1d\xd3c\xbf\x13\xa0\x8d\xff\x00\x0e\xcc\x9f\x9b\x0a\x10\
\xea\xad|\x187\x90)7hfG\xdb\xbc\xe3=\x05\
\x8bA\xbf=n$\xc0\xae\xa4\x1a'm\xf3\x89\xe4.\
\xf3i/\xf4\xca\x81HX\xba.\x05\xcd(\x1fl8\
T\xe1\xee\xfer\xaa^\xdf\x07\xb3\xed9\xf0\xb1%\xba\
Q\x13_\x1b\xc5n\xf9\xc1\xe3\x19\xb9\xfa\xb5wM\x10\
z1!\xd6]y\x9b\xe3\xab\xe1R\xb5-Wk\xe0\
c\x22\x13\xb5\x92L\xf4{\xf9q\x8f\xf59p\x86\x89\
 4*\x8d\xbcg6V\x13\xb7x\x84,\xa8\xcb\xa2\
\xef)\xe4\x82\x82\x84\xd9H\x9f\xdf\xfe\x0d?\x0cH\x88\
\xa6$Ql\x1e\xb5\xe7o\x01\x81\xd6\xbc\x02`FH\
\x1d\xc0\xeb+\xa5\xb7\xaa\x10{\xbc\x98\xb9\xf0\x85\xa9\x1e\
\x1e'o\x84\xdcY\x84.\xf3d<@\xe2}\x03*\
\x0f\xbcvV\xeb\x19\x9b\xa8q~plju\xa3\x12\
\xd2\xdc@\x94\xbe Q_\x93\xc8\xa4\xf0\xa0\x1a\xb7~\
\xdd\xe2\xd9j\x9br\x05\xde\x11\x14\xaa\x8dl\xe0\xc7\x08\
\xe4\xaa<3#pD\xba\x01\xdf\xaf\x89\x83)\x00\xa2\
\xe8n\x1c\xc9U\xd9\x10\xaf\xe3y\xc5z\xccv\xf6e\
\x96\x99J+\xadz\xd6SN\xec\x22op\xc2\xe2`\
\xd9\xd5s\x07\xfabZ\xcb\x8b\xce\xd5\xa3\xbdL\x9b~\
\x0b\x8a\x12\x9c\x1a4\xdeL\xab\xc8\xa8Y\xbeL\x00\xf7\
R\x00\xaa\xb04W\xd6$\xf14\xecvi\xc1\xc2\x97\
Q\x7f,\xae\xdc\xa3\x95\xfb=\xb9p\xc3\x13^\x928\
\x98\x0fl\x7f\xb5L\xb8\xcb\x0ey;t\x7f\x13\x14\x1e\
\xac\xfc\x1f\x1a?\x87-p\x94\x1b\xd6\xf5f$\x90\x04\
8\xb3\x8cGv\xc2\x11e\xdc\x03\xda\xe4D\xc8;#\
-\xef\x177\xe5\xcd\xfag\x03\x19\xea\xef\x15\x8d\x10\x9a\
\xce\x22h\xdd\x5c+d\x04\x80\xdfC(SgNo\
\x93\xa1\x86_y\xa1\x0c\xf1\xc2\xfd\x5c\x9e[\xc5}\xb8\
\x8a\x22\xfb\xf5\x8d\xb8\x00\x1e\xe3L\x16\x99&\x9f\x17\x84\
\xf0e\xaa\xa2F\x93\xaf\xa7(\x88\xec\xcb\x97\x16\x16\xe8\
\xe49\xde_\xe2E\xabZRk\xc2\x88 h\x89\xf9\
\x1eLJ\xcd\x5c4\x83C\xb3\x1d\x8c\xa8\x5c\xbd\x97\x15\
\xd3\x82\xe9\xca-{\x08\xc7\xbf\x0cA\x08m\xf7\x96\xf2\
pBk\xf8l\xf1\xbe@<!\x0f\x18\x86n\x8c@\
\x8f\x16\xdb\xac\x862p\xdcu\xe2c\xad \xbbzf\
%Q\xd3X\x88:p\x0d\x03\xda\xb9\xf8\xd6@iO\
\x08\xe4c\xec\x8e\x92\xdc0\xd7C*\xb3\x17\xd9\xb5\xde\
\xf9\xbe\xf3q{\x1dbBJ\x9b\xc0\xcaLv\x16\xbb\
1\xb4W\xd4\xc0\xe9\x1b\x91;\x09\xa1\x9a08F,\
|\xe2\x907v\x9e\x01\xa5\xab\xdb1\xc2Z<\x99\xc7\
}\x99T\x8d\xad\x8d\xc1p\xcb\xf63)\x08\xba8G\
\xe7\x00D\x8b\xd2\x1f\xc4\xb4\xa6\xfbz\xf2#Q\xba1\
y\x08$JdQ!\xd8\xd9\x8e\xfa\x99\xa2\xd2\x9b\xc3\
}\x7f\x1b\x83\xfb\xe3\x0c\xec\x8bT\x82\xddk\x11\x07j\
\xae$R\x5c\xfby\x8d_.\xee\xb1\x14\xb0\xd1Jp\
\xfd\x98\x9baV\xd5Z\xae6T\xf2\xa9x\xf4\xf9\xd6\
\xe1\xc4+8\xc3\x05A\x0d\x14\xf6\x99WX\x9a\xa6\x84\
\x14\xd8_\xac\xad\x8e+M\xfc\xe1Wz*T\x82~\
1\xe3I8Z\xfa$\xe5N\xb0Fo\xe0\xf1\xd7\xd3\
\x11\x85 \xea?\xef\x1d\x8e\xb0\x8eVJ\xf8\x99\xad,\
\xcaWp\x05\xb5\xeaea\xc4\xbc\x12\xfa\xef\xeb\x003\
$\x16\x85!\xe2\xbd;p\xfb\xcd\xd0\x02r\xd6L4\
\xa6\xd2T:\xe7\x8an(f\xd1\xa0F\xd5\xf4\xe6\xdd\
/\xb3\xe1\x06\x1e\x97Fn~}e5^\x87G_\
\x13\x1fX\xb14\xa5\xeb\xa3\xdd\xe2D\x9ap\xf7\x8db\
@\x8e\xc6\x8e[\xef\xde\x07\x14]\x1b&\xf0V\x09Q\
\x0a\x1e\xcf}{u\x93S\x8c\xb9\x12\xf5?\xc7)<\
\x14\xe5\xc5=\xe6\xc6Y_\x83\x17\xa1$b\x80\xf6\x18\
\x8a\xc8\xd0n\x13\x05\x88\x93\xc4\x0d*\xc6i\x9c\xf9(\
\xb7Ee\x98@\xadL}\xf9\xae7|\x9a\x1fyR\
\x18L\x07\x14\xf6b\xdb\x03R\xe2\x8d\xc3!\xba#C\
\xdc\xdc|6\x8aw\x18W\x5c\xfc\xe0\xd4\xaf,:/\
\x14\xd3p\xa2syY\xb9\xe1w\xac\xdf\x83\x10B[\
\xdb\xd7\xa9\x90\xdf\xa6\xf1\xa0\x1f\x03\x95\xc4\xa3]Mz\
>F\x01\x0d\x1e{\x10\xecN\xb2r\xc4B\xb4\xeb\xef\
\x0a\x82\x13\xe1>qZ\xd4#\xbd\x9a\xc3\xf6\xbb\x12\xcb\
\x80pf\xb3E\x8cM\xd7\xce/s}.\xac\x97+\
~%\x17\x17l\xb9$\xba\xd5\xc2\x96P\xb0\xda\xbb\xcd\
\x85G\x83\xf4\xf2b\xd4\xdd\x94n\x9f8\x92H$.\
\xda\xa9\xce\xde\xf1\xa1p\x8e\xcb\xb3\xadu3\xa4\xc1\x96\
\x9fh9\x98Y\x1d!\xf9\xaa2\xc0x\x04\xd09o\
\xc6$\xf6\xe0X\x03jq\xbc\x9eH\xd8\xa8=\x17\x89\
\x90h\x08\x86\xe1\xef\xdb\x8c,\x89\xa1J4\xbe\xf2\x92\
\xab\x12\xa0\xc8]d\x0d6;\xe1\x7f&:s\xae{\
s\xa2l#\x98w\xc9\x86\xc9IB\x02\xb7A\xc1\x81\
;\x83yYN\x82\xe56|Y\x9b\x12\xcdj\xde\xaf\
:\xc0\xe1\xb0;\x86\xff\x00r\xe5j*\x15\xed\xaf\xac\
m\x9aw\x8a\x06l\x0d\x96\xa6v>~\xf1\x10e6\
\xbb\xcd\xf5C\xef\x8c\xe9\x0a\x11?\xa8\x18\xce\xe5\xff\x00\
\xc9\xff\x00\xae:\xa6\xe7\xa0m\xd1\xbfR\xe4\xa1\x06\xd2\
\x8f\xc3\xe1\x01\x06\xc0\xb1{\xa14a\xa6^];\xd7\
Y\xaa\xf1q\x5c\xb9\x0an\xc7\x8f\x8fy}b\xdd\xb3\
\xbeo\xab\xceO\xe34\x82\xab\x17C^\xdd\xe3C\xa9\
O\xb5\xf2.[0\xa3\x0e\x98\xe2V\xc2\x9d==d\
\xe1\xa8\x0b\xe9\xd8\xe2\xc4\xbb\xe9xz\xf1f\xf5b\xd9\
\xe6_G\x1a\xb2\xcb\xef\x00f\xbb\xf4\x0d\xdf\xbc\xe6\xe6\
\xd8\xa4S\xdayj\x19\xc87/\x99\xb64X\xa9\x22\
\xa5\xfb\x0b\xe1i\x8cw\x92\xd7#\xe2m\x05eXd\
$z\x18\xa6$k\x81\x22\xbe\xde^5\xeb>\xdeN\
b\xca\xa3\x84\xde\xfe\x8ca\x9e\xc2\xf7\x88\x00?9\xb4\
8\x80\xdb\xe4\x86\x80\x1a\x1e_\xac,a{~3\xaf\
[p\x06%\xe2\xe2@\xdb\xd7\xb9\x19mtf\xeen\
s2\xe3\xaa\xa6K\xda\x00C\x19\x0d\xf6\xbe,B\xc2\
\xf3 s\x88\xea\xce\x07\x9b\xceY\xa2\xed\xdc\xfc\xe1\x16\
\xb4\xbb\xaf\xc5\xc1\xc1\xf0\xae\x90\xce\x08\xe9\xc2\xf1\x95V\
:\x0c\xa0\x0ck\x90:\xb8\x8e(\xe7\xd6\xb2\xf8\x8et\
e\x07D\xeb,S)D\xf8\xe2`\x926\x22K>\
\xaek\xaeMg%\x01?\x078X\xb2\xef\x00\xe2j\
#\xb2t\xe2\x84W\x19\x9fZ\xc0\x92\x8e\xca}bZ\
p\xf9<\x82:V\xa9\xd0\x07+\x9b\xed\x0b\xf5\x13\x12\
\xd6\xe4\xc9\x9d\x1a\xde%\xda\xdc\x1bt3\xba\xe2\xdb\xfb\
>2]f\xc5\x1a\xbb\x9bo\xbcz\xd7\x0c)\xe7\xaf\
\xb0{b\x9d\xf9/\xd7\xc3\x84\x8b\xdb\xc8[\xb3Fi\
\x9bE\xd7\xbc\x09\xb6\xc7\xc0\xb3x\x13\xf8oa\xc6\xe8\
\xd8o\xf7\x83LG\xcctH\xf6\x93^\x12\xa2\xdd\x0d\
\xe4\x97\x0c\x1c\x0dP,'w,\x9cc@\xe5K~\
&\x10N\x09}\xee\xe2\x87W\x14\xea\x99\x10R\x05A\
=\x7fK\x9a [`Pg\x09\x8e\x09S\xd6\xff\x00\
\x18/\xd3\xab\xae\xfb?\x19PQ\x8d]\xaev;\xdd\
\xc5\x93\xef\x10^\x1fh^x\xc7\xf3\xae\x99\x9e\x845\
\xf1\x06\x1f\xe2g\xc7T\xbd\x19,G\x80^\x0bf\x01\
\xc5e\xb5\xf6\x18\x1b\xd2\xae\xe0\x81\xa1\x98\xecn\x94\xbe\
\xcavM\xe5\x18Q4\x82\xc8\xa7\xed\xc4MX\xb9\xae\
B\xb0\xf4\xbb\xc6\xe63\x19\xd3\xdf\x95\xcd\xe0\xddR$\
7=\xfb>1V\xd1\xfa\xf0r\xea\xd37\x9d6\xf6\
\xc3qY\x82\xe5\xf8\x8a\xf3\xf8\x19\x06\xa4~\xe7xS\
x\xbf\xa3\x89\x12\xc5\x0b}\xef\xa7\x13\xddpF\xd1\xcd\
\xf7\x96\xc5Fh\x1a\x0d_\xeb\xe6\xb5\xbd:\xfbs\xe5\
\xaa\x0e\x8a\xce\x83\x00\xc8z\x89\xa2G\x1eV%\x09\x8a\
\xe8s\x0c\xbe\x06.]ec\x84\x80\x07-r\xde\xf2\
\x1bY\xaf\xe1]=\xaei\x85\x99Wn\x0b\xef\x15\xba\
\x03\xc0\x0c\xb7nC\x09\x19\xda\xfb8q\x9c\x18\x91\xd0\
QI\xdb#]:=|0\x82R\xf8#\xca\xbe\x22\
(o\x88\xefX\xfd\xd7\x95\xaeLb*\xae\xbaN&\
S\xa9\x9b\x01\x96\xfb\xf0\x81S\x11l\xce\x80\xa0\xb3\xdb\
0d\xc0A\x8as\x91\xa4q#\xbb{\xcb\x04^\x85\
\xd8g0V\x5c\x15\x18\xcd\xa5\xb8\x98\x84\x112\x8ff\
(\x02i2G,dH\x94\xeeno\x1e\x87:\x8c\
\x22\xe6L$\x09\xa0V\xd4\x96\x93F\x13@\xa5\x84\xe8\
\x9f& b,\xc3\x86\xfc\x97\xa7X\xca\x83\xd2ky\
&\x10\xdf\xa1}\x81\xf1\x9b\x1f\xd7\xc6N\xb1p`\xda\
o\x93\x029\xa8*[C\xc1\xa6\x5c^\xed\x0c\xf6\xf0\
b\xcf\x9b\x1ci\xe3N~\x18\xf6\xc1DI\xacH\xec\
\x8d2\x16\xf6x\x10A\xaaG\xc0\xa7\x0eM\x13\xd0\xe5\
\xf1v~0\x86\xe9\xdf\xf5\xc3\x06I3Kt\xb4\xc1\
\xad\xb5\x97F\xac\x05&\x8d3X,!t4\xcf\x87\
x\x95\xdf\xa0\xfdy\x12E\x224\xa7'\xe2\xe4PT\
d\xc3p\xa4\xc2\xc5\xe0=\x86\x13z\xa7\x1dkVw\
\x93W\xc0*\x08\xfc\xf8(\x08\x0cw)n\xf3\xa3\xc6\
\xbd\x84M\x13F\x1cU6\xe1\xebb!\x85[\xe3v\
f\xc9\x81\xf0e \x83\x9d\xfb\xf0#\xe5=\xe3\xac\xf7\
\xe1GO\x94v\x9a\xc6p\xb2\x1c\xe01\xae\x9d\xbc\xce\
\x8f\x9c\xb1\xe5\xff\x00!\x88C~b\x94\xf1Y\xfbj\
\xcfI/\xaf\xe2%\xb9\x0d1\xc7\xd1\xd6\x05\x85FK\
\x9c\x1b\xc8\xe7@\x10\xeb\xbc *\xba\xc0\x14Qa\x85\
p:\x7fsY\xc6]\x11q\xb3\xa6\x9e>z\xd7\x06\
&\xbd{3\xb0\xa2\xcebz\xd7\xbc\x00\xa5\xbf&\x1b\
\xebc\x0doh%w\x0f\xd1\xd6\x00\x80/\xb6q\xef\
+\x05\x13\xe4\x1e\xb2\x8c\x8e;t\xe5\xdf\xb7s#\xc2\
v\x18o\xe2c\x9b\xe4K.\x16\x95\x1c\x16g}\x89\
\x98\x05\xc6\xefZ\xc6\x00\xac\xf1\xden\xc1b\xeb\x10b\
\xccw\xa5\x0d\xf2\xe5\x88\xcaB\xb7\xa3y`\x92\x94\xf7\
1\xcdZ{\xb1\xe3^\x7f\x1e#R\xf1\xbf\x15\x02(\
8L\xe7\x06V\xa0~b\xff\x00\x7f\xe1\x10\x90\xf9z\
\xea\xcc\x87\x99\x13\xd1\xeeu\xe1\xd7\x87\xb3\xc5\x98\xa6,\
Y]xS\xf0\x1a\xfe\x00\x0dZi\xdd\x1c\xe3h\xcb\
\x83\x9f\x8f\x04\x1c=\xa1\xe5\xcem\xdf\x9c\x9ca4B\
R\x1aL\xbe\xd9\x0c\x9f*\xd8}\x17\x14\x13\x11\xbf\x9c\
R\xc6\xf5kZ#\x1d\xdbB\x11\x13H\x9e\xfc\x83\x10\
\xe0x=o\x18Yz&\xa7.E\x00@/\xe7!\
\xb7\x19y\xcb+\x11\xd8\xbb)\xc6\x00H\xb5\x11\xa4\xf9\
sF\x9c\x04\xf6\xe5M()\x90\xef\x9c\xd5\xde\x00F\
\xa0v\x0b\x87\xc8\xe1\xc0\xfc\xa0\xbe5\xfb\xeb\x81\xc6\xe2\
/\xa0~\x0c\x11\xc0;\xe0\x87\x11\xdb\xaaa\xc2\x00\xdb\
\xcap?cW\x1c;%\x897\xe5\xf8\xc26\x85\xd8\
8\xa0z\xf8\xc7\xd2\xab\xd1i\xab\xd0q\xed\xf4!\x1f\
 w\x9c\x81k\xb77\xc0\xc3\xa72{'8\x00\x93\
\xc5 \xbb\xf4\xdb\xf1p'$\xbe5X\x0e\xf3\xe4\x81\
\xfc\x89\x8dU\xc5\xe2\x96\x11\xcdm\xc5\xa4\x5c\xa0q\x83\
6b\xc0\x17\x03\xa7\x8f\x07\xcd\x93\xd5\x04\xa1 n\xe6\
\xa5S\x07\xa3\xa3&,IZ\x08B\xeb\x08\xa3\xdc.\
s\x95@V8\xf3C\x92\xeb\xf5\x91YgW\x9f\x06\
\xb9b_\xe1AE@h\x8c\xd9\xd7\xc6 \xa58\x86\
\xaf>\xbeLx{\x04\xbd\x0deE\xef\x18\xaa\x0e\x0d\
\xd0\xfc\xcf\xe6\x19\xa2\x06\xcd\xdf\x7f\x19|m\x18\xe8f\
\xdcb\x08Uk\x91\xe0\x98\xceb@Vs\x90\x15\xd0\
o\xb2\xfarp\x5c\x8e\xdfY\x06)\xe9Ss\xeb\xf8\
\x91\xb9\x90jG\x08\x17\x0a\xb8/TM\x1b\x9bp\xec\
\x05\x0e~16\x9d\xa1T\xad}\xbb\xe7+\xac\xa8\x84\
L\xdf\xb1\x89\xa6n`\x03\x8c6\xe3\xb3\xd1\x8e\xd0d\
A\x02Z\xfb\xcfxhy\xcdI\xe7hm&Q7\
\xe1\x22=\xfa_\x8c\xb8i\xc0\xccl\xadV\xe9e\x9f\
\xac\x06\xc3h\x9c\x98(B\x06\x84M\x8f\x0f\x9c\xaf\xbc\
M\x1b\xe2L\xe6D\x96\xf6?]c\x99\x00 \xad\x04\
v\xf6\xef8\xac\x00\x09B]'\xb3\xd6\x22\x02\xe9f\
o\x9cJT\x00\xf1\x95\x9aCA\x91rO\x9ca\xd1\
A\xce\xf6]\x19m^8q\x03\xb9-\x1a\xbd\xec\xe7\
\x14\x83\x18\xbd[\xa4\xd6\xee\x1c\xb80ta\xf0^\x17\
\x1c\x9d\x0a\x80j\x09\xa69\xc5\xe9\xd3\xdb\xea\xd7\xe4\xc5\
\xcb\x22\xebN.\x01\xd2\xac\xfb\xf1t\xf7\xdd\xba\xf50\
\xe4\xa4\xe8\x1e\xd3\xc4\xc1\x16~\xf3\xa6D\x0fO\xf8\xfe\
36h\xe8\xf1\xf1\xef\x10\xeb\xc3/#\x91\x13\x22\xf0\
i\x8d\xa3\x94\x08/!iM~\xf2m\xae\xdcMO\
w\xc3\xe1Zov\xbe\xfcMw\xf4\xbf\xc6\xcf\x13\xfe\
\x0d\xb1\x88Q\xec\x7f\x96\xb7\xbc\x92aC\xe4fk\xd9\
\x88\x1cY\x8e#\x09l\x0fL\xaa\xa7\xfb\xeei+\x86\
\xdff<\x00_o\x18\x97H\xabZ\xbc\x1b\xde\x08\xec\
\x84\xdb8\xc7u\x04\x02 \x00_\x91c\xe59e^\
\x5c\x09:\xdaT\xd9\x14>K\x9fXP\x84\x06\xc3\x81\
\x92\xf5\xca\x9e\xf5a9\x1c\xc9\x86\x98\xd7\x19M\xb6\x8e\
\x09\xbc\x8d\xaa\x1eZ\xe4\xd2\xeb\xe7\x8c\x04SNR\xfc\
]\xe2\xc0>N\xf1B\xdc\x05\xce\x85\x19/y\xc3c\
\x12\xb4d\xcamxvb0\xfb\xf1\xa20rH6\
\x958\x8f\x8f\x8cJ \xd2\xec\xc8\xfc`,hU\xea\
\xea\xb9_\xd2\xef\xc6\xb5\xae\xb7\x891W\x00!\xcb>\
g\x84Bz\xdeo\x0c\x89\xcb\x8cB\xa0B\xfbOn\
\x0dR\x05\xfa\x82\x9e\xad\xd7\xbc~\x19\x0ah2\xcf/\
3\xc7Y_\xd4\xc4\x95g\xa7si\xad\xe5\x91\xb8C\
\xc2\xfb}\xe2@\x98\xbc?{\xe5\xc8\xc5\xc2a.)\
\xdcw\x1cDmUSI\x86l4\xb39\x91\x984\
(Jr\xeb\xe3\x02q\xef\xad\x98\x0d\x92@i\x87\x93\
\x17\x1a\x88j\xab\xb5\x5c`Sr\x95\xed\xa3\x991\xa0\
\x18\xf5\x1f\x05T\xa7\x17\x10qz\xc4\xe7N\xb0\x8a\x0a\
\x15\xceM3\xa44\xeb\x05\xa9\xadLM#!\xceI\
(\x01\xcb\xc7\x07y\xf7Q\xdb\xea\xda}\x97\x06\x92\x1b\
!N\xd6\xbfx\xe6\xe0\x0e\xba3\xa0,\xd8\xdc8\xb9\
q\xbb\x8e\x81,\xa2\xfa\xec\xd6%:%\xa2\x09Ir\
\x9bT\x03`\xd98\x8b\x89\xcc\xe50Q2!x\x0a\
\x07:w\x88\x10B\x07b\xca\x1ca;\x02\xad^\xaf\
\xcb\x8f`p\xc8\xad\xde\x8aQ\xc1\x0d\x06\xb7\x08\xa0\xe2\
\xbd\xb91\xa3G%\xde=\xc9\x80_G\x07\x80\x17A\
ad\xc4\xea\xdc@f\xc9\x8c\xcb\xd0\xd6\xc9X\xe0?\
y,4\xa2\xf2w\xc4\xe9\xd0`T\xa3\xe6\x96\xea\x81\
\xf2\x92\xe6\xa5'\x92\x22\xc4d{\xb9\x08(m\xba\xfc\
=\xe0To\xc3\x9b\xf1\x9a-\xbeOv8\x11\xfdw\
\x9c^\x05\xecX\xb8\xcb\x97\xd3\x8e\xed\x8a\xab!\x1c\xef\
{\xe3\xca\x07\x83c\xf1\xach\x92\x8d)|\x16\x94\xd7\
\xf1(|\xb1\x18\xf5\x95yz\x0cNK\x0b\xbc\x09\xa4\
\x8f~Eb\x89\xb4\x97}\xfa\xc5\xe4\x80\xd3\xa4\xa3\xf4\
\xf8u\x18\xd0!\xe1\xce\x9a\xc4\x102_\xb4\x94u\x5c\
\xe4*86\xb4\x1b\xc3)\xa8\x9e\x9d\x0bON)\xdc\
\x96\xda+\xf0qS\xa7\xd6\xdc\x8a\x00!vk\xa4t\
\xe3\xac\x14,\x01\xb6\xe84\x1e\x09\xbb\xeb\x18\x9a\xb9q\
\x8a\x84\xf40T)\xf9\xca(\xe4\xde!\x02\x88\x88v\
\x1b\xc0>\x82\x03\xb8>7\xcd\xde\xad\xd1\x89\x8d,i\
5\xdb}d[\x83\xabB\xed{\x04\x87\x8d<\xeb\x89\
8\xcb\xc6\xb1M0Y:<\xfccP\xc1\xe4\xc0\xe6\
S\x00PP\xd7XM\xe3\xc4\x1f\x01\x15\xad\xf8\xc9\x04\
\x8b\xb4\xc6)\xb5:qOw\xdf\x96\xbd{\xdeC,\
\xdf\xcel\x99\xed\xf83`\x81\x09\xae\xfe\x5c\xa9B\x08\
\x90\x8e2qRF\x9a\xf4\x9e,\x05L.\xb1)&\
\xda{\x13\xb1\xc5^H\x5c\xae\xd9\xab0\x00t\xbar\
\x80\xdd\x1a]>\xab\xde=^\x91\xabS\xd5\xca\x06\x02\
\xadP4x\xd7X\xa2\x16<%\x1c\xb0\x14;\x13c\
\x85\xbd\xb6\xb8\x88B\xba\xef\xd6\xdf\x93)\xa7k\xac5\
\xc8W\x9b\xc6zF\xdfI\xa7,\xcc\xc2\x01\xa6i\xc3\
\xa2s\x88&k\x1a>\xfa\xa32\xf2\xcco\xaeu<\
\xcf0\xe9\xd2\xa3y.hF\xfe\x1brLU\xba/\
\xa2\x18\x0d\x86\x90\xb9<\x1aL\x15\xa2y\x11\x19\xd6V\
\xe3*\xf6\xbf\xc1y\x0a\x0be\xf34\xbeUl\x0e8\
\xc8\xc5\xfc\xa7\x11\xc0\xe8\x00\xbb\xc5\xcaZ\xaa\xfb\x7f\x8b\
\xe1\x9dbm\x80\xf68\xbcp\x9f\xe0!\xef\x03y\xe7\
\xe3\x16)\xb1\xee8\xccLxX\xe7>\x09\x0a\x14\x15\
\xb9\xc3FR{k\x80\xed4xL\xb5\x0c\x94t\xaa\
r\x0d\xc5\xb8\xdfJ\x87\x06W\xa3\x22\x8c\xd2D\xcbA\
\xb8,\x1e\xe3\x9c\x15o\x00A!\x10\xc0\x01x\x00\x15\
X\x1a\x0f\x83\x12\x18\xd7\x85\xb1\x830TX\xd6k\x95\
2\xd4\x06G\x7f\x18{\x19\xd0O\xdb\xc6!\xd8\xfa\xde\
\x22.\xcc\x9bq\x92\x8cq\x1e\xa62\xac\xc2 @{\
rZ\xf4M\x98\x1b\x88\xf1\x15\xf70\xf0\x04f\x97\xd9\
\xcf\x99\x08\xe9\x1f\xa7>\xccq\xe2Y+\x0a\x93\x89\x91\
\x08?9\xd5;\xcb\xd5\xe6e\xc5\xf1K[\xa84\xa2\
d\xc0\xc4\xc5C\x82<\x84Rs6\xdf\xde&8Y\
\x9d\x0fb\xc9\x93&,+\xc2|\x0br\x22%\x910\
'\xd0YM\x9e=.\xa0\xd1,\xf73\xb6\xb25\xbd\
h\x012 rDc\xa7\x86\x93\x08\x94K\xcb\xa3\xf5\
\x8b.\xc4\xd5\x94l\x86ni\xde\x0a\xd9Y\x9bX5\
X\xa0\xda\xae\x86;\x17O'\xb6N\xe1\x90\x05\x1d\xd7\
\x04\xb9\xb7\xad\x19\xae9\xe3y:\x0d\xe3\xc1\x08\xea\xbf\
@\xdeF\xb1\x1c\x8f\xe5\xd6\x9fE\xc2\xaa~k\x80F\
\xca\xc6\xf0b\x186\x0bc\x94\xf4\x9caj\xb5\x09\x10\
\x1d\x11\xdeV\x11&cP\xbdq5\xceX\xc0\x85\xd0\
 _A\x91\xfb\x8e\xec\x05CM\xa3\x15\xc9\xb01\xbf\
ps\xc9\xe3\x8c\xb1?\xa7\xb9\x80b\xb7\x00H\xf1\xf6\
\xc6\x9aU?\x1b\xb3 \xc1H\x06\x83t\x0e\x7f\x19Z\
\xde\xaav\xd6\xe23\xda\xcd\xdcj\xe1n\xac\xd3ha\
\xa5\xe7\x0aq\xb5\xc5&\x99\x80\xd5M\x14\xe7wX\x02\
\xdar(\xee\xb6\xe0\xfe\xe1\xa0.\xd0\xf2MT\xcd%\
\xc6\xee-\xf5\x85\x0b\xeb\xf7\x94k\xf0\x98\x5c\x22\xb9\x08\
\xd1>\xfcK\xd0\xc0\x9eB\x9a\xe5\xe3\x19J\xda\xbe\x05\
\xfdZH\x90C\xcd\x13XQ/e\xfe,\x8e\xd5\xdf\
\xf1\xe2\x8ff\xad}|a\x1a\xb3\xb0>]\xeb$\xeb\
Y\xb2'1\xe3\xfbcD0\x22&%\xcaJ\xb5\xe7\
w\xe7\xcb\x0e\x1b\xa3\x02\xe0\x91\x22\xe7\x05\xf0\xe4\x15U\
j\xff\x00\x08P\x17j\xa9\x90\x1a\xde\xb8\xa5\x0f\x9c\xb2\
X\xd3:\xf0\xb8~2!x\x5c\x0b\xfdz\xc9\x92\x07\
\x0c\xf9\xba\xd63\xe5\xa2r\xceG\x19\xac\xd2\x9c],\
l\xb6z\xc0C\xba\x83\xf2s\x9c:\xc5:\xceK\x9b\
(z\xcd\xac\xfe\x8a'\x98z\xb0\xf8\x0cy]\x01\x86\
\x1e\xc2\xcd\x06@\x17\x9cI\x854\x86\x08\x923X\x10\
\x8dB\xc2\x87ay\xf1\x03\xd2I\xaa\xbe\x9c\xbb\x08\x8c\
\x07d\xc0+$\xe0m\xdb\xaf\xac!X?\x0eh\xd5\
\xd6#-\x9e\x0a m`g=\x8f_\xado)5\
\xc4\x07\x85dnR\x06\xe2\x1f\x97X\x91\x8cu'f\
\x15\xc8\x8c\xc5\xcd\x08\xd2jf\xe84\xf1\xa6\xfb\xce\x22\
8\xb9\x1d9\xea\xdc\x9d0\xf0{w\x95H\xefs\xd6\
W|\x1b\x9d.3\xa6e\x97#\xce0\xd4\x9e\x9c\xeb\
\xc1Be\x14\x1d[\x8e\xf6q[\xab\x84\xb6\xef\x9cU\
\x02\xc1]\xcd\x05\xca\x14x\x18\x91\xaab\xfdj\x1f\x1f\
\x90M\xe2Ndh\xceS@y\xd3\x80\x02+\x14\x1f\
)a\xdeU\x01 \xea9\x17\x83!-\xef\x8cN\x06\
\xd0Dl\xd5$'y\x17\xe9\x92y\xb5u\xc6\xb7\x9b\
\xd9\xd0\x04\x1am\xd4\xdd\xcd\x1c\xf9$\xa8\xa0\xf8|+\
\xa0A4\xef\xe4\xcd\x95N\x84\xab\x84\xf8r\xcf_\xbc\
n\x0cz\xca\x13\xe9w\x93(\xbb\xc8\xba\xc8\x0e\xe5\xc3\
\xd9i\xe9\xcb\x06\x04\x03]\xce\xdf\x9f\xe3\x1d\xb3\xc4\x88\
p\xa04\xbd\xaf\xac\xa6\x93w\x9f\xf8\xadrh\x07g\
\x98:n\xb3d\x19\xc5\x9d\xc3\x1f\x09\x84\xdb\xf5\x9c\x83\
\x8c]5\xe0/y=<<\xd4(\xe83\x86\x1f)\
\xbf\x09\xf7\xf7\xbcb\x83k\xae\xf5\xdf\xd7\x86\xb6\x01\xab\
v\x1bz\xe5\xc0h\x0d7\xf1\xe4\xe9\x8dJ\x80\xf4\xce\
\x9c\x08e\xaa\x1e\x0a\xf0cA\xf4?\xbd\xe4\xac\x99\xa7\
cA\xa7\xf0b\x18$\xdd!C^\xfd\xe2@\xcd\xd9\
91\x8d\x12\x8a\x17\x95\x85\xde\xb3\x98\x91\xf3\x90.\x5c\
\x05\x9aA\xfc\xec\xc1\x81i\x1d=\x9eY\x80\xb1\x1eD\
\xf1F\x9c8\xf8\xcb9\xd2-\x05\xa6\xcd\xbf<\xe1\xe1\
\x02\xb0X\x0d\x0e\xfcjq\xbb\xe3\x97\x8ax\xfb\xfdf\
\xd5\xedsarf\xd1[su?\xdf\x92n\xbdx\
;%r\x92W_\x18\xeb\x01z\x08f\x83:\xbf\x83\
\x08\xed\x1d\xde\xba'\xc6\x09G\x83'xO\xc9\xe1g\
\x1b\xc5\x1c'\x1c\xf3\xb2\xf8\xdc \x8e\xf5;\xdd\xcd\xb8\
\xf5\x89F\x08'\xe3\x037]\xc8(l\x88\x8f\xb75\
\xb3\xc4\xac\xe2\xf7\x84\xd43_e\xe5_\xef\x964\xe9\
al\xe2\xed\x9a2-CP\x8d3\xd6RF\xd8\x04\
7h\x99~1#\xb5\x87dx\xb3>\xa6E5\xd4\
S{\x9d\xb9V+M\xbf,\xf6\x1d\xf1\x85\x163i\
\x8b!\xe4\x0f\x01\xcd\xcd\x08\xf0\xa8\xcd\xa2\x8f\xa4\xe3\x10\
\x9c\xe9R\x0e\x83C|\x19v\xcd\x0e\x1b\xf3\xe0zI\
}cq\x1b[\x07W\xcf\xa6\x1dM\xbd\x8e\xd4\xf9\xcd\
@=d\xb8\x98V\x1aj\xa7\xa7x\xea\x9d\xb8m\xb8\
O\x86\xf0fdN\x85\x1d{c\x82}\x83\xd8+,\
]Ui\xf1?&\x1e\xb2\xa8\xcd\xb2\xbeN x\x08\
\xb4\xa6\xd4\xed\xee\xe3C\x0d\xec\x19\xb6\x06\x90\xd3\x11\xa0\
\xf3\x07\xafY\x16\x11\xd9\x14*|\xccA(\x9b>w\
\xc9\xec\xc9\xd4sJ\xde\xc9Z\x99\xd8\xa6m\xe3z\xc4\
@\xd4\xd0\xdf/YvMk\xe5\x88\x94Nx\xec\xc6\
&\xc6\x981\x1b\x99s\x05\xbe\x8c1\xd2|.\xcc\xb3\
\x08\xb7\xe5`!\x8e3G\xe0\x99\x95+\xbb\xf9\x0en\
.\x13\xb8\xe6N\xf2\xb5\xbch\x0dT\x22\xbdC\xdf\xbc\
\xa9\xfb/\x99\xe0F\x80\x16?\xe3&\x06\xd5\x81\x82z\
\x9aOO\xac\xd9\x08\x12G'x\x0b.\xc9\x0fw$\
}tM;}\xb9\x1e\xd4`\x85\x9e\xd9\x8a\x00\xdd[\
\xd1\x90\xbe\xc8N\xdb\xe0\x9e\xd3\x18E\x0f#\xff\x00\x04\
\x01IyS\xbf\x8c^\x8e\xb5\xe0y}\xb8\xd1\xd6@\
F\x8a\xf2\x88\xf8\xc1\xc9\x11\x0fJm0R\xe0vd\
\xa9\xe07\x0cP\xb7R\xb9)\xf3\x89\x22o{\xb6\xfa\
\x1fY\xd6`\xa3u3wJ\x02\xf9z\xc4\x1c\xccT\
\xf50@\xcb\xc6\xf3_\x8f&\xb2\xc9\xc8sFq\xb0\
6a\xb7\x12Z\xe2\x02\xdcF\x9a\xecq\x10=\x87I\
k0B}\xc3k\xbeB\xe3\x9f\xd6\x96\xae\x10\xd9\xad\
+\xd4\xc6\x84b+\xce\xed\xf8\xcb\xd7 Y\xc7\x98\xdb\
\x83\xc2\x8e7\xd1\xcb\xeb\x96JJ\xc9\x12\x87\xa4\xa3\x97\
\x93\xe3\x06\x179\x14\xec'\x15\xd3\xd3\x11J\xaa\xaa\xf2\
\xab\x97\xc5H\x90\x92\xaaP\xaf\xe7\x18\xc5\x17F\xcf\x00\
Fi\x0a\xc4y\xba\xcfs\x18D\xab\xac\xe7M\xe7\x1a\
\x9e\x8b8\x9ad+\xec\x9a\x81\xdc\x7f\x81;.\x9cm\
\xd1\xbd\x04t\x97\xd2`E\x05m \xf2\x86\xab\x8c\xaf\
K\xacZ\x08\xd2\x1a\xf00r\xd1s\x04}\x94\xfdF\
\x1c\xed\x82@|\x0c\xab\xd2\x9a\xc6\xf2\xe5A\xcd2\x86\
#\xd3\xc6\x8b\xbb\x02\xeb\xd3\xde5k\xb7\x12\xeb~\x97\
\xac\xe6xQ\x0e\xb1\xa7|7BUV\xed\xc1\xe5\x94\
j\x89\x0d\x9e\xb9\xc2Y\xe3\x94h\xd16\xbb\xdb\xe3\x89\
\x91\x96k\xc9.\xd7\xc4 Sm\xb5\xc9\xe8\x9e\x05\xa6\
;\xf3\x00:\xc0=\x85\xb8\x0a\x02\xc3\xe9\xf5>}\xe5\
b]<\x9e\xe7\xfc\x0b\x0c*\xca!\xc6\x00\xdd\x1f\x05\
1z\x85^ \xe5U\xcb\xdf\xc7&\x1b\x86N\x00\x19\
.\x16W\x7f\xc9OT\xfd\xef\xe6b\xf1\x89L\xf5\x8a\
\x8c\x22\xad\xda\xef\xd6M\xbb\xf1\xafk|\xbd)\x97t\
\x8e\xf52\x80Y\xd2\xd9\xf0=\xe0\x025[\x0e\xb0o\
\x96\xb4\xbaf5\x16\xab\x95\xcfO;\xb7\xaf\x17\x01\x8e\
\x93\xd6\xf0N\xd5u\xa5\xf3\x13PM\x02V\xf2s\x9d\
7u\x8c\x07hV\xc7!\xd6\xf1\x02\xa1\xd7\x0e25\
\xa5E\x1dY\xc3\x8bQ\xeb1\xf1kW5\xed\xb7\xa6\
6 \x11\xf7\xfc\xe3\x8a\xb4]KU\xf5%\xc4\xf9\xb9\
1C$.\x05\xa99\xc9\x92GY\xa5\xa6V\xca\x03\
R\x03fp\xe0[\x0e\x0a\xf8A\xb4d\x00\x89,{\
\xf5\x8f\xb1\xb3\x9f{\xf7\x97.\xa6\xb7\xbc\x89\x04(\x10\
\xecyq\xb5_\xc0\x00\x80_A\x0c[f\xb0\xb6\xfa\
\xb2\xaa\x9f\xab\x8ca\xb2AP\xbd\x17.ls\xd7\xb2\
\x9d;\x02\x19\xb2b\x86^E\xb5\x0e\xe7\xde\x22\xdd\xd4\
<\x0b\xcc01I\x0e\xc2\xb8\x88\x8b'c\x1bWN\
*!\xa9\x89\x11(\x84*\xa0i\x98hg\x0e\x22\xba\
T0\xfe\x93Xu9\x03\xf1-\xf8\xc8\xc5\x05\xe6\xeb\
>\x1d8\xdb\xa55w^\xb2yE\x13\xd2Gx\x08\
\x19qdm\xbf\xef\x06t\xc3|;\xd2\xefn\xe6\x0d\
L)\xbe\x06.$XQ\x18\x94f#\xe0p\xcd\xf8\
\x01+r\x9c\x0e\xf5\xf6\xcc\x0f\x1d\x0c\xe9\x9e\xcc\xb8\xe6\
\xc0\x95v|k!\xd1!\xf5\xbc\xb9),Z/3\
\x9eyp\xb7U\xedZ\xfc\xbe\xb5\x8bG\xa46D\x81\
\x1c+\x95\x0d\x19\x1f|\xf0\xe7\xa5\xdf%\x91~\x13S\
\x0c\xef/X\xc6\xbe\xfc\xbf8o\xeai4\x83\x91\xe5\
\xdb-\xb2A\xe7\xbb\xe8\xf8\xce%\x1d\xc5\xde\x1c`\x81\
\xe9[\xb6\xabp8f\x1dz\x90,#4\x98\x84\x83\
Bf\x8ah\xe29&\xfd\xf5\xa10\x08]\x94\xd4\xd8\
]g<\x19[\x80ph\xc3\xfb g\xf8d\xbb\x1f\
\xdb8\xd9\xfd0\xb9u\xc2d~[\x8e\x5c\xb4\xe1\x01\
Q6\xa1\x03i\xe9\xeb'-s2\xe2\x80T\xa9\xb2\
\xf6^\x1f\x9f\xe3\xc9_a\x83\xe01\xab\xe0\x5cR{\
\x1c]\xc8)\xaa\xfbq4\x13i\x9a\x09-\xeb\x0dA\
+\x8c\xde\x10P8\xc8^\xa6\x0b\x94\xdb\xe8h\x8e\xba\
_x\xab^I<\x05V\x04\xafH6:\x1d\xb9\xa7\
\xa7\xcc\xcdrH\x85\x13\xd9\xcc\xde\x9c\xe2\xa0\xdf+\xac\
\xbb\xb4n\xb2\xa0\xfb\xdbrGbf\xd345\xc2\xe8\
\xb9\xc8\x1cN\x8a_\xc8\xf0\x82\xf3\xd7\xae;\xcfx\xab\
\xb4\xc4\x83b\x87_\x1d\xe0R\x01\xfe\xe0w\x82\xa4\xeb\
o\xd6j`\xb7\xce\x85\xbb\x9d\x13\xbc}\x81\xa0\x08N\
=\xccQ\x19w\xc3\x89\xc0\x13\x00\xa8\xed^\xc9\xd6\x9c\
\xdcR\x10]/\xe3\x13q\xe2\xa2!\x0al\x0dg5\
PT\x8fk&\xb98H]\xe7\xdb\xf7\x93\x0b\xb3\xb3\
\x9b\xd1\x94\x8a\xa8\x98D\x0fu[o\x1a\xeb\x1b\xa8\xf4\
Gg;\xc4\x0bf\xcfEp\x1eo\xe39\xcd\x92G\
\x89\xa5\xf15\x84i\xe0\x18\xca\x03\xdb\x1e\xc3\x19\xc9\x96\
\x9a\x8f\xc4\xc6\xa9\x10\xeaN\xb5\xe1z\xb89\xef\x9e3\
\xb2\xfee\xd4\xe88\xac\xc8\x00\xd0\xa4\xbfgX\xd2>\
\xf2h\xde\xe6R\x0f\x15\x22\xc8p\xa8-\x9b\xc8#\xdc\
4\xc1\xb8\x09w\x80\x0d6hG\x92\xeecr\xcdU\
\x0b(\x914\x87O\xf0H6\xc1h]\xeb\xf9\xea\xfc\
\xf9\xb9\xa4A\xf2&\xb8Q\xae\x1c]\xa8\xabq\x92\x8d\
\xcffBW\xd5\xc4O\xe2p[\x14HJ\xec\x1c\xa0\
K\xa5R\xc3\xde\x12\x83N\x9f\x16\xb2\xe8*\xaez\xe5\
\xc8\x1d\x94\xcb<#\xbc\xdd\x0cN@\xed\xe1\xeb\x0a\x05\
\xea\x11\x84\x10\x13\xbfy\x15\x831\x1am\x9d:\xf7q\
\x94@b>\xceq\x98&a\xe0\xdb\xaa\xe1\xfb\x98S\
a\x10\x85\xdfF@\xe0?\xce\x9b\xc1\xb6\xe5\xa8\xd6n\
\xb2\xc9\xbe014\xcd\xccu\xdaG\x19\x0c\x16\xa3Y\
\x02\xeeJ\x11p9\x5c\x04\xa2\x18\x9f\xc0<\x04F\xe4\
.\xae\xe7N\x10:.\x01\xbf\x0de\x93b\x22\x92\xd3\
\xf9]\x8d\x84S\xfadJ;\xc3z\x16\xa8\x22\x9b5\
ux|\x22\x22\xcd\x1a\xa4S]\xc7\x08Zz\x9b\xce\
\x14\xc0\x913\xb7\xe7\x0a_\x928 R\xb0\x12)\xb1\
\xbe\xb8\xbf\xc2\x7fs,\xa0\x0a\xbaY\xf0\xdek\xc6\xdd\
g*\xb5m\xf7\x5cu\xa7.\xd2@~3\xd6\xa6\xb7\
\x91\xdc\xf9\xcd`\xca\x02\x88\x0fK\xc7\xac\x86\xb4pN\
\x7f8\x8f8\x11\x1d\xddg\xad\xf8-i\xdc\xb3\x13D\
\x96\xe3\xaa\xae\xdc\x8de\x1ak\x1e\xbe\xfb\xc9\xccv3\
u(X\xfc;1\x04\xc9\xb5N\xb8\x16\xff\x00\x0b\xa5\
\xec\x1f\x0f_\xc2\x0f\xeel7\xde\x1c\xaeT\x08\xc1\xc7\
\x9d\xa3\xae7\xf8\xf0\xcct\x1d\xb1\xa5\xeeq\xe3\xbf\x94\
\xad\xf9\xe9 u\x89\x00\x17{\xf5\xd8cr\xd1\x01`\
\xe5z\x0ci.!b]\xd7\xa8l\xc4ri|\xb9\
\x9fs\x19\x96\xb6\x99h\x1e\xcc>\x17\x08\x94\x06\xac\xc1\
/2HY\xb5c\x10\x0dV\xf1\x1fnl\x95TN\
6r\xa2\xf3\xeb\x18\xb13G#\x89\x01\xae&V\xa5\
'j4\x05\xdb\xd6 C\xadV\xa8\xc1\xe4\xb8\x7f\x06\
.T\xacy\x03\xb7\x22Tb\x91\xa9\x06\xe9=L@\
\xc0a\xa5\xf8S\xac\xabU\xb01\x91\xb8\xe08\x8c8\
S7f\xb10\x8e\x05\x0ct#\xb5=\xe3u\xb1\x9f\
BF|o4W\xe5k\xf7\xbd|`\x9e\xebd\xb9\
Ro%\xb4\xf10|\x8dn\xef \xaa'\xea\xf4\xa7\
\xa6\x1c\xe3\x166RE\xc7\x9b\xdf\xbb+\xc1\xae\xdc\xdb\
k\xa5\xc24\xe1\x8cV<D\xcb[q\x1a\xe7\xef\xc0\
,\xed\x82\x8b\x04\xe7z\xc6\x80H\xd5\x0d\xdd`4\xdf\
:l\xa9.\xb0\xae\xd58\xa1i\xed}\xf5\x80\xadF\
(V\x0b\xea\xb8/\xc0\x0b\xdb\xbbka8L=\xfb\
`\xcd\xc54\x5c\xba\x1b\xaf\xed+\x9b\xd1&\xc3\x1bf\
\xb9\x22\xcf\xde\x05\x17J\xbd\x0b\x9c\xfc\x1a?&\x0c\x87\
\xc0Axu\xd5\xe9\xf9\xf0\x8e\xfc\xdd\xfb+?K\xeb\
\x18\xf3wuk\x118\xd77\x00q\xdc2s\xf7\xe1\
\xe8V4i==^\xf2\xd3\x82\x8d\xdb\xa6\xdff\x08\
\x90\xd6\x1e>\xf1SD\xa2Q\x0e\xf7\xef\x8ay\x5c\x80\
\xc5\x1d\xe2\x86w\xd0h1\x11\x01\xc3)\xe4\x22\xd66\
\x93:d\x9e,B\x88\xf6\xae\x8c\xd4\x98\x81\xf6i\xb8\
\x95l\xad'\x197$\x14\x12\x9f\x0e\x06Gn\xcc\xe9\
q\xa2\x9a\x00\xca6\x22i\xcd\x87e\x03p\xc4^\xbc\
\xbb&\xb2\x89\xe93\xb64\x03\xc3\x89\xb4\xa3\xc5\x1c\xec\
'~\xb3wyYy\x9e\x10DK\xb3\xe4\xe2\xe0\xd8\
<\xe6\xf8;u\xc6\x8f\xc8\xd0w\x93\xa6\xef\x01\xaa\x07\
\x97\xbd\xc7\x14\x9b0\x07+\xe8\xef6\xd1\xbb\x97t\x02\
\xa2N\xd7x\x82\xce\x82\xec\x01/\xd3^\xb1\xd5\xf4\x95\
&\xab\xda\xe3\xed\x00\x9c\x1a\x01\xfc\x98T\x0a\xdd\xdc\xd0\
*\xcb=\xbfx\x1c\xad[\xd36{\x0b\xc3\xd6i\x85\
\xac\x1eU\xc2|f\xfe\xe8\xba@/\xda\x18\xa1\xae\xdb\
\xfa\xcby`\xa9s_\x942\x81\xdeW\x83{\xc6+\
U\x09\x9d#\x9b\xef8\x8d8\x01P\xd9J\x81\xbf\xc1\
\x93Mq\xfb\x8b\xc3\xbbY\x97F^\x08b[y\x02\
=?X\x99`\x95\x84\x17\xab\xcf\x18\x08\x97F\xbd\xf6\
k\xc6\x84\xbc\xae\x09\xcd+d\xca\x82Q\xd7\xf7\xc3\xe3\
\x19F\xb0i\xb4\x1c\xe2\xf2\x14\xedy\xb9\xb3\xb3\x070\
\x87\xd7\x9dx~\xb8:\xf0\x07l\xc2#_\x06uA\
%[2\xc1\x8b}\xb0\x16\xd2\x8e\xc3=Th\xe2\xeb\
\x878\xeb\x0b\xa0\x9bL;\xa8u\xbd\xad\xb7\x87\x1e`\
\xac\x9cnah\x5c0\xdf\x8b\x1c$c\x1d$n$\
\x95\xae\x99%\xcd\xaaO\x83%\xb6:\xf7\xf9\xf0\x03Q\
\xd4\xda{,f\x00\x1c\x00\xfc\xc6\xe4`\xeb\xe84\x00\
\x91+w\xa7X\x0a\x00\xb8#\xb7\x0b\xa9\x17\xac\x11K\
\x8b\x1b\xa1\xc8\xe5\xc31f\xcb\x94\xdb\xec\xe3\x1a\xd8\x10\
{9\xdeh3\x95\x9f\x8c\xdeH\x05\x5cs\x11a\xfc\
\x0d\xc2\x11\xd8\xca\xd9\xe6f\x83\xf0d\xd7|d1\xba\
\xe5\x811\x9c\x82\xce\xb8)\x88PjZ\xfcd=\xe6\
\xbcL\xb9qx,X\xf3\x88\xfc0\xbc\x99\xd4\xe2\xfb\
Bv\xbf\xc3\x8e^\x22\x1d\x8e\xc3\xd0\xfe'\x91;H\
\xc8\xf4\xe0\xe6/\x1a\x89)\xbe}x\xab\x91r\x08P\
\xf7\xf1\x91t\xb3sz\xca\xaa\xb5\xf1^\xfa`\xb7~\
\x9fG\xf0\x1b:]\xb89x\xcb\xc2\x1c\xf3\xdeu/\
|O<\xf8}#\x08\xa9M\x07\xaa\xe3\x05\x9c\x0du\
nE-\xdbx\xaa5\xb5\x0e\xe6}\x07\xe1\xca\x83\xed\
\xbcJU\x82\x1fFm5\xe6\xfc\x18@\xec\xa0p-\
\x95\xf5\x8b\x5c\x80Se\xbe\xcf\xbb\x8cb\xb4m\x1d%\
\xeb\xbff@\xaa\xe5\xbe7\xb68\xc0\xa5{\x5c\xe7\xcc\
\xc8{\xb9v!\x8f\xc7\x91\xa0\xb3\xfa\xcc\x88\xf1\xebY\
\xf81\x84\xe4\x81\xf6\xe6\x81\xb1n\x9b.\x13\x94}L\
`\x13B\xde\x1a\xd7\xc9\x93\x5c\x9a\xd6\x06(\x1cB\x06\
\x85\x5c\xd8U\x90\x02\x1f\xae1R\xee\x83\x1e\x8a\x0a\xbd\
\x18\xcf\x8e\x84(\x03\xed\x0c\xd2j\xa6m$n\xd9\xeb\
\x8c(f\xa8=]Jb\xb2\x07\xb0\x82T\x87j\xc3\
\x0a\xc7@\xde\x86\xb5\xf7\x96\x90%\xdc\xdb\xf7\x8aIq\
3\x0b\x1b4\x02\xba\xf0\xc9\xa1jX\xec~fW\xc6\
\x86\xcd\x14\xd0{\xca\x1d-\x12\x85\xd1\xe1I\xa0\xc2\xd4\
l\x8bQ\xcd9\x22\x7f\x5c\x05\xd2\xb4-w\xf3\xac\x02\
\xee\xcd\x95@ub\xe1@\x11\x01J[,\xd4\xb8\xdd\
&\xa2\x8cQ\xe1\xca\x08%n\xb9\xc3a\x03\x99\xb8$\
\x1fI\x95V\xabW?#\xbc;\xa2\xa8CY\x12\x89\
\xa3\xbf\xc6$F\xcaj=?S.*\x1a\x1b\x5cD\
\x07P\x1a\xe9&\x04\x15\xe1X\x87\xcdqr$\x1d\xf2\
;\x06w\x89\x85\xbd\xa4\xce2\xe1h,Az\xf9\xcb\
\x8e\x8c)<\x08\xa5\x0d\xc7\x1dmuK\x1b\xa6\xf0a\
Fv\x82\xab\x84\x02\xfa\x12F\xf1\x9f\xf7\xba\x19\x83\xc4\
I\xf4\x13/\xbd\x8f\xdb\x0fx\xd8\x14\x10\x8f\x1d\xba\xca\
X\xe3\x9c\x9e\xaeB!~\xc3\xbc\xbeA\xad\xf7\xf7\x92\
cznz\xc0&\x884{\xc9\x06\xb0\x0e\xba\x16d\
\x0e\xdbk\xbc\x98.P\xdb\xdd\xbb\xd0\xcd\x88\xe4v\xcf\
\x8c\x9e\x0d\x07\x1b\xa5\xfbu\xf0\x0c\x03\x00\x84sM:\
{o\x1a\x8b+\x95\xdf\x84!`\x16\x90\xd1\xd0\xbc\x9d\
a\xdc\x0eY\x06\x02\xf9\xe7\x19?\x0c\xb8.\xb6\xe5\xf2\
\xf6c\xa99XZ\xeb\x03!e\xa9\xaeDAP\xa7\
r:\x9e\xb1\x8cF\xde\xd0/E\xc6.\x85\x7f~\x05\
\x18\x82\x00\xa4\xe4GT\xf5\x9b:\x95\xc4\xdf$R\xdc\
'\xab\x8d\x9a\xbf\xc1\xcdb.\xcd\x0b0\xa2\x8a\xa5\xf5\
\x9d\xaf\xf4\xcdGw\x128\x9e\xc3Dd\xb9\xde7\xd5\
71r\x84\x0c4\x10\xdf\xc5\xcdf\x86Q\x89G~\
\x19C\x046@\xf3^\xb1\x00\xc5\xde\x97S\xd3z\xc7\
SJ%\xcb\xe9\x7f\x8cd\x05#f\xf5\xe9\xc4Z\x12\
\x07\xa7\x92\xf1\x04\xd1\xce\x0e\xdd\x11\x1c[js\xb3\x11\
\x1dd\xce\x97d\x8b\xe8\x8e2B\xd0PzfF\xa7\
\xad\xe2Ux\x17\xf3\x9ba1\x0dM7Ip\xe4\x8e\
\x8d\x01\x8e\xf6\x9c\xf8\xd3\xf1q\x0e~\xf3\x83\x83\x83\xd7\
\x8a9\x1c\xaeC\x82\xb3\x14\x1a\xa9\xb7@\xbd_\x8f\xe2\
F$\xaa\xc8\xca\xe0\xa1\xa2{\xf2 T\xe5\x88\x06\x93\
w\x94?V3@\xce\xaeT\xd9\xd0\xc3\xa8S\x0d\xa4\
^\xf5\xeb;u\x9a\xc6\xb0\xa6\x9e0wR+%.\
\xb9/\x1c\xbd\xdf\x91\xcd]\x8cSw\x5c\x9cL\x06\x8f\
w\xf4\x94p\xa1\x85\xa6\xd8\x1fnij\xc0\xc3\x0b\x8c\
\x91v\x97\xd2D\xc8\x81\xa0\xea\xf30@-Vh]\
\xf9\xf5\x0d\xb8\xc2=\xec|\x1b\x1b\xc5B\x1e\xa3\xde\x08\
SZP\xfd#\x8dW\x0bid*N\xea\xbbr\x06\
\xd5X\x01\xbd\xe84e\x8e6\xbc:O~\xb1\x91\xe2\
\x84uf\xe7\x1ca\xcd\x01S]D\xa07\xf1\x81\xc3\
\x01s_x\x8dCO:\x89\xb7\xc0\x03A\xaad\x04\
\x0cM\xb8\xda\xe7\x16\xf8\x86\xbb\xa4+\xcc7Y8\xc0\
\x95\xc0v\xe1\xfd\xa2\xf1\xe3O\x05\x18\xe1\xf3\x02\xafe\
\x98\xbcM\xe1\x0cW6\x8e\x8eo\xbcb\x8em\x95\xcb\
\x95\xb7]`e7\xab\xcb\x80U\xc4\xbd\xe1P7\xc7\
'\xfb\xc4\xbb?nA\x81]\xdaf\xa1\x1fw\xc2\x0e\
\x8c\x05\xd0]\x5c\x81G\x18\xba:?\x83\xb4w\xbe\x8f\
i\xe284\xf3\xb7AW\x83?\xaf\xc4\xbf\x9f\xe0H\
\xac=\xf3\x9c\xe4\xba\xf6\xf9\x83W\x83\xdb\xef\xca\x0aW\
\xbc\x99\xf3\xe7Xw\xe0\x22\x5ctl\xc0Z\xad\xb0\xa9\
z\x88\x5cH\x08Y\xbfZ\xf0\x8f}\x0e}\xe2'\xf1\
\xeaW\xf8||1@7\x8b\xf3=\xe1.$R\x01\
\x9b\x9cz\xd6[\xa3vq\xac\xe9\x02Ci\xe7o~\
\xb0\xc1\x9a#\xd8\xff\x00R\x15\xc0\xdd\xef\x85M\xc2\xe8\
\xc6\x9aL\x00\x02\xed6\xbf9]\x90\xe9UU\xd7\xb7\
\x9cB\x13\xa8^d\x99\xb0\xa4@d\x0d\xb7S\x5cc\
\x14\x94\x11\x81xN\x03\xac=\xa7\xd8(\x1bR~S\
\x09z\xc5@\x06)v\xa4\xde\x15\x0e\xb0:-/q\
\xc6\x1b\xe8\xb2\xf95\xae\xf5\xac\x5ce\xd5t\xa2~\x9c\
\x9da\x9e\xd0\x02+)\xdc\xe2s!\x9db H\xd1\
S\xb8l\xc7\xa1\xefx\xa3\x1elF#4\x93\x12o\
!U\x0e\xd3\xeac6W\x88\xdet7\x905\xe6\xf5\
\xd3\xea\xf78\xc6\x10v\xbb\xe7\xeb\x0c\xd4\x9d\xf5\x9b\xff\
\x00\xac!@\xc1\x8f\xa4\xa6A\x90\xdfx#38t\
(~Z\xf0c#SI\xf7p)\xf1\x88\xd1x\xb6\
N\xf1\xd8\xbdS\xca\xb8\x0d\x16\xe9\x01\xd4\xed\xc8\x91j\
Z\x8e\x9f\xd2\xe0\x02\xda\x1d\x95W\xdd\xcdVm\xc5\x9e\
\x8d\xa9\x22\xfa\xc4\xcb\xa8\x16\x9c\xb8\xd6\xfb\xc4\x13.T\
j#\xf1\x83\x14!\xcd\x1e_\x80\xc0\xcc\xe8\x08\xc8;\
\xbe\xd7\x10*H\x06l\x1b~\xb2\x958O\x84\xef\x1e\
_n)\xf3\xff\x00w\x02\xc6X\x15\xb5\xf4z0*\
\xc4\xa7\x18,\xaa`\x83K\xc32K\xa7\xef\xd3\x89R\
\xb5;_\x1d\x9a\xa5\xcd_\x5c\xce\xf3\x84u\xc4u\xf3\
\x8cF.\x97H\xf0L\xd7\x85\x22\xec)\xda\xfa;\x9d\
\xff\x00$\xedeK2\xce\xb1\xff\x00\x99\xd8\xa171\
f\xca\xbe8\xa3\x9e\xd6R\xb2i\x83p\xd34\x904\
\xda\xe6\xfb\xc9G\x18\xae(\x97\xe1#\x90\xd4\xc6o\xe5\
\xf2\x9b4\xc6\x05@\xae\xafnTBi\xe4}v8\
\xdeF\xcd\x0e\xa8o\xe3$\xd3l\x15\x82\xc2\xe5\xbaq\
r\x95\x91nR\xd1n\xf5\x86\xf23\x9c\x10\x81\xb0\x1d\
\xeeL`\x82\x94\xd7\x14\xcd5\xe3\xae]O*\xbdA\
v\x9ap\x193\x05\xd39\x99\x0a\xc3\xeb\xa6\xfc\xb5/\
)\xaf\x8d\x1d-&\x10\xe3\x05\x80jCI\xc3|u\
\x9a\xb83M\xbb\x8f)D\x00}Gxq\xa3\xa4\xb2\
\xa5\xd9\xeb\xde \x81)\x1fsL\xf0\x22p\xd4w\xa7\
\x86\x0f\xa07Ns\xf9+\x06V\xaf\xadyJ\xab\xcb\
\x12\x04\xeb~\xfc:%\xbeK\xcc\xe3X\x86\x9a\x8b\xbf\
s+\xe5m~\xb7;\x98\x0b\x06\xf8\x9f!\xaf\xe1\xb6\
\xa6\xdbV\x0fL\x8ej\x0f\xcb\x83%\x8d\x1e\xbb\xf9\xc3\
S\x18\x92S:\xc2\xde\x8c \xc7~\xf1\xb0\x02\x09j\
\xde\xf7\xdeD]\xbc\xa2\xfe\xf1\xb0V\xe9\xc77\x94\xea\
c\x11\x13C\xfb\xc5\xd6C\xdbR\xd0\xf5\xad\xb8lN\
\xb0\xfc3\x03zvo{\xd1\xc2\xce\x0dw{\x95\xff\
\x00\x87=\x14\xa0g\x15\xed\xcb\xb4\xab\xb3O\xacB!\
\x92\x1a\xe2\x81\xdb\xd3\xe8}\xe0\x08\xe5\xc19\x0f\xd7\x84\
3\x07\x5cK\xb6\xe1\xfaj\x8c~/\x03\xe9\xfe*J\
!\xc6)qi\xb9\xbfOn&\x86\x90-\xedA;\
\x89\x8b\xd7\x87\xe7)-\x07\x84\xd2tc\xca`\xc2\x13\
\x04\x19lx\x0c\x180\x8c64\xc6\x1a3\x1a\xc5\xce\
C\xe4,Y\xafx\xbc\xd7\xc9\xd2~\xf1\x8dC\x9b\x9a\
R\xf3r\x13\xa9\xbb\xc1$|\xb0\xdb|\x89\xbf\xbc\x0e\
\x93\xb6\xad\xc1\x98\x1a\xef\x7f\x18\xd0\xd8\xf4k\xd78X\
6M\xb8\xbe&\xba1\x99Q\xfd.\x17\xdbU\x11\x8f\
M\xc4\xe1\xbb(u\xbc\xbe5\xefw6\xd6h):\
\xf9\xdf\xf1\xd0!s\xbf\x13\x88\xe0@\x05_\x1c\x17\x03\
,U\x0a\x1d3\xaf+\xe1\x90\xdbr\x09\xc1&\xa7\xf2\
ZKv\xae\xee\xf9sK\xa1\xa3\xcf_&z\xcb\x94\
8:t[-\xd4pw\xe0i\xa9\xe8\xf0(|\xf8\
\x09a0\xac\xe7Q\xba\x98\xe8>(c\xd4\x05!\xd7\
\x83AwM\x9c\xdc\x93\xc0!\xc66\xa8\xb1\x9cGN\
pu\xe3Y\xac\xef\xa3\x87\x9f/u$\xc3\xa0\x0d\xe5\
\xd7\x18(\x14\x92'\x00\x1d7\x9f\x8f\x00\xcdl\x0c\xaa\
\x1b7gQ\xe1\xdd\xfe\x98)\x92\xd1\xd6\xea\xccU\x88\
\xde\xdd\x06tj\xb8\xb8j\x8e\x0bA\xaa%m\xf7\x80\
\x09e\x04\xa9\xba\xf3\x5c\x93\x9fB\xc3\xe1\x1dk\x8cI\
\x9f\x06Y\xd3(\x90\xa0Vu|\xbd\xca\x8c9\xa8\x8d\
olf\xde\xa38\xab9a\x81\xc0\x05^#\xfc\xb1\
_\xa1\xd2\xde\x9d\x18\x1cf\xca\xd8^\xcfx\x16t\xee\
\xb7t\x5c*\x0e\x16]\x12\x97\x14\x12p2\xe6\x84\xea\
\xf1\x8d\x15M\xc6\x834\x83\x95Q\xb6O\xbc\xae\xedq\
RR\xa0<]Y\x1c\xde\xebp\x08\x0d\x17\xd0cR\
\xd8\xcc\xb6\x80|\x19b(\xfb\x17f\xbf\x19\x0bm\x85\
\x016\xf7\xc7\x13\x15\x81\xf0\xfb\xc4X\x12\xbfA\xacY\
\xcdj/\x81\xcb\xe0=Z\x8b\x8a%\x9a\xbe\xcc\x96\x86\
B\x9f\x22\x9c\xba\xc5\xca\x05\xa0\xe8[,\xc2\x09\x95\xdf\
\x02s\x93\x8c\xe5J}\x18\xa4bA\x0a\x96n4\xe1\
\xc48\xddW\x08\xb7j[\xac<\x17\xa1h7\xae\xbd\
\xb2\xbb\xf9\xfe5\x83\xd5\xf3p\xf7\x13\x8fd\xcb\xfc\x94\
3\xce,\xd2Y\xef\xc0\x85\xd5\xd6\xbe?\x89\x90\xd2#\
\x03\xd38}\x8e,\xd9\xbc\xdc\x8f1\xf5q/0\xbe\
I\x883v\xd5D8\xd7X\x12\x08\xb5\x22\x8d\xb6\x03\
\x83\xde\x0f\x8f\xe1\x1a\xdc\xc8\xdb\xe1\x16Q\xc1\xf0\xda\xeb\
9\x9d\xd8\x9b\xab\xa1u\x90V\x804\xa0\xbe\xc6\xb8\xe4\
\xca\x13\xa25\xd610\x085\xde\xfc\xa3\x91OVb\
\x88\xe4\xcf\x15\xad\x10\xb0\xf8\xed\x98\xc4}w\x82M\x8e\
\xbc*\x1a4tb\x16\x0a\x86<3\xa7\xe36\xd7\x87\
0\xea\xee\x13\xda\x7f\x84\xe9\xc4\xe4A\xd9\xf2z\x0e\xf2\
\xcb\xae\xc4c(\xe5f'\x01Jq\x5c\x18\xe0G\x10\
\xd4~s~\x9a#\x8bs\xe3 Nv`\x8a&\xcc\
\xe84\x9a\xbd}`~@\xdb\x9f\xc6\x1b\x0ai\x1c\xb7\
\xbfY\x00\xc6Q`\xe5(U\x1f.\x1c[\x1e\xc0\x0b\
\xd7\x17'KBk\xde=\x17N\x8bXz\x89\x06\xe7\
&\x1b\xc3\xde\x0a\x1f\x83|\xb6\xa1\x90\xd3\x9f\xfa\xcb\xd6\
0\x1aaD\xe6\x9c\x06\x8d\xb7\x834k,\xb5A\xe2\
\xeb\x9c\x14rHs\xf3.\x041m8z\xd8\x03\xe6\
f\x95\x8f\xdf\x91\x94\x9f\x04B\x8a\x1e\xd0\xc1.\xacA\
\x03\xdc7\x84\xa7\xcc\x97rb\x16\x93P\xf1\xdd\x18\xac\
\x17E\x9f\x9cB*\xbdc0\xba\xe94\xd7\xa3'\xb8\
\xdai\x16Y\xebf\x09\xd9\xcd\xa5\xdaQ0\xea8;\
\xadM\xa6LI\xe6\xaf\xa9M8B\x05\x12\x08\xa3\xa0\
\xf6\xdcc\xee\xa3H\x98\xd0<E\xc9\x93\x0f\x02\x80f\
\x9e2\xd8\xc0 \xba0n\x8f\xb3,\xd5V\xb8\xf9Q\
3k\xccu{\xc6\xb9\xfab\x22\xa4\x08\x17\x82\xd8`\
2\xacn\xf0}c\x82\xc38Yq\x18V\x1bo\xe4\
\x8d\xcd2\xa8]W,x\x15\x02\xab\x108\xb0VH\
7\xfaq\x92o\xe50\x8aZ$\xc5Y\xcc\xf9sB\
K\xba'#\x1e1\x0eL:Y\xd0\x1f,q\x06u\
\xeb\xf33`\x9f\x1e\x5c\x17\xa7\x81\xc3\x91\x89\x15\xf9\xa6\
<\x06\xda^\xd8\xdd\xaeT\xeb\xe3\x13\x82N\xd6\xbc%\
\x1bV\x06+\x19\x82<+ob{\xc5.\x8f\x1e\xb7\
\xe3\xd7\x87JyK\xb7h\x07\xe3\x05\xd8h\xbb\xef.\
\xd5\x06\xdf4\xdd\xe0$\xeax\xd5\x08\xdao\xa9\x9a\xb3\
Xs\xe1n\xe5\x02\x13\x85\x0a\xa4\xe6\xe1\xdf!\xa7\x9f\
2n\xf7\x82\x94)\xb7\xf5\xcdS\xfaG\x8fy\x1b\x9e\
Z\xdd\xbfyf\x10Z\x5c\x1c7d3]z\xef\x05\
R\x90i\xc3\xee\xf8\x1a\x00\xfb\xf0$\xd9\xc5\xc29@\
\x9b\x16\xd4M\x18E\xe7h\x12D\x0b\xc6\xceL\xa1|\
\x03\xf5\xa3\x19~':\xda\xbca\x06\x06\xa3l$9\
\x03x\xc4\x99\x8b\x86\xc0\xbe\xf0f\x13f\x02\xecqf\
\xd1\xf6\xf8<+\x01\xd2\xa8\x01\xda\xba\xca\x94}\xec\xc6\
\x92)<\xfb\x1d\x9a\xe9\xd6h\xb3 6\xa7\xb7\x90\x07\
Y\x181G`\x86\xd6\xf4\x9f\x19;Q\x0a\xddz\x97\
\x8e\xc7\x0b\x82\xf2\xb7\x04\x12\xabjh\xc7K\x19\x056\
s\xd3\x88\xf9E\xf3\xc7S@\xc4\x81\xc2@A\x17%\
\x10b\x97u\x1d\x1d8\x8c\x113\x9c^ \xfc\x1a\xcb\
\x85\xb8:o\x05p\x03*\x22\x10s\xac#f\x90f\
\xdcd\x05\x85\xfb\x1f\x06\xa9\xad\xbc\xfae\xf5\xa8`\x03\
,\xbb\xe3}9\xceW\x03\x95\xe2\xc5\xbfA\x83M\xc8\
Z\x17\xa2\xd9\x88`\x95u\x80o\xa3\x83\x1e\xba\xe5\xcd\
\xcd\x8d\xf6\xcb\x8b\xb2~\xb8p\xe1\xd8\x7fW:\xfc!\
\xac\x8a\xacv\x95A;\xae\x03\xa2\x0cE\x9f\x99\xe4\x05\
\x1d\xee\xe1\xf7/\x96\x10\x19\xec\xa3\xf8\xc86\xd2;D\
\x01\xa5\x13/\x8b\xc9\xc0.\xc1\x0a^\xfe\x0cH\x88\xff\
\x00\xc6BD\xa4 M\xd7\x9b\x97\xf4\xd2%\xdf\xf3\x94\
\x0f\x83M\x10\xdb\xf1r@\xd3VB\xfa\xb8\xd2\xa5\x1c\
\x02\x0aA\xe8\xf7\x88\x14\xc1\x81E~\x95\xba\xb3\x9c\xdc\
\x8fd\xc6\x8b\xcb\x83A\x5c\xa7\xab\xe3\x8d5\xbf\x1b\xeb\
=\xdd\xdc\x18\xf4\x83f\xf7I\xeb=\x81\xf613\xd2\
\xa3Qt\xa1\xed\x9b\xf1\x11z\xbb\xc5\xd2\x80\xb5\xd7)\
f)\xa6\x80\x09#v:Of\x04M\xe5!\xb6\xe0\
u\x88\x22:\xcd\xf5\xce\xbb0M\xf7`\x1dz\xf5\x8a\
s\xbd6\xd8zr\x06\x81U\xa4\x08#\x8a\x0e\x1a\x01\
Z\x01\xe3\xd6\xa37\x814\x98\x89\x03\x09\xe84\x1f\x8b\
\xbcuI\xf1\xbe\xb3\xd6\x85y\xe0\xc3\x80\xc1e\xca<\
PrC\x8fC\xeb\x14\xe8\xc2\x00\x9cO\x93\xb1\xc65\
\x00\xd0\x97\x19\xe6\xefn\xb0\xb6z\xf9\xf0\xa20\xd3\xd9\
L(\xbd\xbe\xae^\xc9\xe1\x13I\xd5\xc7:\x0b\xed\x87\
\x88\xe5h\x86!\x85\x0eNW\x97\xe7 L:\x00\xd2\
\x18=G\xe1\xacAJ\xdekO|`@zi\x9c\
a\xce\xaf\x5c\xe0v\xfa\xd4\x82\x7f\xbc\x020\x8d\x14D\
N+u\x8b\xb2\xf2?\xae\x06\x80\xae\x00\xa6\xd6\x11\x22\
\x81\xc6\x07\x805\xacdFC\xb2\x8d9\x84-\xd0\xe0\
\xab\xf11i\x9d\xea\x97\x8bi\x80F\xfa\xa9\xfa>\xbb\
\xcaz\x17\xa0\xc9\x8a\x1a\xd2\xe2\xd4\xc0\xbd\x18\xd8nY\
\xc9\xa3\xf3\xaf\x0e\x0b\x03{\x06\xc4\xf9\xb8\xd8J\xa6\xab\
\xdd\xcb\x11\xd9\xce\x1c\x93R\xa9R7OX4\xf9\xd7\
6\x02e\xd3]-\xac\xc0\xfc\x86\x07\xb0-O\x0dv\
C\x09rd\xb9\xaa\xab^p8\x1c\xae\xc5\xe89\x83\
\xc8\xe0\xeb\xbc\x1e0a\x0a\xcb\x9b3\xe9\xe02x\x8d\
\x8c\xc6\xfb\xf48\xaeS\xbbF\x9b&#&\x0c\xa3\xbc\
2\x15\xa2+q\xd7u\x9byW\x16\x0e\x15\x93TO\
\x5cc\x8b[Lp\xb2\xf1\xe0\xbf\x82\xf4\x85\xb4\x97!\
\xe9N\x1ch\xa5_B\xe8p\xd6^<\xa8\xbe\xb8x\
\xcd\xeb\x9b*l\x0bP\x18\xa4p\x93P*\x9d\xe4\xaa\
\xc9\xdc\xeb\xa3\xde\x00\x80j6{\x99\xa9]\xfc\xe6\x88\
\xe4PF\x1a\x02/\x5cU\xbf\xa3\xde\x04`\x99$\xd8\
\xea\xe9\xb9\xe9\xf3\xe3Pi\xcc\x9d\x98\x8e\xc13\x9a\x13\
\xc9\x07\xcb.i\x9b\x96r\x97\xc4\xc7+_\x01u1\
|\xd8\x87\x0d$w\xbc\xbe\x06\x047\xf1\x9c:\xf8L\
\x97\x93u3Q\xd7\xf26\x0a~s\xdb\x1bQ%q\
&n\xe1\xf9\xf0\xaa\x0d \xd2:\xe4\xc5=\xb0\xea\x82\
\xf1w\x09\x94Q\xfc6\xc0f\xfacr\xc4`A\xa5\
\xef\xd6q\x9b\x84\xe8'\x8b\x81\x93\xa00\xce1\xa4\x82\
M;+]3x\xc5T\x8b\xc6%X\xe3\xe9\xd5\x11\
\xa7\x0b8}\x8f\x18\x85\xa3\x03\xd21<:\xb3\x93[\
\xd6D\xe7~\xbe3DZ\x9b\xd3:u\xea\xe0\xfa\xc1\
\xd1!\xd4}\x80s\x88\xa4\xceL\xe0\xee\xf1\xb3\x11\x12\
4\xcb\x8c\xdf\xbf z\xdb\x83\xdd\xc0e\x94\xc6^r\
\xbc\x06U}\xd2\xbd\x9dne!j\x8c\x81c\xbc\x0f\
y.\xb5\xcf8\xd6\x14iWZ\xf9\xf1L\x80\x18p\
t\xcd\x98\xd8v\x81\x16\xb5\xccp:\xf7\xcf\xf8\xc7\xc9\
/\x06\x0d\x87&\x03u\x9af\xad}bh\xb8\xacy\
\x0bz\xb9a`\xa7\xa4\xa6\x18\x1c{\x1d<\xdfw\xac\
\x82\x1a\xa8j\xf6\x1fY\x01\x10\xfc\xc6?\xa4O\xc3q\
C\xd0\x1f\x92\xe2\x85\xc8_\xac\xaa\x13\xc1\x80,<\xed\
\xf8\xf8\xc9CpD\xea\xee?'x6\x15\xd4]\x7f\
\x16\xa7?\x8ct\x88\xa4t\xdeK\xe0O\xd6]\xfbf\
+C\x9aYr\xfe_\xe0\xe2G\x8f)\x93\xf8G!\
\xfcy\xdc\xaa\x0f\x0b\xe8\xc9\x04kQ,\xef\x1cA8\
P\xce\x14W#FP \x22\xb7M\x18B\x86\xa5P\
\xd5\x9a\xc4,\xf8\xcd\xbcS<\x17\x05 \x85(\x90\xd7\
\xbe1\xa9\x18\xc0\x9b=\xeb$\xd3B\xfc?\x02w\x82\
P.\xae\xb2]S'C\x81e\xc9\x90\xd0Vx\x17\
\x99$=\x19\xcd\xe0p\x1d\x8d>LB9\xc2{6\
&1.T\xa8\xd5|\xb8\x0do\xaf\x0b\xd64\xef\xbd\
\xbb\xf1\xd9:^\xae}\x8e\x9de\xafA\xd0\xb1\xfd\x17\
x\x02\xef\xc1\xf2D*\xaa\x1c\xae>\xec\x17\x96(\xd8\
\xdd\xff\x00#\x16\xbe2;|kt\xca_\x8b4\x22\
..\xbcGl\xcb\xd9\x13\xb7\xd8\x18\xda\xa6\xdc\x9a\xfd\
\xe2\xc4\xa9M\x1bC\x10B\xf0P]Uu\x8f\x83\xfa\
>\x0c\x98\xb0\xd5\x80\x95S\xc9\xeb  \xb3S\xdf\xce\
h1yS\xaf\x04_$\xb9\xa6~fC9\x03\x8e\
\xf1\x10\xb8\x81\xe0\x15a\xd1\x9a`\x9c\xcc\x85\xb58\xe3\
\xde\x90\xca\x14\xd9CV\xfc\xe6\x95%\xa1t\x5c\xd6\xee\
\x8d6N\xdc\x99\xe9\x0f4;\xd2\x8b\xf6yD\x81\xdf\
\xaa\xe3?\xd3BV\xc08<\x82\xd7=nL\x85\xd2\
-`~\x95V\x08\x9d\xba\xc0\xda\x07\xcd\x8c\xe5r\x97\
\xf86%,\x07\xe1\xc3\x86\xa9ANK+)\xee\x93\
\xa8\x8f1\xc4%\xa1\xbcv\xe4i;\xf2\xb2\x8e\x12_\
\xd2CO\xa9\xceQ\x01\x1c4\x12U\xdfx\xb8\xe6D\
9\x04L;`\xc3\xe1b22\xdf\xe2^\xc3\x9f\x8e\
?\xde,Xdk@\x0eU\xca\x19\xfc\x9bq\x0bY\
t\x89\xf7\xc6\xfa\xc7ue{\xdd\xc1\x86\xc6d\xcd8\
f\xef\xad\xbf\x8c\xb5\xac\xce\x96\xcd\xd9\xf3\x88T|\x86\
\xaeS\xb8\xfa\x9a\xcd\x1e\xb0\xd3\xa7I\x9b\x9eV4\xbf\
5#\x95\xbf\xbf7\x88\xca\x93I\xbf\xd3\x9a\xf7\xac7\
\xe2\xb5\xc6\x84\xe3\xc6\xba\xbe\xdf\xc2;^:?\x85\xeb\
\xdcG\x8e&\xf3\xfd\x00\x02\xf3su<\x1dn\xff\x00\
-s\x8a2\xb1U\xbe\xfcp\x87M\xc9\xcd\xef\xe2a\
;\xc3\x936\xd2\x9bKg\xac\x09\xa4\x98\xe4\xe7\xa0\xde\
\xbb\xc5\xad\x81\xc7\x1a\xe39\xc60l\xabo\xceH\xd9\
g/\x7f\x19\xa7\xb2\xa5\xd6\xf4\xf1\xe1\xa4w\xbe\x1c\xa4\
1j\xde\xdf\x05q\xd8\xc7*\x0e\xbb\xd5\xdc2\xed\x8d\
(\xe4\x81\x91f:2AM\xc9\x5c@\xb6\x09\xd9\xbb\
\x9d0\x16\xb3\x8f\xe0\xf9\x17#\xc9\xc8\xa9W\x08\xe0m\
y\xe39\xcd|\x0b\x96(\x9e\x9cW\xf9\xf4`\x05\x9d\
\xeb\xfd_G\xc6P!\xd9u\x8b{\x84\x1dw6u\
\xc7\x18qR\xa5D(\xb7\x92\xea8i\xcb\xd0w'\
Z\xe3\xc7U\xa6=4\x80\xb9\x96^!\x19-\xc6D\
\x2211\xad&\xc4\xd9y'x\x95G\x04\x00\xea_\
\x0ao_\x1b\xc5\xd3\x91k\xeb\xc3:\xed\xc1YbD\
h\x17C\xeb~@\xe0\x04\xa5z5\xc6%\xa9\x08X\
^P\xc9\x81\xa4\xd64mi\x9b\x91xp\x0fk\x19\
\x19\x1c\xd2]\x0b\xd6\x041N6\x05~\x18\xfa\xdd\xb8\
e\xe1\xe9\x86\xb9\x81Z\x05\xb0\xf4V\xe7):~H\
sm8:-\x93\xd5\xa6h\x09\xac\xd4\xe5[,\xb3\
\x1eV@[\x0f\x1fC\xf9\xaf\x99\x92\xc4z\x1b\xa9\x9c\
\xbcO\xe1\xa29>x.T\x9bp\xd8\xd8`\x8ax\
6\xca\x1f._\x04\x05\x1a\xb3\xd0\xef!\xa9\xf9\xe6\xfc\
7\x0a\xdb}q5\x97\xc2\x8c\xf1\xcc\xf2\x01\x1d?:\
\xc7[\xda\xbf\xc2\xc3\x16X):\x9d\x98\x10\x97|\xfb\
u\x94MEU\xa7\x9a\xf3\x8b\x0aa\x08\xafk\xdb\x97\
\xb0[\x1c|&)\x0a\xe8\xd1\xba}\xce\x1ffun\
\x14\xee\xe8\xf1\x8b\x88\x98\x0e\x85\xbb\xf3\xb4\x93\xd3\x1e\x13\
&F\xec\xe3o\x07\xc6\x01\xa2\xcc\x1ca\xc8J\x90\xdc\
\x99Z\xd6`\xbd\xcc\x0b\xc8>\xf5\x88\x94\xe8\x10}\x0a\
\xf8x\x09m\x17\xff\x00\x0a\x9d\x99\xa1\x8d.\xc2\xb8O\
Ns]\x15\x86qMg!\xfa\x06\xa8\x87\xe6a\x88\
\x81\x11\x84\xb4%\xd1n`4]\x91\xcd`\x09\x19\xc3\
\x80,\xa1\xec\xc1\x16\xb1[\x5c\x80\x03G\x19@\xaeA\
\x96\xceW\x86\x12\x95\xb1\xa7\x09\xcd\x13s-a\x89\xb7\
\xbc \x5cl\x82k\x9c~e\xd2\xaa\x8d\x97\x01F\xfe\
\xfa.9)\x1a\xd3\xa7\x07j\xcd0\xaa\xd0'\x81\x0c\
\xbe\xcb\x1f\xe0\x94\xac\xabtO$\xee\xf0\xf1\x8c\x81L\
\xd8t'\x061)\xdf\xc1\x03W7J[Yv\xdf\
\x9f\x16\x19\xb9\xa0\x0d\xfc\xcd\xe3=\xe5A>p# \
L\x22on\xaf\x0f\xb3Y\x0d\x5c\x8a;\x07\x99\x8f\x04\
DgI\x82\x00g&O$\xc3\x9d\xc4\x91\xb8\x07\x01\
\xd8k\xb1\xcd\xcaE\x88\xad\xa3\x02\x10\xadt\x16hF\
\x0b\xcfhU\x15\xc8\xb4\x86:\xd9\xa1\x1d\xccU\xf6p\
\xcb\x81U\xe0\xf7\xd6\xb1\x92$F&\x1eu\x8cD$\
\x22\x9c\xedw\x87\xc8Xee\xcb\x86\xa8Z\xa5/\xe4\
\xc4\xaa\xadM_\x0b/\x97\xc7\x82\x8a\xd2VX{\xc2\
\x0aR\xc6J{\xfe\x07\xb74\xabi\xd5=\x13#\xd1\
\xfc'\xc6\x05\x83'\x19=xE\x8f.\x1c\xd2\xe8i\
<\x00\xdd\xe3\xc8\xe4_\xd4\xe6\xca\xce\xfd\x99\xd7L\xdc\
\xdc\xf4\xef\xde\x15\x17%\xf7\xf6aC\xe4\xd7\xf0\x7f\x1e\
\x16\x01\xcay\x94\xeb\xb0\xa6h\x97\xb2\x99^29Y\
%\xeb\xc2x\x17\xed\xef9\xf0\xc3C\x84\xe4^\xbc\xbe\
\xa7\xed\xe3F\x08N\x09z\xe7&\x15]\xfce\x15V\
\xcdi=\x8e1\xefP\x86^e\xf7\x97\x82n\xbb\xcf\
\xd1\x5c\xe7\x1d\x9aO\xeb\xe9\xf1\x1a\x84\xd1\xdd\xaf\xbc\xd2\
\xc7$S\x0aS\x8az\xb8\x86\xe7\xbaw\xaf\x01P9\
\xf1\xb9\x05q\xe4\xebx\x0a\x83Pd\xb3\xbcH\xdd\xab\
\x08\xedS[p6\xb2K\xb8\xf3\xf0\x1fX2>\xbc\
 '\xe0\xfe\xf3\x83\xda\xc1(\xae\xbcZ\xaf\xcd_n\
\x17Q\x08]\x80.\xfd\xb7\x8e;\xa7a\xce+\x0ci\
\x1ft\x1fX\xb0e\xacQ!g\xf8\xcd\xcbJAv\
?\xd0\xcf]\x0b\xb6NT\x99d\x01x\x1d\x1c\xcf\x9c\
\x87M\xad\x0e\x10\xe3x\x8ee\xfaG&n\x095\xf8\
)\xae\xc1q(\x15\x85g\xa5\xc45\x1e\xaf\xe7\x0a\x22\
;8rx\x09\xd6\x0b\x03z\x12\x9b\xab\xdc\xe3\xccj\
\xe1\xce\xb1|$cF\xd2~\x17\x1a\xa9\xaa\xd5\xf6\xb9\
q\xaf\xfb\x1e?\xdd\xb9\x5c\xf3\xcb\x97\xb8m\xc8\x0b\xba\
\xd9\xe9\xf5\x8ag\xb3\x14\xf7\xfa\x0e\xc7\x86\xf4\x86\xfeH\
\xe0S$\xb0\x7f\x12\x81\x13\x81\xadnOnLG\x95\
\xeb\xae\xb7\xdf\x91\x14\xac;e\xfe-[\x95!9\xb9\
k\x08E9\xa6\xef\x04\x05k\x93\xdc\xc5\xa8I\x15\x1c\
\xb3\xc4v\xea\xccd\xe8/\x0b\x86\x12c\xc7\xb99\xc6\
\x9a\xf5]~\x15\xe7\x16\xb5\x02M\x1f:\xf6\xcc\xa6\x05\
+\xa3\xdfX\xe7\xd4w\xd57\xf80\x01\xae\xeb\xbe_\
&G\xa1\xb2\xf2\x96o\xd6\x0f\x17\xa0\xa8\x0f\xa0\xb8\x8a\
\xaeN\xa6\x829\x5cw\xb2k\x83\xdf\x8b*\x02S\x00\
\x9dF\xc7\xc5\xc7W\x07\xb6x\x86\xa5\xe3~*h\xcf\
sY\x0d\xe76r\xaeQ\xeb&G\x0b3\x85h\xfa\
\x06*\x84\xc9E\x94l\x1b=\x9a\xcbu3\x08\x16\xee\
\xfe8\xc1q$\xd9\xb0\xc9\xc3W\xc4\xfd;oK~\
\xb1A\xb5Q*\xfb\x0e\xd7x\xec\xc8\x0a\x1a\x96\xc4\xed\
`l\xd34ep\xab\x00C\xc17\xf0n\xbc\x9b{\
\x10\xc3(l\xdc\xcae\xc2\xca1j\xa1=a\x0f$\
\xc6\x12L@\x0a\xc4kr3\xad\xd3\xdb\xbd\xfc\xe0s\
d\xeaZ\xf7^<\xb5\xa7&L\xd6\xbfY\xbd\xee\xb4\
\x1a\xd4\x1a\xc9\x9c\xc5\xcb\x84\xe8\xbai\xec\xff\x00\x80I\
k\x19\x125\xe49\xb3\x1a\x90\x80\x0c\xbd\xfa90o\
\x10l\xdc\x8f\xa79q\x92V;2\x87\xd7C\x83\x11\
\x97\xe6e\x0a\xc6\xc5\xdfGz1\xd1\x00\xd8\xc3\x1a8\
mi\xbb}\x1df\xeb\x80\xc6\xd7\xbd\xe1\xe6QM\xb5\
9fC\xc2^\x80S\x03\xb4\xd5P#u\xf60\x89\
\xd1\xbaY\xdbo\xa3\x87\x8e\x02\xach\xea\x9f\xde\xb0\xd8\
\xd8a\xe7D\x0c\x09\xf7\xe76``\xc4\xc9\xe1\xbf\xfc\
ko\xcd{\x9b\xd7\xf1\x82\x81<\x94\x13\xa7\xcb\x9c\xda\
`\xcf{rcvn\xe0j\xb5\xf1\xa6-\xf6\x1b\xa6\
\xef(\x09\x9an\x19\xe9\x8cV\x1c[\xb7\x0b\x092\x9d\
\xbfs\x07\xc4\xf1\xafM\xbe&\x96\x9ePa\x0a\x22r\
8@J\x97~\xdcd]\x1cKI\xafy:\xdd\x00\
\xfd\x9c\xb7\xe6Iu\x8c4nk@eu\xc7\xc6\xf2\
5(li:\x9cG\x08j\x077\xeeb}\xbe\xd9\
\xb7!\xfcH\x8b[`\x0f\xd1\x91\xdby\x0d\xb1\x10{\
C\x9c\x9c)G\x91\xf3\xb4\xb1\xd6\x00\xc1[v\xb8\xb8\
\x1d\xc5uI\xe9\xb7&<\x0c\xe14&\x87m\xf0\xc1\
\x9b\xd2a\xf8h\xe3%\x0a\x07\x01YW\xd63\xe5\xb0\
Pf\x93I\x8d\x17\xea\x82\x02\x9f\x8b\xe0\xa7\x06-\xa9\
N\x09\xd2bmy=\x03\x99\xe5\xff\x00\xeb\x19\x7f=\
|\x5c\xb81F\xfa}e\x9e\x02!+w5\xd6\x0c\
5%\xc3\xd2\xb6\xdfc\x1d|k`\xd02\x92\x15\x86\
\x87_\x8bw\xed\xc5\x90\xee\x8b\xa9\x5c\x08 \xb8\xe6\x98\
\x91\x8a\x1a_`\x0e\xae^\x950\x0dh,M\xbc\x98\
\xa3\xc2e0\xb4\x80\xde&A\xa5\xe3S\x22T\xc0\xa4\
\xce\x04\xd1\xeer\xef\x97\x02\xa3q\xbc.\xc3\x9f\x89\x9a\
h`\x04YnO\x03\xe9oC\xab\xe3\xaa\xd5\x97\xe5\
\xcf\xb1\xdf~\xb1 -#\xf2\x8f\x12\x0c\xa4\xcb/\x87\
\xfc\x9e\x03\x8a\xd1\xde\xad\xe5Ms>\xfeq\xac\xe1o\
\x01\xae\xb2\x9b\xaf\xd2if@\xc6q';\xff\x00\x92\
dH\xfb\xf0s\xcc\xf1\xc0\xd7\xbd\xfcz\xc2e\xb4^\
\x1a,\xd7o\x06i\x8b\x13\xb2@\x8e\x17\xdf\xb3\x82<\
\xa8\xa7\xacn\x19\x06\xc9\xdb\xd5\xc8\xa5+\x81\xa2p\xe0\
&\x00\xdd%\xbc\x9f\x13*\x1ab\xaa\xfb\xfe\x0e\xd4v\
\x86$\xdd\x1c\xb3\x90\x18\xbe\xd6}\xed\x90\x0a\xc7\x92\xe9\
\xc5\xc3\xb2\xd3d\xe2\x18AJX\xc9C\xb9\x89ex\
!\x80@\xa0\x93o\x062\x8f\xbe\xfa7\xcb\x9c\xf8\x02\
Wf\xcde\xa8^\xc9u\xe2\xe5\xc6c/@W=\
8\x8a\x16\xe1w;\x97[\xe7\xa7=\xe3\xf4b\x04C\
\xe7\xf3\x88\xb3\x94\xf8\x0bf]C!\xa0\xd0!\xc4\xf1\
'3\x1a6\xd3\xd3\xa0\xef\x0c\xa9*\xa5\x07\xe3\x97\xb3\
\xf2`\xac=\xca#\xb1\x0d(\xd8\xe5Iv\x81\xb4-\
f\x00\xd6\x16]3#\xb7\x86#v\xdf\xa9\x86\xc1\x8d\
\x0d\xcf\x93-\x8e\xe2\xdc)8+\xce\x1e\x1b\xb9=\x99\
\xb2\xf7f%\xcav\xab\xa0\xcb*\x16\x89\xce'\xd9\xb9\
\xf5w\xae\xdcVJ\x80\x02~^\x01r\x91O\xb6z\
\x0eLi\x98*\xc6<2i\xf8\xc6$\x00WGX\
\x8a\xa2\x0cC\xa4s{\xab\xa7\x03\x14\x94\x1f\xc3\x97.\
\xc4}\xe4\x09\xad\xb1H\xcf\x9c\x02)A\xd3t\x9f\x19\
=\xb1!e\xf6\x16\xcb\xc7\x9d\xb9\xaeH\x5c1\xf3\xae\
LG\x00d\x05\xae\x8e\x99\x88U9\xbf\x8c\xe4S9\
\xd3\x0a$o\x07R\x8f\xd11\xc9\x1c\xf91(\xb4D\
\xf8p%u//6\xe72\xb5\x1bM\xb9_\x97\x97\
\x00\xfe\xb0`\x15\xd8r\x942\x88:%\xdf\xbczw\
\xe3\xd6\x01\xa2\xe5\xeco\x13\x8a1\x93HkP\xeek\
\xde#\xdf\x84!\x04\xbb-~\xff\x00\x93\x00Ux\x0d\
\xbe\x17\x0e-\xa78!\xf6\xb8!\x99\x88\x9d\x92\xf1\xcc\
\xd79>3\xd6\x22i&F\xce}9\xc9\xd1\xe7t\
\x0f\xe1<rs`X;~<./\x85\x82n\x9d\
e\xd4\xae/\x19qdw\x8cN\xafiqo\x04\xf1\
\x09o\xc1&\x9e\x1c\x98\xc0\x0f\xb4\x1d\x91\x91\xc6\xde\x93\
S'i0\x09\x08|#[\xc5\x81\xcb\xa3\x0adY\
\xcf\xc4\xc0\x1d\xc1I\xba8\xf2\x87\x92\xba^Vf\x9c\
0\x80\x99S\xb5\xc4l\x16!\xa2\xed\xd1\x81\xaa:\x04\
\x894\x8d\xf0*\x0c\xfba\xfb\xb9?\x01,\xe6>\xb2\
:\xe2\xea\xf3<>WrNn\x04Q\x101?\x86\
\xf7\xbf =\x22\x1a\xbbB\x82\xe5\xf1h\x19Y\x89\xfb\
\x22\xa8hv\xb1\xc9\x00V\xf4\x84\xb8R\x0c\x81\xd9\x1b\
S\xeb\xc3hN+Y\xa3\x05\x84\x0d\x08\xa7\xe81\x09\
\xbd\xb3\xa3\xda\xbd\x1f.k\xcdt\x7fG\xa7\xcf,^\
\x1a\xde\xf2\x8a\x1cR\x07\xa6\xf1\x18\x92\x88L\xdd\x05\x16\
\xa4z\xc46\xcb\xe3\xd1\xef\xe2d\xd2\xeb.\x85Zq\
\xe9\xbf\x1e\xf0\xea\xb3\x8bpZ[\x8c\xe5\xee\xde\xbe\x07\
\x81\xc4n\xe1\x89@*#\xd2d\x98\x90q[\x19\x80\
I\xf2N\x87\xddz\xf0\xed\xae\x5c\xe0.KtH5\
\x06\x8f\x87\xc6&K\xd0\xb2\x97e\xeb,\xdd%\x80\xf7\
\xd2\xdcM\xa7)\x8d\xdf\x1b\x0ee\x0f\xea\xb0\xf9\xc4\xf3\
%cW\x08\x94L\x89\xa3\xae\xb7\xbf\x8c\x8a\xa4jM\
\x0b{\x9d\xf9^j\xb8rg\xfdzd\x8b\xbc\x18\xd5\
O\xd3\xb3 \x0e\xca\x0fI\x9b\xb3\xabONn!Q\
\xdb\x01\x085\x8f\x03\xeeg/\xf0\xd4\xfb\x7f\xc7\xeex\
\xeb\xf8\x1f!\xc7\x8d\xb9P\xac\xb4v\x12{\xc4\xdb\x0d\
v\xef\xb3\xf4\xe4j9\x16\x1cMW\x19R\xfd\xb0\x1a\
\x18J\x09\xd6\xb3xK\x05\xa0$\xe3\xd9\xd7\x93`X\
$@\xd8Y\xcb\xb9\x9c8\xa0j\xa7\xa7\x9e>}\x90\
\xf4u\x8a\xa9>\xc50\x0a\x1ba\xf4\x5c\xd9hog\
\x19\xf0\x15\xfd\x1b\xdeD:E\x19\xbap9D\xe7o\
1r\x1a\x99E\xd8\xe3\x90\xbeW\xa2\xb4ed\xba\xb7\
&\xa6Mj\xfb\x7fsfvP\x10\x0e]\x08\x93X\
\xdbz\xee\x9d\x91\x99\xa4\x9cM={\xf7\x9c\xb1\xe08\
\x19\x09a\xed\xfd\x9f\xc8\xbf:\x8d\xd7:6\xa7\x9f\xc8\
\xc8g\xdb\x9af'(\xe4\xd2c\xbb\x85t-I\x85\
\x03WK7)\xac\x94\xca\xdb\xdb\xd6n\x9b\xc4\xb8\xb9\
i\x002\x9e\xf1\xf2\x9bs\x90xu\x80\x0e\x09X\x9b\
w7\x93\x87\x0a\xf9u\x82@\xa3-\x11{\xa6RS\
\xd2<\xaao7\xb8\x82\x12\xef\xc3\x1b\xbe\x0dk\x9c\xa8\
\xe0\xda6oY\xa8s\xf3\x88J\xcdU\xab\x940E\
t\xde\xfa\xbe\x00\xdbV\x1a\x02=Mwr\xb2\x80\xe6\
\x9b\x17O\xc6\x08B\xd8M\xab\x8f\x22u\xabKK\xf1\
?\x88Qu\x00\xa7A\x0f\xe6\x86\xdc\xb8\xcd\x14\xac\x1c\
i\xdej\xd4\xab\x8911\xb28\x1aFW\x83\x0a\x06\
C\xb5u\x96\x15g]c\xb9q_\x19\x83\xc4\xc7\xfc\
%m\x9a9\xc8Ut\xb7~.\xb80\x17FrD\
\xa0\xbfx@\xb3\x111\x7f\x05\xc7m\xbc\xae\xd5}\xe1\
H\xe0\xe2l\x1b}{0\xc53H\xe6\xf7\x8c\xfe\x1a\
\x06^\xf0%\x1f\x15\x96mw\xeb:@\x955E\xdf\
\xe1\xce@\xb1\xbd'd\xe4\xc1J\x17\xc3\x14\xd3\x01W\
M\xe2\x97_\xc1P=\xf2`\xc5\x0f\x08\xdc\x01=u\
F|\x0a\x0f\x91\x1a\x03d8\x09\xa7\xd6\xf0\xaa\x1e\x05\
\xcd\xe6\xe9W\xab\x86\x8eS\xf3\x87F\xe3\xa5\xd6o\xb3\
x\xe0\xb8\xe3P:\x83(f\xa8\xcb\xe1\x12?\xdc\xcd\
a\xa4*+\xd8$w\x9d\xc6w\x11\xaa\x1d\xc5\x0es\
p\xc2\xc6\xb4\xfb\xe4\xb8\x80\xe9A>N)\x83\xa0@\
\xac\xbb\xe0\xf6\xf8Q\xc3PCX\xbbq\xf1<$\x9f\
\x87\x18\xcdMo\xe5\xfe%S\xa2\xeb\xc1e\xf0K\x04\
.\x9f\x92e\xc9\x08\xdbKD-\x0fy\xeb\xd2\xe0H\
c\xb9\xfc\x07\x1a\x0e\xdc\xe8\x0d\xfa\x03\x10>\x95\xbbs\
\x85\x9f\xd0h\xcb\xe4\x89\x14\xfa\x1c\xe2HRvk\xa6\
\xdf\xac\xd1\x9d\xe49\xe7fP%\x19\xbfyp\xb5.\
U\xa0\xec\xdb\xce\x19J\x0b\xc6\xfa>\xfe\xf1\xb6\x8fC\
\x86\x05\x0b\x15\xd2\x1a3w\xaf\xf7\xf8\xc4\x11,9\xcc\
SW\xfd\xb1\x12\x86\xb3c\xe0\xb5uw\x1e\xfd\x19k\
\xd0\x8f\xa0\x08S\xd7~C\x83\xe3\x8e\xc4X\x00\x9f\xe1\
\x8d\xec\xdd\x8f^\xe6Cl>K\xe51\x1dtPT\
U\xe3|L\xb0\xe3\xe6@\x0e\xa7\x0d-\xc6\xe9\x05\x09\
W\x80\x81\x96\x1b\x80\xd2\xeb\xb6k&\x0cY\xcf\x91\x87\
$~0Hb` \x98Dt\x83\xfe\x1c\xa7\xb8\xb7\
\xad\x18y\xae\x1f\xeb\xbc\x98A\xd6+\xd37\x98\x10\x0d\
w;\xc7\x03\xfeQ\x1d\xb4f\x1ce\x06\xaf\x80\xa0\x05\
\xf2\xbc\x10PhS\xfc\xb1\x8a\x86\x1a~sXW\xac\
*wW\xc1-\x01H\xd27O\xa7\xbcb\x80+\xc1\
\xc1\x8e$PZ\xd2\xf0\xf47y|%y\x12(\x1d\
o\xd5\xcaS\x9e\xe5g\xac\xd0\xc2SR\xfb\xc5\x7f\x8c\
\x11\xd1\xa40\x0a.\xa3\x8a\x1bH\xb7\xf6\x99\xac\x9d\x05\
z<S\xeb\x0d\x1f\xb2t\xf1\xbc\x07d4$\xe7\x04\
D51\xb3\xe4\xca\xb6j\xdam\xb8v\xb6\xd8\xc9L\
\x9f\xc1\x5c}\xc4-\x92^g\xc6!\x08H+\x08\x86\
\x9e\x9d\xe5t\xae\xd6`\x8a\x07F\xbe\xfc\x5c\xdf\xd5\xd2\
5[\x97\xde\x0d\x10'u\xe9\xcf\xc7\xf2\x04\x17sW\
\xbd\x1c\xa7\xf2\xf6c\xae|M\xf2Q\x13H\x9b\x13I\
\x9c\xd2\x9cb\x0d\xf8&k\x0d\xdb\xacC\xebo\x9c\x84\
\xea\xf5\x9d\x866\xa0`U\x02\xddz2\x84Q\xe7\xeb\
+lD\x98T\x80\x87\x89m.}w\x85)\xa48\
\xdd7\xf8\xbcg0o+\xf0\xe7\x12\xddE\x8a\xac\xb2\
\x84M\x1a3\xa7\xe3\x01lh>\xda\xec\xe4~p\x8b\
8\x1fN\xc7\xc5*\xa4\x04\xbd\xb1p\x87\xde~,\xf4\
\xe7\xa9\xf1\x87\x0a\xda4\x9bK\xaf\x8c'x\x04\xa6j\
\x1a\xa7\x18{1s\x86{\x9e\xa7\xfb\xce\xc08\xf56\
\xf5\xcb\xd7_\xf16\xed m~\x1c\x8e\x18W\x8c\x85\
\xa4\xc0\xa2\x0e;<\x1d\x0c\x9e+\x8b\x16_\x13\xc8p\
\x7f\xc0\x84\x92CGo\x90\x22\x81\xd2\xddaxT\x8a\
\x00x\xd6\xf7\x9c\xb7\x02R\xac\xa5\x9e\xb2\x9b\xdf\x87\x0d\
M\xe5\xcdJWG\xe9\xf1=gP\xea6Y{>\
q\x0dF\xeb\x15\x0c\x08m\x9c\xee\xef\x22\xd0\xa8tb\
\x02r\x93}\xc4\xf4LQeI\xa9\x9c\x8c\xbc\xe0`\
\x1dB\xa4\xff\x00\xac \xbdi\xc3\x01\xd8`5\x10o\
6\x83\xe0\xb8\x03\xa4\x1d\x1b\xb1<J\xea \xd5\xb8\xcd\
H\xd1\xe0\x07\x96\x18\xf96\xdbV\xe4\xf0\x12(\xfc\x8e\
\xb3\x8f\x09\xa6\xfe\xd3\x0d\xc2ij\x08\xba4\xde%\xc0\
\x01\x8a\x1e\xe50\x84\x986\x8fF\x22\xac\xa0\xef>g\
\x87l\x8f]a\x0e\xe7\x91\x1a\xea\x13S\x03\xbc\x90\x12\
\xf6\xcevqT\xc0\xf82\xcb\x93\xc2:\xc5\x16\xec[\
0X9\xc4\xa9\xbcI\xa7\x97B\x1e\x8cm\x95E}\
\xb9\xfbaN}\xa7\xe4\xc3\xd6\xbe\xdf\x0d\xca<'\xaf\
\xce{\xd1\x96\x1e\xa97ro[\x07M\xe7;[\xb1\
\xd9\x9aj\x10x\x82\xafo\x06I\xb1\xd2:J\x22i\
\x1c\xa7$f\x97\xb2\xda\xde\x09\x85\x1a8\xa0\xa8v\xcc\
\xa0\xd5-\x8b\x88x\xcf\xa7\x14m\xa4/\xa7\xfa\xab\xf1\
\x90\xe5\xc0P\xde\x87\xf9\xe5\xf2\xdb\x12$\xd2D\xf0\x1b\
$\xe7\x0d\x05\x0d9\xefnLU\xc7\x94;\x07\xce(\
l\x0e\x0d=\x97\xbcG6\x9b\xe3p9\x04\xfar'\
=\xef5\x07\xf1\xd58q\x12\xedWx\xe8\xf7\x04\x1a\
\x01^)\xd6\x12\x8d]\xc4\x87nr\x18\xc5\x16\xe5\xe5\
y4\xec6\x09\xde\xf9\xc7H\x06\xd6\x1a\x0c\x91i \
b\xa0\x82<\x86\xf8\xcd\xd3s)\xbb\x97\x0f\xacJ/\
\x8d<\xad\xd3F\xbdr\xea`\xcd\x9a\xcd\xe0e@\xce\
O\xc3\x94\x02h\x10\xd3\x99y~9\xcdd\xc0\x01\xc6\
\xaf\xb7O\x1de\xa1\xcc\xacX\xd0\xd16^q\x80\xac\
[Y\xc7\xd6\xc3\xea9\xb5\xdag&o\xf2ueo\
\x12\x93\x04\xc4\xf0\xdd\xc7c\xbe~\x0fo\xfc@\xaa\x05\
\xd2\xe3\xd3F\xdf)8S$\xd6U'\xd3/ \x0e\
\xcfN\x0d]\x8b\xa1\xd0*\xc3z<\x10O-\x11\xbb\
j80&X\x86\xbew\x9b\xe746\xee\xfa\xbeT\
 \xa0\xf2{\xc5\xd8r\x0f\xe1\xc6i-\x009W\x1c\
\x8d\xf7\xfbK\xf1\xc6m\x88\x08\xc3N\xf8sW\x06+\
\x82w\x0d\xae\xb3\x82>\x0042a\x80\x1a\x07t[\
~\xf3K\xd1\xac\xb1\xb0\xa3\xa8\x00xE8\x13n\xf6\
\xbeb\x07\xb10\xc4z\xf5\xbc\xec\x19l\xf9\xca\x14M\
2\xe8/\x19\xa2\x8eD\xf4y\xcd\xcd-\x86\xd2\xba\xa1\
\x91\xd9\xeb\x14\xe8\x9ev\xd5|\x22.2\x5cR\xddl\
\xf6\xb7\xf2\xf3\xbf6\x14\x7f\xc8\xf2&\x9c\x87\x19r\x8e\
\xee\x8d\xe7\x0eqU\x16\xf3]\xf8\x1b\x0b\xc1l\xe7\xfd\
yt\x9b\xe9\x81\xc7\xe7=K\x90c\xa4\x7f\xef\xf1\x80\
\xda\x99|)X\xbbD\x14\xc4\xb1\xd7\x0e\x07jh\x8d\
\xdf\xa3\x8b\xd5\x8c\x04\x97'0S\xb5\xbd\x9c8\xd9\x04\
+\x0a?bd\xaf{M\xa2Z\xe9\xeb\x19\x16\xf1\xc1\
\x87\xa8\x05\x16\x9c\x94\xd7\x0d\xcdd\x0d\x13\x91\x92\x8f\xf1\
*\x00\xc5@\x9bY\xbd\x7f1\x187\x19\x9aa\xd8\xb7\
hkN\xdcG\xdd\x8d'=C@.\x06\xa4\x09\x09\
\xcd\xe7x\x94\x989\x03\xc5\xb6\xb3\x8c\xd2|\x97\xc8O\
\x06L\x182\x1c/\xe6\xb4\xe8c\x12^\x992`\xd2\
\x5c\x0d\x07)\xd3\xbc\x9e\xd3(\xb4(\xf1\x91 \xd4\x1e\
\xd0u\xa6\x94\xcfY\xf3\x83\x82\x912\xe0\x9d\xd8\x99\xa9\
q\xf2\x0fX\xff\x00\x0c\x1c\xcb.\x9f\x1a\x97\xcc\x8d9\
u\xf3\xef\xa7\x02z\xa5\xb7+\xf3\x9c\x83\xde\xdc\x00$\
\x0cOfV\x89\x05}\x042x\xdc\xd4\x0a\x95\x86\xdf\
G\xc5\xcb\xe1\x9c\xdb\xdd\xd7\x84\x16\x97Os~\x0b\xef\
\x16)\xa8<\x83g\xb2k\x934\x17P\xde\x05\xe6{\
\x98-\xad\xdf\xd5\xbc\xd6Md\xdfC\x03\x0a\x00\xbe\x8c\
\xb9\xd8\xe7T\x9f\x19An,[M\xdcm\xde\x03M\
J\x1e^w\xfcb\xe1vM-CZv\xf82/\
\x0f\x01@\x1ff~\xd7\x1e\xef_\x18\xa8\x86\xb5\x06\xae\
y\xce\xd8\xc0 \xd5\x88\xfa\x99\xe9\xba\x84\xac\xab\xa3\xdb\
\x84\x1e\xa0\xa6\x9b\xe0\x0cy6\xa0\x15\x9b\x5cs%\x15\
.\x8cf\x93\x93\xc2Nw\xf2\x93:\x84\x84\x10\x84\xa1\
\x8fE\xba\xdaA\x106\xedk\xc6\x0e\xef\xec\x13q\x83\
\x81\xff\x00\x9b*7W\xf3\x83XB\xee\x8b\xae\x91\xbb\
\xc1y\xb4\xa3:\xb9!\xf0\xa0\x0b\x08\xfb\xbe\x1cb\x0a\
@\x0d\xaa\xf0\x19\xc4\x09\xd7\x03\xef\xaf\xe8\x1d\xe2W\xb8\
Mu\x97\x00'\xbbM\xec\xf8\xc0\x03\x90\xdc\x8b\xa1\x08\
N\xb3\xbd\x19|4\x0eb\xed\x0e\x0b\x84\xf6\x9d\xe1|\
\x91T\x0f\xcb\xdaq\xaa\xda\xc0w\xae\xd3\x1b\xa0\x03\x93\
\xcbz3\x8f\x0eb\xd4\x06\x83\x90 \xe3\xb5|\x0c\x85\
\xe9A?#\x89E\xe8\x87\x98m\xac\x98\xf5'\xd1\x8e\
 m\xb9W\x8fz\xee\xe7\x1c\x8d&\xbd=`km\
\xa6l\xab\xde\xf1\x14\x14}q>\xf0q\xb3e\xca\xc9\
\x5cLQX\x9d\xa2\x83\xdb=a\x01F\x09M\xb3y\
{\xc5N\x142\x1d\xe1W\xd9vb#\x04s\x88(\
ON\xd7\xd9\xac}o\xbcK\xd3\xf2d\x14\x11\x12'\
\xbc\xb3\x9c\xc7\xc3\xcf\xe1\x83\xa5\x955\x9a\x024\xbd\xab\
\x8b5\x22`\x0a\x83\xf3\xfc\x9b\x89\x91\x00\xe4q8\xe5\
\xb6\xf8\xb1f\x0a\xc2\xe8\xef\x04P\xfa\x06\xf5\x92\xc8B\
\x1f?\xc7\x9d\x9a=\xb3\xb9{\xc6q\x8b\x1e\x18\xf9\xd1\
\x1b\xdc\xc8a\xf9\xd4\xf5G|8>\x13\x0e$\xd5\x9b\
\xdel\xdf+&\x08\x19K +\x8e#\xf1\xcb\x9b\xed\
m\x0e\xd5v\xe2\xd8\xee\x8dv=?\x18\x8b\xa4h\xb5\
\xbb9\xc1\xa8p\xdb\xab\xcf\xc6\xb53f4A}.\
2\xb8\x22?&]i\xb5\xb7\x1e\xbeC*`\x09\x04\
\xd8\x93|\xfb\xa6\xb0\x00 @\x0f1\xbb\xc9\xc6\xba\xf3\
<L\x22\x14\xed\xb7\xb9\x86:\xce^\xcd \xbb\xf0v\
b\x9b(\xb5P/\xd7\x93\xd1\xce\x92\xe0\xba\xf83\x99\
\xe9\xd3\x8e\xb7\x98\xf79*\x01\xda\x9f\x1ae\xb8{\x0a\
\x8e\xbd\x1c\xe5\xbc9c+\xe5\x07#\xa1\xcb\xf0\xe8\xbe\
&\x13K\xf0\xf1\x05\xb5Lb\xa2\x94O\xb3&E\xd7\
\x8d\x1e\xf2\xe2\xd4\xab\xf3\x80\xc8\x8e\xf9s\x02\x91\xe0\xe7\
\xe3#\xbbi\x9a\x8e\xb1M\x97\x00T\xa0wf\xaf\xc5\
0\x9d\x09\xd5m\x17\xb3W\x19\x81J4\x8b\xc9n>\
\xcag\xbfO\x10\xc0\x93]\x5c\x05!\xb1\x83\xc9\x1e|\
\x14\x1b\x92W\x07d\xc0\x92\x8f\x17\x11\x12\xe0\x95K\x08\
@\x8ap\xd3wy\x09\x9a\xc1{~p\x05\xef\x14\xa8\
<\xaah1\xd6$b\xe7t\xd6O\xc3\x147\xafX\
H\xdd\xcaf\xf5{\xf08YE\x8e\x5c\x990\xec@\
\x8e\x05\xa19\xc9\xe1\x1eB_6\x06\xb8\xc8\xd5\xc4\xd0\
\xcaS\x8f\x87\xc3\xf5\x03[\xf9\x9eCW-\xdcfq\
d^P\xddM\x17\x11\x13N\xcc{\xe4\xcb\xa0\x9d\xbb\
\xf7|\x5cf\xf4\xf1!\xa7\xdb\x5c6\x08\x83\xb4\xa7j\
\x19E^\x8fQ4\xfeLU\xb0>\x0c\xb1r\x91\xfa\
z\xfaq\xddg\xbcb\x84YPhf\xaf/\xc7\x8b\
g\x1a'\x19\xbf*j\x13\xc3^\x09\x08\xa1\xa2cT\
+\xaci\xd9\x9c\xc0\xfa2\x22z\x0c\xb9X\x93\x81'\
x\x83o\xb7_G:1*\x7fn\xb9\xd0\xf4xM\
c\xab|\x9bk\xe11\x5c\xd4M\xe2\x11\xa2i1\x98\
\xb2\xfb\x1c\x98\x87\xa1\xca\x95\x01I\xcfx<\xfak]\
\x98\x0dN\x09~\x8e\xf2(\xc2\x94\xda]Z\xfe\x1a\xeb\
!\xaf\x0e\xc1L+)\xf8c\xb14\xe7\xd4\xf8\xc9j\
\x1a7\x9e\xbc*\xeac\x96\x22~\x80\xb8\x8cd#Q\
\xcf\x85ar\xb91UY\xf4k\x05\x0e\xc4\xbf\x8f\x0d\
ox\x19h\x17\x87\xd2\xe0\xc1\xdb\x93\x80\xda!>!\
\xcf\xc9\xcb\x86\xe7H\x0f\xf53\xd4(\x1b\xb06\x97W\
\x8cq\x8b\x17\x80\xae\x1c\xf7a\xd6\xa7\xfb\xf19S\x99\
\x80\x8a\xc2\xed\x96x\xbc#k{\xfa\xc8&\xb6{\xb9\
s\x99\x8fk\x1b\xc3\xb1\xc0\xc4j\xcb\x84yf\x9c\xad\
\x17\x9c\xb9P\x1e\xa1\xd7\x80\xa9%\x04!\xd9\xaf\x86E\
`\xcb\xaf\x22\x84LQ\xb1}\xe5\x16=#\xf4\xe2\xd6\
\xbf*\xd7\xc4\xed7\xef\x0c*\x1e\xfc\x1ap\xe8\xaf`\
h\xec\x17\x99\xc3\x8e\xcf\x00z\xdd\x0e\xcc\xaa\x85  \
V\xc3\xe3!\xa6e\xd7\xc1\x5c$j\x8d-\x92\x9e\xe2\
\xe2\x9b Q\x5c\xae\x9f\xb6\xb0\x94\xc5\xa4\x92e\xc2.\
\x11\x1dx\x1c\x19@8|\xbaS\xdf>3\x99\xbb\xe4\
w\xf9a\x998\x07\x91:\xca\x09\x89@:)mN\
\xf0*.\xb5/\xd6\x05\x05\x97\x13\x04\xe4S\xd5\x9e\x19\
\x95\xdc^\xbb\xb6\x05\xc0\x18\xe8\x08\x0aT\xdcu\xc3\x8e\
\xbdx\xe8\xce\xabF\x88\xf2^L+\x00\xab@g\xaa\
\x0d\x9a\xd2\xfc\xbf\xc2B\x10kf\xcfYT\x19\xafG\
.\xfc0Z\x08\xb9\xb6O\x97\x87.\xae\xb5\xbe\x1c\x8c\
\xfc\x9f\xc7\x8d\x01\x17\x04A\xbbB\xf9\xac[\xc2\x8c\xcc\
\x01\x95\xda\x11t\xbc\xbf\x1d\x18\xaa\x84Z\x01\x9d\x81l\
\x07\x12\xbb\xa2.\xbc~\xf0\x02rF\x80\xdb\xae\x5c<\
\xcd\x9b\x01\xde\x96\x14\xa6\xc9\xf0O%\x0d \xe99\xc8\
\x11\xf5\xb9\xbfX\x1f\x0c\x18\x89<\xbd\x1f\xf0&I\x8a\
\x88\xae:\xdcz.\xff\x00\x82Nr\x00\x87\xc1\xd99\
\xb9Z.\x94S\xeb(\x18`N\x9c\xe9L$=/\
\xf4\xf2\xca\x08\xf2{\x92\x9a\xfb\xc7G\x94\x10\x05\xafb\
\x93\xca+\xc2JG\xa4\xec\xc2\xafez\xd1f\x10J\
k\xf8\x04\xd9\x80\x90lu\xb3g\xbfyV\xed\xdbq\
Y\x92m\xac^2.\xf8\xacsa\xcf)p\x85\x19\
\xb8(\xa1\xc6\xe6lI\xf5\xae\xae\xb1\x0d-\x98p\x1a\
\xaeJ\x88\xcd\x8cplJ\x89 \xea\xa3\x94\x91q\xe7\
^\x0eai\xef\x16C\xaaHC\x19\xee9\xcd\xe3\xc3\
\xa0\xe4\xc9\x0eX\x01}\x19\x031A\x00\xd6@%\x81\
\x10\x8c3\x89\xc7\x1a\xe1\xd6=a\xb1\x17\x00\xe8\xe2G\
\x0e\x17\x00('\x09\xefyE&\xcb\xf8\xcd\xd8,\xa9\
%\xf2_3'\x8c\xc9\x8b\x1f\x89e\xfe\x0d++\x81\
\xa2mI\xd7\x8e\x98\x17*\xda\x1a\xbb\xb2\xe4\xad\xb2\xea\
\xe9\x99\xa7\x11\x04\x11\xe9\xe4\xfe+\x9d;\xc9\xd8\xe11\
\xa2(MN@\x8bL\xe2\x98x)\xa8oY\x16(\
\x90>Y}\xce\xbc\x0f;\xc0n\xabP\xb0Z\x9d\xf2\
rv`\x14.\xa8\x1d\x16\xa5\xeb\x09\xcd\xbdBf\xdd\
\xae\x89\x8bv\x1fSY\x19s\x93^G\xa7A\xc0/\
{\xe8\xed\xeb\x17\x0c\x162KW\x5cd\xe2\x02\x08m\
U\xf3\xacQ\xba\x0a\x87\xcb\xcf\x88C\xd3)\x80.\xb8\
\x07\xb5\xc6j\xaar\x0cG5 \xa8W\x02\xf6\xe6\xc0\
\x18\xa5\x1a3\xb3\xc8}P\x00\xedz\xc4\xab\xc3\x1a\xb8\
\x1f\x92`\x86\x11\x06\x94i\x08h\x93\x9f\x1a\xf2\x14]\
k\x12)\xa0h\x9aG*\xa5w\x88\xbe\xf7\xeb\x19!\
N\xc3\xa7\xc9\xa3\xbbj\x1e\x1b\xdf\x81\x5cQ%\xa58\
\x02\xe0y\xf9\x9e\x11'\xce.\xdcH\x0d\x01mP\xde\
\x9f+.h0\xfb\xe6_\xd12\xe8^\xb7\x5c\xe1{\
}\x1c\x18\x8a\x991\x1f\xb0\x91\x07\x09\x83\x04\xc0\x8d\x1a\
w\x9a\xb6Sh\xe5\x84<?9\xf9\xcb\x977\xb4r\
\x98\xe9\xe4|\x925\x07/U\xc4:\x98\xe2\x08*8\
R\xa4o\x0e\xb25r#\x06 \xb7[\xe4\xf1kW\
\xa3\xe8\xcd\xb7V\xdd\xf1\x9e\xb1\xa6\x91Z\xbb\x0fW\xcb\
\x14w\xf5\xb8\x99\x1e\x0b\x8c\xb5 \xbcQ\xcd\xf0\x9e\x81\
v\xb80\x059\x16\xae\xd3\x13\xeb\xb4W_n\xaf9\
<s\xb0\xf0\x98|\x84\x80e\x14)\x8a\xbe\xa6\xfbW\
\x01\xb0x\xbc\xe5+\xa7]r\x06T\xe1iiU?\
W\xc3\xc2\xcd\x0c\x86>\x18\xc0\xc3\x0c{|\xe2\xe7\xc2\
OM\xd7\xf4\x99'\x22S\x0d\xf6\xb8\xceQ5\xadZ\
\xe0$\x899~07\xc9\xf9\xc1\x87vX\x90\xf7s\
}\xcd\xcc\xf1t\xe2\xf89\x09\xb7\xda\xef\xc7\xcc\xcd\x9e\
cJ\xd7\xc4\xc7MQU7\xb7\x97\xb7\xf8\xd4\xe1\xc0\
\xcd\x9d*\x14\x1e\xe6\xb3F\xde9{\xf8\xf8\xf0l&\
ldURD\xf2l'\x0c\xa7A\xbb\x8a\x0d!\xa1\
\xd6\xf9\xc5c.\x87\x03\xcd\xc4\x8dd\xeb\x9d\x86\xe0s\
\xccc\xb9\xca\xe3\x1b\xec\xf4\x93f\x13v\xf1\xa9\xef\x05\
\x03\xc1\xb5\xab\xb1\xe3Y0]\xa6\xb7\xf9q\xdc\xd1\x80\
J3p#\xc2\xd9\xeb\x01X\x9bA\x09$\xe1\xf7\x85\
\xd3\xd2\x9d\x9fYr\xb7i\xa0;g\xde\xdc\x0bz \
t\xa7\xbc~\x1c\xd4\xde|\x7f\x1e\x91R_Qy\xf1\
\xeb\x0c\xac\xa0\xae#\xd3\xdf%3S\x07v\xd7S\xf8\
\xbb\xe6\xfcx\xbbT\x1bR#G]\x98\xea\xa9\x1eN\
L\x9f\x08\x1f\x97Z\xda/'xU-\x01\x9f\xd1\xcb\
\xa7|\xf2gK\x8d\x13\xe5\x93\x05\xb6\x1a\x06\xe1y}\
\x18\x0f\x1a\x1b\x92\xcb\xd5\xe6d\xba\xc3/\xc91\x8f\xa7\
\xbe\xa7\x9by\xbdxV\x05\xd1\xa7\xe7&mlN\x10\
l\xbc\x9e \x07USz6e8)\xae\xc3\xaa\xee\
bDY8z\xbd\xe0\x12\xca\x82\x8a\xb9\xfa9z\x06\
\x87mo'\xac\x99\xe9\xc49\xae\x97\x96\xb7v\xe7\xac\
\x09\xf3\x0e\x07N\xc6\xa6\x86\x04^@\x9fN\x12\x96k\
\x1c\xae(r\xab<\x9a\x903\xed\xc0\x96\xba\xc6H1\
q\xd5\x04x\x1erEWW\x06\x89\xbb\xacm\xc3A\
\x89\xe1qe\xc0\xb9\xde\x0d\x90\xe9\xf2\x98\x99n9\x88\
a\xc9\xe4.H\xb1\xb3\xae\xcch\x06]\x0a=\xf1|\
\xcf\xd3\xbfI\x8b\xa4*M\x80\xbb\x99\xbd\xc5\xeb\xda\xcf\
?\x9f!\x83^,\x13^!M\xa5\xd1\xef\x1bn\xec\
\xa9(\x1b\x111\x08WW^\x8cGYwf_s\
\x0a'\x1cR\xfa\x9c3/#A\xe1\xc1\x05\x22VW\
EV\x182\xa4\xcd\xa4\xab\xc8qp_-\x96\x80r\
\x1b\xb1\xc5W\x99\xd8:i\x93\x93\x14Vmu\xd9<\
)Z$\x05\x80U~\x0c\x22\x17\x1dT\xace\xd66\
\x9e\xe2(\x1e\x09\x0d\xf0\xd1\xc7\xf7\xdc\xc0[\xeed\xc1\
\x0d\x8b\xe4\xda\x19\xa3Z\xe7)Hi\xcb\x8dU\xc6'\
\xf0<\x18\xc2\x8e\x8eR\x8f\x99\xc6\x10\x10\x89\xf0\x8eL\
\x99?\x8b\xed\x80F\xadN\x02\xd2wr/\xcb\x83\x11\
\x93a\xe5x\xfe\x8c\xfc;d>a:\xf5\x9f\x19\x02\
+bA\xb1\xe4\xf6\xc7\x8f\x94\x8a+\x18\x9a&3\xa0\
,\xd0\x01\xeb\x83!\x90\xb74_}7\x87\x02Pp\
\x0a)B\xd2{\xca\xce\x80\x96Gp\xc4}\x9cw\xd1\
\xcd=A\xfd\xde\x5c\xa0$_~\x18\xf0\xbb6u\xec\
\xe3\x1f\xe2\x00\x94\xb5\xd8\xf4M\xe2\x22\x1c\xaa9c\xfa\
\x18\x84v\x91\x119\xbaL\xe1\xc6,\xa1ZX\xf5\xf1\
\x8c\xd0R\xc2\xb4_\x11\x83\xd3\x9f\x88Rw|\x97\xa4\
\xc4\xe0\x13\x8d\xee\x99\xcd\xca\xee\xfc\xbe$\xf4\xf7\x8e\xe9\
\xd0\x81\x99H(e\xd2\xfc\xd7F\x83\xcf\x80\x09A:\
&\xfa\xdf\x0d=_@\xe4\xde\x0d\x1f\xc7M\xcc\xee\xd0\
Hl\x0e\xceB\xef$\x9e\x0c\xe3\x17\x07g\xdeVh\
2z\x0br\x14\xf5\xbd\xf1\x9d\x1aQ\xddf\xc6~0\
\xc4N\x80\x1fA?GFP1\x8c?88\xd4\xc5\
\x9e\xc8\xd7\x92\xb6{\x5c\xdd\x01\xfc\xe4\x9b\xcd+P\xa1\
\xad\x0f\x86\x0d\xe28}\xf3\x92\xcf\x16\x14\xa0\x9c\xb9\xbb\
:L\xdf\xc0|\x99>\x00\x03DJ\x22`\xf8:\x8e\
\x11\xe9\xc6\x8e\xf5|\xd7k\x0f\x16\xf4\x18\x98K((\
\x15t)d\x0f;\xe6`\xa2\x1d\x88\x8eox\xee\xfc\
\x0cA\xe9\xb0\xec\xed\xce\x0e:\xd28\xe2\x96\xcdk\x97\
\xd3\x8b\x9c\xcf\x0c\x8f\xf4\xc9\xbbU\xcc\x05\x067:\xb6\
\xee\xf3\xbc\xe6\xb3\xf9\x0f]A6\xf0\xd3\xb4\xd6\xd3-\
-`\x8f\x9e0\x13z\xd6\x8d\x1a\xd0\xe2;\x9c k\
\x906\x9a\xd1\x9b\xaf\x08wYB'K${S9\
\xbe\xe0e\xa6>n*\xdf\xd0\x95w\xc6\xb3x\x22\xd3\
\xad\x93;t]\xa3\xc6\x13M\xb0\xf8\x1a\xf8F%\xde\
N\xef\x98\x95t\xd6w\xbd\x94,\xe6\x03#\xde\x10\xa4\
\xa9\xb2W\x1f\xa0n\x18\x06\xcc>n\x03\x88\xd1[\xad\
\x9d\x1e\xf3|\x8bH\xca\xba~0D\xd4\x88\x82\x02\xbb\
g\x06i\x82\x05\x0a\x85t\x179+\x85j\x8c\xa3\xd9\
\x81\x82.\x82:Jq\xe1\x88\x0a\x901f8\x8d\x22\
i\x1f\x1c\xb8p\x91\xe1\xa1\xbd^p\x8c\x17\xc5Z\xd0\
\xf2K\x94Y\xe2x\x0e.\xc6\x04\xd8\x85\x0f\xb0W\x84\
)H\xeb\x95\xfc\x9eD\x15\xd3\xe93\x8d\xdd?\xeez\
\xfd<8`\xc0\x1aN1\xd6\xcc\x91\xa0\xb0_U\xc4\
\x89PI\xba\xb2f\xad\xc7\xbe'~\x01\xd58M&\
Bt\x8a\x09\x02F\xfc\xe4\xb0`\x9a\x8d\xc5\xab\x80/\
s\xa4\xed\xc1\x19\x8bC\xa6\x0a\xdb\xb1g\xac\xbe\xf9\xe4\
:\xde\xc0\xde\xb3\xe0N\x1c\xde\xce\x06\xb0\x97o\x86\xae\
V\xe2\xd3\x9c\x9c\xa9\xcc\x9e5\xbd\xe0\xaeC\xba \xde\
\xd7NE\x1b\x88\x0a\x1c\xbc\xb5>3O\x16\xefH#\
\x12\x94\xca\xc3\x10Mb\x08\xe0H\xbdo\x08F;\xdc\
}`\xf1\xdb\xc3\x7f,\xa8\x9d\xe0\xb7+\x0f\x82m\xcb\
\xae#\xd6(\xeb\xc3\x09\x0a\x86\xd8o\xda\xe6\x99O\x15\
\xfb`\xc0\xf2\x04\xcd\xbcG\xe4(\x93\x19AoyU\
\x14\xdbX\xb7\x17\xd9\xde\x1a\x91\x1b2t\x9d\x99\xa9*\
\xdf\xd9]\xfc0\xc8\xa7\xe3f\xf2;}s\x94\xd9m\
\xb5\xdb\x8c\x15T\xd6\xf7\x8f\x19\x14\x11\x16\x9e\xe7\xf1\xdb\
\x00\xb8r\x15P\x04c]\xcf\x03TI^\xa7\x13#\
\x9d\x81\x80\x91\x0e;\x0b\x95\xb9\xeeo\xe0\x95p\x0d\x19\
2\x89\x00Z\x84\xc2\x1e\xa7\x16\x9a\x00\xf2e\xe51\x14\
\x94\x00\xa8\x1a\xa1\xaa\xe1\xe4l2f\x86\x91\xcb\xd1r\
^\x0a(\xef\x19\xd3c\x879\xb5\xc3j\xf5\x8e\x5c\xdd\
\x168\xa7U\xf6\xe5\x02\xde8\x11\xb5o\xbc]\x8e\x8d\
;\x10\xfd\x19EU\xec\xadq\xa2\x158+J\x9d\x18\
\x96\x0b\xc0\x1e\xcc\xfbw\xfcL\x82{\xd4x\xb2\x7f\x00\
{\x10\x01\x80\x1b\xbcU\x1fG\xf1\x0aX\xec#\xf4\xe3\
\x16\x80\xf4.\xbc$\xac\xe4\x19\xa3c\x9c\x1f\x84\xf9\xdc\
\xc0K3\x85\xaa\x92\x8e\x04*\xf05fH\xee\x81g\
3\x06\x16\xc5\x11\x1aY{>q\x0aC\x95$\x08\x81\
+\x8cB!\xae\xc6\xce\xff\x008\xa8t!J\xa6\x91\
\xf9\xce+>\x22S\xd8\xdf\x13M\xe6\xe2\x1aB:o\
\x8c\xdb\xdf\xa6\x9f\xe0?u\x92\xef\xdd\x9e\xb1\xb9F/\
$\xe5\xe7\xdeo\x09[\x12\xd1\xa7\xf2]p1\xda\x01\
e^\x1b\xf01\x96\xd3\x1b\xc0\xeb&Y%\xb3E\xdb\
\xd6\xb2\xe4_\x14\x1bo{\xb3\xd6/O\x85\xa4\xebR\
\xd3D:\x987\x02X\xddB\xc9\xf2\xc26\xb3O\x87\
\x0b\x89if\x8d\x07\xab\xab\x8b@\x10\xd6\x1e\xd2\xb3\x1f\
a@(\xe6\x01\x88\x0e\x9d\xd6\x87\xdb\x97\x86\xe0\xd9\x08\
p\x1a\xe0\xde5m\xe6\xf3\x8a\xbe\x22(\x15T\x03m\
\x1b.i\x1e\xf2\xa3\xce\xc8\x8e\xfa\xcexq\xb6\xcdB\
#\xaf5\xa5\xc1\xb3\xef\x09\xfa\xb2\x1a\x07\xa7\xb6\xeaa\
8\xbb\x1a~3\x9f\xb3\xac\x85\xb6\xf4|'\x9e\xd7\xe1\
\xc7\x8dA\x8d#m{.\x00\xbaE\xae\x859\x99\xb0\
I\xc1\xe8\xc9k\xc8R\xe8\xc2;\xc2\x16i\x18\x8f>\
\x81_\x13;\x09\xcd\xc4\xdf\xaa\xdd7\x7f\x87\xaf\x01\x05\
[\xb6\x1cV\x1f\xfa\xf1\xf2\xc08\xceXc\x97X\xc6\
m\x8fcg}\xe0x[\x94\x95\xf1\xcb\xe8\x87\x8b\x8a\
\x88q\xd2\xf5\x81U\xc8\xc7\x07Y\xb6\xe3U\xaeZ|\
\x9b-HZM\xcd\xf8@2\x86\x7fk\xacR\xe3\xbc\
\x87.\xea'd\xf7\x9e\xb7\x81:\xc18\x84\x99,\xaf\
8\x88\xa1\xf2\xc6\xae\x14X\x16_\xfb\xc6(c\xcfF\
\xdd\xb8\x0fj\x16\xbeY&\x1d<f\xbe\x5c\x12\x13\x1a\
\x9dS\xd9\x89\x5c\x08\xa4f5\x05K\x96\xe5\xe0\x82\x85\
\x8f\x9e\x98\xa2\xa0L\x5c\xeb$\xa6\x1d\x8f_\x13\x16\xf6\
\x9b%p#Z\xf73L\xe8\x9bB\x0c|\xc7\x04$\
\xb4\xedh\xfcLP0~\x1c\x5c\xef\x06k!\xf6\x1c\
\x89\xfe\x1f\x1c9\x9a\xf5\xdeL\xa81\xaf\x17h9\xb8\
\x83\xab\xbci\x04\x01\xa1(>\xcb\x9a\x9d\x87\xa3\xa2\x9f\
\xdf\xc1\xd8UQ\xad\x1e\x9e\xb4\xf0\xd6\x86\x11\xf58\xcb\
t\xda/+k\xf6\xe2-\xc7U\xd0\xe3e\xd3\xafR\
\x82_A\x88$\xd5A\xa9\xb2\xc3\xa07\x8c\x22\x0e\xcc\
\x00E\xf0\x93\x1e\x12R\x87%\xe0h\xda\x1a\xfe\xf1\x8f\
,\x8b(h?\x0f9\x11\xdb\xe9\x94\x92Q\xaa\x09U\
\xc5\x101\x82\xa5\x10\xee\xe4\xb1\xdaP1H:\xb8\xf9\
q\x15pW\xb3i#\xd5v\xe1\xdbA\xa2Z\xa6\x9f\
X\xdf\xe7@\x9c\x1d'\xbc\x9e\x02\x04\x0cXRi1\
\xa2\xda\xe2\xf0\xd4Q[y\xfe\x99\xbf\x1f\x17\x0b\x8b\xa6\
F\xe4\xc0\x5c\x15K\x15\x1d\xbe\xe3\xae\xb3\xdb\x00I\xbf\
\xa0\xeb9\x86\x87\xa74\xb4\xe5\xa2k4f\xf7X\xe5\
w\xeb\x15\xa5-\xe36[\xbc\xaco\xd7\xef!\xd6\x07\
!\x22w\xdc\xe8\xf9\xc8Y\x97\xc4@\x86,\xb8'~\
\x06>H\xc2\xf1\x18\x7f\x86.\xdfF\xf2\xde\x19\x0fs\
+K\xf4\xc55+cj,\x0ez\xf2T\xaa\x9a^\
v\xba\xcd\xbaSC+\xeb\x16\xd9\xe2\x021\x1a=\x8f\
OX\x86\xc2y`\xa9\xc0\x80k&@a\x95y\x06\
2\x85\xa2\x88\x9c\xa0\xc7\xfa\xe5Hi\x94\x93u\xa7\x84\
x\xcb\xb5c7U\xae\x83\xfbev\x9e\xdax+\xd6\
@\xd5\x16\xc5\xd8g\xd0\xc28\xa8)\xb8\xa3w\xf1\x86\
\xb7\xd2)m\xf4c\xed\xb8F\x22\xd4,\xde\x81\xdd\xce\
c\xfa:;8\x0d\x97\x1d\xbbN\xda\xd4\x8a~\x09\xe0\
\x02\xbc\x00\xd9\xcbS;\x06\xda|\xe4\xc9\xe3\xd7\xf2\x14\
\x8a\xd8.\xbbs\xf8\xc9\xfc\xa7BW\x9c\xb3\x87\xb0\xbf\
7\x06*\x81\x06\x82\x09\xaeF\x9c\xb1O\x86\x15\x9a!\
\x5cD\xe7n\xdf]\xe5\x8aVT\xdc=\xe0E[\x03\
`\xe7\xbb\xc6*\x17|v\xb8L\xdb>\x09\x90\x00\x82\
\x97\xf1\xfc\x0dl\xa2\x01R3a\xc3\xf7\x89\x11\xd6\x9c\
l\xd9\xe4\x82\x83\xcc\x1cdn\xbb\xb3\x12\xdb\x0a\x90n\
Q\xa0\xc4\xb0\xfd\xc0h\xa9\xb5X\xf2r\xd7@\x9d\xc1\
\xa2\xcd\xf7\xeb\x00\x02uv\xd9\xaf\xacT}\xdf.\xba\
\xbd\x19cK\xfcg?\xdf\x80\xf5v\xe14\x98\xfdl\
\x12\xbe^<\xb4J\xae\x00\xaen4\xa8_e\xdaq\
\x95\xe0\xbe\x81\x02\x13\xf8\xa1\xb0=\x9e\xe6\xccB\xba\x11\
\xa8Jt8J\x9e\x08h\x14\x05\xd1\xbf\x9c\x04\xaaP\
\x86\xcd|\xe7\x18\x85Ur\xe0,\x01\xf8c\xc5\x084\
#\xbc\xe3\xcf9j\xb9\xdf?9\xb7\x00=\x80\xf3\xf0\
\x1c\xaeM\xc4\xd5\x02GZ\xb8A\xbf*\xda^=\x9d\
\xdc\x07\xe6LQ^S\xa1\x87|\xe1y\x98?a3\
\x87\xe7\x03Zt!\xb3\x8by\x09\x9av\x01\xab&\xde\
te\x84\xd5\xc2\xcfG\xef\x22\x81\x00\xaao\x8e\xb0\x9a\
+S\x07y+g\x85\x9e\xb5\x8c \xfa?X!7\
\xae\xa4\xd7\xbc\xa5`E\x94\x9e\xf0\x86\x07\xc1\xa0\x9f9\
\xc4\xd9?d\xbd|Gdq\x7f\xb9\x85\xec\x0d\xd2|\
'\xbc\x10\xea\x05\xfa\x16bGX\xe2\x84\xa8m\x86C\
\xac\x1b\xc6$\x09M1GI\xf92\x85\xbd8\xe2^\
\xb2x\x99<L+Gt\x02sr\xc2\x11\x14G6\
\x14\xca\xdb/Z\xf6\xe5\x104\xd1zG\xd2]\xfb\xf0\
\xd4\x1f\x91\x22_#,\xe5A\xa0~\x0f_\x18\xb1\x9c\
\x22\x97\x9c\x96\x88a\x08\x8b\xd5\xf5\x826b9\xe5\xb7\
\x83\x02\xfci\xd6x>1\xd37D\x9d\x8e\xf7?n\
\xf20n\xf4\xba.l@\xd1\xb3r\x0e\xbd9\x227\
p\x92\xeb\x22sF\x9a^\xdcB\xc8\xdd\x01\xa6n\xfd\
\xbfX \xecL\xa36\xec\xa9nu\x10\x1a\x0c\xa5s\
z\xf0\x94\x87\xb6\x19|l6\xd0\x88?=\xf8\x95\xc3\
\xf2\x14\xc1\x90\x05r6\xe4\x08\xb06\x9e\x9dyE\x5c\
\xc3\xfa\x5c\xf4\xf0\xe2\x81\xd7\x89\xfd\x9d\xb9\x0ckC\x97\
S\x99\x8a)L\x02\x9a\x05\x98\xc7\xc5fj\x98\xbd\x1b\
\x06\xact\x8c\xf7\x89}\xf9\xf1q8d\x08\xe9\xa81\
L\x95w/ 8{S\xacJN\x07Zi\xfcb\
\xed1\x0d\xf5\xc6\x1dx{\x80\x01\xa3\xd0c\xd9b\x98\
\xa0EZb\x96J\xe5\xdf\x18S\x8d\xdep-L\xa8\
\xc3;z\xc1\x15J\xaa\xbd^\xaf9\xa7I\xe4\xa9\x12\
\x22\x98(\xa9\xa2\xf3<^l6\xa4\xf1Mg\xcb\x88\
\x16\xda\x08\xaaj\x95\xc1E\xb6<\xfc\xf8\x0d\xc0\x0e2\
W\x19\x9d\xe6)\xc9\xd6'z1\xaes$\xa8\xc2\x00\
\xb6\xd8\xf4\xe0\xd4\xb3\x86\xf7\xeb\x19\x9bm\x8f\xb3\x1f!\
r\x95\x8b\x96[x\xbe\xdeCP7\x82p\xfd_#\
\xa7:\xbcd\xaf5K\xa7\xd4\xc3#\xfc\x80\x1c\x11\x9b\
\x91BS\xa3\xb2|\xe2\xf2\x05LQN\x94\xcf\x8d\xaa\
\x1d\x1e\xeeW\x7f\xc1\x82\xa7T\xdd\xe5\xef^\xbc\x10\xfc\
U\xe0\xebx\x91\x17\xc1\xc4(\x8eD?.\xb0\xc6f\
\xd81\x0c\xebI\x96\xcc\xab<ro]\xb1\xfb\x91\xca\
\xd5\xb7\x04@\xb4E{\xc8C\xba\xc7\xdc\xe7\xc0;o\
\x22\xf8$/\xc5rl\x17PH\x12\xd9OV0\x03\
i\xe0\xf1\x19\x14=\xb80$\x83\x82\x89\xb4\xda\x837\
\xd6\x0aR3T\x9e\xebi7\x5c\x9e\x15\x83\xa2\xe2'\
\x19?\x9b\xd3\xfe\x171f\xb9l\x90z\x06\xb4\xe6\xdc\
@d\xb5\xc1\xa0\xadq\xfd\xf0\x0d\x94)S\x9f\xc61\
\xe4B\xb5\x9d\xa7\xa7\xa7\x17:\x1a'\xd5\xef++\xdb\
8B\x08\x8d\x09\xab\xf3\x88\x01\xbaQ\xd2d|\x1d\xdc\
eu\x8e\xa7&uXe*\x9e\xdd\xe2\x7ff\x96g\
,$\xb2\x09G\x94\xb9\xf8L\xb7\xbbq\xa4\xe0\x9c\xbe\
\x8e\x0c\x992\x0c\x07\xa7\x15fY\x1eG\xa5\xca[\xca\
5Z\x9d:\x1eN\xf2\xda\xec0\xb3sYP5\xab\
\xd7\xbc\xd9\xec\xc2\xd5\x02\xa4.\xfa2\x1dP\xa9\xb4\xe3\
\xce\x91\xf6\xe2\x5cZQ\xacN\x16\x92\xe0B\x94!\xbd\
\x00%\xe6Ba\xa4v\x07\x87 \xfc\x5c\xba\xd5,E\
\xbfA\xceJ\xb4\x19\xc1\x1e\xd9\xc3\xf5\xfcg\x81\x0c\xed\
#x\xc4\xc9\x12[n_\x1ac\x08]\x9d\xbd\x8e]\
\x9e\xf2\xcb\xf901m\xaa\xb3FX%\x94U\x95\xfa\
\xeb\x0e&\xcd\xaf\xea\xe5\x1a\x98\xfb=/\x14\xf8\xc8\xc6\
E\x02\x89\xf2Y\xbc@\x18\x95\x0bBbP}u\x0c\
\xb5\xa2\x9c\xfcNr\x05\x12w\x13B\x9c\xac\xbd\x92\x84\
Ev\xa7\x96\xef\x1d\xc2P\xe0\xa9u\x88\xed\x84\xc6\xc9\
t\x9a\xb9\xcf\xae\x04L\xaf:^\xf16\xb6\x0bA\x0e\
\xc1\xc2\x94i\xe9\x8fCf\xcb\x1c]g\x0d\x01H\xb1\
\xcb\xad9\xa1\x9c\xe4\xe3\x8f\xbcsP\xec^C7\x8c\
\x13\xe4\x98\x81\x0bq\xc3IW]\xe5\x1a\xe0x\x1f\x0f\
L\xcb\x08\xee\xc1Q\xc5\x8c[\xe4\xff\x00q\x84\x08\xad\
\xdf\xb9\xd7\xde\x13\xb0\xc79\xc3\x854C\xf2\xe3\x1c2\
-\xac\x00\xbe\x8e\x0c\x1f#\xca\xe2>_~g\xc6\x04\
*\xa7k\x9b\xe8?lg\x91\xb2\xe7\xc7\x82ra\xd2\
\x1a\x1c\xba\xd9F3\x05\xc7\x84[W\x8e\x8a\x08\xdc\xdd\
\xcc.\x8a\x1d\xed\xb8\xe9\xea\xf3\xd6 5\xf9\x0e\xce\xcc\
\xda:\xa7o\x0cO\xb3\xc0hbE\x9da\x93\xae\xa8\
\x07\xb2\xc7\x08#\xf2'\x93\xe2\xe0\x0bj&\xc04\xaf\
^\xb5\x93k\xc2\x0b\xb7\x84-\xc8V\x81C\xafa\x0e\
p\xe0@\xc0\xc7\x8eK\xc9\xef\x0d\xd0\xa0\xd2-2\xfa\
X\xe49.'\x84\x18t\x99,\x1d\xd1\xdb\xf1\xfc\x07\
e\xae\x9a\xf8\xcf\xa6l\xdd#\xc4\xdb\xd6\xfdx\x95\xfe\
.\x06_\x8c{9\xb4==\x1f\xf9p\x91\xc1\x0b\xac\
\x8d+I+\x842.\xc4\x9bs\xdbLB\xf6\x00\xdb\
\xd2\xa6\x0c\xe1\xec\x8e%\x97\x08\x80\xd1K\xc9\xeb\x1d\xbe\
\xf9\xa8\xf7\x07\x18Mj\x16\xbfK\x91\xcb<\x8a\xa6\xbd\
q\x8e\x11M\xf0\x0d\xe5q#7\x8a\xbc\x93\xd6\x0b\x11\
1X\xf0\x04;Z\xba\x8c\x8d\xce\x8d\xde^\xac\xb3\x01\
@\x150\x0f\x13\xb5\xa8oR(\xe3,\xbe\xda\xf1\xcb\
\x9a\x18\x89M\x9a\xf2G\xa20@\xa9#]\xfb\x8c\xc2\
\xd18\xde\xabD\xb7\x8c\xab{+\x8bz\xae\xd7\xf7\xb7\
,\x18\xc4pY\xeb\x18P8b\x8e\xcf\xfa\xe2o&\
l\xc8\xa3\x99\xa1\xc0h: z\xf5\x95\x81\xd7\x5c`\
\x15\x7f\x22GX\xc2\xddU\xaa'\x1f\x19\xa1\xa1R\xe0\
]\x1d\x96\x15\x98\xbf\x08\xca\x7f|a\xd6\xf5\xad\x07\x88\
`q?\x808\xb4\xd1\xbb\x93\xb1\x96\x8b\x83\x1cyX\
\xfc\x81Y\xa9)A/c\x93\xe0g\x17\xf86\x19\xe2\
\x14\x8f\x0eD\x9c\x8c\xec\xf1?\x82\xf4\x82\xee\xbe\xd59\
5\xe0D[\x83v\xfe\x07X\xb1\xfc\x10\xd8\x86\xd8U\
\xd1\xf9\xc6\x10\xa7a\xc94\xa9\xe8f%UUj\xe4\
\x93w\x01+\xc7\xbf\xcd\xc7\xc5\xf6\xa0\xa1\xd7\xb8r\x8d\
\x0d\xb8\x1b\x08P/$uB\x09\x8b[\xcf\x22\x06\x82\
c,\xc7\xac\xaa\xd5]\xef\x1b\x04e\xd7^\x9a\xd7/\
\xe8\xc4\xb4NT\xd4\xbcV\x14\xe8,R\xbch\xd6>\
|*m\x1bY73Q\xad\x06|%2\xae8\x81\
\x01x\xb3E\xc1\x11\xc1v\xfa\xc0\xa0\x0d\xd0>\xe2\xee\
O]\xe3\x90t\xeb$\x0eZ\xac\xf4\x84\xd4\xc1\xe6\x80\
\x9a\xf2\x19`w\xa4\xb9\xb6+x2\x99^8\xfe$\
\xf4\x09\xc2\x81\xdb\xe0t\x16`\xa3c\xa1bi\xf1\xb3\
\x93\x16\x10k;\x0d5\xf4\xfcbkC\x81E\xd3\xf2\
\xdc\xb1\xdb\xdf[\x88\xb9\xa1\x09t{\xbc\x99*}\xbe\
\xa7\x86\xa2\xa7\x183X@0\x94\x0dp\xc3\xdc\xe3\x09\
\x83\x82\xa1t\x8d\xc7\xd9\x9c\xafoY\xb3w'\xc3\x7f\
\xbd\xfa\xe1\xc0\x18\xca\x8a&\xbaR\x97k\xfc,\xc4\x0d\
n\xe1ZC\xb5\xdb\xce\x1b\x974\xf3\xeb\x08\xb2\xd4\x8a\
Ai;\xc3\xd5\x15\x1b\x8a\xe7\x9d\xa7\x86j^7q\
\xc5\x9f\xa1\x0f\xd8\xe7%\x0cK\x15\x02\xc1\x0eX\xf7\x8a\
\xc2=\x17K\xac\xdc\xc1\x9d\x94\x11=+7\x9b]\xe1\
\xfa-\x87\xa3\xd1\x8c\x1c0\x1f\x83\xcbl8\xb4+\x8d\
j\x9c\xbeg\x89\xfc\x22\xed\x8b\x8a\xa5\x0e\x88\x05\xfc\x86\
z\xfc\x1f\xdc\xf93B\x06\xc4\xab\x1e\x99\xc6\x0d\x07\x06\
\x94\x9c\xf0b\xd5\x84\x100\x0bfQZ\xac\x12\x94\x0e\
\x9b.H\x14\x94!\x00\x0a8?\x90u\xebF\x0d,\
u;\xa1.%\x90dg\x0e\xc2\xf32\xa0v\xb9F\
\xbck\x08\x5c\x95{#\xdeF;\xd7\x98[\x1c\x99<\
k\xaa\x96\xb9\x1b\xe3X\xb6\xd4\x1b\xd9\xb2\xfd=8/\
\x04\xda\xa6\xd3|w\xd6,\x86R\xb7\xa9\xac\x89\xc9m\
u2s\x90\x14\xd7\xd8\xf7:\xf5\x80\xa1m)\x17\xf1\
\x97\xd0\x87\x12u\xae\x0a\xe0\xf0VT~\x9d\xdf\xaf#\
\xb2\x0bPxD\xca\x98\xad\xcfj+\x9e\xce\x9c\xd0\xc3\
\xd0Q\x15C\x90.\x0a\xde\xd2I0\x05\xf6\xcah\xf0\
\xe5L\xb8\xce\xadHh\x8c\xa2rx!\x84\x05\x06<\
c\xdb;g}g\xd2\xb5\xc6\xe0\x16#\x90\x14\xbd5\
\x1d\xd3\x7f\xacV&#\x15\xa0\x01j\xe3ez!\x11\
4\x8e#\xace\xe3\x08\x9a\xc9\x8c\xf1\xb3k\x03x\xbc\
X82 \xd6\x9c\xe0\x9f+\xbb\xb0\xe0\xb8\xda\xf0L\
\x114\xbf_\x192\xf5\x224\x9e\x8f\x83\x15\xc4\xa2\xbb\
q\x1f\xb3\x0c\x82\x88\xd8\x08\xca\x1e\xab\xf61h,!\
\xa5\xf1\xc8*\xe2v\x0d\xd2\xe1\xaa]\xc3\x8e\xfd\x19\xa5\
\xfcg\x8cP|9\xa4\xc4.\xe2/\xc2\x0f8!\x1f\
7\x15f\x1a\x9aC]\x9f\x0e&\xa3\x5cQ\xab\xbdq\
\xc7\x18\xccB\xbdf\xb5]\x1eY]\x96\x86S\xe1\xde\
L\xad\xbf\x7f\x1do)5\xe6,\xc8\xf33G\xaeh\
K\xdd}\xbf>D\xc5\xa9\xbfK\xc6zC\xad\xe0\xde\
\x5c[h\xbc{(g>\xd1H\xc2oS\xff\x00\xbc\
An\xfe\x11N>\xf0\xc4|\xe4\xe0\x1f\x93Z\xc9\x22\
O\x1e)(\x88P\x0e\x1ad\x11| \xeb$\x10S\
\x90\xf9.\xf3\xe7)(C\xbew5\x95\xc2Z\x01z\
.\xbe7\x94(\xf2s\x9d+<(Tn6\x97\x8a\
\x9e\xf2f\xbc\x05\x04A\xd3\x9be\x80\x105\x84\xf0\x22\
\xa8\x0a#}\xab\xc6n\x8a[\x83>\xdf\x97\xc5&\xa4\
L#]`\x04:\xe7\xd6#k\xb6o\xbdz\xc4/\
\xf5o\xde0\x073*\x91\x9cW\x1e\x0e$A\xd6^\
\xd9\xedb`\xec\xc4\x80[\xa7'|\x07\x07T;\x9b\
\x0a\x0a6h\xfc\xe6\x95\xb1*[\xb3\xf8\x90a\xb5\x9a\
\xa8Y0\x8f\x84Z:\xc7\xe4k/\x05\xe2\xe2\xef7\
\x94\xde\xb7\xcas\xbc^U\x00\x1a7\x8c\xcf\xa6\xf4\x98\
\xa7\xc7;\xeb\x00\xc4\xbb(.\xbfNq\x0co\x1dA\
E\xc6/%\x1a\x87\x93\xa4\x99\xbd\xb7<\x0c}I\xeb\
%\xf5\xe2\xed|4\xcaR\xf2\xdb\x91\xcb\xc9Tg\xe1\
\xb8]\x96\xb2\x08\xd3\x1e\xe6\x15\xd0/\x8b\x05]\x05p\
\xbe V\x0ew\xe9\x89\x11\x93\xd4\xac\x8b\x92\xd2\xac\x09\
\x02v\x8e*\xe9\xc1B\xf0\x98\x0a\xe9\x1f\xa0p)\xb9\
\xd5\xde\x05\xcb6t\xe4\x9d\x8f\xd6M\xce-E4Y\
\xab\xce\x03\xa6\xf7E\x9b\x5ch\xb1\xca\x88D\xa7\xd6\xf1\
M\xcc\xa5\x8bCW\x9b\x8ebQ\x93\x9b\xe5\x1ef\x10\
o+$\xe5\xb7\x107K\xc2K7\x8fk\xe2\xc9\xef\
\xac\xd7D'\x8a\x93\xa3\x01`29L\xb0\x8d\x97\x92\
\x9e*\xf2\xf51\xea`\x86\xca\xd5p\xba=NC\x8a\
:\xad^.\xbf\x85\xc5\x8a\x8c\x02\x8d\xe5\xb4\x0f\xf0\x9b\
$\x0f\x09\x8bz\x0d\x1e=\xeb;\xb6\xfc\xe1\x09\x1d(\
,=\xcc\x98\xb0\xb0\xc4c\xc3\xe0\xd0p\x15\xc1sh\
\x90\xe0WL\xf9\xd0\xc4\xdc]\x0f!6\xe52S\xef\
>J\x85G\xc6(X\x80\x0a\xae<\xe6\x83\xf29\xe7\
\xd7\xf7\xc7:\x8a\xa5w\xe3hk\x835\x0f\x92\x1e@\
\xd0y\xd1v\xefs\xf1\x89\x82\xa9\xa5\x0b\xa2\xf717\
\x0d\xdd\x80E\xd2\xae\xb0os\xbb\xcd^q\xc2\xe8]\
po\xd0`\x82\x92[;\xef8\x19\x85\xd8c s\
\xbc\xa5\xf7\x1aA#\x97\xad\xcd\xfd{\x1b7#\xe9\xc4\
\xc3\x17h\xd8\xc01\x9a\xe4y\xb8\xe0S\xa6\xa0v\xd6\
q\xcb\xee9W\xdb\xbf\xed\x89Z\xb7\x07$J\x0c\x19\
\xc5\xf70\x99$\x0a\xcez\xdf\x92\xb4yd\xec6\xeb\
z\xd4\xceo\xf1\x9eYh\x9cOu\xeb\x15A\xeb\x8c\
\x5c\x0af\xac7R\xb6\xdc\xbc \xf9x\xc5~EU\
\xee6\x02\xab9C\xd6\xb2o\xb7:\xb8\x974\xe88\
\x05\x95\xb6\xfa\xc0\xb1\xb7J-\x08m\xda\xdeD ,\
\xe3\xe2\xb8\xf7\xa3CH\xe7\xeec\xfbf\x96\xba\xf9\xc4\
\xe3\xad\xf8\x1dt\xb6\x1fk\x85\xad\xadhY\xc0\xcd\xef\
Y\xec\xf5a\xbc\xdd\xaaI\xf3\x89L\x1ats\x8eb\
vh\xbb\xc1\xf9u.\xc8\x9e\xb3\x9aN\x1d\xf7\x9b\xee\
\x03M\x95\xdc\xf3\x8c\xaf\x95\xf8{{<\xd1\x9b\xba\xdf\
q\xd9\xf2x$8\xcc|e\xf5\xbd>\xbb}9E\
\x0c\x85\xd4\x80>\xaf7;pD\x89\xd0\xfc\x5cn\xc2\
\xb2\x8aK\x95\xc7f\xfeMb\xb7Nh\x1bMnG\
\x0c\xe7\xd5\x0f}\xfb\xfc\xe4+/\x93$\xa7\xc9\x1c\x16\
\x0c\xac\x00\xeds\x8f\x86\x1b3_\x7f9G\x7f\x16\xb8\
n\x0d\x11v\xaa\xd5\x5c\xa3\x84\x18\xe3L\x9e\xceH%\
\x05r\x17\x8d:\xc06\x82\x1d\x08\xecq\x81=\x0ak\
I\xcc\x98?nJ\xf4\x92\xcd~\xea4\x9f\x00\xe2\xf4\
\xe4s(;,\xb8\xd4\xfe\xfe\xf2\x84\xbfHn\x19S\
\xa3\x0aPX,z9\xb8\xc2\xc0\xf3\x0e\x82\xa6\xf0%\
\xee\x12\x10/\x01\xec\xef\x05WJ\xd8\xf6L\xdd0\xc4\
7\xb9O\xb0\xad\xceO\xb8\xefY\xfe\xf1\x84U\x8f*\
\xac80\x03M\x88bx\x05S\xb5\x87\xe2\xb8\x07I\
\xb5\xd6\xd7G\xb37\x84\x1by\x0d\x8e\xfb\x8fXP\xea\
\xe8\xfa\x0e:\xd2\xfe\xbc\x17\x0fb\xc3C\x99y~0\
\x14\x0d\x8b\xbff8.56xX\xa1\x82\x10(C\
D\xc2m\x82\xbdO#\xd0\xfa\xc9\xf8\xa8h&\xa62\
\xe8\x98(\xf8c\x81-><\xac;a\xa3#\xcei\
8\x9a}\xe0\xe75N\x01\xc9\x8fvp\x1e1I\x00\
\xe94K\xa7\x1fN\xf0'\xe1g\xdb\x87\xa9]\xdd\xe0\
e\xc3\xa2\x87\xc9\x89\xfch\x03\xb2\xde\xef\xaf\x13f\xd5\
\x17\x02\xfc`\x0c\xba)\xee`\xcd\x9e&.\x22\x0b\x1a\
\x11\xb4\x1a\x9d^2\x0c\xb6\xcb\xd5\xc16t_-\x86\
\x82eUm[\x95\xbc\xfe\x0ef;\xd3\x89\xe1\x01\xf9\
\x17\x1d\x85\xd3[\xde\xb2Uh\x14\x8f\xce\x00\xdcSS\
y\xa4\x8e\xcfx'[\xc2\x93\x7ff \x9f\x1f\xd7>\
S\x15 \xe4\xaf\xcaW\x22\x14h\x8f\x22b\xdf\x03\x22\
r4qb\x1d\xd8@\x0az\x02^\xa65$\xd2D\
\x08\xeeB\xc7\xb1\xac\xd8R\x83\xe2\xa1}\xfcx\x13\xbc\
\xd1\xc4.H\xd1\xa4$\x1fY\xcf\x9e\x12#l\xd4u\
\x80\xd9z\xd2\x0a\xba\xf9\xf1r\xf8\x8f\x89gj\x88A\
\xea\x1eH=\x81+:/C\x89Q\xc1\xe0v\xbd#\
\xad\xa60\xaf\xe7\xc1F\xc0w>\xf7\x8cp\xc5\x1dZ\
\xdc\xfb\xc8D\x86\x88\x89\xb1\xf3\xd4\xcfz\xcdC\x9b\x5c\
\x22\xcb\xc3'\xbf0\xf6}\xb8~\x5c\x17\x8c\x0e\x0eW\
o\x13\xaf\xbc\xd24\x01`m\x01\xc1\xaa\xe3\xe5\xb2\x99\
\x91\x15\xac\xe3\x0d\x81:_TM\xe2r\xbc\x9e\xc2\x1d\
\x03\xed\xefy~zBP@\x85\x91\xc6\x00\x8e\xd0w\
\x85\xc5\xc7\xb0h#\xc2\xc69\xf2<+\xb5\xe8\x12\xd7\
\x89\xe2\xa0\xea\x97\xbd\xeb4\xa5\x95\x85\xc6\x80\x82\x014\
\xb7o.\x0f\x07Jn\x1b\xbc1\xb8\xb5.\x01\xa0!\
w\xdf\xc1\x84\xec\x13Js\xbd`\x9a\xc0o&\x0c\x18\
`\x01\xa1/#\x8ez\xe3\x0e\x1d\x12\x0f!\xbd\xfcd\
\xaf\xa0\x82\xb6-99\xf0\xc1\x90\x82Q\xef\x1ba\x86\
6`\x1b\xa7[\xfeJ\xa2\xab\xec\xed\xcd\xd3Z\x9b\xe6\
~;\xc8\xdd\xb6k\xef\xc6\xafHV\xa8\x96{\xf2(\
r\xf8\xa7\xc2\xa5s\xb2\xf7\xbc\xed\xab\x91\x8f\x86\x80(\
T]\xe6KMaB\x10\x0d\x03\x9f\x05\xb5v\xf8\x00\
\xda\xbd\x01\xca\xe0\x1d\x18P\x12v~\x5c\xde\xb0\xe0+\
t\xa1\xa8\xf4\xe0\xfb\xeb\x94xi\xe9N\x1cM4\x8d\
\xb862i\x17:\xfc\xf1\xe4x\x98&k\x9e2;\
\xd7\x1eu\x16\xf6\x13&E\xaa\xea\x0fw\x06\xb6Q\x07\
\x84n\x87\x8f\xcez5\x11\x1f+,bt\xa7bf\
\x80\x16\xe8\x1b\xdb\xae1\xe5\xd60\x05\xdf\xaeu\xc6K\
\x93\xc2\xcb\xe2C\xc25\x5ct%\xdd\xbe\xa7S\xc0L\
\xad\x80r\xb8\x95\x0f\x91\xc1\xda\xccct\x87Z\xfe\x86\
\x5c\x18{#\x95\xa5\xeb7f\x5c\x17m\xe4\x00\xe1\xc4\
\x01\xca\xb3\xac\xa2:\x07\xc5\xd1n\x0c\xbd\x85\xfe\x07\xbc\
/\xe0\xd6c\xe4\xd0\x86V\xdd\xf4\xbc\x18\xc5\x09\xb3\xa8\
>\xa6>\xea\x8b\xb4\xd1\xa5\x9e\xb1\x8b\x12\xd0\xe2\xd7\x83\
\x04\xc6\x17fh\xf7\xeb-c \x1b\x0d9\x11T\xa7\
\xef\xe3=\xd3\x04V\xf1\xa8\xc8\xe1)\xa4\x7fer\xc4\
X\xbdO\xde \xadB+\xbf\xc6\x0c\xb6\xa4n\xa9.\
\x93\x8c-$CZ\x1cL\xad\xa5 }/8@\xf3\
Lh\x82!\xaeY\xd8_+k\xd0\xe4rbX\x1c\
\x86\x99~\xf3G\xcb\x9c\xc7\xa1;\x0exp[\x1aB\
\x1a\xe0G\x0f@_\x87\x15\x9b\xb0\xae\x82\xb3nU\xb7\
\x81P\xca\x8eL\xbe\xb6\xc0\xde\xb9\xb5B1\xb9\xc7p\
\xcbe\xf0\xa5\xc5w\x8c\xdb\x0e\x04\xe2\xe0\xc8<q#\
\x8a\xd6G\x18\x16\x19Vb\xdb\xb5Z\xd8\xfc\x19\x15\x01\
\xd0\x98O\xa6k\x0f\xd03s5\xaa\xa7\xf3\x8d\xa1\x22\
)V\xf6\xafyq<\xdc#\xcf\xbc\xe7#\x8d8\x5c\
\xef\x8d\xd1}\x935P;a\xab\x1e}\x98\xe2!D\
Ni\x91\x19*\xa2\xf9B\xeby\x09\xact\x80_C\
\x8d!\xc7m:\xfd\xe2\xb1\x09o\x19\x0f]\xba\xc6\x10\
\x0b\xcc\xf5\x9a\xaf\xf2\xc3\x8d\xf2\xe1]\x87\xdf\x81\xca\xfe\
2\xa6,\x94\x07\x1c\xe3*)\xe3\xeb,\xd9\xd4j\xd8\
\xf0f\xac\x83U\x0d\xb6Dw\xf1\x8bn{\x02\x04\xbc\
\xb3`\xce\xf3j\xfd\x9b\x22S\xb4\x8f\x7f\xc3I\xe2R\
\xee\xb9\xd9\x0e:'\x19\xcc\xfa\xc0\xf9q\xd6j\x18\x9b\
LD\x0a\xec\x9a\x7f\x0fXmz\x81\x83\xe5\x11\x98\x1b\
5T&\xa7 8\xf7;\xe4\xcd[\xbc,\xd8D-\
\x9bIBs\x95t\x18\x92\xdf\xd3\xde\x04\xdcH.\x5c\
\xe6\xa5\xae\xdb\x88\x1e\x03iA\xfdb%cKF\xf7\
7\xe0\xf6\x09y\xfc\xf5\x84\xddM\xd2\x91\x9d\x5c\xae\x97\
\x95\x9eg\x91\xd0\x11\x7f\xb7\xc6@\xd8\x12\x0e\xcd\x9ap\
\x17j\x10\x9c\x1d\xb9!\x92\xe3\xa5\x8a7\xc9\xadGX\
%\x17f\xfa\x0e\xbcS\xb9\x8f\x9a\xda\x5c\x0e0t\xcf\
M\x93\x9c\x97\xb6\xdf\xd7\x06\xe5t\xb7\x00\xc3\xc5\xd9q\
e\x10YQD\xcd\xe0q\xc1\xf9L\x8f\x18\x93R\xa7\
\xf4\xc3\xbd\x9c9\xa0\x02\xef\xcb\x8cA\x90\x8b\xb6\xbd\xb7\
\x02\xca\x08)\xce\x07\x0bML\x88\xc5\xd8\xae\xc3\xbc\xb8\
\x0b\x05\x06\x85\xda\xf2t\xec\xca\x11\xe4U\x0eif\xbc\
\x89J\xa6\x199B\x17i\xad|\xe3\x1b\x00\xa0\xd0`\
\x05\xc2\x0d\xd1[\xfa\xc4\x0e}\xa0\x00\xe8\xb2\xbf\x1e\x0a\
\x01\xc9\x86-\xae\x8d\x184\xe3\x9as\x94\x8e\x8by\xc4\
\x84k7[#\x87{\xce\x05\xcd\x1am \xd3\xd7&\
H6H.\x91}\x1f>\x04P\x12\xe9;\xc1\x01\xc1\
\xa3\x97\xb6e\xfa3\xf7\x88\x10\x90S]\xe4\x12\x11p\
\xe6\xc3W\x8c\xff\x007\xc6\x8f,\x84j\xfa\xbe\xf3F\
\xf6\xae\x9e\xa6n\xdfh\x11\xe8!\xad;\xc6\x048\x06\
\x80\x84}q\xbc5\xcem\xbfz\x1e\x0b\xb7%\xca\x00\
K\x0d=\x1c\x18\xd3\xc5@7TW\x0a\xe6\x88\xe1\x8d\
\x97E\xf6\xfbq\x02\x1a\xd5Z\xab\x91h=\xff\x00L\
\xa9\xb3%3\xd8M;[\xec\xe2I\xb3\x02+!y\
p\x10\xba\x12\xcfWr\xf7\x85 \x10j\xe6\xd6f\xa6\
e\xe4hqC\xde0\xe1\xf2\xc7\xcbV\x00hD\x8e\
ks\x04\x1ae+\xed\xca\xe2\xac\x89M\xa1\x17>c\
`\xa64\xae\xd7\xbe?:\xc0&\xe2v\xcb<oH\
P9^\x00\xc0\xd1\xb6\xacrs\xa3'\x8a\x98\xc0\xe9\
|\xe0\x02u7\xf1\x91\x13We\x91;\x97\x19($\
\xae\x0f\xcb\x9b}\xe5\x06\x8a\xb3\xf1\x89s\xdb5 \xac\
\xab\x0f\xceq\x85\x83\x05\x8b\xad]Mw\xe7\xf8\x97\xc5\
\xe4\xda\xb1*\x86\x97\xb0\x9a\xf1Y.\x8b\x0f\xbf7\xc4\
hj}\xa3\xe4\xbd\x03nP\xcb\x02\xc7;]z\xe3\
l\x95\x84\xf8\xc6\x13T\x9bW\x98>\xf2\xdd+\xcaW\
\x8c\xd9t\x8e[\xb2\xf2L\x17Q\xc2$\x1b\xa3rG\
\xc6\x80\xf0GC\xaf\x14l\xe4\x86\xef\x1b\xe2~0\xf3\
zl\xaa\xec\xbc\xcff\x04\x03\xa0\xd2\xf2\x957\xd9\xc3\
\x86#6\xea`\xe2\xbbvy.\xdfg\xac\xb5\x85Z\
\xea\x9b\xac\x09\xe1\x19s\xa3\xe7=\xb0\xff\x00\x02\xf2q\
\xb7\xa0n\xbe\x5c\x87\xfa7\x821U\x0e\xecu\xeby\
UW\xc6\xff\x00M\xbb\x9a\xdcJ6\xe0\x01\x1f\xdfk\
\xef\x1a!@%\xa7\xb6\xdep\x8d\xa1\xc3W\xebFj\
\xcf\x98\xbd\x98\xf7OQ\xd8\xddG\x06m[\x1b+\xcc\
\xc5)+\x87\x0f\x83\xaa~\xf1\xa5i\x08\x10\x22\xb7/\
\x90I\x02i]\xb8\xab\xb2\x80\xce\x03\xb6w\x8e\x01\xe6\
\x94>\xf8u\x86\x89m\xde\xd9W(\x8f\x1fG\xa3\x16\
\xc8\x14:\xcd\xf3\xebYE\x22x\x8alB\xeck]\
9\xb9\x86\xe3\xc9\x0c|5\xef\x22\xd7]\xe1\xde(\x05\
\xa3 \xe8\x1e\xbeqt\xcb\xf2\x5c\x13\x11\x0e@\x9a\xc2\
\x84Zq\xa6\xdc\x9b\x8d\xd3\x82v#V\xb9\xbc\x18\xb7\
\xe5b[\xfd\xb3\x93\x0aS\xe4\xca\xa6\xe2\x0d\x16f\xbd\
\xce\xf2\xec\x10/X\x1a\xc4\xad\xe4\xc2\x1c\xdc6\xcc\x9a\
\x0b\xec\xe1\xcbc\xff\x00\xf3\xbaq\x1c\xd9\x81\x0a`\x82\
\x8f\xaeq\x0f\xb2c\x13\xa6M#\x87\x91-\x1d\xadu\
\xe9\xc3\x8d\x0c\x09\x83\x8a\xe2\xdb\xf9\xb0\xa4\x051\x01\xdc\
\x0d\xbf\x0e\x04\xe8\xa9r\x13\xd3\xdc/\xeb\x1cj\x11\xda\
\xc6:\xf5\xd7h>\x9c\x87\xccS\xfc\xde7\xc0\xa8\xa7\
\xda\xe1\xd18\x8e\xa4f\xcf\x9e\xb2\xe0\x08gy\x01\xa7\
\xe0pm\xd3\x8a\x8b|\x9b\x9e\x9cW\xad\xca)\xf4\x9c\
\x99\xdf\xd0\xde\x11\x91\xf8\x946\xe0\x9eP$\x04\xd5\x86\
\xc4\xcdu\x07)\x98\x07\xef\x09V\x01\xae\xa0\xeaW\x92\
OR\xe6\xde'\xaf\x87%B=Y\x93\xa7\x9aT\x9c\
e\xc9\x1f\x02\x13\x0d\x1f,\x83\x96H\xe1A\xc5\x0b\xb5\
q\x91\x09J\xb3\xef'\x8c\xcd\xc0\xc8\x04\xe0\x9c\x16`\
\xe126\x09:{\x9d\xff\x00\xbf\x02\xc0\xda\xb01$\
\xe6\x1b.GM\xe7\xf8\xc7\x94\x8d\xf2&h$\xd5\xd9\
k\xbe2\xa6N\x1e\x7f\xef\x06X\xdb\x10\x02\xc2M\xe3\
\x0fe'<\xe5\x06\xe7\x84\xa1J\x92\xefx\xcaTS\
a\xdc\xd7\xa3W$\xae\xe2\xf5+\xf2{2]\x11%\
z\xf8\xc2+\xb4K\xc4\xbfX\x01\x82\x97G_^\xb1\
\xae\xdc\xf3\xfb\xce\xe9\x84-\xad\x02\x0a\x95\xb5\xdc\xf2\xd9\
\xbd\xe8{x\xbe\x0b\xeaZj\xd4\xe0\xf2\xc1\xa2T\x97\
z\xc2NAL\xbb\xe3\x09\x81t\x1bGe\x7fo\x1f\
'\x12\xe0Q\x82,\x10Q\x96\xb3\xef\x8d\xe5\xbf\xeb\x01\
W\xf5\x8diXW\xbd\x18\xf4F\x5c\x80(i\xa2\x9e\
\xe3\xd5\xc0\x8d\xd8\x18\x16\xf0\x9dL\x06b#N\x15\x09\
\x92\xca\x9b\xba^0\xa8\x80H\xea\x1a>\x97)L\x00\
\xbd\x19Aa\x9a\x029U\xb80\xd2\xae\xb9o\xace\
\x81\xf8C$('\x05\xba\xed\xc40\xd8u\xdc\xf8\xca\
\xb5\x88O\xc6\x05@\x15p\x1e\x06$\x84et\xa6\xa5\
\xb4\x1a\xc5-BS\x0e\x226]..G\x8b\xe9\x03\
\xe9M\x864\xc2\xf1\xb19\xbd\xe4\x0b\xeeS\x0c\xe9\x0e\
G\x14@\x90m \xfcS\x0b{rX\xea\x00h\x9d\
e\x00p\xce\xbd`T\x9a\xa3lw\xa8\x19\xd8\xd5f\
\xc8P\x82\xf5\x5c\x0e%\x89\xd28\x0f\xad\xcb\xa6\x95\xa3\
\xee\xeac\x01pC\xa3\x810<\xe26\xfd\x85\x0c\x96\
k\x0e\xc3\x94(\x8c\xaf\xad\xe1$\xe38P\x1d\x03\x12\
;O4\xf6^\xcfx\xb49^\xa6\xfdb@\x95\x16\
\x1e\xae\x0a\x8e\x81\xa2pO\x08\x8aD\xb6\x88\x9f\x0a\x9e\
(\x94v\x0e\xf3`\xac\x7fL\xc1\xe4\xf2\x92\xf3\xa4\xb1\
\x0c\xe5]q\x98i\x02\xd3x\xcd\x80:+\xc7&\x9c\
a\x10+\x1f\x04\xc1\x83\x80Nji~\x0c\x02\xb64\
8_\x0b\xf0nF\x5c\x01\xdb\x88\x02w\x0b\xc7\xc4\xca\
\xb6\xfd\xe3\xb6\x12\x9b\x8e\xc8\x88&\x99\x95 D\x05W\
\xb7\x8d\xef'\xb1\xb9\xbb\xa37\x1b6\x0e\x9c\xed\x93\x1e\
R\xae\xf3Ijd\xdb\xef\x1e\xc3F\xcdZO\xd2[\
\x8d?\xbe\x8dc\x8b\xfb\x95(\xafA\xef\x0a\xd0\xcfR\
\xcb\x17\xe4\xe5\xc6\x90\x0f6\x0d\x7f\xacPTvO\xc9\
\x8a4\x8d\xc9\x94\xb0\xb6\x94\xbe\x94\xceD\xf7\x954 \
\x8b\x10\xda\xe0\x05\x86\x0b\xb0\xf9e\xc5\x0b~\x90\xf7|\
2\xb6\x17^,\x82\xedt/1fX\xf4S\xf8\x82\
\xa1C\xe5a\xe1q\x09\xb7\xddZG\xe0\xd3\x9f\x1f\xa2\
u\xb2_\x84\xf0\xb7@\xecl\xdf\x12\x5c\x0e\xe1@\x89\
y\x17\xaf|0\xd5\x1a\xef\xb7\xba\xed{\xc3UU5\
V\xab\x91\xc6\x9c4\x1dm\x8e\x22\x5c%\x05\xdfK\xf8\
\xd1\x9cdAB\xe6c\x119\xe8\x9e8i\xef\x09\xd1\
T\xe17\xc1\xf1\xeb\x16\xddg\x09N\x7f\xb3\xd9\x80\x01\
\x00bP\xc8VS\xc6\x0c\xc4T\xbbk\x17\xb5\xca{\
R\xb4Tlvp\xdc\x0d;;\xd7\xfaL\x97+\xd8\
\x1bY\xe0=\x96R\xe5&6b\xe4\x87\xf5>\x00\xba\
\xde=^\x81\x88\xf9/\xe0.!\x9a\x10\x9a\xef\xe5\xc8\
\xfc5\xe0\x025x\x0c\x19n\x01A\x89\x80\x8a\xae\xae\
\x1d\x5c\xf1<'\x89\x006=\x8e\x93\x1d\x86\xe0\xeb\x80\
\xc6:\xd2\xa1l\x1c\x08\x95\xf07\x82F\x5cN\x10r\
Z3\x99\x19\x02\x980\xfa\x93\x03\x14$\xed\xcb\xf3\x85\
\xb2v8\x12\xcee|\xce\xf8\xc94\x13\xc0c\x0d\x84\
D\xdd\xdf)\x8f\x5c\x22\xba\xf7;\xce<s\x91\x86\xc7\
\xd9\xacM\xf2'P\x054j\x98\xd7\x1f!\xd1\xfa\x1a\
0\x11*@f\xc4pK\xe0&H\x9b\xbc\x06\xdd|\
\x18\x83\xf0\xd9\x07!\x99U\xa9\xf6q\x89\x99\xc1\x9b\x9a\
\x08\x1c\x11\x9a\xd2\xe2\x1e\x1d\xdb\xbc\xe9p\x8e\x10A\x84\
:\xa7s9d\xd5sc\x14\x17h\xdaLf0\xc2\
hv\xdd\xc3u$i\x92\x06\x1cu\x92\xa5=\xcf\x09\
\xdb^\x05\xe5\xf0\xbe\xc1\xc0\xa9\x1e\xd2e\xd0\xbe\xc1\x8f\
\x83\xd8\xd6\x8f3Yh\xf4\x0f\x13s\x02\x8f\xb7\x13\xf7\
\xe3\xe2\x22_\xea!\x80\x9c\x90\x0d\x09\xdat8\xaaS\
\xdd\x9b\xd1\x93\x17\x0c2b\x14\xbc\xbb^\xf2K\x07\xe1\
)\x8d\x00\x8e\xd6m\xef\x8c\xed\xbc\x1f\x01\xe0rw\xa7\
\x0d\xcc\xbc\xba>&IRwZ\xfef@n\xf4T\
 \x7fw\xd6\x13_\x82\xa1\x1c\xb5M8~\xf5\x84A\
\x15]\x91~\x85\xdc\xc7L\xf0/W\xff\x00\x18J#\
\x12[\x8e\x8a8>W\x89\xfa\xd3\x83\xb2s\xc1\xebf\
4@\xa5\xf5\x90\x92\xe9\x1b\xd5xa\xa4\xf4\xc9\x96,\
u$\x89\x8b\x01\xa3Y\xb3\xa3\xd7\xacf5\x88\xa6\xb8\
;\xc9rk*(\xe4'\x02\x93\xc98\xce\xbd\xe3v\
e\xa2\xa1y\xe6e\xfe-P\xe9\x8ef\x02\xc3\x18^\
\xd2_\x145\xaaLhM\x0d\x10\xcb\x1e\xf9\xfa\xc0\x19\
j\x0b,=\xcc{\x9ar:P\xda8$\x0a$\x91\
\xcc\xbb\xf6\x1ffU\xee\xeb\x09\x89_l<\x1a\xeb\xcb\
i6\xde\x8c\xfcu\x8aU\xc5\xcb\xd9\x88\xc1\xf7\x95-\
9\x9c\xef(\xd1\x9c\xcc\xa3\x10\x14\xaf\xd9Pr\xed\x7f\
}f\xf7\xaf\x01\xac\x7f\xbcPp\x18\x0dGi4\x8e\
5,\xc2\x01po\x03N3&\xd9\xd6\xee\x0f\x08\xce\
\xf2\x96S\x1acz\x1d\xc2\xd9\xbcO\x06\xaf8\xda4\
\x10\xbe\x01N[\xa7\xa9\x83S\x7fS(\x81\x88\xe9\xc9\
E^q\xa1\x0d\xa1\xee\xde\xb3@\x8b\xca\xfa\xfcd\x1b\
\xb4\xa3\xdc\xf9\xc9\xe6\xd6\xf2\x95@W\xadb\x1c\xbc\x94\
\xec\xc5vf\xf0\x85\x01\x87X\x11\xb3E\xcb\xa6\x96\x0d\
0c\xb2\x9b\xd4;\x18z\xafYY\x88\x0e5^\x9f\
.'D|5\xe40\xabx\xf9\x10\x93v\x8a\x9e\xd9\
\x91\xd6D/\xb66\xbc\xe5E\x97U\x98\xe2\x22gK\
\x91\x8d*\xf58\xc0\xc3@FE\xb1\xce$,\xa7\xc0\
q\x8e\x08O\x06(F\xc3\xd3\xea\xd0\xf8\xc6\x99\x80\xaf\
\x0d\x90\xbc\xeb\x17\x18HX\xeb\xfb\x97\x0a\x95\xe3\xb5\x95\
>')\x8a\x14\x0c\xa9Ya\xbb\xe7\x93!\xef\x06\xae\
H=k\xdb\x7f3('\xec\xecz\xed\xd6P=\xde\
7\x88\x5cP\x85\x8d\x93\xd9\x8d\xb4\xd8\x04\xe7\x97\x00\xac\
o\x1c\xa3\xba8R\xbf68\xa1\xa5\xcd\xa3\x15\xaa\x5c\
\x98\xac]\xa6!-#:Iq\xba\xb0\xba\x9a\xfe\xb9\
8\x1a*PpW\x1e\xfd\xde0\x05-\x05}\x1a\xc4\
\xf7\x817\x84I8o*\xe3}roN\x8f\x9fF\
!\x1fe\xd6\xf3n\x03Z\xd4\x88x\x92\xe3\xc3\xd8\xb1\
\x06\xe9\xfepLZ\xc0\x03\xe8\xc9q\x0a\xd7\xca\xee\xf9\
%\x10\x15\xe0!\xe6:\xd7;0\x1b\x0f\xab}\xb8\x1a\
\x82\xc2\xbf\x06\x03\x02\xbbh\xc1\xb6\xe22\x89\x1fO\x80\
\x88\xa3\xfc\x07\x97\xc4\xaaCP{2\x87\xac\x1d\x89\xc5\
\xbf\xa7\xf6\xf0E\x0b\xc0a3\x0a\x88\xef\x89\xef\xe3\xe7\
\x0f\x1bq\x168z\xe1\x01\xe5D\xf2\xec\xea\xf1|(\
\xd5u=\x17\x9c\xe3\x08%\x82\x82\xcb.+:\x8a4\
\xbff\x09\xcevq\x8a\x10*\x02J\xdd\x0d\x07\xa3\xf8\
pA5\xb5\x03z1\xabZb\x12\xc7i\x9b\xab\x94\
\x04\xdd\x13G[\xee\xe3)h\x85\xa6\xa1\xc7\x96\xf06\
\x8b\x11\xc1\x81\xdar\xe76\x81\x806\xd0\x03]a\x10\
\xaa\xca\xb4\xdb\x1b\x80\x80|\x19#\x93<%\xed\xff\x00\
\x07.\x5c\x0db\x13\xfd'\xc6\x0a\xcf2\x83\xaeux\
~q\x5c\xd1\x9a~\xc2\xcc\xe4\x1e\xa4\xeeO:\xea\xf8\
5\x1c\xc1wd\xd0\xb7\xa0\xf1\x0c\x86\xb4\xdd\xdf\xac\x07\
l\x81V`\xb4\xe4\xd7\xac\xbb\x92y\xa3D\xbfe\xd6\
u\xc4Bl\x1c_\x11\x0d\xfc\xb5\xce33\x13\xf0\xb4\
\x84;\xc4\x9eZ\xb6\x04\xb2\x8ab.\xb5%(\x84\x9e\
\xdb\xa7!+\xad\xe1cGv^\xc3\x0a.}\x80\xe5\
<J=\x9e\x1a\xac\x98p2\xd3\x1d\x01z..\xc8\
\xe1\xdd\x02\x12\x87=\xef\xe7\x00pg\x0bE\x01/\xae\
Y$C5LM\x0c\x14\xc2\x93\xc8o\x1e\xabx\xba\
\xc1\xa0C\x11\xccf=\xe1\xad~\x0cmG5\xc9\xce\
<p\x1d\x83?e\xc0\xfb\xcbx*\x050wC\x9b\
\x95i\xedO\xf7f\xf9'D\xf4=\xff\x00\x83\x04`\
\x03\xde.\x0fpV\xe0\xd2\xac\x1b\x9a\xec\x1ds\x81{\
#\xc7<\xd7\xacZ\xce\x0b\x11\x1dW\x8d\xe4\x8e\xdb\x12\
\xab4|wp\x00R\x87f:\xd1(\x85\xb0\xb8\x1d\
i3Z\xd6Y\x89\xa3o\xc7\xacU\x8a\xe4\x8a6\xb4\
\xf1\x80\xcd\x058\xc7 p\xdcC\x07\xa7;f\xf3\x87\
g_-<\xe0\x1f]\x0a\xf1\x8fQ\xd4\xd4\x10 \xeb\
\xef.\x87\xaa,\xe2\xb9\xcd3\xe8\x80\x1a \xc3\x1a\xb6\
w3G\xae0\x0a4}\xe1\x15}\xef\x07)\xb9k\
g<\x98\xd1\x9e0\xcf\x0b\xb0\xc4\x0df\x97\x9e\xfd\xfc\
\xb8\x102lM\x9c\xe5\xc0;R\x16\xc0\x86\x7fw\xee\
\xa1z\xc8KM\x0e\xd0\xea\xb8\x94\x1b\x8e\xab\x0b\xc5\x9f\
\x1e\xa6\x091\xbb\x94\xb7\x8bsEX\xd0\x93\x92\xfe\xb1\
\xc3xnZq\xd8\xfe\x11\xeb\x06@\xfe\xd4\xeb.\x82\
\x1e\x02\xdd\x9e\x094S\xb0f\xbc\x90b[\xd2\x80\xe4\
yj\xf1\x8a\xd5-E\xfdbQ\xb2\xeb\x90\xd6|x\
\x1aI\xc2\x8d\x22p\x98\xca\x8a\xc2i;/\xef\x8dZ\
g8\xcd`TR\xdaN<2\xcdH\x05\xd9\x0b\xc7\
\xac\x1a5)\x7f\x1f\xc2\x94h'\xc2\xe4Y\x14\xf9\x07\
\xa7\x0a3S^\x0d\xb7\x5c\xb9\xd3^\x19\xa6\xde\x9e0\
1\xdc\xb3\xf1\xce0\xe8\xf9\xc7\xbba\x86\xae\xb0\xb7%\
\xd8)\xf81WXU\x00\xdd\xd6s\x84\xf7\xf8\xc2\x81\
\x0aE\xadn\xf2\xe2\x92\x9at\x8d1b72\xd9u\
r\xbfXd\xed\x07\xfe\xbcm\x05;\xa9\xc2^f\x9d\
\xff\x00\x02i\x0a;F\x8f\xd7\x81\xa6\xae\xf8\xcf\x89\xb3\
4\xc2}\xf7\x92\xd3\x7f:\xb9\xa0\xcam\x00(\x15C\
\xa7I;\xc0\xc2\x98\x92\x04\x17\xf9)i\x83\x13P\xaa\
\x9c\x81\xfex\xc7\x16\x9f\x8f9\xc4\x18c*\x0fb\xb4\
\x86\x91\xcd\x82\xf5\x0e\xc9\xef\xfcx\xd4\xe3\x11\x90\xc6\x22\
\xad\x9ev\xe7\x11\xcc\xec\x16\x84#\xf2\xe0\xda\x1b\xc4\xa4\
&\xd9\x8c\xa2B\x8ci\x82\x12\x85O\xa1\xb1\x80\x14\xb0\
1\xd1\xbd\xdcV\x90\x98\xb2\xc1\x0a\x0d/\x03\xb7\xe3,\
\xd3SJ\x11\xc8\xca\xef*\xc3\xbb*\x94\xae\xf1>\xc0\
C\x19\xc0\x9e\xb2\x18\x09\x80\x16'Fh4Z\xb6;\
B\xccC\x03\xb4C\x0e,\x07\xd8s2\x05\xa4\x0b\xb8\
\x18w;N}`\xd2\x08#\xb5\xb0\x93u\xe3\x1dp\
=\x86\xacg\x07\x1a\x99u\x81\xa8\x15\x07\x01\xa9\x84\x05\
Et\xa1\x07\x1fh\xae\xda\xb8\x83\x1bHK\x17:\xef\
\x1dh\x046!\xb2\xfb\x98qr;\xdb'\xcf\xeb\x10\
>\xd4\x1b2B%\x09h%\xdd\xb7\xd6\x10+\xb4=\
\xb8\x8b\xacG\xba\xbf\xd3\x96\xf3\xe8B\x08\x9b\xee\xdds\
\x859x\x9d\xd5,|2\xa2v\xc4R\x88\x19\x1f\xe1\
\xb8\xec\x07\xc0u\x85\xd2\xfa\xef\xbc\xb7~\x8dbM\xd3\
/\xc5\xcd\x0e\x16\x036\xe6=`\x00\xa5\x82\x1do\xd7\
\xceT\xb1JG9\xce\x96\xcfW\x01\xee\xeb$J<\
\xc7\xfe\x00\x18\x0c\x00\xa5+\xf0`\xc9\xc2Q>1\xe0\
\xff\x0081\x93\xa8\xa1\xb5N\xd7\xc8\xf3\xac7\xdf\x88\
ev\xef)\x92\x83\x17\xab\x9c\x0d\xc8M3\xa6u\x88\
\xdd\xf7f\x12P\xa5=\xa4\xf6c83d\x95x\xde\
u\xf0\x17\xb5\xc3\x8f\x12V5\xd4f\xfe}\x18\x1f \
J\x8aw\x9c\x18\x1a\xb0\xf9\xc8:\x14R\xee3\xd6/\
\x04{\xef\xcb8\xc7\x02L\xc4\xd9\x01\xb2^\xb2\x1ea\
*\x08t\x01\xcb&\x0c\xe6\xf1\xbf\xce\x0fz\xe6\x1dY\
,\xf0\xd3\x1e%Ja}\x5c\x15z1\xcc\x91tT\
\xec\x1f]\xf0\xc0\xd4\x90\xa7TE\xad\xfc\xb9\xa7\x94\xdc\
p\xd2E\xe2\x9c\x5c\xd9\x97*[\xef\x85\xf80\xf2\x0d\
\xae\x86\x9c\xcb1\xbb;M8\x1c\x0d\xd4)^a\x8a\
F\xa2\x95!\xea|\xe5\x0e\xa7\xc9\x9a\x84[\x81\xc1\x95\
Q\xb7\xd6\xc1\xe8\x0cc\x8f\xc9\xde0\xdb\xc1\xc3)\x09\
3d\xb5)\x9a\xadw\xaf\xa9\xef\xde\xb10v\xedE\
o\xa3\x7fw\x1cLX\x814}u\x87\xd1 -G\
n\x86\xbdd\xf0-\x06xj\xdb\xf8f\x05\x95\xad\xc2\
\x81\x1b\xd6\xb4bP\xae\x9b\x89lS\xb7\xa3\xac(\xb7\
\x16\xfb\x0a\x0bR\xbbq\x95\x9a\xc7\x13d\xbf\xa1s\x81\
h\x8au\x81\x80h\x11>\x9b\xe7\x0a\x014.\xd0\xe3\
(\x1bv\xb5}\x18,\xeb5\xa34\xe7\x90\xed\xa48\
\x137w\xf9a\xf0\xeb#\x08\xe9p\x8f\xecB\x1a\xfe\
\x8c\x1c\xddr.L\xdc^L\xab\x93!\x11\xdf~4\
\xea\xe1\x07w\xa3&.\xa8\xd2\xf5\xcf\xde\x02\xdfn2\
\xbb8\xdcj\x7f\xbc\xb2&\x83\xce\x0d\xab\x90=\xf6\xa7\
9\xbc\xdd\xc9\x80\xdd~\x83\xb9\x92G\xdcw6\xd3\xe0\
\xf7\x87\xc05\xd3\xa0\x89\x0dW\x95\xc1\x5c\x01$\xa7\xbf\
\x8c\xa7\xcb\x94#O\x8ef\x17F\xef\xe7\x9c\x0bI\x87\
Q'\x91\x10\xe5\xf5\x0f\x877K\x1a=\x05\xea\xe3\x1d\
\x8a\xe1\xec\xef\x1a\xb2+\x0ddE]U\xcdY\x10t\
\x9csp\xd1&{\x97A\xf1\x8c-\x1dl\x0f\xe4\xce\
9)jb&\x9d\x12\xb0\x1a/\xb0!\x94\x8c\xa2\xe1\
A\xd1Z\xf8\xea\xf7\xae<7\x89\x82\xb0X\x1d\xf8;\
\xdf\xfd\xe5\xfe\x0a.\xb2<\xcb\x82)v$oF\x97\
\x00\xd6\xe7\xc3[2\xab\x9d\x99\xaa=k\x9b\x80\x195\
5y\x04\xc8F\xf7@\x1d\x8f\xaf}<P\xa9\xb2\x8f\
]\xe5'\x9dmNx\xf0\xb0.J\xfd Yw\xd7\
\x19\xb1\x02\x9d\xaf_8\xf6>GY\xc33Xn9\
85\x9a\xea\xaaLA-\xb0\xeb\x15M\xa1\xeb\x8c/\
2\x81\xb8E\x8f\xc9\xdeob\xc0\xdb\x97'\xb1\xc8\x04\
j\xd6>\xe8\xa9\x817D\xef.\x9dU\xca9\xf0i\
\x0cz\xc5\xe13\x98\x0c\x06\x89~_\x9c\x978\x13t\
\xdehZmu\xdej<T\xc6\xb4F\xfcCJ}\
\xe07G\xfb\xc6\x1b\x84\x8e\x8c\x87\xb4\xe5\xc9{\x99.\
\xf0\x8d=\xe1p\xc9J\xdb\x8b\xb8\x12R\xbc\x17\xc6\x08\
x\x03jz1\x88\xc5\x81\xedX\x1eJp\xe4A\x08\
=\xa8JC\x9a~\x0e9\xbb\xb0\x80\x8d\x08\xe7QN\
\x1c\xa4\x92+\xb2P\xc1\xd0\x1b|\x92\xd7R\x99\xd8'\
<\xcf\x8cm\xc1\x9d\x5cNX\xaf\xf0\xb3X _m\
f &q\xcb\x08\xa8<&\x9118R\xf3\x91Y\
\xf4\xfd\x9c\x15\xde\x19\x8b\x8a\x98\x12\xc9\xb7\x90H\xbd\x5c\
\xad\xbd9q:W\x10m\xc1\xe3\xdb\x94cA_\xaf\
nV\x97V\xcccF\xc2\x22\xd4#\x97\x8d\xe4\x04\xc4\
F\xa6\xc0\xfa\xdeP!1\x0a\xdc\xa2\xab\x5c8\xf1a\
\x03\x86,\xff\x00\x19lu(\x8b~\x0erk\xa0\xa1\
\x0d\xfa5\x13\xd6\x12\xfa\xba\x19\xd2\xed2:\xd2-\xd6\
Xo\x0d\xd2`|\xcc\x1eR@KCm\xe8\xc3^\
\x15\x85\xb3\xa0]%\xc5|F\x80_z\x8e6\x10Q\
\x09\xc6\xb5\x8aM\x8e\x8e0'\x94\xa0\xbb\x11\xd6\xbeL\
\xbeF\x0co\xbc\xe3 \x92\xa9\x05\xb0\x8f$\xd6\x8c\x22\
M\x80\x00\xa8\x07t\x9c\xe2h\x5c\xe4\xfd\xb1\x9cN\xfd\
\xeb\xc16m\x87\xe8\xc8z\xc5a\x12\xa6\xac\xd1W\x00\
B[\x03\xbf\xe12x\xda\x9e\x96\xc1\xf9v\x81\xda\xe5\
}\xd04\x87\x9e\xff\x00g,/#\x1f\x90\x22\xdbV\
z\xf1\xc7L\xd6Y\x9b0.\x8ft\xden\xdbw\xce\
\x08@\x0d\xe5M\x91\xeb\x03t\xfdo$\x81P\x1b4\
\xdf<o\x06HrG\x8e;\x98Z\xd8A\xab\x0a\xe2\
CZr\xce\x06\xf8}}\x7f\x15o\xe0\x0b\x91\xc9>\
\x1b\xe1[\xf7)\xa3\x97\x9f\x1b8q\xb0\xa2\x0e\xf8\xb3\
{\xf6\xe2\x1c)\xb2\x1b^\xff\x00\xea\xe5\xae\xaeh\x00\
p\x06\x83\xa0\xc8hz9\xf1\x1c\x1b\xe7n\x81W\x18\
\x10\x9b2w\x96\xcf\xcb;\xdf\xf53E\xe5\xa0\x9aL\
\x0c\xeeU\x97.\xc0\xd2z\xba\xb3\xbc\x94d\x00\x9b\xc1\
\xa6\x1frp\xd9\xa6\x8a`s \xf4\xe1D\xc1\xe9\xa2\
\xfeF\x03\x16-\xb3\xeb\x80\xc1R\xdar{K\x0fX\
\x9b\xe9|\x1e\x059i\x1a1\xedb\xa1Dp\xe3d\
H\x09k\xbb=a\x9c\x8eP\xa4\xd8=k\x1eG2\
\xf1\x92x\xb8\x03\x0e\xc2\xb6k\x00\xe1\x82OS\xf6\xd5\
\xc4\x02\x04\x1a\x9b]\xe2@\x8c\x8b\x03z.nF\xa2\
\x0dH\xf7\x85T\x14\x0a\xea\xc3\xce\xbe\xef\xf5Z\xff\x00\
LE\xac@v\xd89\xf2\x14UWG\x85~\x9de\
c%\xaal4~\x0c\xa2\x87\x18\x92\x93\xb9)y\x97\
\x11\xe84q\x89s\x8b\x89\xc0\xde4=\xd3\x18,\xc0\
\x0b\xe8\xf1\x08GS\x9e\x16\xe3\xd04\xe5\xbc\xe0\xc0\x80\
tB)\xc0\xfcc\x92\x90P\xbbF\x0d\x98%\xde\xf2\
;12\x95\xf0\xf5\x90\x88\x8b\x18\xd2bI\x17\xb6\xcb\
\xd3\xf2c,&\xb4Y\x8d\xcc\xd6=\xbb\xa3n\x1e\xb4\
\xd5\xba\xed\xd6\xb8f}\xbb\xfe&$F\xd0\xfa^?\
s4\xc6\xc2m\xa0\xd3\xado\x16\xc8L \x84mv\
S\xd4\xfb\xc6\x01z=\x93Z3\x9f\x17NY\xa7\xb5\
.\xfa\x87\xc9\x814\x92Yh\xcc\x87\xa2\x1a=\xe0P\
\xb0$v\x95\x9f&\x8b\x9c\xc5D\x11l\xcd\x13\x84\x93\
F\xa6\xb0\x0e\x1aP\xa3\xb0\x81b\x13\x04\xf2t\xd1\x13\
.)p\xdbN\xb8\xc2i\xaf\xb3\xc2\xb0\xc6*=;\
\xc8\xd8p\x1e\xdb\xa1\xbf\x85\xcd\xec\x9bu\xa7\xc7\x06\xe5\
o\xdf\x92\x9e\xf3\x9cQq\xed-\x87B\x82\xf4\x01\x96\
;\xe0\xad\xf8\xdeH4\x88'\xb6\xd3\x9c\xed\x00\xcdB\
\x9f \xd6\x07\x879\xc3\xa7\xd96g\x0e\x07P/=\
\xafp\xcaW|\xe6\xe4\x87>\x03g\xa2>\x12\x8e2\
\x83\xf8#\x98\x15S`\xcc\xdc\xb4\xd9\x91\x014xE\
\xd36u\xe4I\xf5\x03\xd2\xf3}\xde\xb2\xf6\x0b\xbcU\
\xcb\xa4\xc5\xceE\xea\xe9\xd3\xce\x0a\xb30t\x1c\xa1\x86\
\xa4\x1av\xe8\xd1|\x15\x08\x02\x9c\xcdk\x0co\xb7n\
\xf0\xcc\xaa:\xe1\xd1y\xfe\x0b\x84XeV}\x1f>\
\xb1\x99\x0d\xa5K\xceh\xe6\xe4-\xe5\x1ap'&\x04\
Q \xe4\xc1o\x22\x1a=dFbf>\x22Dp\
\x02\x0e\x1b\x1am\xc4@`f\xb4\xca\x1c}s\xdb3\
^]AR\xb3\x1fk\xaa5W\xbc!\xcf`\x0dY\
\xab\x81\xd8\xfc%\x12\xd8\x8e\x14!M6\x14\xa7I\xa8\
2e\x8e\x9c\xa4\x15\x18(\xae\xcc\x8e\xfc\x01p\xe2%\
\x11\xd3\xb7$\xb8\xf5\x0f\x0fh\x00\xe3\xbdm\xef\x11W\
\xde3R\xf1\xbb\xef\xc6\xc9\xe4\xb0e:\xf7\x9b&\xbf\
\xaeAw\xf6\x9b\xc7\xed2\x1e\xdc@\xd6\xac\x0a\x8e\x85\
\xf8\xb8\xc1\xa3\xe6a\x80\xb8\xdfH\xe1r\x84v:\xbe\
\xbb\x98\x0f\x96=\xa0=\xdfA\xeb\x1b\x8d8\xfbK>\
r\xb2'6)\xc5\x0e\xafX\xdc7C\xd3\xaep\x04\
o\x13\x14\xdf,\x0cq\x0c\xb0\xf4T7\xeb\x10\xbb\xd0\
\x00\xba\xaa\xe0LF]\xaa\xe3\x97a3O\xc3\x92W\
\xc4A\xce\x86\xefW\x98`\xc75\x92\x96\x0b\x8bg\x03\
\x9e1\xb0\xd7l\xfa\xc0n\xe2\xe3\xe5\xf5\x95\x0fNB\
\xf6\x85\x22\xa9\xa78\x11L`\xa9}\x98\xa9\x10\x11j\
\x1f\x1a\xf7\x87\x95\xce0\x93Km$S\xdad\x1eY\
\x80\x98\xa5\xc3\x07j\x9a]8*\xab\x80\xb6\xc4Nu\
O\xaccEH4\x1d\xaeB\x13\xf3\x81o\xc1\x9d\xbc\
\x13-*\xab\x93A\xeb\xdf\xbe\x1cC\x80\x14\xc4\xdc.\
6\x04/\xb7nWH\xd8T\xe6\x10\xa5v\xe3\x16U\
4\xc9^\xe6\x90=|\xae\x86\xdcK\xfdZ\x1f\xd3\xaf\
\x5cL\xb7\xf8\x85\xe0\xce\xc7L\xbf\x8f\xe0\x86\x90CA\
\xcbw9\xf0\x02\x11E\xe9\x89\xb3\x06\x11\xd2\xd1\x1d1\
\xbb\xcd\xdb>\x1a\x86\x0b\x8az\xf4N\x82\xb8\x8f\xc01\
]\x18\xe3\x87\xe2\xb5[!\xa9\xcb\x1b\xf1|\x09\xe0d\
\xc1>\xeeE\xeb@1\xc9\x89\xc1K\x1c\x866\x1a\x08\
3A0@\xee%\x89Ym0&\xf7b\xe2\x02\x08\
<>\xe6\xb1\x07\x9e\x85 ~W\xc6\xa63_[\xb6\
b\xd5\x0cD\xf7\x0d\xe0\xbak\x8dBu\x8b\xda\xa1T\
u\xe5 C\xd6\x1b\xdb\x85\xe8\x86]\xc8J#\xd4\xfb\
\xf03j\x0e\x08\x83\xc57N3`m\xb4\x9a>\x9b\
\x90\xb5\xab\xa0\x8d\x11;\x5c6\x0f\x01a\x03\x07f\xb4\
\x81\xd2\x8b\xe9+\xef\x06\x0f1\xa4\xd9G-\x07\xa1w\
\x03\x1dN\x1d\x93\xa3w \x97\x0a\xe1+L|\xdd\xe1\
\xe7e\x94\xdbe\xfe\xdaf\xf5\xb6\xd2\xbc\x1e\xb3\xbao\
fh\x0e.S}^g\xce,\xf6\xc7\xb6\x10\xac-\
\x99R\x8d\xaeL\xd7n.\xd9]h\x85\x1az1\x0b\
\xa3\x84\x22\x8aS\xdc\xe3\x19Q\xc5V\xe4?q\xfd\xb1\
R\xe5\xf1<9*EK\xbf\xde_\x0e\x90\xcb\x07\x07\
\xb7\x0a\xa8\xd1\x8f\x86\xf5\xc1\xe2\xe6\xac\xf4\xe4S0\xab\
\x03\x22\x87r,4\xe3\xacQ<\x11\x0b\x16en\xb4\
\xcc\x93\xad\xa5\xcb\x8b\xbd\xdc\x01\xae\x81}\xe9\x86oa\
?\xd8\xc7\xb4\x80\x0a\xee>s\x00\x05u\xde\xbb\xcd\xe3\
\x05\xa09\x09\xda\x0d\xd4b\x0a\x04\x1c\x8f&$'V\
\xe1#\xeb9\x22\xe4([\x5c\x0c5>\xf6\xea\x175\
H\xd3\x91\xef\xe7\x12\xbc\xa8\xe2V\xb34h@\x8d\xaf\
\x22\xfa0\x83-\x13\xa3\x0e\x16\xf4Y\x94\xd7U\xe7\x1c\
4%\x07\x01\xba\x87~\xb3]X\xe3\x1c\xde\x9d9\xb6\
\x06n`\x18\x81\xa1M\x81\xda\xf93S|\x146o\
J\xfa0p\xa6~j\x9c\xfdf\x90D\x0ah\xbd\xe0\
-HV>\xd7\xa7\xac\xfa\x0d\xf9\xdc\xb3\x03\x96\x07\x04\
M\xc4\xc7\x0b[U\x9f\xe3\xd7\xf0;\xd3Q\x9d/\x1b\
\xfa\xf1\xb0\x08\x8a\x99\xbf\x8c\xd3f>\xf3\xd0\xeb\x1f\x9b\
\xd905\xed#\x19N%\xc4\x90\xdb\xe6\x5c\x05\xef\x90\
\xe1\x1e&SCl;\x82:z}8\x5c\xc3F\x95\
?\x22\xef\xdf;\xf03\xa4\xd0\xc4\x0a\xd3zq\x11f\
\xd7s\x94\xef\xc1\xd7\x01vp/X\xe5RRl\xc4\
%\x8c\xe4\xb4\xd7\xab\xc9\x90=\x92i\xce\xf0\xdc\xc2I\
\x85\x86\xd5\xd79$p)(\xe2(\x0d`\x96>\x1f\
.[\xb3\xdbq\x07 \x09Q1g\xb2q\x97\xcb\x8d\
P\x03\xc9I\xa6\xd0\xce\xab\xd8\xc6\xac\xb3 q\x19]\
\xf7\xa8\xc3_\x19\xa1\x86\xcb\x88\x10S\xd9\x7f\x80\xaa\xb0\
\xe3\x83\xc2\xfb\x19\x7f\x06J\xc8\xf7_\x8e\xb2k3\xdc\
\xbf\xe0\xc0\xa8\x81:\x09P\x9fl@E\xac-\x94\x1d\
\xbe\xdf]g\x11\xdb\xcb\xe97\x85\x15\xa0\xda\xbc\xb9\xf8\
\xcfb\xf9:\x19\xbb\x9b\xd9o\x87\xb9\xc6B\xe1y\x92\
=\x90\xe3%\x8da\x804N\x08u\x84b\x22e&\
:W\x91\xe6\x1b\xf9\xf0\xa2\xf8\x14\x92\xed\xb5\xc8\xd9j\
I\x16\x04\xf7\xdc\xf5\x9a\xc1:c)\x8f2a*P\
\xd1\xbe\xdd\xb8\x11\xe2\xba\xb7\x09\xe2/\xc6h\xa4\x93\xaf\
\x04\xa8>'\x84 \xa2\xa5)\xc6\x9e\xb2\x83\xd9$\xae\
':\xee\xe0\xb1C\x9eY\xe3Q\xfd\xd8S\x85\xf7\x96\
\x9d`P\xdf\x09\xc1\x89\xdb\x00TY\xbc\xdc_\xc9\x9d\
%J\xfd\xe4\x09b5\xdbmW\xe34\x82\x15\xa8w\
5\xef\x9c\x13\x00\xa7\x1a\x02\x9f^\xcf\x97\x17\x1f\x9a\x91\
\xa7e\x9c\xbb\xe5\xc2\x83]9\x97\x86s\xaa\xb8:\xc7\
5/c\x8b\x8c\x11\xe4\xd9\x8cr\xd8\xa0\xedB\xa0=\
s\xbc\x15%k\xbc\xa3\x87\xa9\x86\xbe\x10\xb2h_\x86\
LP$H\x9fS\x95qi\xe8\xec-\x04\x95\x9a\xc8\
\x10\xa8\x12\x90W\xe2a\xab\xe0\x89k\xa7\xb2\x18F\x9e\
g!\xe7\x9c\x07\xfa\x0eNM0.;r\xb4\xe2\x80\
\xd7\xd7\x16\xe1/\xdc\x0ds\x85>u\x89\x06\xcf\x1b\xf4\
k\x0b\x81\xb4\xce\xbe\x1cN\x12\xb5\xc8Q6\xfd\xe4m\
!G\x83\x82\x11\xb8\x07C`\xba=\x18\x92\xa2\xd9y\
\x07X\xd3r\x9e\xe4\x00\x19|+i\xab<\xe8\x01\x17\
~\xef\xbc\xd5\xef\xbf\xb0r\x87p\xe7\xe3\x07\x1a:=\
\x5c\xb1\xd8\xbc\x0f\xed\x81o\xf1\x90\xea\xder\x80jN\
\x10\xf7\xfeF\x13\xdf\xf2CFE\x89\xce\xfc)\x95\xea\
f\xa2\x08\xe2&\xdb/\xf5\xc1Q\xfa\xf9\xc9)!>\
Q\x22g\xeaq\x8dUH\xd3k\xe1\xcd\x04\xf9\xc5\x8b\
\x86\xaa\x8e\xfd?Y3\xa0O@\xbc\x5c\x98\xcc\xc8y\
-\x8eo\x8b\xe11\xeb\x8e'\xf17\xfbs\x96'F\
\xa9oY\xb8\xd6\x01o\xbe\x0c\x88\x9e\xabH\xe9\xdeQ\
\xe3\xe9\x94\xed\xb9\xd7\xa9\x96c\xee\xe2\xe4\xba\x0ad\x85\
\x02\xa6\xd3\xb1\xb98\x98\x8c\xe5\x04\x1a\x17\x81\xf9fR\
\x8b\x16\x1fx\xfe\xf7\xa2\xeb\x18\x0f\x06D\xd6\x8c\xb6\xab\
w\xe3\x9e\x1cj\x9b@\x9f\xa11\x86O]\xfc\xcd\xe2\
\xfbP\xd7\xd2\x9b\x99?e8\xabI\x1c\x1a\x0d#\xeb\
\x18\xd6\xc5\x1a\xb6\xa4\xd6\xdcz\x1c\xfam\xe1I\xd2\xf1\
\x83Y\x16\x86\x82\x16\xe9\x96b4giH#V\xed\
9\xcb\x0a\x9a\xbb\x13\xbe\x87\xa7\x10\xe7n\xae%c\xbe\
\xf1\x80\xd8\xb8*)\xe2\xf0\xc5\x07B+\x8d\x94:9\
j\xcc\x8eh2J)^\x10\xbd\x1f\x19@j\x88\x1a\
\xd1.\xfbr\x8f\x00j\xa6\xcb\x81s\xfc\xe0\xdf\xf5\xc0\
\xb4V\x86k\xcf\xcf\xc7\x88\x10n\x04\xf6\xeb\x22AD\
\x08\x22\x8d~<\x82\x06\x90e]>\xccU9b%\
q\x1b1\xc9E\x07M\xd2\x5c\x0du\xf4\xc5&\xdcO\
Z\x1cb\x90\x0d\xf0pxI6l\xbc\xe4INJ\
}x&*i\xac@\x11[\xf0p\xe3\x0e\xb3Q\xd7\
ne\xdd\xae+F\xb17\x9d>\xaeB[\xc1~\xf0\
\x8c\x04jz\xdf\x0e=R\xd1\xc3\xd5\x8c\xea\x0b\x0d;\
\x01\xbf\x14M;q\xbe=\xe2\xc4R\xe5ds\xd2|\
{\xc9\x98\x80,\xa4\xff\x00\x0e\x11x\xd0^M]\xfb\
\xc4p\x87\x06\xddk_\x0e\x18]H\xae\x01\xbf~1\
j\xd0\xab\xce\xb1\xd7\x9f\xebQ\xfcg\x12\x88;.\xf5\
\x86\xc8\x8e\xc44q>\x89p q\xc4k\xae\xc7\xde\
J\xb1P\xa5E\x1c\x12\xc0\xc5r\xde$an\x86\xb3\
\xd1\xecpD\xea\x0d\xadv}M\xf8TG\xb9\x82\x89\
\x84\x14\xc9\x84u8\x0fg\xc9\xef\x1cD\xa4.\xcf\x92\
\xa9\xe9\xf1.vS\x9e0;\x9as\x9a\x19\x1d\x83\xbf\
\x87\xcb\xd6X\x0d\xa7\xd88\xc9+\xaa\xfb\x5c\x9d.\x04\
\xc5\xc9:\x86 \x17v\xc2\xb9\xd1\xf1\xe5Xhky\
\xf0\xd3x\xc2\x13T\x1et\x88\xe9\x13H\xe90\x94\xca\
\xf2\xda\xca{O\x0fN\x9f\x0dpC`%^f\x02\
\x98J\xa8m.S\xf3\xef7\xc3\x0aV\x07x\x82u\
\xd6;<\x91d\x10\xb8\xb0\x87;\xe17\xcb\xe8\xce\x08\
\xdb'\x19\x01K\x09\x1d9.sS\xe8\xed\xb1\xf9c\
^V\xd2\xa8U=\xad\xef\x0b\x86\xb7n\x08\xb3[\xd6\
tY\xaa\xb4\x22\xbf.\x12p\xd1\xa4\x22\x85\xd6N@\
\x14\xca\xe0\xe4\xf4\x90N\xdfy\xba\xb4\x96\xe0=\x93]\
\x1a\xbbJ\x17\xac.\x95='\x81{\x02\x85sW\xa5\
@\xac6\xe8\xc5S\x10,\xf2\xc3\x15K\x91>T]\
c\xd1\xcf\xc6\x19\x81\xac\xbe\x15\x1a\x9a\x9b\x13}z\xc3\
\x04*\xd0\xab\xdb\x18\x97\xef\x0e#\x02\x0a  z\x8e\
\xb3\xd6\x1a\x8a\x97\x85\x1e\xcb\xd9\x94\xec5\x95\xa2\xe0\xe0\
\x88\x99\x22>\xd2\xf32\xd8\x84\xcb\x03P\xd183\xac\
\x09JN\x04F\xd7\x8fQ\xc0M\x96\xd9\xae\x0a:\xf7\
\x931\xa1\xd0\xbc?W\xc3l\x1a\x88}&\x1e\xf0\x88\
/etA\xab\xb5\xe0\xe3\x14!\xa0U\x96m\xcd\xa3\
\xe2\xf8+\x86 \xbf\x1a\xf9-\xc9\x5c?C\x1ei\xcd\
\x84\xbd2`\xd0m\xe8f\xe4o\xcb\x9ac\x1d\xc9\x0c\
\x13nK\xbf\x0d\xec#x\xee\xf0\xdd\xeb\x9fY\xb0\x17\
6\x06\xaav\xc29v\xe0\x1b\x87D\xee\xeb\x1f\x83\x1c\
\x22!z\x0b.\x0fv\xd5\xa8\x0a!}8;\x8cO\
A\xa4\xba\x83\x87Q\x96\xac\xdc5\xc7e\xcd\x97J\xb9\
 z\x0cp\x8fh\x83\xf7\x1ce\xa7Fx4\xa6\xcc\
\xfe\xe77\xe6\x10,j\x84\xd4\xc0\x93{ \x0d\x0e\xb5\
\x1cma\x88\xad\x19\xd9\x8d\xaf\xdeA\x05\xba\xbc:\xc0\
$Q\xda\x9b\x13\x14\x83\x0bUU\xd89\xc2\xbd\x80\xbb\
t\xa65\x80\xae\xd8C\x7f\x06Ru\x93.\x04\xfdc\
\xec\xe3\x08\xa5\x13\x18W\x01! \x05F\xdc\x0b\x9c\x93\
l\xb8\x1e\x06\xa2:+\x5cX\xf1\x91\xb8C\xa3\x0aa\
'\x1a\xe5\xc9RV\xeb\xd6l4h\x86M\x0bf\xef\
\xbf\x8c\x06\xd8\xdbe\xf0\x22C\x04\x81\xc2\xd9\xadC^\
0\x95\xa0\x93X\xf7\x07\x186\xb1Pvt\xdc\x12\xe1\
*\x1d\xc3'\xf1\x05F\xc0}\xa0)\xfdr\xe5\xc9\xa5\
\x9a9\xc8M\x18\xeb\x0bP\xc4\x9b\xfa\xc4\xbc\xaep\x03\
\xed\x9b\xbeoF\xbf\x17\x00\x84@\xb2\xca\x05S/N\
8\x1b\xa7\xb2o.\xf4\x0b \x8b]e\xc5\x06\xae+\
\x15X\x06\xfd\x19\xd2 \x04r=\xdf\x8c\x86\x03H\xd9\
\xd7\xb5p\xe4\x8b\xd9b1\xf1sJ\xdc\xdc\xb6\xff\x00\
\x17\xc2\x0e\x1a\xd5\xb90\x8d6z\xde\x09\xdcX\xe3f\
\xe7\xcb\xeb\x02\xa7\x92\xd4L\x06\xa14\x1e\x1b\xc6SP\
\x1a\xdb\x01\x12\x98(\x8a\xd8j|\x19\xadH\x81cM\
\xf8J\xc3\xbb\x17\xe3\x08@\x1bS\x05\xf77\xc0Nq\
\xbfK\x88\x93\x8dz\x00\x07;\x87\x18\x83\x82\x1b\xa9i\
#\x9bp-\x13v\x12\x1e\xfe\xb1\xe2X\xd1hm\xac\
\xdaX\x10\x06\xde}\x87\x9c\x1f&T\xdc\xbb\x9fx \
]\x0aT\x9b\xd8u\x8ei\x18\x94\x0d\xa9{\x90\xf5\x8d\
\x90\x0a\x9f|i\xc36~X\xd5\xf4\x1f\x17\xde\x0d\xeb\
\xbdA\x1f!\xdeW\xbe\xa5\xa9[~\x02\xe0\xb7\xe0\xc3\
\x5c\xc2w\xf5\x82\xae\xad\x07\x17\x0f\xc6\xb0N\x85\xaa\x1a\
SOl\x99.\x80\x17\x8c\xe5&\x08\xe8\xc6{\x9c\xb8\
\x00(7\xdf\xfda\x93\xd3\xf2R\xaem\x8e\xcbE\x0e\
k\xd3\x97\xf2hP.\x8a\xfa\xc1\xachO\xb3\x85\xb0\
z\xd4\x15\xdf\x94\x92\xdes\xc9\xadq\xb3\xc9P2\x9a\
[\xd8\xf4\x13\xfb\xe1j\x1c\x0a\xe5\xe1\x93\xc8\xe1q1\
T\x05`@\xf5\xfc#D\xe5\xfb\xf8\xc62\x8aa\xeb\
\x1a\x14\xd0\x91\x12P\xde\xdda\xc1\xac\xb5*Zi\x1b\
\xd2q\x9cm\xbe\xdbC\xe7\x5c\x99C\x9e\x90\x1a!\xaa\
ri\x96\x8d\xfce\xb8\x1a\x1d\x06\x03\xa7|\x15\xcd\xea\
!\x00\xa9\xb7Z\xc4-+\x0e\xf5\xddCF\x04\xb0\xd7\
~\xb9\xc6\x98\x9cK\x85\xf6\xfa\x98\xc2n\xc6\xb0\x8e\x8b\
\xab\xb91\x8b\x93\xd0\xe4\xe9\xaf\xb5\xd9\x87[\xc7!\xb5\
\xd4:\xc8;\xb9\xd9\xc6\xddL\xa3t\xcd>\x9e\x17'\
\x89>\xc65\x01\xfaOYY\x1c6n\x14r>\xf0\
3\x8aG\x15\xd1\x9dX\xf5\x04\x8aA\xd6\x81\x8e\xdc\xf5\
\xf5\xbfX\x9c\x03O/\xae\xb0 \x8d\xb0\x83\xabQ\x22\
\x16h\xef\xe6c\x96D\x06J\xe9\x1c\x06\x92\x15\xbd\x9c\
E=\xbcx\xe1>\x89\x00\xa2\xed\xce\xb1\x03J\x06\xd8\
f\xd2\xb4\x98U\xb2\xe9{\x06\xc7\x08\xc0\xb8\x89@R\
\xcd\xfa\xe3\x02\x06f\x8a>\xccD\xd9N\x99a+\xf2\
\xf7\x96x\x9a[\xb6\xe6tw\x17\x22\x9f\x9f\x0f\xdc\x88\
J\x84B\xe8#&\x12\x05\x0b(\xeb\x97\x94\xfe\xc3\x95\
P\xd4)\x18Gz\xbb\x5c\x19\xc6E\x1e[\xcb\x8aP\
\xe8\xba\x97\xda\xf0c\x12\x86<\xf23X%\xe4NW\
\xce\x12\x87\x9c\xb7\x0e\x144k\x0a\xc5`1P\x044\
\x84\xc3\xc1\xef\x0e\xc1\x16\xbe\xdd\xe1;\xca8`Ur\
{\x98H\x09E\x9d\x82\xe3Qv\xb6\xd3\xa0\xbeP\xd6\
\xa8v\x83\xa8\xce\xf2\x8b\x19\xa9v\xae\xedq\x11\xbc\x9e\
a'\xdae\x07\xa6j\x09\xa2*\x1a6\xe4\xc0\xb8\x0b\
Q\xe5\xa1\xfd` \xd1a\xea\xe2\xcd\x8c\xd6\xcdAc\
\xb29E\xceR\x18\xdfc\xa4\xbbp\xd3A\x05\x93\xe5\
fpH\x8eU\xd1.P\x8e\xb1ee\x0a\x16\xaa\xfb\
r\x95\xbfw^\xb7\xe7n3\xe4\xdf~\xbdb]\x92\
\xaf\xbd\xe1\xca\x87&\xc0\x91z\x8d\xc8\xe7\x06\xd9$q\
\x82\x1b\x8e\x14\x80\xecE\xd3s\x1d\x85\x05\x0cfE_\
\xb3\xe6L\x14n \x10hP\x01CH\xcd\xe5\xf9\xd0\
=\x92e\xf4\xf0\xca\x06\x00\xa2`\x1e\x18F\xcc\x94\x00\
2t?\x0f\xb8d\xdd\x18:\xff\x00\x95\xfb\xcb\x0b=\
O\x05\x9a2\xe2m;\x8f\xb6\xe9\x85\xc7\xb3\xda\x90A\
\xfc\xec\xcd\xe1\x88`\x89\xd3\x1c\x81\x13\x03\xa6}\xdb\x0b\
pp-\xdbl\xde\x8b\x05\x1eL\xe1\xfb\x06\xd7\xb1M\
\xcc\xde\xfbtWc\x1a\xe1\x9a\xc5F\x9bd\xd3(\x10\
\xa8\xf3\xdb)*%\xac\x85k\xb3g\xdeX\x0b\x13n\
\xbd/\xbf\xea\xc5\xb03j[\xc0\x9f\xdaNh\xe9\xc9\
\xb0\xb2\xef\x83E\xef\x02w}\x9d\xe2\x00\xa1\xc5\xed%\
\x99tZ\x80\xee\x19\xbc\xd2\x8b\xb3\x13\xe4l\xf9\xceY\
\xabr\x14\xb4\x9d;\xce M_L\xd6y\xbb#`\
\xd7)\xed\xe7)\x06\x8d\xa2&\xe3\xec\xee\xcb\xc9\xd95\
\x8776\xce\x84;\xe5\xbe6\xbb0\x9a\xb1\x0a\x13\x9d\
\xf1\x9aT!q\xba0\x03\xe7.\xfdR\x05\xd8^\xfd\
e\xa30\xa3\x9fYp\xc3\xecf4\xb6\x00\xe41\x80\
\x1b\xd8\x9b\x9au\x85Z\xb6\x01\xb5_Fhc5\xa0\
\xff\x00ZbT\xad{|k\xaf\xe6\x09\xa3\xc1@7\
\x0c!U\x03)Ji\x12\xca\x91\xfd\xcc\x16\xeaA\x91\
V\xae\xdd\xf3\x84))pWm\x95\xc8\xfe\xf2\xc4I\
\xaa\xdeO\x0dL\x03\x8d*P \xea\x0e\xee\x22\x108\
J&G\x9c\x9d\x07\x85X\x9bE\xd1y\x99tx\xb0\
\x17I\x8c\xbfX\xd2\x12(\xdfIs\xac\xbf8\x17\x85\
\xc7Z\xe3XP\x83.J\xb4WM\x1b\x9a\xff\x008\
}\x14\xa1~\xf8w\xd3\x91\xc1\xb9\xd6AoI\xac!\
\xc1E#d!\xb1=\xe3\xba&&\xc6\x22Y\xb7\xa8\
\xe0\x15\xe1ou\xabSa\xd8\xe7o\x80Q\x88\xebo\
'\xa3$)AH\xab\xc8\x03o\x07\x0b\x09\xa9p\x1c\
\x04%J \xe6bh\xcd\x9fV7\x13\xfb\xa4\xc9V\
`:dU\xa3`\x0e q\xc0,@Ey@\xd1\
\x8b\x9c5\x12\xa8Wn\xdf>\x00jzp\x13/P\
G\xb0\xdfF\xb1n\x82\xd5\xbcjM\xec\xa8\xe8$\x93\
\x0bU\xe5\xbc\xb2\x96\xd8u\x0e\xac\xf0\x07C\x90j\xfe\
\xe9\x18p\xdaJ\xb0l\xbc\x9ex\xf7\xe2\xa50\xeaS\
c%\xad\xbeR\x82\x1eGNO\x04\x9a\xcb\x8a\xb4;\
,\xd3\x8ex\xf2\xa2\x9a.E\xa1x\xcb\xe2\xe5\xc8\x1e\
U\xb7k\x19p\xa8\x8a!\xd3\x0f[\xf9\xf1\xbf\x1b\xc5\
\x0c\xdf6\x82\x9e\x9c\xde\xc5\x11\x92C\xc6\xb87\xac\xe7\
\xc5\x91`o\xe0Y\x8d\xbd\xa8m\xca\x13JtHY\
\xfa\x18\xd9t\xf4\x9c\xb7\x1b\xaa@\x85c\x97\xf17\x9b\
\x11\x04\xd7g\xaaz\xb8\xe2\x15!`m\x07@\xe4i\
\x84H\xdf\xf4z\x1c\x05\xef\x1d\x12_\x9f\x8cur\xa0\
Q\xb3\x93\x04\x22@\xef\x93z\x97\x9c\xb2f\x18@0\
w\xe5\x17\x87x\x85t\x9a\x14\xd8<bF\x08\xea\xaa\
6W\xceZ\x9d\xc8g\xa9\xc0\x9e\xf9\x1c\xa5\x0d\xe6\x93\
a-\xfa\xc6\xe16\xea\xf1\x8c\x14[\xee7\x13\xe0\x8f\
+(\xa0N\x99\x92p\x1b\x96\xf6S8\xfc\x99\xb7\xdd\
_;\x9d~2\x91tUV\x80s\xf0L\xe2\xfc\xfe\
\xcc\xa1\xfa\x06\xb0\xc8\x9eXJJ\xa7\xa7\x93!\xbc\x88\
\x03\xd5^o\xfa\xc5\xc2#H\xe4[B\xd2bt\x90\
\xb5N\x13\xb7\xf9q\xf8(\xd8\xb0n\xddeu\xb7\x5c\
|bT\xe0\xb1\x84p\xa8i\xfe\xbb\xcbE@G\xd3\
\x85\xd1\xb8\xc2\xb8\xe9J\x9f\x01k\xacD\xee\xdd\xe7F\
\xdc\xed\xb0\xc5\xa5\x9a\x96\xae\xce_\xcf\xac\x83\x9d_H\
\xdf\xeb\x90(\xd2\xa0\xfc\x9e\x14\xc7\x14\xc9\xc3y.\x1f\
\x12\x88]\x89~\xce\xb2*\xcb\x82\x19o\xe5\xd2_\xc3\
\x03\x96\xe2\x8fx\x04P\xb5\x04\x8c\xe3z\xe4\xc2\xa4\x99\
\xa3\xd9\x80\xfd\xcf\x02T\xcd\x93\xe77r\x5c(\x90\xda\
\xfc\x86:\xa9#\x994\xdd\xf0\xe3\x07\xf0a\x0d\x86\x9d\
\xf9gN\x05(|\x02Vc\x22 \x80\xa3\xcba\x80\
\xbbM\xbaq\xeb\x98\x00\x0dw3\x96\x9f\xb6Z\xebW\
l\xc4\xeb\xf9\x18t4\x0a\xe4\xf3<L\x9dBQ\x19\
\xb37h+w\x90\x85!\x85D\x8c2\x9b\xc52`\
\xfa\x99\xa8\x07\x06\xeab6\x5cC\xcb$\xb21\xa5\xe3\
\x10\xf1\x89;\x5c\x5c\x06\xf8\x04\xf0\x083\xb1\x1f\xa7\x0a\
\xe9q\x89Aa\xea\xe4\x8e1q\x84OfI\x84]\
\x0c\xdak\xf4\xe0\xc8\x0f\xc1\xf91\xaeN\x8bc_\x92\
\xae\xb1\xbb\x1c\x8e\x1a\xb4\x0d\xea\xce9\xc2A\xcbE\xb1\
\xef\x10\xfc\x107#\xa7.\xea\xb6-\x80\xa4\xd42\x0e\
\x99\x15-\xe0\x8bc\xf6\xc3\xe1z\x04\x85\x13\xa41\xc1\
R%\xd1X\xc7K\x8er\x80\xaa\xcb9\xed;\x1cV\
\x1b\xa4\x9dNfh\x0d#{\xde\xb3\x99*\x00o\xbf\
FF\x0e=~ph&\x85\xe7\x18;9\xd1\xb8\xc9\
Vk\x0dB\xa7\xb7E\xbf34Xo!\xf1\xef\x13\
Mq\xaf\xde\xb07\xa3\xe3\xfe\xb0\x01\x09\x08\xa7{\xe5\
\xca\x04\x0bk\xbb\xf1\x86\xd2\xf8\x19@\x9b\x11\x89\x94\xd6\
\x08\x0f\x80\xdc*\xbf5|n\xbf'\x18c\xd1F\xa3\
\xca\xae\x0f\x14FY!\xb9\xb9\xb2zsZi\xe9\xbb\
2\xff\x00\x15\xe1\x7f\x88L\x89(\x13\xe0\x87\x07\x80\x96\
b\xd4\xdb\xdb\xf7\x80\xccT\x81\x07\xe7x5-*X\
{\x98\x04\xb3K\xb1S\x8d=8\xce\xb8\xea\xe7\x1b\xc4\
\x81\x96\x9d\xc0\x13\x9f\xec\xc1X~\xb3\x9cU\xaf\x82k\
\xe6\xebx5\xe2]\xder\x82\xb4znS{\xe7\x8e\
\xb1f\xaaXT=/\x85\xc8\x08\xebo\xc9\xcd\xde\x0c\
\xa5\xdb\x0bO\x96\x0a\xe0\xb3n\xe4\xe7+\xb4\x8e\xd9K\
\x8e\x83xjN\x11Z\x1eW\x11\xe5\xdc\x98\xdc\xdb\x1e\
1\xb2\xe1oM\xa7\xa1\xeed\xd4M\x89&X\xee\xb1\
\xb9\x17\x80\xedq!\x08\x01\xba\x11\x0f\x8c\xb3\xb7\x84\xf8\
H\xf3\x8el\x11\x08\x00\x8c\xd1A\x8b* \xa1\xf3\x9d\
J\x08a\xc40\xd0\x06\xf0(\xae\xde.\x01Z\x82\xb4\
\xa5\x8dg\x0c\xa7,PEE\x17\x16A@\x19\xf2\xff\
\x00\xdf&l2\x145\x87/\x85\xa2\xfa\xe4\x05,~\
\xf4\xe3<[\x22\x1c\xbf\xc2\xc3c\xf4\xd3$\x8e\x9a\xdb\
\xbc>\xaeM\xc8$\xd3\x8du\xe7\xa7\x1an\x9e\x91?\
g\x95\x06\xdb-\xc7\xf7\xe9\xf0\x1c'yz\xbe\x08 \
\x1a\xe5\x1a\x9a\xd9\x80\x06\xc4)\xc4\x19\x9a\xae]\x1f\x86\
\xf7\x80\x95T\xaa\x11.\xb9L.\x81\xb8\xbf\xad\xf8\x00\
\xbb2\xba\xe7\x88y7\xd9\x16\x99\x1c3\xd9\xe3\x88L\
P\x83\xbd\xeb\x15\x9a4O#\xa5\xb0\xefd\xbb\x98\xa6\
\xbe\x16\xaf\xef#\x93\x1a+ \x10Nk\xd6#|\x18\
\x0eG\x02|\xb8A\xa6\x1d\x0e\xf1c%\xb8\x88\x04o\
\x0d\xc6\xc0\xeb\x05\xd5#\xa7kfE\x18C\xb7gy\
\xa8l\x81\xa5\x1a\x88\xdan\xee\x1e\xb97\xae\xc4{m\
p\x80\xa1!\x9b\xf07\x91\xe40\xadue\xe3`\xf5\
\x18?\xed%\x98\xb8,\x86\xa3\x89\xab\xc3\xef\x0e\x03\x02\
\xa2\x0b\xdb\xc7x\xb4bEj\xcfa\x1cF\xabi\x0e\
\xaf\x99\xca\xa0B\x00\x5c\x019r/\xd1)v7\x87\
\x17\x03C\x00\x0a\xd7G\x07\x99\x84\x17\xa1\x1e\x85\xb1\xc3\
\x15EF\x11\xfb|z\xf1g\x8e\x9a]\xb7Z\xf70\
\x07\xb3\x05\x96\x0b\xbcE\xc0\xc6\xd4\x1d3\xab\xeb8y\
\xdd\xbe\xbc2v@V\xdbN\xb1\xa2\xa8\x0f\x95\xc3\xe6\
\xcak\xa0:y\xcb\x00\x0e\xdds\x86\xe7\x03\x8e\x07M\
\xc0\xb2T-/\xb2X\xf9\xc0\x01\x1c.\xa6\xbf\x08\xc7\
[\xb1\xc8SzC\x12\x80\xd8\x83\xb3r9yI\x15\
I\xb4\xb8\xd8D&di\xd5\xe3\xd5\xcd\x9a\x98\xda\x87\
B\xea\xcc\x88\x11UM\x14\x04\xcd\x88v\xeb5\x02\xce\
\x84f\xe3\xe1\xef\xbf\x16=\x5c\xcb;g+\xdb\x8c\x0e\
n\x80*\xb5\xcei\xcff\x10f%[<\x81\xc3\x89\
\xcb\x9f\x12\xba\xb0n\xe0\x9dk9\xa96\xa7\xb7\x04\xd1\
\xc9\x93\x9f\xd0\xec\xc2\x8b\xd3#\xa9\xcd\xc0\x06\xe2\xf7\xc1\
s\xc0~:\xc3;\xc5\x0d\xad\xfd\xd7$\x0b\x05\xfd\xe3\
\xb3\x13\x00\x1a\x88I\xc1\xbe8\xf1\xb7!0\x15\xf7\xe4\
\x07\xcb\x95?\x1eTOa\xf0\xe1\xc127\xb1\x14\xfa\
\x19\xfc\x86!\xfa\x18\xab T\x1b\xc2\x10\x13+\xd6U\
\xc9\x85N<Q\xd1\xd75\xc2d\x17\xc7?\xc1\x09W\
\x07\xa0\xc8n\xe3\xda5\xf7rM\xb6\xf8\x9b\xde\x06&\
T\x85\xd1/\xbf\x83\x04D\xf4\xe752vyr\x98\
i\xda\xfcd\x03\x0b\xc0\x9c|\xb9\x00\xe7\x81\xa1F&\
\xber\x1ck\x07Y&%\xa6\x8d\x11\xdb\x89\x8f\x0e\xb1\
\x0e\xfc\x0e\xdam\xe7\xe3\x04;\x01\x10\xec\x89w\x10\xc8\
\x92\x8c\xa9Sv\x98\x93\xac\x8d\x0d\xba70Oo(\
\x96\xb6\x8fl\xc3&\xf6\x8a\x1e\xaa\xaf\xce)fH\xd6\
\x08\xdd\xdf\x08\xcc\x13\xb6`\xb4i\x0d\xb1z\xb1\x02\xfb\
t\xba51\xcc\xbd:\x8cW\x88\x1d\x0d*\x11\xfcK\
\x83\x1d\xeb\xbb\xab\xd7>\xcd\xe0\xd4\x11\x114\x81\xc3&\
!p\x01\xb3PP\x17\xf0\x5cM\x03[5\xde\x06\xd4\
yX\x81\xb4\xc9r2&\xa2n\xe2-]\xb5\xf9|\
Li\xc1\xa1\x08 L\x92?\xcd\xc8\x80v\xe2+\x03\
\xb3\xe7\x8c\x1c\x04\x82\xaf`\xa7@{\xca\x7f\xd6b$\
\xb7^\xfc\xb0\x8e\x9a\xbe\x061i\xa4\xba\x88\xf1/f\
\xbc\xe9\xd4\xd9\xce\xff\x00\x90\xbc\x1aO\x9cl\x9b\xcbD\
7\x87)\xed\xcb\x8b\x0d\xe17\x84-\xb5\xac\x88\xb4\xb1\
\x8a\x91~\x1a\xc6\xf5\x895Tg\xa4?x\x065x\
\xc4\xa2 V\x16\x01W\x11\xa4\xc5\xf5\xc9.\x13V\xed\
\xc7\xc7\x9b\xce\x1a(\x15\x0d\xe8\xceA\x8a2\x8d5\x92\
_\xb1\xa1H\x1d{\x19\x0e\x97\x805W\xa03x\xbc\
s\x844V\x8cT'\x06+\x84\x8aP\x94\xca\x11\xd6\
\xa99\xc8\xfdc\x95t\x08\x89_l\x18k\xcf\x90'\
\x1f.V\x08\xa0h\x1d\x9c\xfa\xc2*H\xd9\xd9>\x0d\
h\xc0\xa3\xd2;\xbfc\xf1\x8c Bs\xcd\xc6\xb7-\
\xe1w\x5cz-\x5c\xce\xb7\xc5\xfe\xee\x0a\x83\x1f\x8e\x86\
\xab$\x04\xd9\xcb\x08?\xd66\x95MrWX\xa2\x84\
\x09Tj\x0d&%\xa1?@\x91\x7f\xb6L\xbf \xb4\
V\x917\xc7q\xdc\xc4G\x15\xa4m\xc2\xc9(iD\
\x86\xde\x9d\xb9\xad\xdcJt\xa3ON\xb92Xf\x84\
\xa3\xa5\xaf2\xe3((\x02\xaa\xeb*\x8c\x11P>K\
L\xaf6&\x96T*\x1e\xc3Y\x22\xbc\x01\xa9\xa3\x8c\
#\x15\xe2oN\xf7\xa5\x16\xef6s )\x1b\x13C\
\x87mh\x8f\x12\xff\x00\xd4\xf2P\x8eV\xd9a\x9cg\
\xb1T4c\xbc~\x97\x16\x05`U\xfc\x19\x13\x03M\
\xfco\x86\xf8\x0d\x1f3\x02\xf6\xcdm{\x0f\xdc\xcb\xe1\
\x12\x09\x15\xc0\xaf+\x816\xda-\xca3I\xc9\xe9\xcf\
\x8f+\x9a\xf0<\xdcM[\x80N\xc1\xde\xb2\x9e\xf0\xa6\
\xa3u{\x1c\xc8e\xcbC\x9e\xe6=\xdd\x02\xed\xeb\x09\
n\xc1\xa2\xad\xb6\x9e\x9c\xdcV\xe3M\x9dY\x8a\x06\x85\
\x0fI\xbb\xfb\xc3F\x90\x12\x00\x05;0\xa6\x96\xba\xc0\
\xea\xe5\xa5\x03\x0a\x1a\xd6\xae*\xf0\xa1\xd5lfU-\
+%B\x94;\x03\x9ce\xaaP\x80\xba\x17\xa7{2\
P:\x93\xfe\xb1\x90\x92\xa0\x00\xed\xdf\xca\xe0\xa1\xd1\x8d\
\x00\xd7]\xfdaS\xfb\x8f\xb0\xfc\x13\x87f\xf3\x98\x04\
\x22\x91o\x88E6\xd5\xc2e0\xbc\xbaS\xd0\xef5\
_\x97\x98\xed\xc9b\xd0,g\x0f\xd9\xd6w6\x9d\x0a\
\xb9\xafI\x8c\xc8s\x9a\xc1\x7f\x03B\xf1\xf4\xe5\xd8\xf1\
\xf6\xcd\xf5p\x82\x05\x10\xbd\xfa\xc0\x03\x0b\xce\xe2\x84\xc4\
\xe7x\x0a\x80`p\xce<\x9a\xaf\x174\x22\x1e~D\
\xda\xd9\x9c\xdb\x8b\x13\xd6\x1dy8\x1c\x19p\x86\x80\xa8\
l\xd1\x8a\xae\x8a\xb7.Q\xcc\x0aV\x90\xe7~\xf1B\
\x84\xa5\xc0|<\x8f\xce\x10Tn\xe2\xe2\x0c7E+\
\xa88& @\x80\xe3\xeb\x9b\xc0\xf9\xdf\x07\xd6\x9ey\
\xdf\x8a\xe1\xba\xc2\xbd-\x06DaR rN\xf7\xc7\
4\xd6Xb\xc0y\xad\xea\xf1N\xf0\x09\x92\xd5Qx\
\x1e\xe7\x9b\xf0cGLr\xdd\xe0\xa6\xcc\xf8\xaeL\x83\
9\x07\xf8\xa1o\xf31\xa7\x8f\xd8\xd6\x96\xdb\xcf\xc62\
\x1fs\xbf\xd6Z\x17|\xf7\x90 \xc1\xe3\xdac\x5c\x18\
\xd1\x89\xe1:Y\x80\x04 0\xd95\xc3\xbf\xc7\xe2`\
\xe9s\xed\x90\xf7\x80<#E\x8e\xe1#F\xc4L\xe0\
\x1a\x94\xd5\xe7~\xfe1\xdf\x00\xe0\xfc\xcd\xc48:\xfb\
r\xf2N\xdb\xc9 \x91\xe6k\xf8]\xda\x90\xaf-\xc2\
\xe1}7\x09d\x0a\xbdF\x92\xe2j\x93M?;\xc7\
a\x87\x8fk\xa7L\x990dw:\xca\xa6b\xda\xdc\
mS\x0a\xc0\xe0\x9dc\xaa)\x01\xa9\x10{\xe3\x15\xe9\
]\xda\xedsz\xd16\xee\x16j\xed\xe0\xc1\x9d\xbe\xb7\
\xb3z\xbc\xb8\xeb~&\xb6Q\xe7\x9c\x0a\xd2\xe7HK\
\xfc\x19\xec\xbd\x90\xc53.\x04\x0a\x90\x86\x98\xa7\xcdj\
5\x16z6\x134.\xd1\xbe\x84\xd0g\x07\x80eZ\
\xaa9\xc1#\xa7\x03hw\x88\xb7\x8dY\xef\x0b\xeeJ\
\xd1\x8e\x9b\x8c\x90\xe8\x13br'\xb3';\xc9\x8a\xd1\
&\x0c\x8b0hr\xe0\xdfnmE\x86&A\x06j\
\xed\x8d\xe9\x16\xc2;\xe1\xa1w\xeb\xeb\x94\x83S\xb7\x17\
\x85\x8b\xfe#\x82\xc9\xa0\xa0 \xed9|L\x0d\x9eP\
)\x5cW\xab\x82\x81&\xb1\xb0\x9c0\xb8\x17\xe6\xcf\x9c\
\xb6\xcdl\xe8\xbaK\xceh?,9\x5c\x9b\x8d\xe3\x8b\
\x9b\xa3p\x84\xed^\x1cj\x05\x04\x80q\xae\xbb\xf6\xe3\
xE\xd2\xe0\xc0b\xaa\x22\x9e\xa7\xb5\xd0v\xe4\x85\xb1\
\xe79\xe4Z\x90f\xb3l6\xd3N\x0e\x9b\xf3\x8b\x11\
\x13E\x0d\xa2\x1c&r\x0b\xbd\xfc\xaf\xf1C(\x8ar\
\x1e\xc9\xc9?Y%\x09@\x8c[\x07\xd5\x98\x02o$\
\xc5<\xae\x1bc\xadM\xc0\xae\xdc\xb9\xc2C3F\x9b\
L\x8e\xa4\x01\x7f-\xf4\xfa\xc8\xc8\xa2k\xc0\x8ce\xc9\
\xdelg\xbcM\x1b\x09\xf5-w?F\x10\x1a\xc2A\
\x93\xec\x0a\x12\xdcl\xb6\xc4\x8e\xc6\xe0mM#\x01V\
\x0f\xe1\x89sWb\xf0\x83r\xed\x7fZ\x98TJ\x84\
\xadu\xb7\xacVq\x0b\x13\xda\xcb\x1blf\xda\x1a\xbe\
\x93\x84s\x99\x1d\x0e7h\xfc\xf4\xc0\xd4\xb4\x8fG2\
\xf2\xf8\xb1\x070\xc4\xafr`\xbb+\x85\xb1\xf2r\xbe\
\xff\x00\x81x\x07>\x12\x82\x17\x0a\xc0\xd5z:\xf0\xa7\
\x02q\xaf\xe0Q\xd5\xf2oX\xaap\x96\x83\xd8w\x84\
\x09\xea\xe9\xc0\x17u\xae\xa3\x1a\xad\x9d]L\xa6\xe8i\
J\xafa\xfe1\x1f<\xcf\xacOQ7\x13L\x1cs\
<\x1fwC\x9c\xe9\x03\x9bf\xfe\xaf\xacH\xf4\x9a8\
N\xa1\xd6H\xb1J]Q\xcb\x91\xa4\xc2\x97\xb5\x22\x02\
\xca{\xc5\x97\x17\x89*\x15\x0a\xf0\x5c\x8e\xf3,8\x03\
\x17\xd8\xd6\x03\xd6Kf\xf5,G#\x93\x86\xb0\x85\xde\
{\xa0\x81P&\xdfCu\x92\x93j\x8bu10\x0c\
\x90\xd58\xdeEa\xc0\x02t\xbe\xd5\xc6#\x5ck\xe1\
\xf7\x87H\xf1\xd1\xb0R7\x85\xe7\x0bJ\x80\x90)]\
\xa3E\xdeR@\xde)\x80c\xad\xbbhp\x05\xa3W\
\xd1\xc1\xf1qd7^\x5c\xad^\xf0\xe4\xb5\x10\xda^\
5\xad\xeb\x00\xa0W\xb6\xc0\x8b\xad5}`xZ\x1d\
}\x16\xf4\xd9\x9b\x9c\x04\x82\xd8~\x06h\xd2\xc6\x99Z\
\x8e\xc4\xd8\xe4\xed\xb0\x0e\xa7A9w\x84\xee}B\xd4\
\xc30\xc0\x03\xdc\x22\xd7\xdb\xbf*\x8b\xb5\xb7\xac\xde\xaa\
v}\xed\xc1\xa1\xc8\x8a%\xd1\x9d\x0a\xde!}\x0bm\
?E;1W\x00\xf7\x9e\xd8h\x16\xac0ZLw\
\xe5\xc4\x02E\x90}L\x94\xc0\x81\x00Q\xbb\x1a&9\
\x00*\x9f>A2T\xcb\xc7\x8dG\x9f\xf1\x803\xab\
|\xd5z\xe4\x0d\xac\x11\x08&gB\xd1O\xc9\xbc\xa8\
%\xd3\xc9\x8d\xd2\xdc\xae\x1d\xe2\xd3\x22\xc5\x06=\xcb\xc1\
\x95@\xac8\xfc\xe0J\xbd\xc7:+'Yz\xa4\xa6\
\xbc0\x8e\xd4\x0c\xa1\xd0\xac\xdei6\xd1t&\xc6{\
\x94\xf6g9\x0c\xe2l_\x8c\x80\xdc\x22C\xb0\xf9\xeb\
\x04\xb1wj\xb6\xc8g2\xb4v\xe0\x0d6V2Y\
\xe4[\x14\xe2\xcdY\x9bR\xb0Y1\x1d\xe9\x8dB[\
\xd5\xd3\xf9\x98\x84u\xc3\x0d\xd6\xed\x9a\x1c\x12iv\xdf\
^J\xfa\x81\xf6\xdfX\xe0>%\x09\xe6G6\x83S\
\x87\x1e\x0bA\xff\x00\x9c\x9c\xc7\xeb:\xacA\xc6^\x11\
 \xb7\x1bU\xdf\x1c\xe6\xcb\xeb\xac\x1e\x22\xe5\x87M8\
08\x13\x09\xc3.\x8c\xdb\xfb\x997#\xa9o\xf1\xd8\
\xaff\x96\x91\xc6\xb4\xa7K\xb77\xef9%t\xe5\x19\
&Z\xf4\xee\xa7\xafs\xf8\x8d\x15\x02,h\x8b5\xef\
\x01\xc34e\xd7f-P7\xd1\xc1:1,U\xe0\
7\x88\xac)\xe0 |\x19\xae\x00\xcd\xbc\x00\xeb$\x04\
\xf4AV\x1br\x13ZD\x14c\x13\x11\x00>\xdfy\
p\x05\x15\xb3\x9d<\xe2\xd4\xebs|(~7\x82\xca\
\x82m\xad;8\x98\xbe\xe4\x8b\xb887\xd1\x8a\x9b\xb4\
\xda\xc7[{\xc2\xd1z\x04\x88\x9e\xf1\x96\xab+\xdc/\
\xa4W5n\x91/&\x8b5q\xd13qPq\xa9\
\x14\x88%\x9av\xcf\x5c\xe2\xb5F\xf9\xc6\x055\xa4r\
\xd4)\xdd\xae\x87\x1fY\xf0L\x0eX\xfc\xdd\xef.\x95\
\xc4\x1crU\xf8u\x86i\xba\x13\x1f\xd8\xd2(\x90\xa6\
N\xaa\xeb\x93\xab\xe0o\xb7\x1a%E\xe5\xc2c\x83@\
 \x1b>\xf1\xa2V\xed\xed\xdb\x80\xec\xd0.\xc9\x0c\xe5\
\x9da\xce|\xbdMX\xe5\xe3\x06\xe5\xf0X\xdf\x12\xdd\
\x9eD\x8bX7\xc7[<\xa8\xcb\xca\xfa\xf8\x99F\x99\
\xdb\xa7\xf1\xd4\xa5R\x90iN\xe7\x84+\xd0b\xb8\xbe\
\x8fo\xc6\x0e\xc1?\xaf\xed\x80\xab\xe3\x9c\xbd{Y\x8c\
/;\x86\xca\xc3R\xe83\x7f\x1ar\xe6\xd2\xce\xa1\xba\
$V\x1c\x01,\x8bJGy`rs\x94\xd3\x95w\
HC\x81\xc7\xef\x12\xc5\xdc6\xf9\xf9\xcd\xc7_\xf5\x8c\
\x84\xfc\xe0g\x80nl\xf6\xb3\x0a&\xf4\xc9\xe2dS\
Q\x09N\xf7k|\xfbe!\xb96\xfa\xce$z\xf0\
0\xe1Zrq\xfe\x07\xe7=\x95\xe6-U\xceD\x82\
-6*\x11!\xb3\x1c8\xcc\x10\xf86C\x02\x87\x0a\
\x82\x02\x02:9UHQ\x04\xd4\xbc\xcc}\x93\xfaH\
\xa2L#\x1b\x07}\x93\xe7~\xf1^WH\xed\x05\x0e\
+\xc0\xe7$\xe8\xedN\xf8\x10\x8b\x8f\xc3\xe2d\x81\xde\
J\xd9\xae(o\xe3\x17f)4FmW\x83\xef\x00\
\xca\xa9&\xa9\xbb\xbb;\x19\x12v/w\x9b\x06\xcc\x14\
\x0b\xd3ba\xa1\xc2\x12\x14W\x87\xd6\xbc\x86\x10\xa2W\
\x93f;\xc9\xcb\xe7\xf8l\x08\x0e\xca\xe9\xc7\xaf\xaa\x22\
\xd5\x1a\x1b0\x82\xd0vxZA\x8a\xf8^\xbeI\xde\
`\x17\xb7xF\x096@\xee\xfd\xb1\x02l\xda\xdb\xb8\
\x17\xb6b\x1a\x90\x95f\xb7.]\x1b\xa4\x98U5\xc2\
jh\x97\xed\xc2\x1c\x9bZ\xa7#\x8f\x0e\xc0:\xf4\x0e\
\x8fF\x1b\x04\xe6\x18\xfc\x19\x08\x0b\xb3\xb7\xbcz\xb7\x5c\
\x97\xbf\x01q\xd2\xd6\xf6?\x0f\x0eke\xab\x0e\x0f\x82\
\xe1\xbcB\x22B\x90 J\xefo^\x1dp\xe6\xde\xf3\
V*\x00\x1a>\xa6\x13\x83\xd6\xdevz\xc3 \xdb\x03\
\xbc:\x13\x84]\xb7\xac\x1c\xeb\x80\xb0B\xaf\xde\xb0A\
\x8b4\xbe\xd3)h\xfa\x163*<\xe0j\x0e8\xe2\
\xb8<\xca#\xa2\xff\x00o\x8c\xa7m\xda\x04?\x01\x92\
0\x9eUC\xf5\x95\x05(z\xad\x9f\xcb\x87`\x93z\
[\x09?y')\xea,\x9e\xb1\xa9\x02\xc0\xfa\xc7+\
\x81_\xab\x80aw\x1e$\x06[\xeb\x8c\xdbHQt\
s\x1e\xbda\x150\x10G\xd3\xbdd\xf4\x0c\xfe\xbb\x0e\
_c\xac/\xdafd\xf14\xef8\x82\x88\x87\xc9 \
\xeb\xd607\x07\x9c\x00\xd8D\xbbv\xe3\x02\xee\x8b\xb8\
\x91k\xbcU\xa2C\xd7\xd2xGH\xe1~F\x1a\xcd\
W\xd4\x88\x1f\xbc\x9cx1\xd3X\x0c\x16\x09\xd4\xe6\x92\
'k\x91!$_\x9b\x94(`\xc7\xd2S\x08\x98\x5c\
w\xact\x91p}Nq\x22\xd7\xc3b<4\xb7s\
x\xc2\xda\xd3\x9c:\xc7\xe0l\x1f:\xe2\x06\xd9\xb3\x94\
p\x0f\xb0b\x01M\xf4i\xc1\xec\xca]\x1f\xbf\x13\xc4\
\xb6&\xaeV\x16\xb2\xa8N\x1c\xe3\x000\xd0\xe9;0\
\x00\xde\xe0\x19w\xd7P^Y\x9a[7\xbe\xf2FD\
\xefn\xfcYT`\xe2\x5ci\xcc\xf5\x969Wr\x03\
\xd0\xc1\xc0\xe0\xf4\xab\xb6\xcfX\x93;\xa6\xfa]\x5c\xdc\
\x9a\xbd\x18\xd5\xc1\xd1w\xee\xcfY3Q\x04]4\xb7\
\xed.,\x13br1\xf9\xf9o{\xc9\xd0S\x9b\xd9\
>XU\xc7\xbfo\xef,\xa1\xb5o\x1f\x8c\xdd\xdb_\
\xdf%\x0b\x80\x5c\xdbj\x90\xbe\x8c\x90\xafd\xe4\xae2\
L\xc2m\x93\xdb9\x067\x22\x08\xeb\xbcn2\xfd\xf8\
\x16\xa3\x7f\x8a5\xad\xf0^\xa4!\xcbw\xde\x00\xd4\x8d\
!Q\xdbr;\x87\x18D6\xe5c\xaax\x1a#\xb0\
\x0dg\x7f\x06\x15\x85Y\xfd\x12\xe2\x05\x94m[\xfc\x05\
\x11\x18\x990i;\xd7f\xfer\xa0F\xb3N\xef\xd7\
\x96p\xdb\x8c\xc1\x13aj\x06\xc8\xfe\x16\xce<Q\xce\
\xb3N2v\xcb]\x9a\x17x\x96o\xa1o\xbe\xf0:\
F18JWk\xe4,\xc6\xa8\xec\xb3|N}x\
\x88\x00\xd2\xec6\xdcl\xdf\x87y\xabm]\xb9{\x93\
$6o\x8c\x04\xb5\x04O\xa6\xe0\xa7\x8a\x0bw\x19\xcb\
\x94\xd3\x0e\xd1\x15\x0b\xcc\xdc\xb9u\xb0ow5H\x14\
^\xb5\xca\xbf\x12\x98\x00\x14\x89\x84n\xb7\xadefJ\
\xa0\xde\xcd\x97\xe3;\x02\x080\x0e\xe9\xad\xe5Oc\x9d\
f\x81.+\xdf\x81\xa7\x9bw\xeax\xd806N\xb2\
1\xe8\x05\xfc\xeb\x1d\x11Y`e\xcd\x8d/>\x0e\x88\
\x86\xf9z`Tzu\x8d\xba\xf5\xdb\x8fEw\x91Q\
\xd6o\xfe B\x81I\x02\x0d{\x1eLJ.p\xc0\
\x02\xae\xab\xc1\xfd2R\x96\xd0\xb1H\x93\xf8\xae\xe8T\
\xf4>\xfe>Y~h\x18\x14&\xc1\xeb\xe7\xbc8\xac\
F\x05\xd0\xb1f\xdf\x97\xc4t\x0aW;\xdf\xfa\xcbU\
w\x9c\xa1\xf4\x18Q\xdf\xc4\xfaN\x04\xb3(\x1b\xa07\
\x9e\xf0\x17\xba\xd0\x92\xaf\x1f8\xc2\xbb\xed\xe2\xe0\xa1\xc5\
\x16\x8a\xbc\x93\x9ac\x0c\x194\xc2\xdfm\xa6T5\xe3\
C\x1a\xb1\xe1\xc7\x82\xdff\xb97\x9cB7\x14\xeb\xde\
s\x9c\xc0\xdd\xe1\x14\x8c\xdf\xaf\xe2KG@t]z\
:\xf9\xcb\x80OR\x82\x12\xd7\x99\xef\xf4bym\x5c\
\xa9\xb7>\x82\x8e\xa4\xf6p\x1eF\x11\x06F\xda\xe1\xf9\
\xcb\xf9\xdb\x11\x1c\x92\x17\x9f|\x19 \xb7\x80U*\xbd\
F\x13*\xcd\x1dCY\xf2\x1c&z\x8e\x98=\x1f\x01\
&\xf1/\xd8\xd6\xa0\xdbi\x02#\x87\x03T\x04\xc8\xd7\
\xd7\xb78\x95{\x90\xaa-\x09\x0bK\x80'r\xd7\xa7\
\x87\x0e\xc2l7_\xea3\x8d\x0c\xd0D\xd4`c-\
<\xd7M?\x1ac\xa5z\x18\x0bJ\xdf\xb5\x8b#o\
AP\xf8\xc8\xdd\xb9_\x92\x06\x07\xaa\xef\xcf!\xbf9\
 S;)\xa4v\xf7\xe3\x90\xd9\x9c\x9b<NT\xc9\
\xb3\xd1\x90,`\xcf\x84\xa6s\xc6\x10\xbd\x05y\xcd\x17\
w\xc1\x9f[6\xc5\xceu\xce\x857\xe5'Y\x22\xec\
\x00\xfa<4\xa4'\x91T9p\xa7y`7\x01\xd7\
\x1de\xf1<\x01\x880\x10]\xa1\xce\xde\x5c\xa5\xbc/\
\x18\xc8\x08m\xd29\xde\xb9\xf2z\x8e-1\xd2\x18!\
\xdd\xcd\x847Px/\x0e\x18\x00\xe8\xbb\xbb\x98@\x10\
\x127\x7f\x8c\xb1\xa0\x14\xcd]\xc4\xd8&\xae%\xfe`\
\x1d\xba7\xcc\xca80\xdb\xe3\xef\x1a,\xbb[W\x97\
5i\xbbA\xc9\xc6\xb5\x9bJ\xe1i\xeeF\xee\x92\x96\
v\xfa\xc4V\x0d \xe9\xa7\x1b\xa60]\xf7:0\x12\
E\xa9\xca\xae\xfd\x84\xeb(\xcc\xac'&\xd7\xeak\x18\
\xa5\x88':\x9c\xfd` E\x07\xe1\xabd/.\x16\
\x8f\x8a\xbdpw?8\x0b\xe7J\xdd\x9a\xb3\x0dmX\
u\x0d\xe2\x84]\xdf\xb6\x5c\x02\x0cbD\x12&F\x1b\
\xed~\xf3\x981(U\xd7\x1e\x080Hx8~\xf8\
\xc4\x9a\x06\x0d0\xa7)\xa7X>\x9f\x85\xd6,~r\
\x14:\xae\xf0\xde*\x13bn\xaf\xa9~LR*\x8e\
p:7\xb2\xcd\xe7\x10C\xc0gTa\xd1Q\xb8\x8c\
s-;\xa3\xbae\xab\xc9\x8b\xc2\xeb\x0ddlTO\
C\x92\xba\xe0\xd1\x93$\xbco\x120mo\xa9\x93.\
\x81\xcb^\x19'\x18i\xa9(\xb3\x85x\xba\xc1i\xbe\
<\x07%\xbe\x96\x11\xf3i\xa6\xd2z\x98U\x03bc\
4M\xf4\x01W\x8c\x99w\x016O\xfa\x0e\xb2jq\
#K\xa9\xf0\xf77\x8a\x97\xc6S\x84\xcfv\xef\x8f\xe0\
 \x06E\xa8-f\x8e\xf0;\xa5G\xd1\xa8\xd3\x89\x00\
\xefSL\xe6d\xc92\xc0y\xd0X\x5c1\x86\xf6\xe0\
}\xb9\x06\x91\x82\xee\x04'\xe0\xc42\x9f\xf5\x84Q\xfa\
\xe7\x03\xba\x9fX]\xb2\xf7\x8a\x88\x9c\x8c\x1a\x07\xe4\xde\
z\x03\x18\xd5\xbc\xe1\xae{\x1c>\xb2\x83\x19\xc5\x9bk\
\x01\xe7\x9c<g`\xbf\x07\x1e\xed\xef\xc6\x9b\xe8\xcb\x91\
_o[\xfc\x06P\xbe\xd9@\x86\xf5K\x9b\xf0\xff\x00\
\x10\x03\x80\xcd\x95\xcdr\xca\xca\xf8J\x0datV\xb3\
\xc5\x85BU\xc5\xe9\xea\xd8\xe1J{\xe7\xf8%\x08\xa2\
4L\xa0\x07\xab\xa7-\xf7\xeec\xc9v\xc0\xf7\xfa\xcb\
W\x5c\xdb\xe5\x8d\xaa\xc3ZXp>\xde\x8c\x93\xc4\xa5\
\xf0m\xc3\xac\xad.\xda}\x8f>\xcb\xeb\x16\xf0\xfb\xf2\
\x99\x87\x000V\x9e\xf7\xac\xa3g8\xeb\xc1\xe9\x1d\x9b\
\xb1\xc7\x95UW\xd5q\xf9\x11.\x98\xc6`;O<\
5\xa9\xcd\xc9\x8el\x0bI\xcb\xae\x9c#C\xc2\x227\
\xd51\xbe\x91\x9b\xea*\x9f\x85\xb99\xc4-\x81\xc5\xd8\
{T\xf9\xc2\xdct\xe9\xef\xc1IC\x16\xed8\xd2\xf3\
\x96h\xd3\xd6\x11\xd0c\xc0_\x83\x1a\x12\xcf\xaex\x98\
\x9d.a\xea\x94\x1e>i\xf5\x91\x09\x91\x05a\x1fW\
\x16\xf2\xaa\xe0@\xe6\xfc<Y\x13\xf8\x91Z\xa02\x12\
I\xbb\xfcf\x22\x0ca\xdc\x9b.b\xb2(\x02\xab\x09\
\x97\xc3\xfb_\x97\xdb\xfa}\xe2]}NW\xc0\xbc\xbf\
\x84n\xdct\xa2\x8e\xcc\x04 Um\x0e\xe7\xbc*\xa5\
M\xba\xb0=\xe7I\xebz\x9b\xf2K><\x02_\xb7\
\x12r\xc7\x94\xd4\xd4\xd5k\xbe_\x15\x9f\x16\xdd\xe4\xb7\
S\xf1\x9c\xb0=\xd2\x06\xde\xe6\xdc_\x86\x97\xd1\xcc/\
\x06\xf8\xc7\xc0\x0c]\x85\x00\xbd\x1e\x01x0x\x9a_\
\x09\x10\xc8\x18\x18\x81\xd54\xf0\x15\x85\xdc\x87\x11?H\
\xc8\xa9\xcf\xa7\x09\x85\x1a\x03\xb0\x8d\xbf\x18\xcd\x1f\x01\xca\
\xe0T\xaa3O\xa4\xc1U\xc8\xd9\xc6o\xd1\xc5Nr\
\xcc\xd7p\xe8\xed3t\xbb#\x8d\x95|\x93\x1d$\xc9\
ZJ\x9b]\x9b\xaf\xac\x0a\x86\xd3\xec\x055p\x01;\
\x9b#\x08\x90.\x13\x83%\x9c[cz\xe0c\x98\xbb\
\x02B\xa5|\x86R\x904+\xe0/\xc6\x1e\x84V\x8c\
\xf0\x9f@\x5ch\xe4\xbb:q\x11x\xba\x5cd\x5c3\
E\xd9\xc0\x12|\x98\xc0H\x95\x1a[\xb1?\xe0M\xd4\
\x87\xfa\xf9Q\x81\xa8\x80So\x1b\xef\x09\xabJP:\
\x1d\xfe\xf0\xa8\x11\xbc^\xb2\x91\xa1u4\x84/[W\
\xc1\x13q\x0d\xc9\x92\xb6\xb0\x09\xdaZ4\xa9\xd2s\x88\
\x1a\x08\xa7\xa5\xf8\xbf\xc4\xb8[=oX\xee9Hp\
\x0a\xee\x1dxQ\x06z\x91\xfd\xb2\xc2\x98cC\xd0n\
k{;3R\x0a\xd8h\xde*\xc5\x98X\xab\xb5>\
\x0cHk\xa5,J\x8c\xa3\xd6M\x1f\xc0c\xbe\x9f\x82\
n\xb9^.Q\xa2\x1d\xcb\xc90\x9dB\x0dB\xbc\x97\
\x22\xabP;+\x0bt\xd3\x8b\xac\xd1\xd5\xb3\x5c\xfc\xf3\
\x95Y\xab\xd9\x84p?\xce-\x1e7\xd5\xe4\xden\x11\
qK!\xb3Y\xf2\x22\xb9\x09\xae\x07\x9d\x9b\xc5\x13\x15\
\x17\x80\xe0>\x03 \xacA\xd8\x7f\xef\x11\xe9\xc5\xd5:\
A9&0\xf7IA\xd3Q\xd1y9\xce\xef\xbc\xa5\
C\x04\xd0\x1bC\xc80y\x1c(\xf0k\xae\xf2\xc9o\
\xef\x0a\xae\xc0_A\x038pc.\x97\xd2\xf3\x9c\xc0\
\xc6\x94T\xa7Y^1\x04\xe7:\x14\x9cr>\xf1\xdb\
\x99@\x94\xf7\xac\xae=\xaa\xbe\xdc\x9d-\xdf9\xa6\x01\
z2\x1a\x85\x0d\xf6{2\x82\xc6\x13\x83\xa6)\xb8w\
\x1c]Z\xcd\xfc<\xe4\xd1\xd5c6\x9e\x22}\xb0\xe8\
\x166hf\xe2\x0e\xa7\xd7\xc9\x8fy\xaa\x06\xaah\xaa\
\xf5\xe0Jp\x1b\xab\x14\xf91(@E*\x0f\xc50\
\xb7=\x82\xd0=)+\x93\x07\xd1b\x1c;\xfe\xc7\x0e\
k3\x858\xf6u\xc5\xc8\xb2;\xc2EpH\xb7l\
\x0a\xa5\x89\xa2\xbfn!\x0eV\xd6\xd2\xf8\xa0u\x97\xa9\
\xf5\xce2\xa0/\xa0\x0f\x5c\x18\xc0\x05Y\xa9\x9c\x0e\x1e\
\xe7\xcer\xc6`\x18F+\xb4\x8fO\x0elB#\x97\
\x04eru\xf4\xf8[w\x8eW\x10\x0eP\xa1\x84\x81\
\xd2\x91i;z\x8f\x84Q\x9a.\xe0-wsW\x1c\
\xa8\xfeq\x05\x19\xa7R\xad\xc7\x8b\x0c\x81\x04\xc8\x11\x11\
\xaf\xce5l\xc4\x87&l\xb8\x9e\x16/\x02\xe7\x83\xdb\
\x82\xb4\x84\x80\xb9\x1dsv\x99\xf8f\x92\xdb\x9aO\xce\
h\x87\xafL\xdc\xc2\xaa\xcds\xeb\xc3\xd1\xe4\x0e\xd6\xa7\
y]\xed\xdf8n\xfb\xc2\xf8*s\xe5<\xa2\xec\xee\
\xfc\xef\xf8A\x8a\x12\xf8\xdc'Y\xb7y\xa65\xdeH\
\xca1\x94\xd9\x97\x01\xce\xf3=`\xd3fnM\xc5\x04\
\x0a\xbf\x8cF\xb2\x94\xb8=]c=\xe49\xf0dR\
;\xaf\xe3^\xf1\xd7\x0a\xb2\x22/f\xe6\x01}\x13h\
\x02o\xdbZ\xc95\x80\x87\xf6\x91\xc0\x15]\xf5\xac\x8c\
9fIl\xea\x07I\xc9\xef\x01|\x8d\x5c\x181\xc3\
$(\xe9\xa0\xbe\xb0\x00v\x00>\x83S\x00m?]\
x\x06\x87\xf3LD\x81\xce_\x81_\xe8\xe6\x184\xd5\
p\xda\xd1\x9b'\x8b\x8c\xef\x01CO\xe2NI\x85,\
\xab\xef\xe0\x9e\x1b\xcd\x1a&\x8c\x19t4\x9b\xc5\xc2\xf2\
\xc1Q\x90\xf8%\x1a\xbd\xbf\xc1\x22\x92\x9a\xfe\x17\x04e\
?\x0d\xcb\xc4\x19\x08[\xc3}s\x90m\xa1Swi\
\x1b\x88'\xe0,I\x0b\x90\x07\x95,\xb5S\x91\xc3\xfa\
\xe2\xcaX\x0a;\x89\x1f\xdf\x94\x91)\xd1\xc7\x02\xa3F\
\xe8v\x97\x13\xe6\xb8\x0c\x91%\xebfF\xb00c\xa6\
\x90\xfa\x93u\xf7\xeb7\xdc\xe1\x19}>\xb0\xd4(W\
\xbd\x1e![\xdf\xf03\x83\xac70\xb7\x1c\xc8J\x8f\
\xe4L\xd6\xa4\xf4\xc9\xfd>2\x8e\xb6\x97\x0alrQ\
\xf6x\x98\x98\x8dC5\xa4\x89\xafg\x95\xe2^2t\
K:\x0e\xfeW\x1d\x8e9\xd0)\xe4;\x9f<\xcb\x96\
c\x1c\xe2\x09\xdb\x1d\xdc\x5c\x22\x09\xe8P\xdfc\x96\xa4\
\x84\xf6\xb8\x95Xtoy\xc9\xebUq\x02\x0f\xde \
\xa8\xc4\x95\x17\xfa\x86R\x88\xa2K\x05_\x9b\xb6/\x13\
\x0bB\xb2'\xc5\x0e\x0d\xf2\x82\x13h\xd2\x1d8\xb35\
\xe5\xda\xab\xd1=\xba1\x22\xfc\x8fu\xa8\xf7\x93x\x00\
0C\xb7\xdb\x86\xa8\x04\x22\xa5\xeeji\x8f-\xb0\x93\
\x95\xdd\xcd\xb3\xe53\x80e\x99\x22\xf5[\xc6\xa5\xc0\x80\
\x0a\xae\x83\x06\x8a\xb6\x07\xcb\xd6'@\x0b\x01\xa4G\xc1\
\xa8\x16\x1d^\xfa\xdffh\xeb\xc0}f\x9d\x0eP\x13\
\x16\x9d\x11M\xc5\xd9\xea\x06~3:e\x1d\x9b]\xe1\
\xb0\xdb\xd60\xac\x1b\x1b\x22g\xa8\x06\xa7\x89\xe25\xf9\
\x135\x13\xf3\x88v\xe8\xa4\xe9\x8e\x5ci\xcd\xdd\xa7S\
\x01]\x0b\xa5\xd7\xa3\x04aH\xc7J\xdb\xb9\xd7\x94\xd0\
\x22;\xf7\x88\x81\xe6?\xc0\xcc\x02.\xea\x96\xf7\xc60\
\x1c\x891H\x12\x0a\x95\xdc\xb8\xebvl\xfe\xf9 &\
\xa6\xb1\xb4\xe1=2\x07~m\x0cG\xa4\xf7\xde0\xc9\
\xa4i\xd68Kr\xad}w\x976s\x80#a\xbd\
\xab\xce\x0b\xe4\xde\xb3\x7f\x19\xc3\xc4\xf2L>\xd7\xd3\xd7\
\xa7\x15M\xc41t>\xbb\xf1bt\x11\xba\xa7:\xec\
\xc5\x9a\x12\xef\xab.\x1cK\xa1\x10h\x80\xe50v\x88\
)m1\xfd\xacX\x9bi*\x067\xeb+\xf8g#\
\x18\xaf1t{^3@\x87vT\xc22\xd9\xdc\xe7\
\x02\x09\xbd\x07\x14\xe2\x99\xa0\xf8\x904\xfe\xf1\xc1\xbf/\
\xb2|w\x89\x00\x95\x0bC2\x90\x11v=gQx\
\xb2\xd9\xb6o\x02\x15i:\x98\x08\xd6\x88\xaa\xdf\xd0\xf7\
1\x83\x1b\x83\xce\x16\x0e\x87\x18\xca\xc5\x9b&\xb1\xb2\xa6\
\xed\xcb\x8em:\x1c\xe5\x0a0\x01\x82Q\xcb\xc3\x0b\x1c\
\x1a\xfbL\x1b\xa6\xe94j\xeaa\xb5\xde|i\xfb\xc9\
\xc6\x9fmLc2\xf17\x86b6Xk\xbd(f\
\xd0\xf7\xba\xe5\xd8?#\x82\x9b2\x98\x8bB\xf8|9\
\xef\xec\xd3\x9b\xa8b+(k#\xec\xcbF!A\xe9\
\xd0;~\xf3\x87\x08\x10\xd8\x1d\xc0\x8bu\xf8:\xc8;\
MG\xe0f(8\xf0<\x18\x03\xc2lO\x93\x15\x03\
@$\xe4w7rJ\xedQ\xd9\xcd\x19pq\x04\x96\
\x96\xdf\x95\xf7\x9d\xcft*\xc7K\xe1e\xcezbn\
f\xae\x5c\x22\x10\x82\xae\x99\xce\xb3\x9c[a\x91\x15\xf4\
u\x8e\xe0w\xc1\xbb\x88\x00D\xe2s\x9b\x0f\xbb\xef)\
\xea\x13\xe0[\x8et{\x5c\x12\x818\x1ca\x15o\xa1\
\x9e\xcc\xd4,1u\x80\xd9\x8c\x8c\xc9\x00\x07\xb3\xa2\xd0\
\xf5\xad\xe18\xc1)$u`\x11\x1as\x87\xba;\x5c\
\x18u\xb19{|u\x96\x22\xfc\x12\xe8\xa7\x1e\xddb\
V\xd2\xde^\x5c\x98C7\x9d0Z\xcfJe\xbe\x88\
xS\x14YA.\xf8\xc2\xb0U\xd5\xd6\xfa\x01\xfc\x0b\
\x9bf\xc6\xbf0\xb6^<\x5c\xe7$\x12\x1al\x9ce\
\xc8E9)\xe0\x8cX\xd3\x95\xd0\xd0p\xee\xbd\xb4\xf5\
\x86$l\xbapAM9e\x93\x8b\xcd\xd4\xb9\x16\x92\
\xcb6\xce\xe5\xcd\x5c\xf3\xef\xe4\x86:\x22\xe9\x05\xff\x00\
8\xc8\xbd\x10\xf81\x81\x9d\x01\xadh\xc0$X\x17\xe0\
1\x13\xfbb\xf1\xc39\x19Nx\xd5C\x8b\x88\xde\xfb\
\x97\xe2\xcb\x94B\xb5~\xaeSS5\xa7\xc6\x11\x97{\
\x1e3be<\x22\xafn\xe7X\xd0\x1bC\x92\xa0P\
7w\x8cu\x8b\xae\xb4\x80\xe3\xd0\xe1c\xbcW\xe5]\
\x95[{1[.-\x87\xc4\xc8\x95\xe8\xc9\xbd\x9e\xfd\
d\xb5\x04#\x1e\x1cC\xa4\x15a\xc1\xf0`\x0c\x9f\xe0\
\xdfC\xa7IM\x93*X\xcdo9\x82\xe0\x92\xc1\x16\
\x0e\xe9\xef&\xcf\x930$\x0b{p\xe6a\x06\x0d\x0b\
\x19)\x8e\xedE\xe4\x00*\x8e\x81\xda\xe1\xb83\x0a#\
\xad\xdf\xb1\xe7)\xa1\xa6\xee\xbdL\xb8\xa2m\xd5\xc6\x83\
\x93\x09Y\xbc\x94$\x0ei\x12\x9e$.2\xe9\xda#\
G\xady\x96\xec\xd1\xdf\xc7FA\xb0eQp4\xe7\
\xc4\xfa\xf30`\xc0\xe3\x00B\x01\x03}\x18\x03y\xc8\
_\x11?\xd4a\xb8\xddz#\xb8\x22\xef\xdb\xbc\xb7\xc1\
\x12\xe9@\xa5h\xbe\xb2\xbb\xcej\xa2\xad\x17k\xe0\x0d\
\xaew\xc6r-7tY\xd0b\xc4\xd0%\x04\xba\xa3\
\xdeh*e\x04\x8d\xba\xe5\xc0\x00b\x057GU%\
\xc9\x8a\x15\x02\x1c\x89\xd9\x85Z\x19\xe9k\xf3w\x96\xd7\
\x18.(\x82Z+\x1c\x86\x94\x97d\x1bo\xd8\xc6u\
T\x80\x8dt\xd7yV\x0e\x8eU{8\x14\xca\xaeD\
Q#8be\xc2\xd0\xa1\xa4K\x8d{)\x22\xb4!\
\xe5\xbf\xa6\x04\x18r\x14W\x02\xaf\xc1*Wl\xef\x0a\
\x1e\xb4*t3\xacb3k\x1fs\xc3\x01\x14F\x89\
\xa4\xc1j\x85\xb7\xe7&\xb5\xa2\xb6\xbe\xcf\x1aW\xceV\
B\xc1\xa2h#\x80\xe8\xcd\x9bp\x10\xa5O\xa7\x10\xdf\
\xaeV\xafD\xd4\xc4\xa8u\x7f\x88\x1dg\x03L\x98\x07\
n\x0d\xc4\xb2\xdc\x22\xa6\xf9GW\xbck\x03G\x0ff\
 \xe9\x8d1O\x0c\xae\x05\xa99\xe7#\xcc\xc0\xfa\xc4\
\xc3\xc35n\xcczaK@~\x02\xcc\x05X\x89C\
\xba9h\x0c2\xfb\x0e\xce\xf7\xe0\x1d\xc1@\xe8\x10S\
8\xf2e\x8eh\x22\xc7G;}\x19Cow\x18\xb6\
$\xef\xe0\xf8\xcd\x13A\xa3\xb3\xb35T\xda\x1e\xb3\xe0\
\x052P\xed:\x9c\xb1\xef\xe3,\xc2\xc2\x12M\x85\x93\
\xe0\xe6\xc4\x0b\xc3\x03\xb56\x0e\x10 \x9e\x0e2\x11\xce\
B\xadm\xe8\xc6\x01tmw\xaf\xf4\xe1\xc2k\xc3n\
cW\xb8\xcc\xd9\x0e\x16M\xdd\x1e\xf0s\xee\x80\xe2\xb7\
\xac\xd1,\xa0\x19G\xa7\x08\xdb\x84y\xbd^\xb2\x8a\xd6\
\x08\x06\xb1\x00\xae\xf9\xc9\x9aB\xba\xfd\xcc\x0c-\x1c\x9a\
\x9f8\xce\x82\x7f\xd2\x5cpF\xda\xae\xb2\xdc\xd8\xb0\xfe\
\xf7)\x85G\xe9\xc6\x00\x81\x8a\x95tj\xba}b{\
\x10\xa3B\xfb\xc4[\x95Lt\x84\xa5m=\xeb\x1f\x0b\
\xee\x11\xd2s\xebX\xda\x054\xfb\xf7\x8b\xa3\xa7 y\
\x0b^\xf2C\xd3h\xd9\x9b\xeb\x9d\xbd\xfe2f\xa5\xa8\
\xcb\x92\x8d=\xe5\x98.\x90q\x02\xad\xc5\xad\xc37\x89\
R\x9b\xce9~\xf2\x91x\xbb\x98\xd05M\xad\xd9\xa7\
x\xa2\x8cr\xf50\xa5\xb2\x80\xef?=\x8c\xb9\x97&\
[\x10\xff\x00\xae\xb1\xa2\x18\x05\x828\x8b\xc4\xd7\xc3\xa1\
q\x90\x82i\xf5\xdd4\xe29Q\x0e\xa0\xac\xae\x06\xce\
\xaa\xb1\x1c\x05\xc3X\x0b\xd2`\xae?`D\x89\xaff\
I\xb6y\xab\x85\x01\xd7Zw\xdd\xc3\xaf\xd44\xe0\xfd\
c\xe8b%)\xbc\xa4\x1b\xbc\x1c\x19nB\x881\x1a\
*P\xf7\x9ak\xcb\xacNy:\xda\xf7\xbc\x05\xa1R\
3(;k@I\x822\xb6\x1br\xc9\xbd\xe2o\xb2\
s\xeb\x13\xde\x15\x10k\x81.\x97'\xc0f\xe6k\xb3\
\x09W\x0d\xc4\x22\x9e\x83\xc8\x98\x96h!\x88xsz\
sn\x5c(}\x80 \xb3\xca\x98\x1c&\x0d\xde\xe6!\
6\x04\xa6S0\xf9\x86\x0fi\xe6``\xf3\x08\x14&\
\x05[\xdbW7?7\xf5\xfc\x01Ak\xcf&F\xc9\
\xbc\xd2\x1do\x7f\x19\x0c\x9c\xaaH\xbc\x99ahG5\
\xd3\xf5\xe1\xdb\x1a\xe8z\x1d\xf8Y|+\xe0\x85\xd2;\
5\xa1\x88\x03X\xda'\xe0?\xce0\x0em\xc7\x08\x9f\
\xb1pi\x19-;\xc67\xa0l\x07\xfb\x1cU\xc3[\
\xc4\x88P4\xc6VC\xb8\x83\x03\x17\x90]\xcf\x0b\x04\
\xeek\xbb\xf1\x87\xa6(<\xfac4\x06\x05\x0a\x82\xf5\
\x8cB\x00p\xa9br;\xa7\xe4\xf7\x9b\x19tm\xbc\
\xae \x92\x10\x8f\xd3\xa76\xcb\x05G\xa4\xcf\xa9^\x1e\
~nZ\xecg\xae\x93'7\xb1\x93oN\xb1\x9e\x1a\
9?\x83\x5cN\x94\xef&\x05\xbfY\xbb\xa3\xc5:\xfa\
=\x1c\xfc\xe4\xd3]I\xac\xe3i\xde\xd8\xd3\xc6\x89\xac\
A\xed\x8a?\x09\x85MP%r\xee\x0c\xbf\xe3%\x1c\
\xfe\xc1\xe3\xc0A\xc9P\x0a\xa1\x93\x00\x84\xa4 Q,\
q\xd3&S\xe4\xe4\x90XG\x87\x90q\xe4\xed\x5c\xbb\
\x90\x1b\xa9\xe3\xe3#\xbfL\xf9\x1e*E!\x5c40\
\x14b\x09L\xd1\xdf\xdas\x80 \xf1n\x0f\xc1\x9a\x0b\
\xa3\x1b\xe4+\x9fC6\x1f\x876\xc2\xdf\xc5\x8c\xfa\x06\
\xe2\xc9\xc8\x91S\xaf\x0f\xac\x15\x1d\x1eo&\x98A%\
\xc3\xb7\x12\xfb\x96F\xb1r\xf72i\xd0NW\x94\x8e\
\xf0;\x1af\x02\xed\x06\xd9\x94\x81L\xf2\x85\xeadB\
\xe9.\x00\xbb%\x9d%\x9b2\xf4\x98\x11WlM<\
\x8d\xe7W*\x10\x14-\xfe\xc3\x0a\xaa\xc0\xba\xaa\x14\xfe\
T\xe7\x19Xd3m5%\xef\x1a\xa7\x81\xe4\xef \
[\x0a\x13\xa8V\xc8:\xba\xcd\x08\xbbEu5\xae\xd8\
v\xe7`\xcfY#b\xce\x8d\xa1\xf9p \x96{t\
\x8e\xe3\xfeO\x12n\xe0\xf2\x86tA\x8be\xc7jg\
&\xb1Q\xd3J\xd6d\xc5\xf5\x88\x11]\xe4\xc8\x8c\x05\
\x91\x08AB.\xf9\xeb\xc78C\xb5\xf6I\x8e\x0e\xa2\
\xd6\x06\x8b\xdf\xf0\xdf\x19Xb\x8e}=\x93\xbc,\x0b\
6\xbd\xfa\x863\xcbX\x85\xf8J'\xc9\x89*m\x98\
\x0d\x87R\x1c\xf3\xe9\xf0\x87\xe3\xde\x22\xbf\xd0g\x9f\xa1\
s@\xce\x0e\x1b\x8d\xda\x09\xf9.\xf5\xca\xb1\xb83\x8d\
\xb7m\x1cc\x00\xe9\x94\xb7(\x9c\xae\xeeU\xaf\x9f\x00\
\x11L\xb0\xf1\x0f\x0e\x8e\x05a\xae\xc1\xf5<;o\x12\
\x0d\xb1\xd1\x07\xe1-<|\xdc\x12\xc3\xea`-\xa5\xa3\
\x1f`\x99 \xc0\xf6\xd0Pos\x8e2aJ4\xaf\
G\x99x}9A\xcb\x0e\x84\x1a\xf6N2<E/\
q\xaf\xd3\x80\x14\x94!L\xeeo(K\xfe\xf7\x0c\x8e\
\x09\xed\x9b\xcfu\x10MJe\x09\xf8\x5cQ\xe6x:\
\xc9'\x1fg\xbe\xf0|\xfb,\xc2\xa4\x0bP\x0ePK\
X[\xdc0\xbeBj\xab\x8b\x8b\xefE\xc2\xe4\x85`\
\xcb\xf7\x81 \xaf\x0a\xe1\x15W\x07x\xb5N\xdc\xdc\xe2\
\x14GK\x1a\xeb\xdeM\x99B\xbb\xc8\xf7\x81\xd41%\
\xd7\x804V\xb1b\xb2\xf2\xc9\xe0\xcf\xb25\x8d\xb3*\
\x16\xaa\xcfG.\x01\xc6\x03up*iO\xeb\x83n\
km\xe9\xf6A\xd7\xa7\x1f?q\x96\xd1\xf8DC\x1f\
\x89\x9e\xd0\xc9\xedb\x1b$\xa6\xb6US\x94]\x5c+\
\xae\x14\x14\xcd\xf6c\xb8C!\x1d\x0bR]\xfa\xca\x0f\
\xfc!\x14\xcd\xdc\xb8\x1b_\xa9\xf0\x0eNA&\x9d\x7f\
nJj\xa52\x9e\x9c#\xb44\xba\x22\xd7:\x92\xce\
Y\xc4\x8b\xf6]3\xa50\x8c]$\xf0\xba+\xeb\x07\
\x00\x05\x8d,\xd2\xdf\xeb\x876}+\xc4F\xb9\xc5z\
\x5c}\x84M\xfb1\xa6\xbd3\xe36\x139\xb3\xf9\xc8\
 \xc9\x22I\x9f+\x0ee\xcb\xee\xcd\x1d\xe8\x86\xb5\xe2\
\xe3p\xeb\xb3\xcd\xd3\xe3\xdf\x87UX\xf8\x00u\xecr\
\xb8\x8a\x98Dh\xee\x8b\xcf{\xc9\x83\xdf*\x99\xb1\xaa\
\xeb\x05\x05\x9e\xd9q\x8e\xf1\x1f2L\x98\x1f\xc4\xba\x9e\
Y\x00\x94\xcc\xd4\x9d\x98\xa1\xed!\x86jT0\xb2=\
d\x00\x1d-\xed\xbb\x9f\x19t\xe5\xc7\xe9\xe0WX\x10\
>\x8c\xecyP\xeb\x5c\x1d\xba\xa6\xbd>\xf3I<\x12\
\xcd{\x98\x1b\x0d\xad\x83\x9bsi\xadw\x8a\x17\xb1\xf7\
\xc6\x1c\xb9\x10\xac\xde#.\xf0X\xf2\x87\xed\x98\x0a\x15\
\xc2&\x82\x1f\xbb0a\x1d\xa3\xdb6\x04\xa6\x95\xb0?\
\x19\xa09\x1fn(Vm\xc7x\xfdN?k.6\
\x00%\xefu\xf4d\xab\x97\xcc\xb9\x18i\x04;\xf8P\
\xc1\x84\xa4\x01\xf1/\x8c&\x196\xc2\xbb\xbe!\x85\x19\
\xd1\xc5\xbc^\x00C\xd9H\xd8\x89D\xaf:\xcd\xb3w\
S&O\x08\x17\xbf\x8e\xb1\x0euS\xf3\xe2\x11Z\x01\
\xa9\x90\xedg\xaf6{\x02\xa1\xd2s\xeb\xe3:aT\
\xf7h\xe6tf\xc0\xda\x17I\x17\x93~\xbf\x94\xc2\x00\
\x82\x8d\xd8\xa7\x0d\xec\xef\x123'f\xdd\xd6\xddn\x13\
\xdeD\xc2\xa2t\xd1a\xeby\xefx\x91\x17is\x8a\
\x86N?\xbb\x92GN\xd90u\xc3\x1f\xb3X\xabx\
!\xe4\xcc&\x89 \xc5\x22\xd0+p8\x0c\x83\x8cY\
\xb9\xb5\x99\x0en\xae\x05\x02\xed\x8a\x0b\xed\xb4\xbf_\xbc\
P\xd9\xf5\xee\x1d\xb3\xc3N\x10.\xee\xf0\xdatHN\
}\xef\x13\x95\x85Isf\x9f\x1a\x80\x17\x82\xb8\xd7\x9a\
\x8e\x07m\xa6\x99\xac\xa3\xa4\x80\xc1\x02-p\xfe\xd7\x19\
`\x19\x1a\x14\x83K\xd6\xddcp}\x0f=%\xcap\
\xb9\xb3\x04\xfa`l\x1b\x17\xce\xcfx\x5c\xc4\x18\xf7\xc8\
\xdd\xc1\xc6MfD\xeb\x10P\x89;p?\x86\x1d\xb1\
@\xb2I\x5c{\xc3\xbfu\xbc\x93\xf35\x81`\x06\x1e\
\xdca\x03\x8d\xc9<+\x09\xcb7z\xe04LR\x05\
\xdaN\x05\x85\xef\xc2\xb2c\xf5Z\xa8\xedG\xafE\xc2\
j\x1cK}\xf7\x93\xca\xd4\x9c\x16\x93F\xbc{rF\
z\x1b\xa7\xfb\xcd\xa5Z\x8e\xa7\x07\x11\xdc\x93Iwe\
\xe3\xd6\x17\x87,5E\xd0\xed\xd1Y\x93\xc1\xbah\x01\
n\x1c\xbf\x17\xd6B+E\x81\xc0m\x7f\x19\xa7c\x0b\
\xfa\xd1\xd0\xd5\xa4\xde8\xc7\x917^~\x1e\x1f\x08T\
!td\xe3\x02a\xd1\xbe_\xe93p\xfb\x22TI\
4\xae\xf3\x99X\x11\x0dv=\xcfy\x13Bxl\x04\
\xfb\xaa\x03\xe5>0\x088cEw\x0b\x89\xfeC\xec\
x\xf2\xdd\x94\xefQ\xe3Xx\x14\x8fp<\x17J\x9b\
&\x1a\xc8\xd3R\x87VB\xe1v\xf6\x98\xb9\xc4\xa4P\
\x06\xf7\xc7\xe5y\xcd\xcc\xa44\xb2.\xfe0m\x94U\
\xd8\xd4$\xc5\x18\xd58\x85F*\x0e\x89\xa9\xf6\x86\x18\
\xec\xe8\x09\x0dSR\xf1\x86\x15\x9e\x96b\xb2\x92\xf7\xad\
\xb8\xd8\x13\xc0\x9a\xc0N\xcdVU{\x85\xd1\x89\xe4\xd3\
c\xbc\x12\x22,Y\x8b\xe4q\x10\xdd~r\xe5Z\x97\
\x08\x03Y\xc9\x0fX\x03\x13\x0fs\x15H%\xe3\x00\x03\
Bu\x81\x07\x06\x9f\xf8\x5c\x1a\x0d\xf5&\x00\xb7\x1d^\
p\x82\xe4=\x1c\xbb\x9da\x01\xe9\xe0t\x10\x8e\x9c\xa6\
\x19\x12\xe5\x91\x13a\xb5\xd6C~[\x0f\x87x[#\
B\xd5\xb5\x84\xc0CD\xe5t\x9fGN\x09\xcb\xa3\xef\
\xc5\xe6L\x1a\xd2\x9a\xadO\x02i3\xa2\x90fx\xde\
`\xc1\x90\xd4\xe3\x15Z5\xd0eh\xe0HI\x08P\
\xab\xdd\xde&h\x0d\x9d\xa9\x80\xdftBi\xf7\xbf\x1b\
\xf6\xe3#~\x0cB\xe2\x15\x04\x98\x09 ,a\x1a{\
\xe0\xfd\xf9\x18\x8e..sn!\x90\x0b\xbb\xbf\x83-\
I\xa0\xca,\x1fN\xae&[\x00[\x04\xdb\xb0\xe9\xc7\
\xde3\x0a@\x05\xeb\xb8\x7f\x0d\xa2HTo\xbag\x1d\
u\x93\x8d\xd3IL90\x93\xcf[:\xe1u{\xc7\
W\x124\x98\xba\x8d\xact8azc\xe0#C\xf5\
\xa6\xbf\x84\xca\x1e%\xe3\xf5\x8c\xcdgm\x97\xa7\xd3\x97\
;\x0b<\xb0\x04\xf8L@C;\xae\xba\x8f\xc9<\xc1\
\x02\xe9\xfd|&\xabD\xd7\xbb\x96\xab\x1f\xd6\x12\x09\xb6\
YG\x16f\x99\xb2G|\x15\xaaM\xa2%\xec\xef\x02\
\x0d\x1c\x0e\xcf\xce<!;\xe1\xce\xb1\x80Gf\xc1\xf8\
\xd6\x13\x87\xe9s\xf4c-H\xb1\xc0t\xden \xc8\
\x82\x15\x11\xad\xeaz\xc2\xc8p[\xa7\xbc\xae\xfcui\
\xcf\x8ef0[~\x9f[\xca\xa9]\x9a\xb9\x1b\xcd\xbc\
Iq\xc0\x06P\x00\x1f\x82`\x08n$~{\xc3v\
\x1a\x09t\xf7\x8b\xed@\xacy\x9a\xe4\xba;\xca\x9e\x1b\
\xa5g\x0f\xf8\x9c\x19\xa9\x92K\xba\xa67.\xff\x00\x8d\
g\x8b\x8c\x05\xe7OS\x899\xc3\x9d\x8e\x0b\xdf\xb0c\
\xb0b\xd2\xd5\x08\x09\xf9r:\x82\x80\xbb\xab\xe9.4\
\x13\x15\xf4\xe5\xa8if\xbd\xef\x15\x08\x8a\x1d\xdd\xf7o\
\xbf\x03\xad\x197`<8\x1c\xe4G\xd1\xf9LJ6\
\xa3H\xd2\x87n\xf2c\xd5\xe8v\xc73\xad\xe4\xca\xda\
j\xcb\x95\xf7\xfcj\x00@$ \xb6\xd3\xdara\x5c\
\x00\x95\xf5q\xce\x07O8\xce1T\xd5^V\xe4\xfa\
\x1f\x05\xff\x00>\xf2\xd0\xf7\xf5\xcb\xdb\x93\xd9\xb7?\x19\
\xbc\xee\xdb\x9d\x827c\x8frz\x05\x9fC/\x91\xf6\
\xfa\x9f2\x5c\xa3\x87\xa8\xfc\x8fXQ\x0eWY(\x19\
\xd7\xebY\xc0\x82\x97\xe6nf\xce\xb4k\x86\xa4\xfa\xc1\
\x90\xdd\x11~E\x97'b`\xcc\xa2\xee\xc4\x84\xe7\xde\
\x024\xc7\x08\x0a}\x8b\xac\xec\xca\x0d\x85\x07\xaa\xdc\xd3\
4B\x18\xd2\xd4)\xa7\xbc\x84eAzb\x854\x9e\
\xcc;%\xa377\xd6F\xa9\x0b\x8eR\xf1\x8e%\x11\
\x88\xea9\xa0\x00\xbd\x91~\x03\xc3\xae\x1f\x02\x82\x92\xe9\
6rc\x10\xab(.t\xedz\xd78\x16\xb8\x1d\xe0\
\xfbG\xb7x\x10\xbe\x8bSD\xf5K\xbb\xe0!c\xcd\
\xc7\xa1\xdc\xc6\x90\xe8q k\x16\xa1%\x8b\xad\x85\xeb\
\xe7\x09\xce\xa0%\xf5\xa0\xb3 \xf7\x97W\x9cW60\
\x80\x18\xcfq\xc4U\xc6\x8f\xaa\xe3@\x0dF\xcb\xceL\
-\xe8\xd6\x9bON(\xc2\x1a\x8e\x8c\xd3\xb9\xde\x5cV\
;\xde\xd5m\xc1\xe2\x91\x92\xcd\xfb\x7f\x83\x0cv\x85 \
\x22\xb6\x97e\x0eL'\x92\xb6n\xc9\xd7\x89\x17g\xf7\
}aD\xfb)5\xd6L\x96S\x08B\xf0\xbd\x18\x09\
=\x83\xb0J\x7fD\xc6\xe4JB\x15\xd9\xcd(\xcc\xbc\
\x9a\x03G@\x9dx\xe9\x97\xaaM\x19\xb7\x04\x8d\xab\xe8\
\xc88\x0b^\xa0\xcbCC\xac~\x8d%~5\x80\x0a\
p/\xa1\xc5\x19\xe0(>\xc1\xde\x11\x82\x02\x12\xf9:\
6\x9e\x9c\xd5`P]3e\xf0\xc7\x83\x1b.\x97\xb6\
\x9c\xb9\xbb\xe1\xc1q\xdf=\xc7\x1c\xa0T\xe9\x84\x94!\
\xeb\x9c\x5cWp?\x07\x18\xe7:\xf68\xbf9\x13\xa7\
\x17/\x8d\x81\x9d\x18\x1f\x02\x97\x1e\x94\xa1\xe0\xe8<\x9e\
\xb3\x88p\x1c\x11X\xfbu\x85bB\xa8r\x808\xc0\
\xc7\xb7H\xf0\xeb\xb7\x01\x80\xeb\x18\xbfK\x84\x12\x04\x9f\
W\x80\xfb\xcd\x13s\xbdL;\xe8\xd7\x1a \xf3_y\
!a\x91\x9d\xe6\xe0\xf4\xed\xf4c}z\x09{TT\
4\x94\xc2\x1e\xd0=\xa5\x07\x0d\xaako\x9cG\x92\x0d\
\xab\x8am5\xd1k\x89\xa5\x87!o\xe5\x8c!\x5c\xa9\
\x12\x8e\x04\xe4K\xad\xb8\xa4\x8b b>\x9c\x09\xfa\x03\
 \xa8\xcc\x04\xd5\x0b\xb4.h\xc8?\x17',+\x03\
\x81U\xde \xc7}\x9f&\x06\x0c\x18t\xb7\x14\xc3h\
\xd5\x97\xea\xd9\x87\xdb;h\xab\xa5\xa6l\xc2t\xcd\x8c\
\xd7\x84N\xdc{ss\x88S\x04\xf3<O(\xc4\x22\
\x08\xec\xd2\xf2\x9a\xd7\xac5\xbb\x8a#\xa1\xd3\xed\xaeG\
\x22o6\x85@\x85\xf4u\xe2d\xae\xb5\x9b\x17\xaa\x9a\
\xf4\xce\x13\xb3\xc3pX\x03\xda\xe3<P\xe8Z\x03\xdc\
\xbb\xcf_\xc5.\x98\xc3B\xd6\xf5\x10\xfd\x0f\x08\xd2\xd1\
\xad\xdd\xc64\x22\xc8{n\xfd\xe0\xb8-\x87\xe35.\
\xaa\xc07\xf4b\x04\x03\x86\xcf\xe0\xc5DB\x9e\x92&\
\x07\x1a\xae%D\xf6\xfe\x09\x8c\x8b\x15F\x96\xb1\x7f9\
t$`6\xa6in\xe6\xf2\xbd\x5c@\x9a\xb7WW\
rb\x22\xbe\x11A\xa7\xd1\xc6<.\xc5\x13\x1ba\x18\
\x03S\xd5\xcdI\xca\x0b\xa7\xceJ\x0f\xce1\x1e\xba\x87\
O\xafn9\xbe92!n\xc6\x9eoS\xac\xdc\x12\
%S@\xbc\xcc5}\x14mc{\xe0\xf8<'\x91\
FP\x0a\xfa\xaf\xf2/%\x8946)Oc\x85B\
\xf7\xa4\xf9}K\x93\xae\xcd\x89\xaf\xbf\x80\xe6\xe22%\
P$\xe8\xbe\x89\xafx\x13\xb9\x10\x17\x18\x0e\xe1\xec\x0c\
D\xa6;t\xab\xba\xcc\xb9\xcf\xcd|\xca!8yg\
\x05\xfe\x1bk\xc3\x15\xaa\xd5\xc5ZJ\xa1;p;K\
t\xf8\xc9\x9dxW\x16\xf4\x8e\x1c\x02\x06\xb7\x99\xcc\x0c\
\x8bM\xc2\x8ds\xaciN\xb7}\x85\x985\xbfw^\
\xb9\xc0\xcak\x12\x9d\xddG\xa9\xfc\xbf\xd7\x82\xc9\x7f\x93\
\x09\xc1\x13\xf1\x97p\xd1!V\xe8h|\x1e\x0a#W\
\x06EK\xe9|\xda\x9b\xdd\xdb\xa3\xa9\x84!\xdcp\xbf\
\xbf\x09\x93\xc3U\x1c\xd9\x97\xc4\xc9\x1d6\xb9\xc4\x00v\
L\x98l\xe2\xa1S\x0a\x0b\xa0\x01\xa2\x19Z7\x852\
\xe2?\x88\x0d\xa9\xd5\xfc\xe2\xcd\x9d8{\x8b\xd8\x82o\
k\x8e\xd6\xbb{XoB\x1a\xc6\xe0\xee\xd6\xd7\x1a\x19\
\x02\xe5,\x03\x22\x88\xa3\x98Y\xf7\x94\xb3.J$\x8a\
|\x85\xc0\xd5\xa5\xb06_~\xbde\x02A\xe8\x07\x1b\
{\xf9rU\xb8 \xa1\x10~\xf1\xe5piFB<\
\xd9\xb7Z\x83\x9a*\x0cF<3\x0a\x22\x88uYq\
&\xd6rL!=\x8f,\xd5.\x84\xfcu1\xb9\x01\
 \x82\x08\xc1\xd5\xf5\x81Kn\xcf\xcf\xb7\x0f\xd6\xba~\
\x96\xf5\x9f\x16\xfbo9W/A\xf81h/\xc6W\
XC\x87-\xbb\x13\xa9\x9a\xf4:y\xf2\xb5{\x04\x08\
\xa3\xbff\xb5\xe0\xd4\xa9\x0a\xd4\x1b\xb7^\x07\x8b\xc7\xac\
\xd1i\xa9\xce#\xacl\x0c\xf7\x8f\x81\x15%\xed\xc2\xfa\
\x0e\x0f\xeef\xb7\x92k\xc4|*\xfdq\xdaN\x0e?\
\xcf\x8d\xcd\x0b\xa6\x1a}\x1ca \xd2\x9co\xc7\xce\x16\
\xaff\xe4\x80\xdf\x17\x0a\xa0\x1b0\xc1\xcaB>\xd8%\
\xaa+\xda} \xf3\x88@\x9e\x1a\xdd\x98BN\xcb=\
x\xe0{\xd0\xf3\x9a\x1d`\xbd.>\xc7\x80r\x06\x0a\
\x22\x1bc\xd9\x94Yl\x87\xa5\xe7\x02A\xf7\xff\x00\x7f\
\x19J\x8a\x10d\xf9\xc0\x82\x10\x22\xee\x8e\xe1\x94\xe8b\
\xdb+\xa2\xef\x00S@n\x15p\x82\xeb4\x92Ma\
\xb4\x83\xfbs\xed\xc1c-]\xc5\x08\xa5&\xf9&>\
!\xc9\x12\xd1\x09=;\xc1\x0d*q2:\xac\xc1\xb8\
\xf9)\xc55nEA\xa7\xbc\xde\xc7\xcb\x0a\xe6\xf8\xe1\
RM8\xfb\xc1P\xb0lp\x83&S 8\xbd\xe8\
\xd1\x90\xb1\x1b\x11\xd4~|\x0f\x8cE)\xbbC3\x8a\
\x1b\xf9\x91\xc2\x83\xcc&\x94X\x97o\x06\x1e\x03\xbb\x07\
\x13C\xd3\xb3\xc2\xf2\xe1\xc8c\xa8O0\xe7wx\x91\
\x89 \xee\xce.\x0cIPn\xa6A\xe1;\xc0M\xbd\
F\xc9\xe0g\x85\x08\xa2\x11\x02\x95\xf7\x80!\x16\xed/\
\x185\xbb\x09\xd3;\x8fww\x18\xaf\x8dbet]\
oK\xc6\x0alf\xa6Tc\xaa\x82\xc1\xd5\xc5tC\
GH\x1b\x98\x93\xd3\xde\xb2\x94\xac\x15\xcd)\xc4\x9cI\
\xdd\xf9\xc9\x83\x08\xba82\x7f\x07&\x9c\xc9w\x8d\x19\
\xc6\xd2\xf1\xd9\x800\x95i8\xf5\x89\xaa$\xd7,,\
>^\x8c\xd3\xae#\xd4\xbd\xf8\x89\xc8\x17!\xc8\x16\x89\
\x8b@7\xe7X\x8a\x0c\x13\x962n\x01t/\xbe\xc8\
\xdb\xef\x04\x0451>\xb1\xaa\xe3\x98z\xc4\xaa]\x94\
\x8b\xc6\x12\xba\xdb\xc1\xa9\x97\x8e\x0e\xc3\xefS\x85\x93\xde\
;\xd1\xe0\x13\xe8\xfdS\x1b|\x02\xdd\xf9\x1a\x86B\xb4\
\xc7s=dn\xe4\x0d\xf1\xc7\xc6<\x93\x9b\xf6\xf7\x89\
(n\xc2\xaaF\xad\xd6\xd9\xfd;\xda\xc8N\xaf\xfc\x13\
\xf87GYm\xbd\x93\xe1\xf5\xe2\xe6\x1f\xfd\xcbJ\x9e\
\x81\x1a\xba\x9e\xf10\xe2\x5c,\xdeg/\xa7\x178_\
\x805\xb1:[\x80o\x8aCTH\x03\x9e\x83\x8c;\
?\xd8h7\xa7\xe7\xc0\xbc,`\xb6\xec\xeb\x5cy\x8e\
\xd3^g\x9a\x8e\x9d\xc5:\xa6%Q\xaf\xd0r\xe24\
\x95}6GY\xc6\x02th7G\x93\xb6n\x97Q\
*\x0aww2>\xe1\x8a\x8d^\x1f\xecf\xc0\x18e\
\xe3j9\xdaj\xe1U\xc9p\x8f\x15\xdb\x06\x5cj\x0a\
\x88|\xb9\xcd#\xc0\xf91\xf2\x8e\x17(V(\xac\x87\
?[\xc5\x1dd\x9f\xca\x7f\x0f\xd0J\xe4\xdc\xba\xb3\x8c\
$\xd7\xa5\x22\xad \xbb\xc0\x22\xf6.\x12im\xa4\x8a\
])\xbf\x13\x0af\x14\xa8\xba19\xd6\xa3\xfc \x95\
`=\xab\x8a\xc4\x18\xdc\xdcx\x8f\xce\x00F\x08? \
\xdc:5\x05\x9f\x06\xdc\x83\xd6\x07v\xdc\x8e\xf2bT\
hg\xa1\x8c\x11\xd9#\xf9\x08g\xb2\x84x.}\x8c\
\x11\xf16G\x1cX\xc2\x99\x14\xadx\x13\x93\x93\x8e\xae\
\xe6\xbfs\x1d\xfex\x02v\x8c\xe5F|`\x0c\x11B\
\xa3\x0f\x14\xc0\x12\xe3\xb6\xa4\x17T\xdf\xbc\x03\xc6\xa1\xf7\
\xb9\xcd\xf2\xc2\x00\x1d\x0a\xe5\xc7U\x98h\x80\xbb\xfbL\
YL^\x96\x01\xf0\xb0\x18^\x9d\xb8\xb1\xe6\x10\x1b\xe3\
^\xec\xdf\xac\xd3e\xb5\xd9\x08;\xc0A\xde\x90r\x92\
\xbc\xae:%iq\xef\x0d\x8eC\xc6l\xc7Nh\x06\
\xcb\xc3\xeb7\xe3%d\x11\x08}WX7\xdaSS\
`\xf6\xd8\xdc\xd1R\xe9\x8a\x1d\xefZ\xc5Wp\x10\xf7\
\x16\x17\x004)\xe9\x0fX0o\xda\x0e5p\xa8c\
\xb10\x05\x0b\xc8\xdf\x0f'f{j\x135\x8b\x00%\
\x02\x1a\x16<\xf4|a2a+|\xcd\xc3\xe7\x02!\
0\xcb\x8bk`9\x07q\xf4\xb9\xb2!\x05\x8f\xb35\
\x1a\xe5\xcf\x81\x0c]\x96\xc1u\x8e\xbcM\x16\x16_Y\
r\xbfB\xc9\xda\xb4\xc3\xa2\x10\xc2\x06\x94 \xba\x5c\x9e\
\x15\x9ce\xa2\xb0\x19c\x8b\xd6q{w\xb4\x02|\xa5\
\xe7\xc9`\xad4\x85\x94(\x1c;mw\xe1X>p\
\x9b\x98\x82\xd8\x8e\x8f\x9cx\xb0\x03iEQ5\x09\xbc\
\x9c\x8fa\xc3\x5c}\xe2/R\x09\xe8\x89\xdd5\x91+\
j\xd1Dn\x1f\x17X\x0d*Rt\x22WWG\xc0\
\xe4a\x8f\x104\x1ds\xbd\xa7>\x13s\xb9\xae\x0e'\
\xcf\xbc\x19\xa2\x9f{1\xbc\x89\xa4\x83\xcb\xea\xebX\xd5\
IR9Cu^\x5cy\xb3\x00D\xe1\xdd\xc2\x94A\
\xf4\xdc/he\x8f&\xcd\xfc\x86\x22T\xe7w[n\
\xb2.S\xa9\xce\xb0\xe5\x8b.i.\x1f8d\x5cD\
/\x06\xa6G#\x15\xc3$`\xe7\x8aL\x86\xb5Q\xa0\
_\x83&\x91\xf1k\x01}\xb0\xd6\xf0\xd8\xfc\xc0+\x06\
\xdds9a\x0b\x18\x8fH\xcc\xd1\x1c\xd6\x8e\xf7\xcc\xb2\
\x1e\x9d\xeb\xe3\xc0\x98`3A\xa5\xff\x00\x5c\xbe\xfc%\
\x97\xa0?^.9N\x85\xa9\xcc\x0c\x90\xd0(\x8b\xc6\
6\xf2q\xa2]\xda\xfc\xe3\x18\xf7\xe5\xdcQq\x98\xe0\
\x0b&\xfel1N\xf2\x0c\x0bG7\x04o\x88 o\
C\xd3\x17\x98\x90|\xd5A\xfc\x00iuUn\xa0%\
\xe88q0\xd4Wn\x02\xb7\x96\xb4\xa8q\xa7\x91\xcd\
-#h4W\xc3\x22\x1ba\xda{\xfa\xce\x8f,1\
\xc0\xb0txTf\xcd\xeb\x9c\xf8A,\x05\xefs\xc8\
\xa8\x5c\x04eF\x8d\x83\xe1L\x0a\x81\x09QM\x145\
\xef(\xf1(\xb7G\xf4\xd7\x9d\x0d\x90C\xe3\xeb\x071\
\xbe\xe6r\x0d\xd4\xdf\x83\x1c\xdfk\xf3\x80%\xaf\xa5\x99\
\xeb?\x1e5F5F\x8dbWZ\xaa\x80\xaf\xe3=\
e\xcd\x84a\xc21\x83\xac\xc6\x9d\xbc\xf0\xe4v\xc4\x98\
\xdc\x0a\x89\xfa\x0c\xdd\xb7\x89\xd0\xf0\xe4\xd2\xa0\xdd\xe1\xf1\
?x\x98\x02\x12\x1a[\xbb\xfcd\xe4\xc5^\x08\x03\xaf\
\x1d\xfd\xff\x00\x02\xc9\xd4\xf5\x81\xfdG<\x1b\xc2\x025\
4\xec\xff\x00f\x10\x95f\xcb\xe5r\xe4C\xb1\x0a\x9f\
\xdedH&\xe7U\xd6/\x05k>\xdb\x8b\x7f\x95d\
\xbc\xbcp\xc6\xf7i'S\xc9MH\x9a\xed\xbe\xb2\x22\
\xb34F\x0f\xc3\xbc{. \xd4qG_L\x98A\
i\x8e\xed\xf5\x8a\xeb\xaf\xac\xf7`\x04\x02\xf6\x9f\x19\xa2\
\x8e\xc2\x15\xdb\xbdaC\x895\xcf\x1co7\x01u\xfd\
\x8c@\x08\xd8\x8f\x87/*m\xf8~\x17.\xce\x11T\
c\x88M5\x0e\xba\xde;dE\x9do\xbc\xe1\x04\x95\
\x00\xfe\xf7\x02\xd6\x97\x97^b\xf1\xe0*\x14+\xcb\xc1\
\x80\xf7\xe4\x92\x8f\xda\x7f\x04\xb8\x0e\x9c\x98D\xe8\xc7&\
\x0d\xe9\xcdts;\xc6\x1a\xe0\xa7\xbc\xe0\xd0\x80\xd18\
\xf7\xed\xc3\xa1t\xd4\xf7\x81x\x05I\xad\xb8\xd8\x81\xd4\
\x1d\xba\x5c$\x92R\x86\xebu\xcea(xx\xde\x14\
\xc2\x88\x10:T\xef )\x81T\xd1\xe9\x87\x8c{\x0f\
\x0ah\xfc\xefX2\xd1H\x15\xe0\xb6\x17\xac\x01#*\
0\xb12\xf7+\xae/}9YO\x0a\x96\xcbg3\
\xe7\x0f&M\xad`@\xcb\xb0\xd8!\xc6\x03Y\xccO\
\x02\xd4Q$\xef\x15B\x10t@\xca\xaeW\x196\xce\
R|\xb3\x16\x13\xb2&\xc2\x0a\x1cq\xdf\xce\x02\x0c\xfd\
\x06\xdd~\x0c\xadJ\xa2\xdb9\xb9\xaaA\xa7\xee\xf2h\
 \xd3\x19\x04Q$\xd9\xb2\xe0\x95A[\xa4N4\xee\
8\xdc\xefC_ eLOncez\xacuK\
\x8c9\xb0I\xa1$\xe3\xac\x8chw\x10E\xb7\xb3\x9e\
p\xa8\x0biK\xa1x\xbc\x0f\xbc?9\x88r:C\
\x11U\x1a,1\x88\x03u\x96\x03\x98\x5c\x1d2x0\
\xa3\xa4B\x06\xd7/\xc9\x96\xc4HK\x00\xc8s\xbcO\
n\xc3\xb1x\x1f\x86\xf2\xfcjH\x14\x14G\xd7\x9e`\
\xac\xc045*\xbf\xdd\x8c\x00\x09\xb5o#\x8d\xea\x8a\
.\x0a^\x9eLo\x88I\x89<\x11\xab\xef\x12\xfcI\
T\x22\xa6\xdc\x06\x83\x19Q\xbe\xdc_\x09\x11\xe2\xeeL\
\x923k\x11SSsV\xf5\x80\xde\xee\xf1:\xf7r\
\xfd_f\xb4\xf2\xbf9\x1c\x16\xafs\xe6\x5c\xa08\x03\
\x1a]\xfc\xce\xb3\xd4\x19\x8bdq\xa1\xa7\xd8\xe8^\xf1\
\x00,Z\x17g\x17\x8daQ\x05\x10\xc36\xdd=\xa6\
5\x12l\x82!\xde\xf5v\xf8\xc0\x09i\xca\xe3n\x5c\
\x8b\xbac\x08\x90\xdf\x81\x96\xc1\xfdS\xaf\x00#\xbc\x06\
\xb5\x89\x82\xc8\xb3\xba\xeb\xd82\x1a\x82\xefD\x0b\xd1\x8c\
\x17X\x18\x94w$\x14>\x86\x8c[i\x8b\x0fU\x0b\
\x86\xfd\xc76\xe1\xf3\xb8\x15L\x00\x87\xe1j\x98\x84\xd8\
\xeb\x10A\x0f\xb0\x19\x85,\xdd\x96]\xde\xb0D\xd7\xda\
\x15\x0f\xac\x9b\xbb>3KF\xcd\xb9\xfc\xe5\xd1Pk\
\x8d\x8a\xd9\xd1\x95\x7f\xa4\xe0\xca*\xdd\xdbyFJM\
\x0a\x84\x06l\xdf\xa7\xc3\xb2]\x05\xbdf\xad\xb6\xd8F\
\x9b\xb7\xbcT\xd2R\x9f& h\x8e5#\xc8\x8f\xd2\
D\xc0\x13G@\xe1\x00\x00\xe9\xfb\xf0=\x1f\x9fY\xb9\
\x8e\x0d\xf8\x08\x02\xe2\xd8X\x98\xa0P\xa0\xaac\xe4\xb0\
\xb1\xedf\x22\xafK\x8ch\x0b\x7f}o\x0c\xc21\x94\
\xe1\x9e\x1a\xe8\x1dU\xc6;c\x0aY\xc3\xe1)d\x01\
Vn\xeb\xd6M\x5cE\x22#\xe9\xf1\x02\xbd\x07\x13G\
\x96\xb6\x88)m\xf6\xf0\xc8N\x08\xe1f\xccA\xa2\xb1\
\xb4\xe3\x09=\xb1?\x81\xb6\x04\xf4Bv\xba\xd4\xcae\
U -\xf6a\xb7 \x07@\x84\x1c \x8a\xa1\x03I\
\xdf\xad\xe0\x18\xd8\x81\xd9\xfcc\x14\xd5q\xeef\xec\xb4\
\xd9A\xe0\xe6\xb3'\xf0j\xa5yW\x10\xa1\x94\x17\xef\
\x0a\xe3\xb2\x8ec[\xc1\xe89\x86\xa5\xd3~\xb2+\x07\
\xe0\xe1 \x1bH\xd8a\x18(\x97\xe6Y\xbe\xcc\x92}\
\x5c\x16\xfas\x93A\xaf\xd5?75\x0d\x08\xefGY\
\xb7,\xb7\xf8L2\xa0\x8e\xf5\x8d\x12!\x1f\xcej\x1f\
\xbc\x8f\x1e\x87Y\xf5M?yB5\xc7\xeb\x0a\x80~\
Y\xf8\xc1v\x1d\xe4\xe5\xc40\xb7\xd0\xb6\x19\xca:p\
\x9d\xb9\xcd\x7f|m\xac\x81Y\xb7\x1b\xdak86T\
\xcfB\x86\xb5\xcb\xeb\xf95\x02~q\xa2\xa3\x92\x1e;\
7\x0dG\x01\x10\xc8F\xc3E\xd5\xce\xc8\xf1\x1b\xad=\
{\xc5\xf7\x8bb\xfeH\x9d`\xcb\xce\x9aG\xdf?\xc1\
a0\x94\x01kv\xf7\x87\x95\xcd\xa4~\x16\xf5\x93\x98\
\xfe\x13&L\xae\x9eqf\x9an\xc3\x9fGy\xc1X\
#\xe7\x8e~0\xd1\xd6-\x12?\x19\xba&J\xf32\
)=\xbbn\xdc\xdb6K\xcb\xe2c-\xbf\x00@X\
\xce\x07g_\xc6g\x02g\x82\x15\x95\xc1;Y\xa7\xc9\
\xe7\x8d\x7f9\xce7\xbf\xcc4\x1e\x0dI\x12B;\xb9\
\xedqKQ\x13\x89U\x88\xea\xcc\xa7\x07\xd4.\xa3\xa1\
O\x8bql^\x06\xf1\x81\xb6\xc88\x89w\xf3\x8d\xe8\
-\xaa\x85\x1e8\x17\x120\xe2\xb6\xd3\xb7\x08@\xba%\
M\x10\xf9\x99\xa7]\xa4\xca\x84T8u\xc6^\x83\x88\
PB}\xedr\x84\x13\x11~\xb9\xfcs\x83\x18\xa07\
'\xd1s\x91\x86\xf8$\xef\x12\x0fZ5\x8cq\x9bh\
\xd7\xc4\xc8\x018\x8aA4\xe21d\x18\xe3n\xae-\
\x1bp\x07\x85\xe1=\x99PT\x1b6}9\xba\x93a\
\x009\xdb\x89B\xf8\xf4\xa1\x1b\xf7\xe8\xca\x0ebD\xa6\
\xf4\xe0\x80\x89\xc1f\xed0@lJa\x07N/X\
V\xd3\xaf3M\xeb\xda\xb9T\xd7\xcc\xc2\x81\xf7\xbf\x07\
\xbc\xb6h\x93mH%\x84\xcb\xc2\xf1\xf4\x99\xb2\x10\xaa\
\xecJ\xda\x0aq\x93\xaa\x8b\xae\x0b\xeb\xd1\x950$\xb0\
j\xdb7\xe0\xaf\x03\xe4\xbcE\x83m\xe4\xf2\xad\x15\xd7\
\x1f\xc8w\x89\xd4\xa7\x00:c\xa4xG\x9c\xfcn\xc6\
\xbb\xd9\x92\xdd\xea\x1c\xc3\xd5\xc0\xf19\xc0\x02:0\x9b\
\xa7\xb1\xc4\x91\x98+\x0e\x8d\xaeQ\x15\xef\x8f~5\x01\
5c\xc1\xc43NL\x06\xe1h\xfa4\xc1\xb5)\xc8\
i8\xd7\xbct#\xe6\x00-\x11\x1c\x98\x19\x82\x8e\xab\
T\x08P\xd6\xf7&\x12}A\xd8\x03\xf4\xf5\x80\xe3N\
3\xa1\x9a\x98;\xeb6.\x110qg\x08\x1a\x81\x8a\
(V \x1b\xdc\xe5\xb8'\xe4 6\x19\x0ek\x97!\
\xb7l\x1f3{\xbc\xb0\xf9g\xb1u\xfb\xf98sq\
rW#`(GH\xdc\xbe\xccb\x8c\xb9\xed4\xe4\
8M\x1c>\xcc\x14\x09:X\xc1x\xaf\xce5\xca)\
\x0a\x91\x11\xfc\xf1\x9cEe'\x13\x04\x80\xd3[\x13\xe0\
\xb9\x06\xe0l\x1e\xce7\xeb\x1d\xact\x00K\xbe\xdb\xbd\
\xe0\xceU\xae\xb5\xbe0\xafx.p\xe3\x08[\x22'\
\xba`\x01\x09\xb2\xd5\xc1\xf9\xbe\xcd\xe2-\xa0\xa8V<\
?x\xe9\xb5\xa2\x90\xa7\x07\xb3-\x97\xc0\xa7\xc1\xac*\
\xec4\xf2\xccT\xde\x12)O\x5cx\xde\xcc4X\x06\
\x11\x00\x0a\x13;\x1a\xf0Qf;\xb9\xa2\xf5y\xcb\xb8\
\xd6T:\xa4}\xf6\xc6(~U\xab\x91m5H\xee\
\xf5\xfc\x08\x10\xbb\x0a\x1c\x17\xbc\x8d\xd5\xf8\xcd\x14tZ\
\xc6R\x85{\xd6\x02F\xd2\xbb\xf6N\x15\xd6Aq2\
\xachP\xa4\x11\xf8L\xbc\x8do9\xbb8]\xbe\x16\
$\xde%\x03`\x9a\xe5\xf1\xd3(\xaaZ\x9a\x02O\xbb\
\xde3\x15\xe43x\x9c\x03\x93\xc2/\xf1#C\x8e\xd8\
6^\xb1\xa5\x94\x0b\x81ln\xe8i\xea\xe1\x0a\xc6\x01\
sx\x22N\xc4\xfd\xcc\xbd[\x0f\x82\xcd\x07&\xb3C\
\xbe\x9f\xbc!4\xd6),\x12P\x84\x13\xde5\x92=\
\x18\xd3f\xfb\x1d>n\x04K\x1d5Rl\xd6Y\xa6\
1\xcc\xc4\x83eV[\xc0\x9a\x86\x04\xed\xf4\xc5\xeaw\
\xc3\x84^\x1a\xaa\xf9#\x8c\x94_/\x9c-\xa91\xa0\
\xde#\x96\xb7\xc4;\xeer\xacN\x5c\xbc\xf9\xd8\xabu\
1'\x17\x5c\xe0XK\xa1\x8e\x95\x87\xe7\x14\x8b\xcb\x8c\
ms\xf8\xc0<!\x056\xcfF\x11\xda\x01F|\xb7\
.=\xc0|\x18\x18\x91K\xfc^\xb1\xa2,\xad\x07\xd3\
w\xe0b\xa5*\xf0\xbe\xab;\xfe\x09\x10]\xf3\xbeO\
_\xc0F\x14\xa1f\x8b\xe61\xe3\xef\x1e\xdcz\xb9\xdd\
\xc9{?\x92\x128\x94v\xb6\xb7\x8c\x8c\xb3\x10\x14o\
g\xfc\x136!\x87/\xdeLP^_(\xd5\xf2!\
e;\x08\x1e\xcev\xd1\x9d\xf1\xa7^fT\x0cM\x93\
\x92\x9f\x869\xdb\xc0\x9ao\x97x\xc2\x19\xc6\xf7\x15\xb8\
{\xc2x2B*\xd2=\xe0md\x13l\xa0\xf6Z\
zr\xec\xe2\x01\x9d\x00\x10\xb7\xf3\x94\xf5\x83\x92\x0c\x1f\
\x87\x8c\x962\x03;|\xe022\x01!\xe7\x92\x98\xc8\
6\x83\xf3\x0c<\xa3(\x1fi\x07]\xfa\xc9\x83\x8b\x1b\
\x16&\x9b\xe0kc\x88lH\xe7)\xc5\x07{|\x06\
s\x03\x95\xcd\x03\x0c;Bp\xc2H\xc1\xdb\xeb/u\
=o\x18m\xc6|L\xdf-\xe3\x1a%\x0e\xe9t\xa1\
\xdeX:\x83u}\x1f\x861y2T#Vm|\
\xf6\xce\x1cPw\xde\xac\xd4\x19X\xba\x85\x08{us\
\xe2>\x84\xa5x\x1d\xa1\xadpb\x83\xf3K\xf6q\x11\
\xda\xc0-\x0e\xc7C\xd6\x14\xef\xd7h_\x89=\xe0\x1a\
:\x83\xb9\xde\x9c;\x0f\xd5v\xa2\xf48\xdf\xbf\xe0\xc5\
d\x1e\xad\xf0\x1e\x83d\xdf\xceR\x1e\xf0t\x1b\xb5\xd2\
/\x9fJ\xa1\xc7\x95Bc\xeb\x85\xdb\xf8\x86zy\x22\
r\x09~8\xc2\x9a\x11']\xbc\xf9^\xe7\x86&\x00\
\xb5F\x01\xf2\xe2<z\x0e\x914\x8f\x87\x00\x0e\x81m\
\x078Q\xa3\xbe\xcb\x19\x87Y1Bb\x08SXF\
RF@\x9d\xaf\xc6\x8c@\xcf?cs\x09\xaa\xbd\x8f\
\xd9\xc6\x08\xa0|\xd5\x1d\xbb\xc5\xad\x18\x18\xf0\xce\x9f\x8c\
\x01&@ \x17|\xf1\x9b\xc6\x11\x17w\x93\xec3N\
XM8N\xcc\xf9\xcd\xd9\xb3Cf\xf0I\xf9b\x09\
`H\x9d&:\xda\xe3\xba9t\xdd9s\xaf7\xcf\
H+\xb6]\x86B\x22\x00\xb1=\xd3\x0a\x02\x12\xde6\
\x03\xd4\x0csq\x9a\x89\x0b\x12V\xe92\xcfu\xc9\x9a\
k\xc4\xe7\x1f1\x16\xa0\xe2M\xd6\xab\x02\x05\xde\xb2\x00\
? ~sQ\x1b\xf8\x1aK\xeb\xb9\x86\xc0\x15$J\
?\x1c\xe3x\x14\x92|\xfcg<sI\xc5p{\xc2\
\xd6\xf6\xe7\xc3SNF\xcd\x0c\xe6>\xcaA\xf2\xb9g\
\xc1\xd1(2~\x86.i\xd1H!\xc31\xb6\xa3\xf0\
-r\xd9\x8285ZC\xa9;\x1d\xe0\xdd\xa5t\xa7\
\xc1\x01\xfb\xc5\xe6\xe2\xce\x18T\x05\xa3\x81,\x5c\xe3\x17\
\x07\x81\x11V\xe86\xbf\xc5\x12Q)L\xb6\xa1Y\xbd\
\x1f\x9c\xe4gJ\xd1\x9d\x8e7@\x05\xaaz3F>\
T\xdb\xba\x9b?\x06\x06_/\x12\x00\x11<\xec\xf5\x8a\
\xf8N:\xfd\x5c^\xa7kz2\xe0\x10\x0e\x87\xaas\
\x1cgi\x04SW\x89W\xc1\xed \x19\x05h(\x10\
\xf2\xaf\xf0+C\xecw\xbf\xe2\x86\xeb%\xfbh\x83Y\
\xc3\x8f\xb2\xdb\xae~7\x9a\x86\xf1\xdeO[~q!\
miq\xb8S{\x9e\x9cgZ\xf7\xcet\xde\x15=\
g\x0b\x04\xae<-F\xe3\x83\xc83\xacWd\x10\x1e\
\xb0\xaa\xf6\x22L\x22\x95\xc1\x14\xdf\x8c\x7fm\xeb\xe3\xac\
J\xac\x91\xec\x07\xfa\xc39e\xd4\xe7X\x8a\xfcz\xc5\
\xf6\xe2:\x07\x10B\xd7&;\xd3\xe2\xf1\xe0xx\x05\
b\x17F!aL\x88)\xce\xf0B\x0e\xdc\x98k\x0b\
I\xdf\x0f\xc9\x93&L$_^)\xdc\xf7\xab\x8f\x18\
\xba\xe2\xe4\x14\x97\x04%\xb3\x18&\xec\xce(\xbe\x9f \
(G\xe7\xc8a\x9a|\xbe\x99\xac\xee>\xeb\xd7\xc7\xf0\
\xadv\xd2\xf0P\xb2\xbd\xccs\xb3\xf3\x8c9~\xb2f\
\xa4\x9b\xbc\xdf,a*\xc2\xb3\x00\xf1%\x0d\x0a\x0a{\
/\x88\xe8rx\x8e\x14B\xc0\xae\x01y\xfca\x9d\x00\
\x90N\x97q\xc6\x85/\xb7\x19\xa5\x14Br\xe8\xce0\
KhB\x98\xd9{\xc6\x83A\xa0e\xdav\xf9\x0a\x81\
`}%\x1f\xc9\x9fL\x88U\xd0\x80s\xbe\xff\x00\x90\
\x0d\xa6mW\xf8\xa4\x10\x81kw\x856\x96F\xc99\
\xc5\xb7\xef\xc6\xbb\xc0\xc4*td\xf6\xd6s\x85\x09J\
\xaf\xa7y\xa1\x114>\xa91\xae\xa7<\x04\xe0\x97:\
o\xc4\xf0\x8f\x0c X\xf2{\x99\xc6p\x1c\xb4\x0f#\
\xd6\x04\xe8O\x13\x1dC\xfep\xd34\x07\xa5v\x07\x17\
u\xcd\xd2R\xc7P\xb2\xc7\x5ca\x0a\xf9\xa2Q\x1e~\
\x111\xb6\x14\xc15\xf0\xe2\xa2Okz\xc3b\xb62\
\x83F{\xf7\x87R\xa6\x5c)\xb4\xfe\xb9$\xc9\xa6\xda\
\x1c\xe0\xb5zM{;oS!\x1d\x06\xeb\xcf\xd6 \
\x04\xd9\x1d\x18\x0b\x1b,\xf6\xf5m\xc6&Su\xacC\
\x12c\xc9\xdb8\xce9\xb8\x998\x0dK\x9a\xa8Z\xf5\
\xce\x1e\x07'\x1f\xd6\xde\xbd\xe2\xec\xc0\x0d\x01\xec\xc2\x22\
}\x09\x17\x05t\xb1\xac!Rz.\xdfn\x06N\x03\
\xbaTc\x160\x8a\x92\x9c\xeb\xb3\x14m\x8e@B\xd3\
\xd8:zq\x05\x06\xa7\x05\xb3\xd8\xbc1\x8f\xc0\xc0\x9f\
\xef\xd6sW\x09\xde\xc6\x980\xadu\x81\xa6=_\xbc\
\x81O\xe2\xa2+9\xbc\xb7\xafZ\xf10\x22j\xe3\x96\
lv\x1e\x19\x90h}\x89\xb8\xbbN\x8c\xb1?#\xec\
\xc6\xa1\x19\x86U\x97\x1a\xc6\xe1J\x14(\xfdo6\xa1\
F\xc2\xd1tr\x9a\xc5\x97P\x90R\x105\x83o\xb5\
O\xc0s\x17\x8c-\xa6T\xe7\x15\xac\xfbq\x91[w\
\x9c\x13\x04\x89$\x00\x12\x0e\x0e\x9c\x5c\xda\xfa?\x15\x9b\
r0\x18\x0fC\xc4s\x9a\xb68\xae\xa0\xb8\x13\x9b\xd0\
\xdd\x95}\x0c\x11\x1d4]\xf2\xe0\xd1~\x86\xf0\x1a.\
\x90\x12>\xbf\xef\x08W\x1b\xb4\xa0?W(\x14\x17L\
\xb9\x22\xb2:rM&\xd6`\xf6\x08\x05B\xb7\xf9\xd1\
\xc78\xdc\xb61b=\xaf>\x8c\xf7$A\xd5\x95\xd7\
\xac(\x0f\xf6N\x17\xeb\xacV\xc0\xcf\x9cq\x1f\xb0\x87\
o\x1e\xdf\x18*o\x13\xdb\x7f\x18\xcf\x82&\xe9\xef\xe0\
\xf5\x84\x9c\xa0\xd3\x9c<\x02s\xf1\x82\xa4\xf6\xaf/\xa5\
\xf5\x94\x11\xef8\xd8p\x0d\xba\x84\xc6\xdar\x09\xf28\
x\xc4T\x01j.\xd1\x0e\xb3\xdf\xab\x97\x056\xc8\xc9\
\xeek,\x98\xc5\x0d3\xa7\xe37n*\xbfw\xaf\x8c\
\xb4!\xe6\x08U\xea\x9a\xf88\xf3]/+\xe1L\x07\
v\xab\xa4\xea\x19pl\xd7\x0c\x19\xab\x82\x91\x19\xfcb\
E\x82\xd1\x16=\x0a\xdc\x1b\x17\xba\x08P]\xf3\xce\x01\
Q\xb0\xc4\x84\xd5b\xd0\xa0\xc280P\xb0{C\x04\
E\xb1\xf1\xbb\xab\xc3\xd5\xe7+{\xe7\xf8#Y\xae\xb0\
\xc7\x08wn\xb0\x01O\xb7GG\x12sw\x8a\xcd$\
^\xda=|\x18\x1ef9\xd9\xdf\x90\x0cH\x1a'\x04\
\xb8\xc9w\xed\xdek\x06\xfb)\xcc\xbf\xc0g\x8ff\x16\
\xb6\xc5\x1bs\xcf\xc69\x88\xe6\xfd\xeb'\xfd\x1b\x9a\x98\
\x99N?\x1a\xce\x09\xbd\xef\xadx\x0e\x9a\x8aI\x80\x17\
\x88K\xea\xe5\x81\x0e\xbb\xd6h\x86S\xf0/\xac\xf8\x0f\
\xa7\x1b'\x0c\xe1\x1fV\xe3[\x5c\x04\x00\xc0\xd8p\x89\
\x8a\x04\xe3h\x97\xe5\xf6\xe2(l\x8b\x02B\x12u\x1c\
S\x05O\xac\x1f\xc6\xd6x0\xae\xf1\xfa\xc3\x8c\x8bY\
\xa3\x9f\x8c\x95\xc3\x83{l\xc3-c\x0b+=1 \
\xde\xfdy\xd4\xd7\x9d\x87\x90\x15\xcb\xa5M\xb1\xd7\x17m\
d\xae\xe3N\xf9\xceE!\x0f\x9f\x04\xbe\x99\xc2\xb8\xf2\
\xf7\xf1\x93o\x8c`\xa8t\xf8\x99\xfdB|\xcb\xe6\x91\
\xcbGO\x04\xc7I\xb6\xed\xb5N\xe6\x03\xaf\xe64\x0b\
2 1P\x90\xf49\xfb\xc6-$\xb0\xb6\x19\x0bw\
\xb15\xac:<\x9b\x1c\x0bB\xf0\x18\x05l5\x82\xf2\
\xca\xc3\x0c0\x8b\xbe\xa9\xcfX\xd4q\xe5\x8d\xb7q\xc4\
v\xcaA$\xbb\xf9>>\xbf\x91N\xa6\xc9\xaf\x7f\xc2\
y7\x17\xfc\x06O#(\xfe\xc1\x91\xc7\x89\x80\xba\xc3\
\x0b<+\xf0C\x22\x0c\xd7k\x88\xab\x0f\x8c\xe2.\xb1\
\x86\x0950x\x09\xed\x83H\xba\xab\xd1\x88\x95\x1a\x05\
\x1ba\x1e8\xd7\xb3\xc9aP\x11R\xb6~f\xb2b\
\x06vs\x1102\x03j0\xc2\xae\x98\xde\xb0\xc6\xbd\
\xcc\x16\x89n\xce;\x5c\xe1\x8d\x83\xc5\x11U\xaf\xc0\xe6\
\xe1qR\xdbH\x15\xb0\xdc0d\x86\x03{\x81\xe0\xd6\
\xfe\xcdL\x19\xc9\xc4\x0a\x9f\x07\xb2\xe8\xc0\x9a\xcd\xa4\xa4\
pw\xbcA\x83\xce\xd4\xb3[\xf7y\xf8\xcd\x0b\xc2\x17\
o\xc95\x84\x19\x1e]<\xe0\x94\x0e\x0b\x84h\xc9\x80\
\x10p\xc5c\xe9:\xc5\xe0r%F\xce7\xceU\x04\
\x81\xa47\xf8\x83yQ\x8b\x22u\xdc5\x07\x01\xd4\xf0\
L\xe6]\xa0\xcd\x5c-\xfa\x105\x86}.\x15I\xdf\
t\x0e\x9bHd\xf2/\x0fI\xfb\xcdX\xe1\x05\x87\x1a\
{\xf7\x80\xb9\xc5e\xc6\x00*\xe0\xe5q(\xbbDy\
\xc1\xbc-\xd2\xe6\x9am\xca?\x84\xc2v\x5c\x98\xe4\xc1\
\x9d%2bH\x9aF\x89\xceC=\x93\xed\xb9\xf8\xc0\
\xb0b2$&\x0b\xa2\xac\x03\xdb\x8cpk\x1aH\xf1\
\xb1o\x88\xce\xa0\xa9i\xb81\xa8\xb2\xb9Y\xfdB\xac\
\x118{\xde5\x15\xd3\xa1Ns\x96\xa3\xd8\x89\xacR\
\xc5\xde5\x02\x0b\x82:?\x02\x5c\xaf5\xe5\xe5q(\
\xbc\x85\xc9\x81\xa5\xc1fn\x87A9\xaez\x95#R\
\xa5o\x88\xd60F\x00\xae\xa7\xaf\xf5\x92\xc1\xd7D\xe1\
\x1d\xdb\xc6$\x01\x94K\x0fw\xa00\x01\xa0]}\xbe\
\xb0\xb9\x10\xb0}<\xfe\xf2h(\x90\x05\xb0>\xdf\x9f\
XPf\x90\xf3\xfe\x1db\xce\x93\xa5\xbb]&\xa6\x00\
V\xa0\xe3\xa5\xe9\xceT\xc3\xc9\xc35L\xbb\x0b\xd1*\
&\xee@8\xcb/\xde\x14c\x80\x83E\xe7\xa6\xf8p\
\x1a\xd7j\xe9\xf0\x98\xd6|\x83a\xf2<.\x80Mo\
\xe5\xf7\x89\xc9]l\x9d\xf9f1\xc3\x90#\xef\x93\xe9\
\xb8\x08\x0cB\xba{\x1f\x0f\xf0\x17B\x1c\xbb\xf09|\
XF\x0f\xe3\xa8\xf3\xe9\x8dB\xcfX\xaf.))]\
\x88\xd1v\xbf\xc1h\xe3*\x15\x18`\xbe\x83\x83\xf8\xf0\
\x17w\xe1:\x99\x1a\xa32 Qh&\xaf\x19l\xbc\
\x7fk\xeb!\xb5\x9as[\xc6\xd2|{\xcb\xf1\xe2\xb1\
/\xfe2z:\xc0\x82\x1aT\xa3{\x97\xfc\xe4\xb7\xf2\
\xd7\x19,\x9b\x02\x13A\xad\xe5\xb1\x9bQ\xba\x99\x14\x15\
\xc5\xcaL\xd8\x05\xafja\xa6\x97\xd5\x86+D6\xe8\
\xc5\x04i\xcb\x0do\xd5\xd5\x99y\xab\x8cA#\xac\xa1\
\xcfjw\xf7\xe3B\x18\xb1\x1e'\x1d\xb1\xc3\x8e\x1f\xb6\
,\xf7\x95\xb9/W\x05\x96K\xd0\xd4\xf99\xcb;1\
\x8f\xa7f\x1b\xc9\xb1\xa7\xce\x04%\x1e4\x89\xa6\xe2\x13\
\x89\xc0Z\xb3\xc0\xcd\xbf\x0f\xf0*4A\xd9\xe9&L\
\x0e\x1co\x83\xc3\x87\xa9\xd9\xc5A\x0dx*\xef\xf3q\
\x9dC\x5c{p\xd4\xbd(g\xd9e\xc4l\xc6^L\
\xa9\xc6@#\x9e\x0eL7_;\x5c\xe6\xe3\x97\x8e?\
\x1eg\x89\xe2<\x0b\xe0\xd2\xefVg,2\x0c\xab\x91\
\xf8q*^[|L\x9f\xc2\x7f\x14\xdb\x81Qti\
/\x1f3\x9c\x15^B\x13\x93\xb74p\xf8<w\xcf\
\x8d\xff\x00 ;z\x7fy<\xcc*\x0b\x06\x9dR\xc6\
\xcd\x98\x15\x81\x93\xc7\x07/\xb7\x06\x13\xd6NH\xdbs\
\x04\x03/\xc3\x9a\xe4\xa9\xac\xe2\x1e\xa4\xc9%\xa0\xdbw\
\xb2|`\xc4)\xc1\xc8_\xc32Y\x07C\xca\xe1\xd1\
\xa5\xe7(ap/\x1e\xf3\x87\x02\x88\xd1G\xc59?\
\x90\x82F\xa58gg\x80){\xd3;\x16\xccfH\
\xc7U=\xed\xf9L\xb9\x03\x11\xcd*\x04\xd0mw\xce\
\x10T\xd0D\xa7L\xeb6|\xec}O\x08iF\xf4\
\x17bnx\x84\x93w\xde\x02\xa9\xea\xfe\x0c\x89\x84\xd0\
%\xa88.W\xdb\x93\xda\xbe\x1dLP\x04\xa0;\x9e\
\xdf\x1d\xe5,D\xa1\x80\xdd\xd3\xbde6\xb90\xe8`\
\x1a6\x9d'\xacB\xd9\xcd\xd6N\xa5\xe3w\xde\x15\xd3\
\xe4rU`\xfd\xe3\x9b\xd5a\x94\xdd\xe8\xf3pm\xe6\
\xc0wUfK\x0c\x0e,\xf7\xef7\x22Uz='\
\xce-\x0a\x94\xaa\xaa\xedU\xed\xce~&L\x9f\xc6x\
\x14\x09.\x00\xd3x\x9a]`\x0a(\xaa\x89\xad\xf5\xdd\
\xf7\x82uE\xfc\x9a\xc7\xa2m+U%\x9e\xf2\x8e6\
kSY\xb2%\x16\x17W E\x9d\x9f=\xe2kr\
\x82\xd8=\xc7\x03E\xdb\x03\xa1ll\xb4/\x19nh\
\x1f\x02\xeb\x0b\x80\x18\x1a'Z\x8d\xf5\xce6\xdc\xaa;\
\x1a\x1d}\xe9\xb8\xf2\xdf\xd1/\xfa\x5c\x16\x05\xac\x98M\
\x82\xe0;C\xe3\x03\x0d\xa9\x08\xa2O\xcfx\x01\xb6\x8f\
\xc0&\x0b\x0arU\xe0\xd6\xae7\xf2b\x1c\x9d\xb7 \
\x9d\x85\xa2\xc9*\x17\xad\x5cAT\x13\xac\x10bS\xf3\
\xa8\x1f\xd2\xe7\xb2\xd1?\x19m\x95\x5c\xdd\xdc\xec\x8c7\
\x89\x05n\x9f.\x05\xc0\xb6i\xf1q\x89i\xb2M\xdf\
w\xf8\x97\xc9\xb7\x7f\x0b\x85,\xe0r,p\xfc/\x0f\
\xf2/\x81< \x0cj\xc7\xeb\xf8\x9a\xa5^\xdd\xad\xec\
Dlq\xcat!\x01`\x03\xeb\xf9\x0d\x90\x9b\xafY\
&\x8d\xf9u\x82)\x9e\xf7\xfc\x1cx\xbf\xa77\xce\xe9\
1(X\x1c\xb9K\x07X9!\x8a6\x84\xc8)\xa1\
6\xaa;\xc7X<r\xbao4\xcf\x8c=te\xca\
\x22;\xc4k\xcb\x9eZ:\xe9\xc6\xd7\x9f\x9af\x8d\xb8\
\x0ahX|\xbd\x191\x98\xed\x1aoIN2D\x0a\
\x1bk\x08)\xa7y\x1d\x03&N*\xef\xbc\xae\x13\xd6\
\x10\xe8~\x9b\xcd\xd3\x7fL\xa5&(i\xaa\x95o\x85\
\x98\xef\xac\x8dc\x92.oT\x8d\xef\x8c\x00D\xd5\x9e\
#,\xf2\xef\x0e\x02X\xcd\x11\xe4\xd9\xec7\x92i\xb7\
\xc9\x8a\xc7\x00\x13\x94\xe3x\x12A\x89IS\x00S\xfb\
\xc8\x22j\xe0\xbcb\xbb\x87\xe5\xe3\x12\x0a\xdd\xec\xc9<\
w[\x8f\xbap \x1a\xf9\x990s\x90\xe7\xd52a\
\xad\xb4\x18\xea\x8eK\x22V\x8c\x9eA\x11\x08\x17Al\
<j&\x8b\xb48/x6\xe6\xc6\x10\xa0\xc7\xf3\xe2\
\x11\xa3\xed\x982`\x05\x1b\xf3\x9e\xb4`\xd2\xd86\xdc\
\x852\x1d`\xfeA\x18a\xd5*\xc2{\xd6\xfc\x95\x8c\
yA\x80\x06\xd2\xb4\xf8\x0a\x05\x95\xceL\x01q\xac\x1b\
\xed\xc1\xb1\x96\xaa)\xb7\xd7\xc7\xf1\x1a\x97 D\xc3U\
\xa5\x193Ap\x87\xc1\x89\x8er\x09\x15\xe38\x92\xe2\
\xb4\xd6\xb9N\x14\xb1\xe4\x8eL\x9923&L\x9f\xc4\
\xc4^\xabV\xe8\x13v\xf3\x960\x8a\xa3j\xdb\x80\x81\
av\xfa\xc0<\xd0\x22\x07\xb8\xf9\x9f\xc0@h\xe5\xef\
5e\xc2\x05j\x88}\xfb\xfca\xdaQq\xf6\xd7\xce\
I\x1c\xd2\xe8n]\xc2u\x1dq\x96\xb0\x05!%\x15\
-\xb9\x0e$\x0e\xd4\xd9\xae,\xe0\xc2/t\x19&\x92\
\x990\x91\xb7\xd9=\xfc\xe5\x8d`\xa6\xfa.\x10M\xc4\
\x06\xa1\xa2b\x01(\xd7\xd9\x7f&\x15\x84Q\x1d\xe7\x09\
(\x0e.=\x10\xc9\xd0\xcd3\x01\x5c\xcb\x01\xf1\xb7\xc3\
1+\xe3\x0d\x0f\xeb\x83Ur\xd6\xd2\x02\x12\xab\xeeS\
&S\x0c\x8cl\x14\xfe\xe6b\x8d&L\x98\x90.\x8b\
?92d\xc9\xfc-\x96\xe9\xa6\x098\x00\x8eO[\
\xfe\xb9\xc44\x00\xf8\x0c\xd4\x91\xdb\x9b\xd6%\xc9\x82\xe2\
\x8a\xa6 \x80\xd3\xe0\xbe\xb9\xc6\x05\xda=\x92\x97\xf1q\
\xe0^\x99:\xe5\xca\xef8s\xd3\xce0I\x918\x8e\
\xd3\xe2\xe0\x8c*\xf4\x17,\x06\x07nTM\x18\x01T\
\x05\xe5\xcbk\xab\x92\x14hVk}\xce\xb0\x85\x8f\xb9\
\xc3\x0f\xbe}\xfc\xe0\x08!k=\x0b+\xe9\xa4\xa8\x8b\
\x0d\xe2q\x94jY\x00\xd5\xccq\x8e\x94Ha\x8f\xde\
M\xdb\xdb\xce\x0d \xe4\xd6\xcc\xfb(\xff\x00s%\x08\
S\x96\xbc\x8e\x09\xe4K\x0d\x94]\xae\x8d\xdc\xd9\x7f0\
\xf9v\xd9\xcb\xdd4\x1a\x10\x0b\xfa1\x82Cq\xd9\xa4\
\xeb7\x17\x19i$\x8a@Wa4`\xc5\xb4\xe7\x0e\
\xe7\x84\x8aQ\x9d\x9cf\xae\xccL\x9e\x1a\xf2\xf8\x9e \
K\xbb\x1a|S\xd6\x0d\xd5\xa9\xce\xe2\xf5rd\xf0\x18\
<\x22\xf7\xc3\xb3jZ\x1e\xbf\x99\x04\x90B\x92\x03\xc3\
Zo.!I\x02\xe8\xb6\x1e\xaf\xfc\x0a\x96\x0dv\x0f\
\xf7\xe7\xc6\x98\x85u\x81\xf8\x08g\xc5\xd5\xc5\xdd\x06\x97\
oFp4N\xc7\x9c\xd9\x0b\xa7g\x18.\xbd\x83\xa4\
\x9c=7\x0c\xbe\xfc\x90\x1dG\xd0sq\x06\x16\xa9\xad\
\xdcH)m\x1dAx\xf90\xb6\xb7\x99\x95\x82\xa4\x83\
\xa2\xa8*\xe8\xab\xde$\xd7\xca\xa8\x9c\xe7N\xcf%\x09\
\xe8\xb9\x17\x00!\x82;\x0bq,U\x80+\xc1\xa0\xf8\
2\xe5\xc0\xda\xb6\xb7\x93\xd6\x16\xe6\xfa0(Ux\xf5\
\x94\x94U\xe2\xef4\xf0\xe0\x90>@<\xe0A\x0e\xb9\
\x5c\xf7O\xa1\x88\x00\x8a\xf0\x5c\xaaTQ]\x19#\x97\
x\xc0\xdc\x81\x88\x05+\xd9qdn7\x9d\xf6;0\
\x15\x01\xbd\x5cAC]\xe3\xa4\x10\x82\xed\x99B\xadf\
\xee\x1a\xf0!d:s\xe1\xc6\xb6m\xac\x82\xea\x99d\
7\xd1\x8dh\xcaa\x19\xe2Y\xa49\x0d&\xb1f!\
\xff\x00&\x1a\xb5\x9e\x96h\xdb\xc6\xf7\xc2\xcd<\xf3\x83\
\xce\xa3\xc2\x8e\x1f\x1bNtM\xb7&\x1a\x86\xa7K;\
\x97W\x0f+\xbb/3\xab2b\xca\xd2\x82\xf4/\x1e\
+%v\xb3\xe7 \xed\x96\xf1~'\x80\x06,mG\
\x8a\xd2Guk\x07\x80va:mz~?\x8c\xc3\
7\xbd\xa25\xbd\xe2\xd2\xabm\xf9y\xb92c]\x08\
\xafI\xb3\x1b1\xdch\xde\xc6k\xc8\xce\x87\xec\xfe\x1c\
\xaa\xf5\x9ay4\xe7$O\x86o\x94bd\xc1\x8b~\
\x0fx \xc9\x05\xc5\xed\xe3\x85X=f\x92\x9b\x15\x91\
\xbc\xb9\xc4\x93\x06\xa4l\xd9\xfdr\x0f}c\x01o}\
\xba\xcerO\x1d\xbe\xb0\x1a\x8d\xc9\xfcv\xe0\xcd\x1a\xba\
\x8b\x8b\x0a\x1b\xaeL\x993\x80\x87\x88b\xa6\x8dp\xef\
\x8c\xa07x2d\xc9\x8c \xab\xc1\x8c\xd0dG\x91\
4\x8eL\x98\x13\xac%a\x0b\xa2\xdc\xf4\xea\xdc\x07\xf6\
\xb7a\x0a\xb4v\xf7\x8b\xfd@\xc5&\x94r\xe3\x80\x91\
\x8d\x07\x86\xeb\xd6P'T\xd1\x19\xb7\xc6i\x05o`\
\xca`Q.@\x02\xd7,;\x92\x04\x80O|\xe7\xa5\
Z`\x14\xcd\xdf\x8c\xe1\x90\xdf\x0fo\xb2}\xc6\x14\xdf\
!1\x01[a\xc1\x90lu\x89\xeb\xb3\xf7\x84Nq\
4\x95\xe0\x1b\xa3\x1a\xd6\x84\x82\x9b&\x08\xf3T\x1f\x8b\
\x9cxP\xa9\x84\xbc6\xba\xc1\x81\xeb\x14\x8b\x10\xda\xed\
}\x0d\xe4&Ll*X&\x935\xde\x04\x1e\xb7\xb6\
|\x5c\x0c\x992d\xc9\x93\x06\xf1\x8d\xc8\xf1<\x15\x01\
X\xeb\xe2\xef&Lx(HIN^4\xd3\xe0i\
v\xab\xe881\x96\x22\xc4Ni\xd9\x8e\x99\xc4\x0c\xb3\
\xb75w\x84o\x03\x82R\xcdf\xe5-\xe9v\x1a5\
\xef\x02lZo6~\xd8\xb8\x85\xc6\x9aG\xdd\xed\xeb\
\x0b\xe2\x96\xb1\xe1\x1f2\xb3\x7fh v\x1c\xb4}\xe6\
\x9a\x94\x1d\xf4\xc6\xae\xb8\xe7\x1b\xe0\xa2\x81\x88\xaa{\x1a\
\x98\x91\x94\xf0\xcb\xf2\xfc\xe1\x0f}\x99\xd65\x94\x15\xe8\
\x8b\x108\xd7\x89f\xe8\x1at\x1c\xdf\xf1\x85`c3\
B\x0565\x80-\x05\x81TA\xdcp\xf8\xc3Nx\
\xa3\x91\x1a'\xa4\x9c\xe3\xa5$\x9e\xd5\xe5|%\x9f\xf2\
\xb9\xa0l\xd9\xa7 (\xa9\xd3\xfcY\x83\xc1\x1bY\x0f\
\xf9g\x89q4\x0e=\x18<\x184\xfb\xd1\x8b\xbbi\
\x8e#D\x93\x05\xba>\x5c\xe0\xd4\xe1\xceO\xe0X\x93\
\xf3\x9f\xdca\xd8\x1cTOC\xb9\x94\x15\xc2\x8e\xa5\xd9\
\xaf\x06\x95\x01\x01\xaas\x1c\xd1BM))\xec\xcbZ\
\xe5g\xceN\x18\x0eM\xacE\xeb&\x0c7\xa0\x01\x81\
\x05\x9e\xcf\xb3\xcap1\x94\x97\xc6\x04\xa1\xf0r\x84g\
\xb27\x10\x02@:=\xcdf\xef\x0f\xd7N@\xd3\xd6\
4\x9f\xc4\x0a\x8cc\x02n\xf8( \x9ff\x93}a\
AEh\xcd!\x1au\xd2\x96nl\xe1\xc4B\x18D\
#\x1e\xf1\xb7\x8a\xdc\x90\xd5-\xda\xd7\x1f\x1a\xca\xc4\xe5\
\xcbq\xac\x1c\xb4\xe3$\xba\xc8z\xee\xff\x00#&\x01\
\x13/6s\xe2a'\x07\xda\x07\xed\xc4@\x97\x82u\
\xcd\xf1\xb8\x18!\xf0x\x05\x97|G\x89\xcd\xc9\x8f\xd5\
\xc0\x02\xaa\xf4\x19SO\x96m\xab\xdf\xe3\x09`\x84#\
t\xa9\xfe<\x16!\x93'\x92\x1e\xd0!\xc8 \xff\x00\
\x5c\xe6\x1cv\xac6\xf0d\xc9\x93\x1a\x8c\x19\xcb)\xf7\
\xd6L\x9e\x0b\x7f\x93g=\xa7\x83,\x97&2\x12\xca\
\x0dI\xb4\xdf\xa0\xc8\xde6\xf7\xb3\xdem<O\x05\xd6\
\x1e\x82\xd6\xf0\xfa&\x18\xdf\xa3\xb7\x1f\x8cE\x84b\x11\
\x8as8\x15\x10V\x17\x00\x14\xc4v\xe7u\x1b\xd3X\
E8\xa7\x09\xdf92\xc0\x1c\x17\x0a\x06\x0d7F`\
;U_\xc6(\x0a\x18\x13\xf82\x034\xf9R'\x17\
&L\xb0v&\x05A\x15\xa07p\xb3\x0e\x06\x00H\
xD\xe4\xcb0\xbb\xa3\xf7\xe0\xbf\xb04\x14t^\xdc\
\xb0\xb5*\xbc\xab\xc7\xe2x\x99\x19g\x89\xe7r\xb0\x17\
J(x5x\xe1\xf1\xacW\x82\x93\xe7\x87\xd9\x91A\
^\xd7\xbe p\xeb\x01c\xcc\x89{oG7\x12\xed\
\xe7\x1cK4\x18\xa8\x5c\x03\xed\x98\xb3\xe8\xc3rd\xab\
T,\xd5\xdb\xc1\xe1\xec:uP\x11\xe7\xe7\x1b\x860\
>NY!\x00\x85f\xf8\xf9\xc6\x01\x05:l,\xfb\
x<U\x17\x0a\x08n\x91)\xf5\x96\xa1'5z\xa5\
\xcaR\xb0\x06\x84A\xbb\xd0\xed;\xc6)\xa1\x1d\x85\xdf\
F\x0e~\xbc3\xa1\x88 \xbe\x99\xa8\x8a\xd2o\xf3\x8d\
DX\x97\x1e\xe6\xe6I\x02sn\x81\xba&\x12X3\
O3\x84\x05$\xba\xd1M\xfd\xef\x0d\x5c\xef\x1d1\xdf\
\x0a\x03l&\x84\x0d\x18U\x0e\x10\x18\xde\xe5\xc8\xe9h\
\x18\xd0\xdc\xc8\x0d\x18;?F\x8c\xea56\xcfY\xc1\
\xa3\xb3\x22\xe0&\xb9\xd95o\x80\xc2\xb3L6M\xa6\
M7\x9ca\xac\xec\x9b\xcdG\x9a\xae\xf8I}e%\
%Sxn\xbd\xeb$\x19[7\xbb\x01\xb9\xde@&\
\xa9\xc2\xb7\xac\xddt4`b\xdf\x8c\x90\x1b\xa2.\x9e\
-d\xb9_\x8fG\x0d\xd3/\xae1\xe2\xf9\xd3i\xc0\
\x87\x0b\xb0\x02\xd6-5\xfep*\xf2O\xbd\xbb|L\
\xd3\xbc\xd1\x1c\x16\xfb^6`\x14\x0c\x0d\x0a\xb4~\xc3\
\xc4\xc9\x88!U\xd1\xff\x00\x12\xa9\xd1w\xad\x1e*\x08\
:y1\xd5\x86v2\x86o\x04\xde\xda\xb3\x9f\xa7\xde\
 &\x8d>N1b:\x01\xdf\x84\xc9\x83&L\xac\
\xae\x8c\xe8\xd6Wd\xdc\xae#\x01\x95\xadg/\x94U\
-I\xc5\x10\xed|&8}\x9b\xad\xf8\x0d\x18\x84S\
\x86\x07w\xf5<`\x14+P\x93_\xef\x86T\x1eJ\
\x87\xdeH\xa7m~]`\xd7c\xbd\xce\x8c\xe7\x7f\x03\
\x150\x95\x9bS\xa9\xd6^\x10\xfeu\xf6\xda\x17\x00\xfc\
\xf0a56\x1d\x22\x1c\x9e\xe7\xae\xf0\xf2\x90x\x994\
\x93\xbf\x01j_#\xaex\x83u\x8a\x97Mk\xc7\x1f\
\xa3\xe0y\x1c\xa4\x90\x08\xabG\x01\xcf\x80\xaa\xd4\x06\x83\
\x08\x9cbI\x15\x95Z\x05g\xbdf\x84\xec\xb8\x94\x94\
\x87\xef,\xb7\x13\x80\xdb\xbc\x80m6\xf6o\x1aY\xcf\
\xbf\xec\x99\xc9c\x93\xbfO\xc5\xc2\x89c,9\xa0/\
<\xff\x00\x05@\xb8 ^\xad\x98\x12\x85\xc3\xff\x00 \
\x07\x00x\xaeF8\x0a\xa8\x14u\x13\x7f\x0eF\xa6V\
\x8b\xe0\xa4\x07\xf0\x11P\x8d\x11\x88\xe3\xa1\xf0\x0e\xf6\xbe\
\xfcs\x9bW\xde\x8eu\x92\x93\x08/\xca\xfa\xf0\xef,\
\x0d\xed\x91zPi:i\x1e\x1e\x7f\x80\x92\xd0\xd6\xb5\
kx=d\xfeM\x8b\x06\x97\x03\xaa\x92\xff\x009\xe3\
a\xc6\x92\x1d\x8fw\xe3\x1b\x89\xbf\xe9=\xe2\x80\xe8\xc1\
\x00\xc7\x9c\x99\xb0\xcfK\x8a\xbat\xa8c\xa2O\x8b\x8c\
JK\xad\xb8\xb5\x9a\xdb\x80\x889g9\x22\xa259\
1\xecFQ\x1b\xc4\xfc\xdb\xaf\xf7\x8aT&\xbf\xaeJ\
\x06\x06L\x99\x1d\xd5\xe5e\x14\xa7\xbd\x0e\x01.\x96\xd6\
\xc3\xe8\xc6\x83\xe2xs\x02\x01]\x9e\xbe\xbb\xf3t\x1b\
\x8f#N\x0f\xa5\xc7iv\xb9\xcd3H\xc3(\xcd;\
\xc9\x95\x11Z\x94\xf7<\xcb\x8f{\x94k\xba}\xbc\x8f\
M\xb8\xf97/~\xb2.\xd9Yy\x99\xd0\xd9\x0e}\
\xcd\xe4\x15\xc6\xfa\xa1\xce$\xc6\x8a\xf2G\xdccp\x95\
\xa0\xb1\x8b\x0f\x87xO\xadB\x0e\xaf8\x90O\x06\x0d\
q\xcb7|fL\x0e\xebdR/\xd9\xb9\x81\xd2\xfa\
T\x1a&*5\x91\xcd5\xc4\x1d\xb7\x22'\xe2r|\
\xe2r_H1\x90r\x86\xccn-\xba\x1b\x11\xc6\x01\
.\xda\x04NV\xfap\x05\xbb\x85\xb1\xcc\xfb\xc4n\xc5\
\xda\x85c\x17\x1c/Yf\xd4\x09\x93\x08x*\x06;\
\xabN\x04\x93\x987\xa7\x93\xd2bC\x825SU}\
\xb9<\x0c\xd9\x81[\xe9\xe7\x1b4\xe0 \xb8\x9a\xcea\
\xef\x91\xe2\xdb\xacw\x22\x85\xe9\xe2LW\xd9\xfa\x18\xbc\
\xef\x15%\xbc#\xbd;\x99Ww]\xef\xc0?\x13X\
\x13\x97\xd1\x92\xd3+\xb0\xcf2\xff\x00\x9d\xe0\xd1\x01Z\
S\xcb.*\x89/#\x91\xe7\x18\xb6!\x87\xb7#\xf0\
\xe4\xcd/uOm{=8\xae\xf6\xdb\xce\xafe\xef\
\x1a\x16\x9e\xc6\x9d\xeak\x15\xc9\xd5\x12C6\xec3\x9e\
\xac\x8a\xa5\x0ej\xb5\xf6\x87\x18\x0fY\xa0\xe1\xdd\xef\x1c\
D\xdd+6h\xf8r\xe4&\xd9w9\x9d\xcc\xd7\x0e\
\xda\xb8\xdc\x1d\xa5\xa1\xd3\xae\xf0\xb0(BY\x96\x07a\
\xf8\xc0\x95\xb5\xb9\xc7\x95\x86=>\xf3T\x7fm0\xa0\
\xee\x80\xa3\x8b\x85y&\x8cGI\xeb\xc5\xd8\xff\x00\x86\
yt\xa8\x17\xa0\x87\x93\x10UM%\x86\xf4\xb9\xee\x09\
\xc2w\xe0\x9e}\xe2\xb0\x1d\xe9\xc5\xd7\xd0}e6\xe1\
qg\xb0\xad\x8d\xc0e\x17\x8c$\xc0\xe0\x99\xc06\x89\
\xcd1\x08\xed\xdf7\x22\x02#F\xef\x9b1\xd1\x03\x80\
)\xa9\xceY\xa1\x1b_\xbc`@\x84\xf9\x8e4W\x8e\
>\x0c7\x16\xec[\xb3\xf2c\xc0iO\x94\xb6\xb9A\
\xa2\x0f\x0d\xa6:i\x12\xd7\xdem\xc2h\xfeG9\xbf\
\x0a@\xf4C\x1e\xdc \x0e\xd6M\xe5i\xde'p4\
\xbf\x94\x9c\xe4\xc6:\x01\x05\x97\xfa\xde\xf2d/\x00B\
\xec(k\xdb\xaf>\xb4xF\xa0\x80\x8d\xd1\xdd;s\
\xdb\x0a\xda\xf2\x93\xdeLc\x05\x82\xddX[\xbd\x91x\
\xce}\xb3\x9a'\x1e\xc5\xc8\xe2\xecwTt^a\x94\
\xa0!\xa1\xe5\xdf\x07\x8f\xc7\x80p\xcc\x01\x150\x03w\
\xe52 \x8a\xa7R>\xb1\x1e\x8d\xd7\x8b\x9a\x86u\xa7\
'\x85\x13\x97\x7f\xf8\x00\xdd\xf5\xaf\xe4\xb8\x81J\x963\
L\xfe\x0ep?\x8c#\xbf\xe0\x93\xc1\x02\x13\xaf\xaa\xcc\
,\xa9\xb9N\xf0\xf6\x8e4\xc5u\x80\x1b\xf4\x1f\xc5\x12\
\x02\x06]\xb5\x9a\xc4\xbf\x14\xb2\x85k\xff\x00\x0a\x09T\
U6\x83`\xeex\x18\x83\xb1\xd7\xe3!\xdc\xfb\xc6\x03\
\xd0y\xe9\xde]V\xc64\x13\x9fCurd\xc9\xe4\
\xe1\x11\xd1\x8c\x8b\x9f8\xef\xc3\x8c\xcbLaj\xf4\xe6\
\xcf\x02\xba\xf5\xbe\x0c\x877\xec\xce4\xc8\x04\xc3\x13\xd9\
\xef\x05\x80c\x14U4u=b\xde1\xb1\xd5\xa3\x84\
E?\x177\x5c\x9b\xbfx\xc7\xdbh\x18\x81\xc1\x1c\x98\
\xc2\x0a=oya\x0dH\xde\xe6m_\xaf\x11\xdak\
\xc0\x01\x22\x85\xb6\xdf\xd3\x83\xc5\x16\x91a\xbe\xcf\x12\x0b\
/~\xb1\xd6\x97\x88V\x1d\x1b\xf0\x15\x0a\x15\xe5`}\
\xff\x00\x1e7\x8d\x0bR\xab\xedp\xd0L\x82\xf5\x14\x00\
\xaf\xa0\xe3\xf81\xfa4t}~\xf1DbF~\xb9\
\x00j\x9d\xb4\x8e\x08\x1b\x88\x0c\x0fZ\xef\xd6\x02\xaa\xd2\
\x85;Xd\xf2@q\xdd\xcbR\xb9+[z\xb7)\
[\xd62d\xc8\x84MN]\xb7X(\x08y\x11\xc1\
\x13\x0e\xbb\x0eT\xe0\xc6\x0dv)f\xed=9\x15\xed\
\xc73V\xf4\x8eH\x05\xa1\x1b\x87\xb3\xd4\xc2vj\x92\
J\xd3\x7f\x18\xd0\xbd\x93]\xe2\xa6\x89z\x8e5#\x08\
1\xa4\xd8\x93K\xc1\xe0\x0d\xfc0P5A\xe8/\x06\
\x02G*V\xc3\xa0d\xd3\xbeLn\x0cM\xdb\x06\xb7\
C\xcc\xf8\xc2t]\x9d\xfb\xf5\x91\xaaJ\x02Sf\x9c\
\x07F\xdc\xbf+u0\xc4-\x03\x22\xd5O\x96e\xa0\
Yj\x9eV\xed\x5c\xf4\xf0`\x87\xcf\x899\x1f\xf3\xe1\
\xc9\xe5a:\xc3+T\x5c\x80\xf6\x07\x7fyt\x90\x13\
z\xbc\x87\xc4\xc7s\x84\xe0s c\x82^]\x86\x11\
\x06\xba\xad\x9c],\x8f#\x9c\xe1\xde\xac\xd9\xaf\xf3\x94\
\xc9\xba\xc3\x04\xa7\x88x\xd6!\x0b`\x15\xbd\xba\x99\xaf\
\xd3\xc5MW\x0aKB01\x974\x04\x1aZ\xd8c\
\xa2\x086\xd0\xc4\x80\xb3\x10\x84L\x03m\x1e\x0c~G\
$]\x1e$\x02\x0d\xec\xd0b\xa3Rh\xc9\x8cB\x9e\
\x89<&L\x992d\xf12\x7f$\x1bO\x93\xe6i\
0\x84\x03t{?\x90\xa5\x8d\x83]\x86\xd7\x0e\xb9\xf0\
\xf0\xcc\xdf\x1a\x88\x8c\xf7\x934\xe4\xc2\x81<L\xad\x97\
Wd\xf8\xc8\xf9s\x95\xe2O\xaf\x12`\xe2\xbb\x13w\
 M\xf0\xd9\xb3U\xc0\xa8\x1c\xb2x\xf7\x80R\x83d\
\xf9\x9dk&L\xd0\xbe\xb1R\xf6\x87T\xb1\xf7\x97\x94\
\xe4\x9f2\x5c\x99\xb9|S\x1a'\x07\x99\x93#\xac\x13\
\x15\xa9\xce\xde\xf2d\xc9\x83\x9c\x80\xf4\xd4\x8f_91\
\x99A\xd6\x80\xaf>F\xd7\xe5\x86\xee\x84\xcd\x15\x22\x9a\
\x89\xb3\x05c\xb2\x0eUH\xff\x00\x12;0\xce\xa9\xc9\
}2\xfbo\x8cy\x7f\xcd\xbf\xe2\xb4\xb5TN\x85\xe6\
z\xbf\xc6\x9cu>\x00\xe2q\x93&qG\x08\x17S\
\xef\xf8I\xf7\xe5A\xe8~S\x8f\x1c\x03\xc2A\xd3\xd5\
7\xbdX\xe2$\x8eO5\xd8/\xfc\x13'\x85V>\
y)\xbcgG\x86u\x96\x22\x0f\x1c\x9f\xca\xc4\x09&\
\x92\xef\xbcF\x9d\xe7\xa1\xe4}\xb5\xd1\xf1\xff\x00\x0b\x04\
\xabF\x9a\x0dD\xf9\xc4\xb0\xb1G\x15u\x7f\x18\xaa\xb5\
M\xe4\xc9\xb7+~\x8c\x98#G\xc1\x9d'\x89\xe2d\
\xf2\xedXo\xd66\x8c\xbf\x04\xc1\x0f\xa9\xfb\xef&\x05\
jB\x1f\x83\x9f\x09\xe2d\xc9\xfc\xc5\x5cT9\xde\xfe\
0\xd5\xed\x96OZ\x1f\x18R\x9e\xcc\xd4\xb9\xdd\xcc\xbd\
\x05v\x9b3\xaee\xef'\x83\xca\x02\xafg\x14\xc3\x9a\
L\xcd1p%\xf1\x8b@60\xa1\x0d\x04\x8d~\xef\
\x06:\x0aX\xf1\xbf\x92\xe0 B\xda/o~\xe7^\
\x03\x06\xdd=\xa7\xb8|\x01DD;\xa4\xe4\xceL\x17\
X\xa9\xd6\xf5\x95j\xee?\xb3\x12\x15\x1eOq\xb8\xc4\
\xb6T#\xb3\x97S\x18H\x87\x066\xc3)\x03&\x9a\
\xd8;\x98\xdb%\xb0\xe6\x1dd\x1b(\xf2F\xa4\xf5\x1c\
*\xeb5\xae^\x0c\x92m\x12\xcfoy<\xcc#G\
\x9e\xb00J\x0f\x82\xbe\xb68j&L|1Y\xbe\
\xd3\x8d\x9d`\xd07\x92\xb5\xa2\xcfs~\xf48]H\
\x94\xf98\xca\x9cQ]6\xfce:\xca\xf8\x08-\xac\
@\xbf\x9b\x97\xeb\xd7\x18N\xa4\xf2\x97\xd6\x01\xa1\xa1j\
q\x9aa\x01\x0eo=\xdcX\x93&\xb2\xca\xbe\x08\xa6\
\xb4Wx\xe6\xe5\x1e\xbd\xe1\x07\x0b\xc0\x0c\xecq\x00\xb5\
*j2\xfe\xf3U\xa6\xb0@-\x7f3l\xa7,\x1b\
5@\x86\xdc\x06\xf7\xfc\xd5\xb4v\x9e\x16\x87\xa2G\xcc\
\xfe7\x86+\x22/\xdc\xbc\xb8\x88\xc4\xf0.64@\
\xac\xd0<?\x9f\xe2\xdb\xc5\x01F6>\xe6\x1eWm\
\xcd\xb3\xc0\xe3y\x14\xdb\xdas\x9b\xba\xa0\x8bT6\xdf\
\x97~U\x103\xa4\xa6\x10@\xdfo\x0d[!`\xbc\
\xa0\xe3\x8a\xb35'\xa5P\x9aS\xbd\xd3x 1\x8e\
A\x0f\xf0q\xbe\xff\x00\x9c\xf2J\x82\xc1_\xa3&&\
\x12\xd0 \xadCn\xfd\xf8\xa6\xca\x81\x0b\xd5n\xbc2\
\xa5J\x8d\xab\xca\xe2\x03\x92G\x073\xea\xb8\x01)\x05\
\xc3Ij\x87k2\xb4\x15\xa0\x80-o\x1b\xc9\xe2d\
\xcf\xcc\x18\x86\x83\x16\xe52\xfbp\x7f\xc2'\x9e'\x83\
\xdeqo\xc1i7\xfcv\xa8\x1f\x06L\x1e\x1b\xce\xc1\
\x03\xa9\x02\x04\xe8\xf3\x0dO\x9b\x93&L\xe3#L\xd5\
\xc6\xea\x16\x8eL\x8d\xc7A\xe9<\x05C\x0a\x0cP/\
c\xb1\xcd6\xadA\x9aS\x13V{W\xdf\x82%\xdd\
oSx\x89\xd8\xa6\xdf\xe52`\x00H$\x14n\xc7\
I\x96\xb2mnS\xb0\xe7o\xf0#fQ_YJ\
6i%:S\x22\xeabE\x1d\x83\xf8ry\xb0c\
\xd8g\x83\x92\xd2\xdd\xff\x00\x1e&L\x992d\xc9\x9c\
\xe5P^\x0f\x97\x08L\xd1#q\xe5\x07&L\x99I\
t}d\xc9\x93&LR\x0a\x9be\x0b5\xdb\x93&\
L\x22~\x9fg\xc7\xeb\x9f\x08\x00l\xccSF\x86q\
\xe9\xbf\xd5\xc9\x89\x04\x98\x9e#\xe6d\xc9\xe27{0\
H\xc9\x02\xe2\xcb|^\xfc\x13\x84\x85\x13w\x08\x90u\
\xa6U\xe8\xc3Gr\xc2\x0f\xc0\xca\x0ck\xdd\xb8+\xd7\
\x0f\xc6R?l\xdb)\x87\x91\xc5\xb3\x19\x0f\x13&L\
\xa4\xbb\x9a1\xe1\xc0\xd2\xf6d\xc4Hg\xa3\x87!\x14\
g.\xe0^p\xec\xf8\x7fL\x93\x08\xc6|$\x97\xde\
\xe6\x13\x9b+/3\xe7\x02\xc0*\xc9\x83\xcc\xf1\x1es\
\x9b\xa6\x95\xf9\xdc\xc7{\xf0\x07+E\xd4\x8f\xaf-\x05\
\xa66\xb5\xbc\xe2\x06\x821\x1e\xd3\x04\x110\x8ei\x0d\
\x15:\x95\x9c\xe5u\x91\x09\xc2\xdfG\xc6J\xdf\xaf\xae\
\x0dg\x11\xf0\x14\xb1\xe9\x1f\xa74f\xe6$>\x98\xc4\
u\x89\xa5\xd7\x1bOS\x8c\xec\x15\x00\xd7\x8e-\xf8-\
\xf7\xdf\xe3\xc7Z\xc8&Y\xdb\xf3\x8a\xaa\xad\xc4\xe7G\
u\xce!S^\x9cB\xe9\xbe\x87\x08\xb8\x81:\x0e\x87\
\xb5\xd3\xe2d\xc9\x93\x02\xc5\x0c\x9f\xc6d\xc9\xe2`*\
\x8e+\x1f\x92\xc7\x05\x03\xd3\x1b\x96\x8b\x8c\x06&\x1dR\
\xe0\x17\x8c6\xd2\xe9\x8eC \x81\x8aS\x86e\x9da\
\xad[\x93\xc4\x84\xb7w\xd7\xc4\xf0\x94\x12\x8b\x0b\xa2\xe6\
\x86\x9eZ\x1d\xe6\xc75\x88\x8e\x9fs\x87\x01Ke\xc2\
\x10\xc3|\xe3\xd0\x11)\x92\x96\x03N\x10\x15\x5c\x84\xe7\
\xc5\x98j\xa8\xdb\x09\xb3\xab;\xc3\xc3\xcb\x87&4\xd3\
\xef\xfa\xdfXY\x8d\x14\xa2\xf3\xa6\xe7\xd3\x0e'Y\xb7\
G'\x89\x93\x96O\x0b\xa0\xedo|q\x90\xbd\xabC\
\xddq\x12\x22\x06#\x9e\x90\xfe&\xb3\x9f\x06\x0d\xfb\x03\
e^pQR\x8fc:m*\x18\x11\xa5j\xeb\xf7\
\xdc\xb7\xef&{7\x88?,\x04k\xacW\xff\x00\xd3\
3n<&!\xa5\x15\x9e\xf0\x89\xaf\xc4\xd2\xe3M\x0b\
*\x179\x87m_Y\x03~7\xa4\xefU\xb0\xce\x99\
*\xd6>\x07\xdeR\x979\x82q\xfdK\xe2\x04\x99A\
\xdf^\x8cjU\xd5\xed\x0ey\xd6\xfa^\xf1\xe9T\x9a\
9\xd9p\x92,\x17\x9fXb\xc6\x992\x7f \x89\xec\
+\x80\xeb\xb5 \x1bA\xea\xf3\x83B6\xeb\xd6Z\x95\
\xc26\x04\x01\x82\xe0_l\xc9\x93\x0b\xdb\xa0\xf6\xff\x00\
\xac\xda\x9e\x5c\xe2+\xd0J\xb8O\x87\x18MT\x0c\x86\
L\x992f\xd8\xb4\xab\xcd=7^\xb2d\xc8\x06\xcd\
\x990\x09C\xb5m\xd7FL\x959\x16\x85\x8e\xf2\x91\
\xa9\xdb\xcc\xf5\x9bw\x93\xc91\xb5u\xff\x00YK\xb3\
\x8b\xbc\x887\x97\x1f\xe7!\x86\xe8@\xab\x0a\xba2\x00\
j\x84J1\x89\xce\x0c\x91\x1a\xc4\x22~rg\xd9\xcf\
\xcb\xcf\xeb\x8c\x99p0\xd1\xf9%\xcd\xb8C qj\
\xfa\xd40X4\x08%\xe8\xa9\xb9\xc3\xae\x1c\x991\xc6\
,\x10VN\xf6\xe1\xc4Q\xf7\xd3\x83'\x82v\xbae\
\xa0\x07\x18\x85[\x5c\x90\xde)\x9c\x82\xfdf\xdd\xb9$\
~.\xb0$'\xe6b\xf2\xcd\xbc\xe14\xbb\x22\xfe1\
L\xa7\xb42\x95|)\xaf\xde-\xd7\xadI\x05\x7f\xae\
\xb0\x15\x16p\xc9\xd6\x11\xb3\xe4\xc8\xe9\x8c\x82\x8e\x87M\
\xe7*Qo/\x07\xcb\x85V@\xbb\x81\xb2\xb8\xc4\xea\
\xe6\xe3y\xf6\xe1\xaf\x0d{;\xf9\xb0V\xf4\xa65\x05\
\xe4\x99<\x94i\xa97\xeb6\xc9\x84\xe4\x0f]$S\
e\xf7\x97B\xb4\x1a\xc7r\xfc\x19\xe9\x1dd\xc1\x80\xf1\
\xadw\xdb\x86\x82r~\xb1\x9b\x11\xf1o\xf2\xden|\
\xb8\x91m!T\xf5n2\xaeMr\xb1\xc0\xbf\x8b\x8e\
\xb5\x95\xe2\xff\x00\x03\x0d\x8b\xe9\xeee\xd1\xe0\x0a\x86k\
\xa7\xd5fs\x05\x94\xf7s\xb6\xae\xb2`\xe1\xe5q\xa3\
\x9cw\x5ca\xfd\x98\x0b\xc1).2\x9b8\xe7\x06`\
D\xf7\x1f~\x9f\xe3<O\xe71\xed\xa3D\xd9\xef\xbf\
\xbc\xdb\xd7\x19%\x96\xb2N\x1c\xe9B\xd2~\xda\xc2h\
b\x8c*L\x14\xd7>n\xa4\xe2f\xa6\x22\xdc\xa0\xf4\
\xb3\x00\xb4\x22ku\xf2//\x0a\xb2\xb90\x19(\x05\
kn\xc9\xd11\x8cKW\xd9\xd4\x98\xd5J\x827O\
\xb9\xc3\xf1\x8e\x8f\x13\xef\xc9\xf1\x97\xa3qt=%\xa9\
V\x0eN_\xc8\xcdo\x03i\xa5Y\xb7\xc3\x11'\xb5\
\x9f\x8f:0MiP\xf9\x9c\xcc\x90g\xf3M\xf5\xe8\
\x9a\x93\x9b\x90\x98\xda\xbc\xab\xf1\x82\x82:q\x84\xd1\x16\
\x19\xeb\x18\xd9\x11\xe8\xaa\xd7\xf0O\x00\x9f\xf1\xcb^u\
\xfc\x1dx\x8eI\x85uqx\xc9\x82%$\x1f\x91\xc3\
\x9b\x10\xee\xb7\xe7\xbc6\x86\xa0\x04?%\xca\xc0@\xaf\
Hk\xf2x$\xd1t\xc0\xe5|\x04\x11\xf9\x0f\x845\
\x95\xd2\xb92\x83D\x87\xa6\x96\x97=\x10\xf2kz\xc4\
\x91\x05\x99\xf1\xbe\xce\xbf\xed\xe0\xf8E\x85\x16\xa1M;\
p\x86;Zd\xcd`\xf5\x17\x93\xb5K\xa3\xf8'\x80\
\x0b\x83\x10:\xf6\x9dW\xb7&A;z\x9cVc\x00\
\x1bT\xa0\x9f\x8c\x03R6\x9c\xab\xc0\xf9q.'@\
p=\x1e\x14,\xc2\x17z1+\x13\x86\x8a\x15t\x19\
\xcf\xfb\x88\x95F'&Gi\xcae\x08XW\xe8\xc9\
\xe0\x992\x18D;w\xa5\xfc\x0c\x178\x16\x1c\x07\xc5\
\xc4Jd\xc9\x93\x04\xe0\x0d.\xfaa\xd8w\x8c\xd9\x1f\
\xda7(\x1c\xa2\xd5\xd3\x92\xe4\xc9\x93&+:\x105\
#]\xa8=`\xf2Lc\x06n|\x11>_\x0c\x17\
\x00\x8bx\xe0\xf7\x9cMb\x0b\xcfj\xceI\x83\x18\xe5\
\x81\x02\x82\x94\xc6\x8a\xf6\x9f\x9c\x990.\xb5W\xa9\xc6\
+\x89\x96\xa1\xaa\xbe\xdc\x990\xf5-\x1b58\xfd\xe1\
0h+\xae\xb0\xdfy\x1be\xa5\xc8ne!\xa7\x95\
\xdeW\x15s\x92\x1b\xd7\x82\x88\x03I0\x08\xd5x\xc8\
Oc\xcf\x19u+\xde=\xccY\xc5\x9a\xf6q\xfa\xcd\
\x1b\x8c\x05\xb2\xbb\xeaM\x8f8\xae-\xe6`\x90[\x8d\
I)\xb9.J\xd0\x94\xc2\xd8e\x10z\x8fW\x99\x81\
\xcd\x84@\xe5\xc7\xe3X\x06[J[g\xf4\x0c\xd8<\
\x03\x93\xf8\x0d\xe3\x01\xdf\xbc\x93Y<0\x0di\xeeO\
\x9cC\x92nO\xe3<L\x992`0\xf8a\x8a^\
\x17m\xbbqm\xe3K~\x10\x98\xe8\xfb\x19\xaa\xf2\xf7\
\x91\xc0\xba{qo\xd6h\x9ar7\x89\xc9\xfc\x05\x1d\
/\x82N\xf3D\xe1\xac=\x9c\xaf\x89\x93\x06\x89\xbd&\
\xcffLR\x8cnt\x9b\xef\x0a P]\x22MM\
rc\x17%\x8e\xc4\xbf~f|d\xf12d\xc9\x93\
\x06Q\xa4\xd5\xae\xce\xfe\xf2\x94\xe4\xc6\xb2\x89\xbbq\xbe\
q\xb8\x9ds.CG\xd43ZM\xdc\x9co \x9a\
\xa1\xef\x8f1\x09\xf9\xcdo\xf9V\x15\xd0\x9e\xbe3]\
y\x06k\x0d\xb2M\xa0\xbc\xa4\xdb\xe8\xdda\x11\xbb\x81\
6&\x18\xcb}x\x97\x04\xd2xLZ\xe0\xe9y\x9f\
\xc4\xdd\x88H\x9c\x8f)\xef\x8e0\xc1\xccTp\x98\x10\
9\x03\xe4x\x7f\x93\x102Po\xa4r\xb6\xeb\xdeO\
\xf9\x1b \xdf_\xc4td\x16O2y\x8e\xf0\xdc\x13\
\x8c\xa2d\x992a\xb5\x8ed\x9c\xfd\xcepL5x\
\xdb\xec|`\x17\x8ag9!\x7f9\xb6\xc2\xea\x9b~\
\xc7\x22E\x02\x9e\xe7\x18\xc5\x86\xd4\x97d\xf6xA[\
\xd9\xbb `\xeej\xf9Ch\xb7\x8f\xf3\x93&E\xcd\
E\xea\xf3\xf3\xeb\xe7%\xcbR\xca\xbb\xd4\xc2<\xbd\xfa\
\xba\xc5\x1b\xea\xb1\xf7<\x1c&\xdd\xe7\x87\xbdw\x93\xc0\
t\xeb\x81f\xfa=\xe4\xc5O7\x22\x0am\xdf\xb3\x00\
\xf0\xa9$\x14\xf7\xec\xca\xe0v\x97\xe7\x14To\x1b\x8e\
3\xd0\xd5p=\xe0\x09\xc2\xbdW\xb7\xe5\xef\xc4\xc9\x93\
[2d\xc1\x91i\xcb^\xdb\xb14\xe2{\xb92`\
t\xb0S|\xcf\xc6\x05P@\xa5\x8a\x1e~\x1c\x192\
c\xb1\x04\x05a\xbf\xbc@Guyu\x15}\xca\x99\
2d\xc1({\xd6&\x0d\xa0\xd0\x14\x83\xae\xceL\x18\
2\x10\x8a\x15\x0c\x0a\xce\x0f\xa3!\xe0\x991(=\x10\
\xfa\xc0E2\x12\x88\xff\x00\xc1\xe8\xd6;:\x06\xdaI\
\xc9\xd1\xbda\x85\x9ce;d\xc9\x96\xb4\xda\xce\xae}\
2d\xc9\x83'\x89re\xf0]\x16\xec\xb9\x0a\x5cO\
y\xb6\x14\x5c)Ya\x86\x85\x8a\x83$\x1d\xc7\x8b\x88\
J\xd4Z\xac_\x90:\x99\xac(|\x83\xdf\x87'\xb6\
\xa0\xb2\x9a\xbfy>\xe36b\xb1\x5c\x83I\x89\x8d)\
{\x9f<\xccU*\xb0\x03\xe00\xd7\x87\xa7\x8b\xc3\xc9\
\xba\x0d\x87\xf4\xe7$\xc2j\x94\xc9\x93&5\xd3\xe7\xf2\
:r\x99\xf4\x192cT\xaa\xaf+\x85\xa0X\xaf\xc1\
\x93\xcc\xc9\xe2d\xbe\xf5'\xaf%Q\xd0\xc7\xaa\xd7=\
d#j\x8eu\xf4NLjU\xde\x16\xe6\x90G\xd8\
\xecrc\x8fQ\x0e\xf4\xe4\xc9\x94\xddpo)\xf1\x17\
\x8esf\x0fQk\x92\xdc\x98\x1a!\xdbyi\x12\xd0\
\xb5\x0e\xae$m\xe3w\xdf\xc6{\xebA:\xd7\xbc\x98\
\x8d^u\xafg\xca\xfa8\xc9\x93\xc4\xc9qv*\x1e\
\x09\xc3\xe4'\x192d\xc9-\x0d\x13\x94\x8b\xc3\xafY\
0i\xbc\x04\x0c\x04\x1e\xcbf\x0d\xab\xbe\xbc\x88\xec\xe5\
\xcb\xa4\x9fYMh\xfa\xce\x84\xde\xd5\xbbq\x00U+\
\xe9w\x90\xed\xbc\x87Ba\x80\xc3\x1e\x1e\x1cv\xb08\
\x95\x13X\xcex\xa1\x13\x0a\xfa\x08a\xe5\xfa\xbb|R\
yU\xf8z\xf0\x1c\x1b\xe0\x8eFS\xac'\xae\xe7\x10\
\x0a;\xe3\x1c\xce\x1e\xf3\x95\xec\xde\x07\x14\xf8\xc4\x007\
\x12f\xb2\x86\x9e\x5c\x07^P\x13l\xba\xfb\xe6g\x04\
\x1b\x81\xdf\xf2\x84\xd3\x96JM\xecRk\xdc\xe9\xce\xfc\
,\x22\x16k\x9c*\x92\x9e\x9ab\xc3\x7f\xe2\x190\xe2\
U\xfe7\xf8\x0a`\xe5\xff\x00\x03t}\xb7\xe9\xf8\xca\
z\xad\x22\xcb\xbep\x9c2d\xc9\x82wZB\xf4\xbd\
\x93\x11\x11\xafg\xac\x9c\xa6\x22\x03\xbf\x134\xe9i\x1e\
\xf2\xba\xb98\xdf\xaeq\xa0\x07#{'\xa76\xef\x1c\
\x98\x88\x8f\xc9\x80\x22\xc0T\x0d\x81\xe4\xcauZU\x99\
\xf22\x02\x86\xddvOy\x1a\xdb\xe7.\xd4S64\
\xb5\xe4\xd7\x13\xbcD\xbe\xa0.\xfd\xa7\xd6%\x1bt<\
di\xcd\xbd\xe5\x84\x0b\x1eq\x83\xbb\xect\xe7\xeb-\
\x1a\xf1\xd6\x8d\xab\xe80\xed\x94<\x10\xed\xf0u\x94'\
\xae4v\xdc\x13\xa1\x09w\xef\xcc\xfa8\xdb\xd3\x9f\xac\
\x990e-\x9a\x1cn\xef_\x8f\x13'\x99\x93\x1a\x01\
p\x83h\xf5F\x90\xc3A\x9d\xe1\x85\x9f\x13&\x05\x80\
\xac7\x89\x10\xe4\xb7}e2\xa6\x89\x8c\xa2\x81\x89\xe6\
d\xc9\x93,b\x91\xf6L\x18G0\xa7K\xc2\xf7N\
p\x17y\xa1({\x9c\xbe\xdc\xd6fO\x13&L\xb0\
(}\xe4<\x85a\x91,%\xf4g'\x02\x09f\xc1\
\xeb\xc9T\xb1R\x9d\x8f'\xd6\x0f&\xc4V\xa5=\xcc\
\x8e\x01\xdeP\x0f\xbc\x82T\x82\x16\x8e\xce;\xf6xT\
G\xdc6\xf7\xbcxh^\xf8\xea\x0cj>,)~\
p\xcaZ\x1f\xc6\x0cT\x8c\x0d\x0a\xf5\xf3\x93&L\x99\
\xd3 \x1b\xbb\xbd\xf52e\x22\xb8\x1f\xbd\xf8+&L\
\x990\xd4 \x8c{\xdc\x86k&*:\xa5\xdc\xd1\x82\
\x85u\x9d\xcad\xc9\x92\x22\xd8\xcf\xbf\x9c\xa6|\x01\xc7\
\xac\x99\x12\xc7s\xe7\xef\xeb&$S\xd6L\x98\xbd\x10\
I\x84\xdb\xb7\xe4\xcb\x83\x9b%o\xcd\xd4\xc9\x81vw\
\xf5\x85!\xdc\x93\xe4px\x8eL@>\xf3w\xec\x17\
^\xb2y\x9e\x15tN\x85a\x93\xc4\xf1`@\xa3\xce\
&\x87&L\x0d\x95\x99&\x8e%\xdeO\x04\x1dB#\
\xd8\x99B\xb6\xd1y\x5c\xe4+\xf0\xc5P2,\xd1\xde\
L\x992d\xc9\x93&\xefy\x0d\xab\xb6L\x98\x01\xad\
-\xfbo^*\xb4\xa6\x0e,nI.\xd8\xc3Z\xc7\
\x1a\xf57\xd9=d\xc1\x00\x18\xbc\x045\xdd\xcf\xb7\x81\
x\xa5\xceq\xacGL\x85\x80x\xa5S\xe1\x89y\x08\
\x17:jC \x05\x87\xa3>n\x18-}\xe5\x22\x86\
\xb3d\xa1\xa0\x96^\xeb\xf4\xc4\x22tT\x91\x16\xbe\x7f\
\x8f\x14L\xb7./\x93pl\x05\xa1v>\xb7\xb3 \
\xcbz>\xf0\x7f\xc0e\x89!\xbc\x1bu\x91?\x97\xaf\
1\xc3|g\x95\x12\x89A\x04\xe4{\xc9\xe0;\xeb^\
'\x99\x93&L\x992yd\x1a\xb2lhXnu\
\x1b\x9d\x98\x8e\xe6!\xa8\xddd\xe7\xcc\x023F\xda}\
c\x05\xdb\xce1<\xe3\xf0F\x8by2\x17\xf0\x0dU\
&\xb5)\x89 *\xa4\x18P|\xb3^\xdda\xda\xc9\
V\x81\xa7\xc4\x9b{\xc7\x13'\x92\xa0ru\x88T#\
\x11\x22&O3&\x13\x13\xc9\xb8\xc2\xf0\xa0\x84E\x0d\
\xd6bqB\x97\x02\xc9[\x12C\xa8\xdd\xd3\x06\x0d\x12\
w\x1b\xf2\x98B\x15\x8a\x14\xf9C6YX_\xd6%\
$?&%\xa5\xc2\x11\x97\xa9\xc6\x11\x97\xd4\xc0\xd8\xb7\
\xa0\x1d7\xc7W\x8c\xeak\x9c\x992w\x8d\xb5\x09\xf9\
'\xf63e=\xe1\xb6\xf0y'\x96d\xcd\x11\x96&\
\xb2+\xbc\x87\xa0O\xb6k\x07Y~{\x08\xf2\xdfY\
\xa0AF\xc0A~\x02d\xc1\xe6d\xc9\x93&L\xd4\
\xe5\xdbD\xc8V\xc1\xb5\xa2\xafY2c@\x9d\xe0\xa9\
\x8a\xc0\xde\x22D\xc9\x93&L\x9f\xc3O\xb0\xc9#\xc4\
\xc0\x98\xe3\x06\xb4\xdd\x9f3\x12\x87((R\xbc\x193\
A\x1b\xef\x5cd\xc7C1\x91s\xa8x\x13\x82ca\
\xdal#[\xde\xde<fL\x992d\xc9\x93&L\
\xdc\xe9\xc4\x07\x0bZ\xbc\xde\x0c\xdeo\xb3\x86\xcf\xc6\x22\
#\x95\x8e>r`\x085\xa9\xce\xdd\xe4\xc24F\x8d\
s\xb0\xc1\x935Z\xc9\x93& wB7T\x97^\
\xb2d\xca\x87L\xfd\x9e\x09\x93'\x84\xf0\x85\x09\xaeZ\
\xf5\x83\x9c\x991\x01\x9a\xd6\xb0\x01\x0c\x81\x9b\xaf\xbd\xfb\
\xc9\xfcQ\xd2\x81v\x0e\xd9\xa3\xbc\x92\x94\xfc7\xc1@\
\x9aG\x12\xee\xef\xb3\xcc\xf1.L\x01\xef\x1b\x06\xf8\xde\
0\xee\xb1=\xb7\x00\xc6r\x0d\xd9\xba\xb0\x5c\x19\x96\xc1\
\xf9\xec\xd6#!9L\x82\xdc\xa7\x0e\x0d\xbb\xc0\x5c!\
3\xab\x8c\x5cvr\xaa\xcf\x86l\x03\x9eq\xb8\x18@\
W\x8e\xcc\xa8\x96\xfcd\xb1\x0e\xe6\xbb\x86\xe5e\x19h\
\xab\x96\xf0/\x9e\x9e\xf2d\xf0vC\xddH9)\xc6\
r\xd3\xe25\xe2d\xc4q\x8e\xc9\xaf\xe2\xe6\xd5\xf0\xca\
\x18\x88xm\xcda8\xd9\xd9\x8f\x18\x81\xed\xfc\x5cd\
\xbc\x0e\x04\xdb\xc75\x1fU\xb8K\x13\x9e;\xfe\x13\xc0\
.\xa3\xdd\xf5\x96\xa8e\xdc\xd2\xe5\xd8\x86\xe6\xfb'\x89\
\x93&A\xc6\x1d\xf4\x1a\x0f\x00\xff\x00\xae\xdb\x9cS\x94\
\x9b\x83\x80\x1dM\xe7e\xb4\xbfG\x89\x93'\xf2AD\
G\xe7Y?\x89\xa6\x9d\xa7\xb5?\xa1~\x8c\x80t\xf5\
'\x8a\xc6p\x06\xd4\xc4R\xaa%\xb14\xe4\xca#\x88\
\xaa\xad\xd9^\xdd\xf8\x992d\xc9\x93\x06=\x87Y\xa8\
\x05d\xbc\x05\xcd\x09\x08\x87I+M\xc3-\x8b'n\
]\x89\x9a\xab\xe1\x0e\xd92d\xc4S4d\xce\x0cn\
\xa0RU\x00W\x8a9\xc8J\xb8\x0d\xa5\xb7&L\x99\
0\x97\x02C\xc23\xf39Vosz\xbc\xbfy0\
'\x82d\xc9\x93&L\x98\x223.\x86\xb8&\xbci\
[:\xb9\x01\x91\x17v\xb3o\xe7&iJ6\xe4\xc9\
\x93&L\x99<O3\xc0\xe0\x91\xec'\x13\x8f\x05q\
9JS{\xc24\xbe\x18U\xba\x0c\x849\xe5\xe6d\
\xc4\x8d\xd9\x0e\xdd\x9c\x9e\xb2d\xc3\xbc_\x90\xe4\xc9\x85\
a\xdcCZ\xd7\x19Y\x05\x9e\xafxF\x89\xc6\xe7[\
\xef\x05\x04\xe1\xb3\x08\xe7\xba\x99~c\x944\xe0\xb9@\
\x06)\x8c\x17\xbe\xa7\xb3\x22\x97\xedrd\xc9\x93\xc82\
d\xc9\x93&0\xacDG\xd2a2|7`\xe4\xc3\
\x16\x11q\x93&L\x99\xc0x\x0c\xad\x1c\xab\xef&L\
\x9e\x13'>I\x93&L\xf4\x86L\xd8_Y>0\
]es0\x11\xc7\x03&L\x992d\x1b~*O\
\xd92d\xc9\x93\x0d`;\xc9\x9b\xd2\xb2\xd9\xd5\xc3Y\
<k\xd6s\xbb\xfc\x9bI\x9dLD=\x13\x01\x11\x86\
M\xdc\xbe\x034\x0cV\x1e\xdb\xbe\xdc8k\xc2x7\
\xeb\xc7\xa1\x83\x1a\x08\x8c\x08&Q\x8f\x17vN\xc6\x91\
7Wf\x16\xfcR\xd7!\xbem\x5c\xda\xd8_\xe9\x96\
\xdfC\x5c\xe5\x90i~.\x05P\xf2d\xf0\x8c\x06\x18\
\xa0<\x8e\x93&L)\xe6\xe8\x17\xe7\xd1x?\x80\xa5\
\x0e\xf1m\xe2\x011\xa1\x11\xcbm\x0e\x08\x8du\xe2\x00\
\xdfjy\xd0^\xb8\xbd^fs\xdb+\xe0G\x0c\x05\
\xb0`|\xf5~\xcc\xa5\xf8.L\xdf\x80\xb8u\xa7\xfa\
\xbez\x8e\xd9[\x13m\xe2U\x1a\xd0b\x9f\x0e\xf0\x1c\
\xb8\xab\xd1\x8dw\x143\xbe\x8e\x0cB9\xa6\xef\xd6m\
\x5c\x04G\xc4\xf12d\xc9\x07\xc8WF\xfd\xe4\x99<\
L\x01\xca\x93\xa7\xe3Y2g}n^)\xa0\xbd~\
\xc7\x00\xbb\x9d\xcdU\x22~\xfb\xc9\x92*\x09/\x0b\x96\
\xe1\xd1\xa7\xb5Hs\xfd\x984\xee\x8e\xdcs\xa9\x93\x86\
B\xd2\xda\xd4\xb98\xef&\x1a\xba\xe9?x\xe0&\xea\
\x18OY\x0e\x17M\xe6\x9c\x992d\xc9\x8f\x9e\x01k\
\xb8u\xb7\x9d\x86\x1av#^\xc0\x17f\xd4\xe4\x80L\
c\xc4t-p(m\x16\xdf\x99\xf0\xc9\x93&\x1a\x93\
&$U\xa6_\xc7\x86\x05x\xe3A\xa1\xa5\x1b\xcc\xe7\
\x1a\x04\x9e\xcc\x98r\xd7\x1c\xe41X \x81\xe8\xb6\x7f\
\xe2\xe2d\xc1\x93&L\x9e&\x14\xcc6v\x8a\xf4\x0d\
\x0b7\xd8\xe3\xa7\x86\x09\x14\x94\xf4:|'\x87\x07f\
L\x98\x9a\x02\xf9\x10\xd6\x14\xad\xae\xfa\x992d\xc9\x93\
&LC\x93&lF\xf2\xbcL\x992d\xc9\x93\x0e\
\xf0\xd1{o\xe9\x93\x06\xf1e\xb2\x03\xe8\xf7\xe2aD\
\xe5\x95\x0b\x0c!\xd5\xac\xf9<\x89)\x16\xe9\xcdcd\
\xc7\x11\x09\xdb^\xe6\xf1%\xf1-7u^_n\x1a\
\xb1JG\xe4q\x9ag\x03.\xd3\xb6\xf7\x93\x06D&\
L\x1efL\x992d\xec\x84\xc5*\x17\x93*\xb1j\
\xbdo\xe3\xc6\xe5\x1d\xe2h\xf5\x1c\xa64\x1e{=d\
\xc9\x93&l@\xa0\xf2{\x992d\xcb\x0b\x05\x8e\xaa\
\x1e\xf2d\xc9\x93&L\x98\x1bL\x98\x976\x0dkU\
\xd5\xce\xb2d\xc9\x93&LTI\xab\xbe\xdb\x93&L\
\x99?\xe0\xdc\x8c`\x5c\x992aVe\x08\xc9\x90\x1c\
\xbd\xdc\x1b\x22\xeb\x1f\xf5LX$\xc7\xcf\xdd\xbc\xe0\xdd\
=n\xddd\xa7\xe4\xc8,\xfe\x00\x8c\x83\x1cW7\x92\
\xc4\x1bp\xec\xee\x0a(\x878\x82Uk\xa6\xd1E\xa0\
\xdd\x8epx\xe8\xa8+X\x090N\x5c\x908S\x16\
\xcf\x82\x19<LhZ\xaeL\x992b\xde\x17\x8c+\
\x97S\xc1\x14\x14=\xff\x00%\x22\x7f\x0d\xfd<\x01\x9a\
\x19X+\x1d;\xc2k\xfa\xcc\x10T\xbbM\xcd\xf8\x06\
\xc8\x86\x89\xcemH#Z9\xc9$S\x85\xd6\xfa\xc6\
\xa5k\xf2\xdf\x89\x9cI\x95\xe9q\x8bpG\xbc\x0cw\
\xc7I\x0e\xb7\xd9\x93\x03P\x90`\xa5\x06\xf1\xc4=\xb8\
2d\xc9\x93\xc7\xbf\x13'\x89\x93\x16U\xd6\x11\xea\xfa\
9Y\xa8\x17\xba\x9ch\x03\xa0\xe8\xc9\xe4\xa0\x87\x22f\
\xe7\xe9:d\xc9\xe0c[(nr\x9b?\x0e=$\
fmk\xd7Z\xef5\xbbE\xda\x1c\x15\xe7\x0bTm\
\xc3\xe8\xde\x0d-\xe0\x97\xd7Y\xc4\xf2\xd5\xe9\x0e>\xb3\
g\x8c\x03\x02W!\xe1\x9f\x8c\x03k=\x13\x9c\x96F\
\xa8m%\xe1\xfe\xa3\xe7\x14\xebg\x97\xfb\xb9K\xbat\
?\x06M>F\xde5\x8a\x22\x14\x0ch\x06r\xfc\xe4\
\xc9\x93&PJ)P7z0\xc8e2\x98\x85\x88\
4\x89\x8e\x13t\x04\x0d|\x8b\xd6\x15rb\x86O^\
)?\xf6k\x1b\xf2j\xdb]\xec\xf6\xf8O)1P\
/\xa6\x0aB;,|]_\x02\xba\xa2w\x9a`\xcd\
\x1cU@\x10\xe7\xd6L\x06\xf2d\xc9\xe12\x88\x8a>\
\xcdd\xc9\x93&L\x992`\xc0-qm\xd7`\x9d\
aJ0WA\xc1\x93&L\x992d\xc9\x89!h\
\x1dQ\x0d\xdfy2a\xac\x83\x9b)n\x13z\xc9\x93\
&\x13\x1d\xd2\x9d\x1fW\x87\xe7&L\x99 \x8f\xad\x99\
\xb2^B^\xce\xff\x00'\xf0\x982\xe2\xe4\xf0\x19<\
\x05l\xa7\xdc\xcb\xf0\xa1\xb3\xcb\xf1\x9c\x9b\xf1\xa9\x17\xb4\
\xc2\x05\xb2\x8bY\xdd{}=f\xa0\x06r\x0d\xbb\xde\
\xfdx\xf1:\xef\xec\x993\x94\xfch\xef\x0a\xe5\x9e\xde\
\xb2d9\x8e\xcc}\xe4\xc9\x93'\x99\x93\xc5)\xa20\
\x22\xae\xdc\xbcy\xd7l`U/\x04\xbca\xcf\x1f\x13\
$\xfc\xb692d\xfe\x13&L\x9e%\xc9\x93\xcb^\
%q\x0a\x8d\xb8\xb2WHG\xb6\xe1\x22rD\xaf\xbc\
\x99\xb0\xc5d\xdc\xde@\xe3%\xf0-\x86X\x18\xfcx\
\xb2\x02\xe5\x88\xf81k\x9b\xe0\xde7r\xdc^\x8c`\
k\xe1\x1c\x9c\x8aCo\x01\x0c&\xb51F\x0e0\xc2\
\xacD;\x86\xf7u\xec\xf7\xbc&\xcae`\xf6\xbeh\
m\xed\xc4I\xac:\x0f\x82d\xc9\x93\x00\xd4\xecy\xef\
}d\xc7\x8e2\xf9bv2e\xf2\xca\xcf\x01\x7f\x91\
if\x1a\x0f\x89b\xf00\x5c0C\x0fx\xd6\xcb\x93\
\x11\xe9\xcd&w\xa9\xceC\xc8\xcd\xfc|\x1e!JQ\
t\xd7\x99\xbc\x1f\xd5O\x7f\x19?\x8e\xfc\x02\x0ayI\
\xd9\xfc\x00\xc6\xb5\xaf\xc1|O3\x09VkT\x9e9\
\x87\xac\x9ePpD9\xdf\x1e\xce\x8c\x13\xa0\xa1\xe3\x96\
|\xfc\xbd\xbe&L\x9e\x03&L\x992g\xa6#z\
a,\x8ai\xfc8\xca\xa6\xd1\xbb\xa5\xef]\x9eg\xc6\
J\x81Q\x12\x15c\xb5\xb3\xa9\xc3\xbcA\xe1-\xa5\x9f\
sxf\xb5\x88\xddNS\xd2{\xe3\x1d\x07GC\x9d\
\xcb\x0b\xd1rMBE;\xfa\xc4\x8d\xe7\xdb\x86\x8ch\
)\xc1M\x82\xd5r\x0f\x0e\x18Y\xd6\x99O\x99\x95U\
5J\xf5\xbeON3\xc5\xa7\xac\xd8\x12\xed\xf9\xce5\
\xc4\x8b>\xe4\x8ak\xd5\xc9\xa0O\xdacp\x82\x0fE\
\xbf\xec\xaf\xce\x0a\x1d\x80\x05\x07\xb0\xd5\xc6\x0c\xd0;'\
\xcb\x85\x00\xf2\xc2\xba\x1bV4\xcd\x0eL\x951\x9b\x01\
ijfPC\xb3\xc9A\x03.u\xaak\xbbWn\
\x09m!o\xbe\xf2\x1a7NVK\x86T\xc9\x93\x10\
\xd4M\x18O\xcb\x0f\xcb\x95\x93QR\x9e\xf1\x04&\x9d\
\x18\xd98rd\xc9\x93&O3\xc2d\x8dK\x08\xfe\
LZ\x08\x22.\xe0\x89\xc37\x5c\x99<L\x992d\
\xc9\x93&L\x992`\xc5\x1aL\x992ch\xba\xe8\
\xd11\x952\x1a\xd6\x13R\xd3i\x11\xec\xc9\x93'\xac\
^\xb0\xecL1\x194G=6l\xf8\xc0\xe1\x93\xc2\
LX\xd2\xc2\x1f\x01\x90\xd2l\xbcld\xd3\xe1\x83S\
\x90\xf4\x19\xbf\xad>\xab'$\xf1<4\xe3\xf3V\xea\
p\xf8\xa6\x1b\x98D^\x87M\x94\xe1\xf9;\xc9\x93\x02\
\x11\xff\x00\xa7\x89\x82u\xa4\xdd\x9d\xe4\xc6A\xbc*\xce\
\x5c\xfc\xe4\xc9\xe6\xbb\x8c\x5c\xfc\xf8a\xd60\x8d\x9b\x9b\
\xf5\x8d\xaf=\x1c\x07\x1a\xc5\x12M5\xa3\x9e\xf7\xfc\xa6\
O\x06\xf3~=\xe2O\x13&\x0c\x98\xdb\x89S#\xc6\
u\xca\x8e\x0c\xe2\xe7\xf3\x84\x01\x98I\x80\xf7\x91\xf7\xfc\
\x01\xce71\x99sc\x8c\xd1J\x04o\xa4\xc4\x87d\
\xab\xca\xb8\xe1\x17\x0a\xeb.4#\x94\xcb\x94\xf8\xf0\x82\
\xcf\x86F\x02\x14\x1a\x10\x91\xae\x9a2b\x16\x05SE\
\xa3`\xb1\xbfF&F\x98\x992d\xc9\x93&k\x87\
t\xbe\x16\xff\x00\x88\xa0O\xe1\xcc\xf8\x14\x09\x88\xbfo\
\xeb\x9c\xdc\xbd\x94\xf91\x988\xd436\xf8\x1402\
\xd4\xee\x5c\xdf~\x04B\xab\xd1\xb5\xc0\x88t\x8a94\
\xba\xd6H\x05\x85\xfd\x17&L\x99\x16\xf0\x9c`\xf1<\
\xd0\x1c\xbd\x8b\xac\x88Q\xc7.\xb8<U:B\xa6\xb7\
\xbc\xea\x16\xe9d\x92\x17\x04\xf0dB\xaa\xdd\xf5\x83\x85\
\xbe\x04\x1b\xafd\xe3\x07\x19\x8e\x94\x5c\xfc\x06K\xd7g\
Ty\xf9\xdf\xd0\xd6L\x9e*\xe8\xf9\x05\xb2\xf1\xcc\xc9\
\xe5<\x0f\xe1t\x1e\x15+Sa0\x11\xa8o\xc38\
\x18\xa3\xd7\x0a\xfcW\x10\x900\x5c\x00\xff\x003n\x0f\
!X\x95w7m9\xbd\xe2\x8cL\xacg\xf693\
KE:\xb9A&(\xbf\x82tf\x86T\xa0@\xbb\
\x936\xef>\x98\x10\xa3\x94m\x0e\x9f\x0dL2<%\
n\x13\xea\xf2\x1czL\x84h\xc1\xd8VF\xbdr\x99\
\xf7O\xe4\xb3\xf3C\xeb\x1f?\x8d$\xd7\xc0\xda#\x1a\
\xef#\x86V\xe0\xd3kd9x\xc4\xc8\xe4\xdb[\xc9\
\x93 \x1f\x14\xad5\x1d\xcd\xe2\xf4\x0eL\x9e&n[\
\x88\xf5\x9c\xaf\xf6d\x92\x9d\x5c\x98\x87\xa6\x8b\xf0\x94\xc9\
\x8aH\x88\x9c\x8e\xb2d\xc2\x92\x9aN\xd9p\x82\x8d\xe8\
\xc9\x86\xee\x90\xdc\xdb\xa3n \xa7\xa6d\xc9\xe0\x04\xa6\
U\xae\x8e\x8e\xe17\x90\x842d\xc9\x93&L\x98\x0a\
\x98\x99>\x1c\x11UB\xb1\xf9,\xc9\x83!\xb6\x06\xc7\
F\xeb\xcb\xf1\x93\x18!\xe6\x80\x7fC&L\x98f\x8e\
\xeb\xa02s \x83\xeb\xac\x99O+\x93&LH\xf4\
*k\xb7/&L\x0eL\x992d\xc1\x82<\x8d\xe2\
\xe8\x848\x80\x92\xc2\xb8+G}\xf5\x84@o\xd3\x06\
\x11\xc7\xb4\xa9\x1b\xac\x99\x0c\xdb(\xc4\xf4\x1d\xb06\x8b\
\xe0\xe2N~\xd7w\x03U\xdd'G\xab\xdeO\x1a\xd0\
4\xde\xcd\xe8;\x8eB\x92jUK\xbe\x83\x06L\xd8\
\xe9\x98.&L\x992e`R\x91\x9d\xdc\xad\x0e\x08\
\x9e\xf2d\xfe\x0a8\x81\x0e\xa2\xee\xf6\xaei\x9bs\x97\
8\xac\x84u\xc4h!\x93\xcfI\xe9\x82a\x8f\xce\xb1\
mI\x85\x0e\x1b8\xc0\x01\xbd\x1e\x11\x82w\x80\xf0\xff\
\x00\x1d\x99oY\xa4]\x8a\x0b\xacpUKs\xc6U\
\xf0\xbal\xe3\xd7\xbc\x98\xe1\xc6\x1e5\x8d\xc1\x95\x90\x8c\
\xc4{w\x848r~\xb0\xdeq\xa9>\xd90\xe7{\
CF\x8c\xd0\x86\xc6\xf2@R\x18\xef\xb4\xe0\xe3\x14\x0a\
\x88\xfce\xe4\xc96\xf9\x06\x9a\xdb q\xec\xc1\x0fI\
\xac0\xdf\x06\x8fk\x8aa\xd3_8o><\xc6\xef\
\xf0P\xa9\xc6\xbc\xdc\x195{d\x9d\xb2k\xc2\xa1x\
\x9a\xb9\xc1\xbe\xf8\xc8\xb4#n~\xe1E1k\xae\xf6\
\xf7r\xd7|\xb7\xe5\x05\xd5\xd0}O\x07Sz\x9f\x0d\
\xf2$9\xc4\xd95gC\x8e\x9e-y;\xf8\xfcx\
\x98\xc0MufF{\x83\xa3\x86\xf3\x9bg,\xc2\x0d\
i#\x89\xf1\xb7y)\xb7C\xac\xe3\x87\x06\x0a8\xe7\
/+\xfad\xc2\xd1\xbf\x05_\xcf\x07\xce!\xdb\x84\xb4\
\x1f\x12\xfe/|\xff\x00\x04\xc9\x83'\x85 1\x02\x1a\
\xe2\xe0\x01\xc5\x17\x05,\xd8l\xef&I\xe2\x09M\xe4\
\xc9\x93&\x12\xc3\xa1\xbeC\xcfFL\x18\xefzx5\
 \xe9\xbf\xbcgn\x0e1\x80\x87\xec\xde\xb0\xb0\x17r\
\x14\x13\xd6\x0a\xa8M\xf1\x83\x22ZNP:z7\x83\
\x03|\xcd\xf3\x8c\xaa\xda\x1d\x06_\xad\xe4\xc4}9\xe1\
\x0fw\x1b\x80\x88\xec\x81>\xca\xfc\xe2d\xc9\xe32\x1e\
\xd6\xf1\x9b\x01\x0eW\x8d\xef\x0d\x188\xf18\x83*(\
>\x1c\x98\xe2\xd2\xf5Zc\xf9\xc1\xfc\x06\x98\xb2\xb0\xc2\
i^\xd3x\x0e\x13&L\x88\xba\xfa\xc8\x86U\x1al\
\x8d\xe5\xcbK\xef\xcb2f\xd8\x8c\x06L\x992b\x1a\
\x8e\xb7\x88\x802\x9e\x0c\xac\x992`\xf8\xbf\x06\x14\x01\
t\x04\xba\xf4\xe4\xcf\xa6\x08\xe9\xbf92g\xd3\x12p\
N\x8d?^\x1c2d\xc9\x888\xe4\x1f\x97y\xea\x12\
\xfb8~\xd6&L\x99\x01{\xce%\x94\x03D\xd0k\
\xc2\x8c\x992`\xc1\x8a(W}\xa5\xd9\x94\xa40W\
&5j\xf8m;*\x0d\xa1\xb2\x9bC\xbc\x22\xd5@\
j\xce\xcc\x981\xf4\xe4\x0cW\xa6\xf1\x97\x09y\xc3\x01\
a\xd3\xa0%g/\xb7:\x10\xd1\x9b\xfb\x08\x15\x22\x90\
\xa3\xd73\x02\x82\xe0 \xee\x94\xe1\x8f1\xf0\xd1\x924\
B\x9c\xd8\xe5\xca\x15O\x02\xde\x1br\xaa\x1d.\x8e\x03\
\xc2d\xf2LH.A\xc6+B\xfc{\xb9\xa59\xec\
\xff\x00_fL\x99N\xa6JM\x00M\x1e6d\xc9\
\x89G>,OXYq_\xf1\x92\xce\xbc\xda0~\
\x1c\x94a5\x8d\xab\xcehW?\x19\xcc\x98\x1c\xb3L\
\xf6q\x1bV\xe7\xb1\x82\xcf\xae4\x22&\x0e\x1b\x8a+\
\xdb&L\xdc\x9d[\x93'\x82#U\x00=\xb8\xc4\x82\
\xa2<\x89\x81\xe2\xeb\xd7\xce(Blw\x93&3\x18\
?e3\xed\x93\x06\xd4\x02\xb2\x5c\xdf]1\x1b\xd9\xb5\
\x0fm\x0e\xcaI\xc0\xca\xfa;(>\xc4\xd2zL\x98\
\xe1&\xd9\x1d^\xbdb\x07`\xdb\x9b01\xeb\x0e\xca\
;\xbdf\x8f\xe1\xe1\xff\x00\xaa.\x0b\x94\xd7\x1f}\xf9\
K\x03\xbe\x9f\x05\x11\xcc1\xab\xe3\xc4NO\x08\xa3;\
`\x14\x1b\x1f\x09\x17\x07 kw\xf1\x85\x93\x1e\x8f9\
\x19cB\x87\x18Y.\xc6\x01\x8a\xde4g\x02\x8ev\
&}\xb2b\x069'\xe4\xc0Vb`\xc8z\xc7\xe4\
\xd8\xc1\xb1\xdf\x02I\xdd\xcb\x0e\x90\xd8\xa0\xb5\x9a\xf7\x8c\
\x08\x01Au\xbe\xbeN|\x00\xc5O\x87\x16\x8d{&\
0]O\xfa\xb8\xf8!\x05\xd8\xf2^\xb2\x86\x1991\
\x85\x10\xe19\xd4\x97&\xaa\xd6\x9f\x0d\xe7s@\xe5\xf9\
\xc0\xfa\xc1\xcb\xdb\x22\xf4\xd3\xa3\x80\xecs}\x067l\
\x13\x03t\xd3\x9f\xac\x86&\x91\xdd\xb9\x1f>\xdf\x8f\x13\
\xc9\xd9\x07Quf\x06\xc4\xf6\x81\x8co\xf1\xe7\xde\xbc\
\xc6\x0d1\xbep<\x8c\xc5\xacv\xd6k,\xf7\x7fb\
!\xa3\xf4\xe2h\xad7x\x0dA\x0a^\xf7\xc1\xe48\
0tl\xb3\xe4\xf4\xe4\xc9\x835\x07\xcb~\xf0\xa4\xd6\
\x8c!\xad\x86\xccF\xce]\x0fxjQ\xd0u\xe5z\
\xbc\xe3m\x80\xc6\xee\x9e8\xc6NW\x00\xe77K\x0d\
\x0dk\x93\x94\xe9\x9c\x90h\xd7\x0fD\x93T \xfd\xa8\
\x19c\xd8\x8e\xd2\xb9\xc5\x02\xa6U\xc2^L\xe0\xd6\xfc\
\xde\xb0p\xec\xe7\xfcaL\xf3\x88\x90\xdcj\x8d\xe7&\
L\xbc\xbb\xa4u1F\xa7.\xdda\xda`\x16\x18]\
\x0f\xac\x00\x82h\xb0\xbb\x83\xd6\x00j\x95\x1f\x8c\x992\
d\xc9\x90\x02\xdd\xd7\xb3\x8c-\x91\x1b\xd5\x1b/\x22\xb6\
\xe0\xc9\x93&O\x13&\x0c\x993t\xc0\xaf\x07\x07\x9e\
d\xc9\x80\x96X&\xc6\xae\xefX\xd2UU\xcb\x93\xc9\
NL+\xd1\x8a%\x12\x94\xa7&L@1\xab\xbcN\
&Y~rf\xd5,.\x90K\x9e\xf2\xa6\x9a\xc9\x97\
\xe0\x98\x1d2\xfbu?\xd4\xc3\x89\x93%\x86\xfc\xab\x14\
{D\x9ax|&L)\x0dW\x08\x9b\xe8s\xef\x03\
\x06=\x02\x13\xd9U\xf4\x99\xc0\xf9*p\xfe\xed\xcaz\
\xcd0\x86\x0cu\xb8\xfc2k\x19\xd9\xd4b\x81g\x9c\
r>\xb1.]\x06bD\xfd\xef`\xc7\xd9\xacE\x8f\
\xa0\xc4Ll\x01\xdc\xd0 \x8f!\xbd\xe4r\x8818\
\xdes\x0a\x86\xc6\xfc\xeb(\xc77I&<^\x9f\x9c\
\x99\xb8S\xbb\xb6n\xeb\xbb\x82\x81\xf7A\xd9\xb9\x1fN\
B\x0d-\x93\x00\xa25\xdb\xf03\xc4\xfe\x13\x1b\x80\xce\
\x19\x90\x9ap\xf8r\x03\xbe\x1c\xde\xaa\xae\x1e\x9c\x99E\
=\x8b\xd3\xebw\x1b\x90\xa5a9\xf2yk4l\xde\
K52\xd6\xff\x00\x01\xc6\xe0\x9b\xed\xc1\x14\xcd\x0d\x9d\
\xdc\x01\x8c\xbe\x1b\x19K\xc7\xf00\xe4\xe0b\xc0k\x04\
\xf7\x8e\xc7&L\x993Cy\xa4\x81 \xd3\xab\xef\xd3\
\x89W\x80\x1c\x99\xb7o\x1cx\x5c\xd9,\xb3W\xc6b\
h\x0b\xa5\xd6L\xa5\x90\x04\xecK\xc94\xd7\x18[@\
\xc4\x98*\x08\xadB|\xe1\xd0\xf6\xc60\x0bE\xea\x98\
\x0d\x83L\xf9\x10\x1aa,d\xddypl3}\xb8\
\x0c\xb2\xae*iw\xa4\xe7\xe76\x22\xc8o\x9d\xfa\xc3\
Kc\x0a&\xef\xac\x8c\xc0\x12\x8b\xc3\x8e\xab\x86\x16[\
/\x0c\x89\xd5.P)\xfb\xe2\xe4\xc9\xcd\x86\x90\x18Z\
\xbbQ\xff\x00\x0e:n\xddd\x97\xb2\x0c\xa9\xa6\xd8\xf9\
0D\xd1p\xfa\xc5h\xb8.\x04\xf2\x82\xe54\xcd\xa9\
\x9f\xf7\x9b\xb5BRh\xf3\xcfy\x0dk\x0a\xe8\xf8\xad\
\xee\xf0d\xcd\xfd\x81\x9f&'\xd5\x08\xee\xe9W\x5c\x1e\
\x11\x96a\x12\xcd.\xb1\x82<\x8e\x07\x92w\x9f\x01\xc2\
o\xe75it[\xef\x03\x80\x22\xc1\xd5#2;\x89\
K\xdc.\xf5\xde\x1f\x93\xc2\xb9\x87\x1e\x1b\x12\xc1kO\
\x9f\x03f0\xb41\x12\x8dy\x9fY<l\xeb\xb9&\
\x09-\xb5\xde\x1f\xcb\xea\xafq\xe0\xbf\x03\x7f\xc8g\xbd\
\xf3\x96\x01\xa1\xd5y\xed\xc4\xb2\xbc\x1a\xceDX\x9fK\
\xb3\xfbx\x98*\x034\x87*\xb7S\xadx\x106`\
f\x94\xc04\xder%\xdf\x9cc\xb6\xd2y\x15)\x89\
p\xc1\xa3\x1f\xd377\x09\xa7\xd3\x96\xd4\xcb\xdb\x80\x18\
\xd4\xbfW\xbc\xe58W\xb9\xa7\x11\xd8H\xc8\xcd\xf4\xe4\
\xbd\xad\xc1\x95\x06l\xa0\xe2\xec\x5c\x17\xa1x0d\xc3\
t\xea\xf6\xe4\xc9\x91\xc1y@&\xda\x91vs\x8c6\
\xb8\x0eb~\xb2\xac\x01\x1a\xad\x189\xb9;5z\x87\
\xe0\xc9\x93\x0c\xb5n\x82GRm\x97P\xf1\xfe#\x82\
\x04\xeb\x08\xbcn\xcc1D\xb8\xcec&!\x1b\x10q\
|\x95N\x0b\xb6g\x13S-&\x0a9\xd96\xfep\
\xaa_K\xce:3\x01\xb5=\x191 2\x83\xf8v\
d\xc6\x01\x9aT\x1fs&LV\xe6\xd3M5\xe93\
Q\x8cN\xc9M\x9d\x16\xb3(\xb3\xb2dVL\x056\
\x1b\x9fXA\x0c\x8e\x96v|d\xc9\x8cIh\x00U\
]C,\x9c\x0a~\xb2d\xc9\x93\x02n\x192d\xf8\
\xc9\x93\x0ap\xc7\xd9\xce\xc90`f\xc7M'C\xe9\
\xef'\x8c\xcd\xac\xf0'\x90\x01\x8a\xf1\xd8\x90G\xb0s\
\x93_y\xf4_\x9d[\xbfs\x83\xcf$\xd1\xf3=?\
\x95\x85\x86\xda\xfb\xa9\x7f9\x1cEf'\x84\xca\x00\x0c\
\x05\x0eG\xdeLa\x03f\x18\x8dL\xd8W\x06\x9a\xd3\
\x9b\x934hGb\xe2\xa0\xbb\x98\x8b\x80E\x02\xf0\xc7\
L\xc3S\x91\xc0\xf0N\xddM8\x158L\x9f(\xb0\
\x88A\x04\xe8s\x99~\x1f\xa7\xf6\xc9\x89\x02\x8a\xed)\
w\xd6\x14\xcd2\x14Y\x04d^\x1c\x1bK\x92\x15\xba\
n\xb9\xfccQjU}\xaeG&L\x992d\xce\
`\xc1\xa0\x9c\x9co\xd3\xac\xa0\x18\xc6\xef&L\xd4\xde\
\x07\xbcI\x0b\xa5\xc2A\xc6\x1d\x1bo~\xb2\xf6\xa6C\
a\xc6C\x82\xef*r\xed\xbe\xb2b\x064\x93\x8c\xdc\
\xfb\xd7\x86\xbe\xde&=\x99g\x1f\xbc\x903\x93\x09\x1f\
Y\x1e\x08cYiy\x95^\xd5\xc8\xc0>+&\x96\
\x9a\x9a\xc9\x93&\x07\xc1 \xd2\x18\x91\x8e\xcf$\xc9\x93\
\x193\xd7\xd0\xce\x8ej\xe1\x06\xde\x9a:\xc4\x1e\x13x\
\x19-\xf95d\xb3\xde\x14\xad\xb4\x15\x0c\x13\x15\xb8\xa6\
\x93O\xbc\x980\xef\xa2\x86\xa4\x1b\x82\xf4^p\x0a\xcd\
\x1cB\x84z\xb2\x1d\xbcDT\x1a<*]Q\xd9\x81\
\xa4\x0b\xae\xb0\x1a\x09GN\xf0\x07m\x91\x7fn%\x90\
\x5c5Z*^\xfd0\xbb\x90W\xdb\xdf\x83\xedWX\
q\x03\xa1.1\xb7H\xe3#t\xd9\x8a\x84\xf1\x01\xa9\
|8\xcey>\x19\xb7\xbf\xfb\x99\xb4y\xf3\xe3\xc6p\
\x8a\x16\x19K=\x0c\x81\x90\xaf9\x1f\xf0|\xe3\x11=\
\xd7(x\x02\x1c\xd4\x11\xe1,\xc1\x22\x86\x8c\xd9u\x94\
\xe8\xc7\x01Dc\xe6x]\x8f\x94\xa2\xf3\x00\xe9\x8e\x95\
^\xdfw\x9b\x97y@]\xd5_~\xf1(\x0d\x14~\
\xcc\xab*\xb0\x861\xb8b\x19#_\x81\xe4\xcer\xa4\
j\x14\xb7\x86\xe45\xb3\x22}/\xd3\xe1\x88j\xf0\x1c\
\xab\xd1\xe2D^\xfai\xac\xbe\xa8\x83\xa0r\x7f\xfd\x1d\
cD\x82\xb5N\xdc\x9e&LJz\x154w\x93\x02\
\xd2 ]\xda\xfb\xc7IZ\x0es\x1fEo\x10$\xd4\
B\xc1z\xdf\xac\x98,)\xef\x8d\xe0I\xa6l\xea\x87\
\xc1\xb2bp.u]\x86L\x8b\xe1\x1cp\xb6K\xf9\
3\x04 m\xafg\xe3,J\x80\x0b\x7fYB\xaa\xae\
\x5c\x19\xaf\x5c/\xb1l\xfcd\xce\x98\x82B:\x9b\xaf\
A;\xc5\xea*\x03d\x8e^\xb6\xe4\xc09`m~\
_\x8f\x19\x90\x9b8\xbf\xbc\x991'+\xf6\xf4\xbf*\
\x19!\xb5\x0f\xb5\xff\x00\x1cd\x18\x89Jm \xeb\xd3\
\xbc\x9e\xfcf:\xb7\xec\x1a\x117\x8a\xaeL\xb1\x91\xb4\
\xdfx-\xac\xd6L\x01U\xebZ\xef\xc3\x88dB\x1c\
\x8e\x9a\xe4\xab\x12\x1f#\xd9\x9c\x03\xf03_o\x01\x1d\
%\xcatq\xe1\xa9\xa2\x96}\x1ab\xb5\x83\x1b%\xda\
m\xc9\x93\x09\xd0\xf0[\xef\x19\x94\xd5\xb3Q?\x09\x91\
\xc9\x93(\x08\xa2x\x98E\xae]\x0e\xd9\xf2\xe4\xc9\x9a\
uvS\xdc\xc1\xb7\x84\xc9\x93\x22<d\xc8!\xc9\x93\
&L\x99<\x93&\x18.n\xcc\xbc\xcc\xe6\x12\xbb5\
\xa7\x13\xde|\x5c7\xfe\x0a\x0b&m\xc1\x8a\x044\xd9\
\xf39\xc9\x93&*\xfa4hN1\xc9E`Y\xfb\
\x5c\x99\xd6'\x1a\x05\x95\xf8\xba\xc6\x01)\x0b\xb6\xf8\x1d\
\xbb\xd1\x934\xb2\xecv\x9a\x9e\xce\xf2\x08\xc9\xe4\xe0\x09\
\x80.\xa4\xc4<\xd0zA\xc1\xd7$\xed+\x0f@\x94\
\x22Q\x8cN|\x06L\x192d\xdb&2\xc9\x05M\
\x17y2d\xc9\x93\x12\x1fC\x8dEi\xdeT\xfa\x8f\
\xf5\xf5\x84\x8d\xb6\xdc\xf5\x8f\x83 \xa6\x85\x8bw0\xa9\
\xcd\x93\x959\xf5\x84?\xa5\xa6\xb14\xe3\xc78.\xf1\
\xeas\x80G\x1c\x85\xe7#*\xe3-\xceD\xe4\xdf<\
\xb4\xe2#<O7&l\x13L\x99\xc2\xcc\x992d\
\xc9\x92\x5c\xb2\x8c\xa6U\xd1\x0c\x991\x1c\x9ea\x95\x93\
\xce\xba'\xb9?\x192a\x80\xb4\xa1\xcc3~+\x11\
\x0b[\xe1\xe1>fLC\xd1R,C\xdf\xde\x1b_\
4\xce\xc7\xbb\xc1\x91!{\xbcr\xe2\x14\xbbB\xd8f\
\xeeL\x990a)\x0dhT\x03\x98h\xa8\x98\x02\xe1\
%\xad\xa1\x06*|\xd9\x05\xa8P?\xb0\xd3\x8b0\x84\
\xe9\xc0\xcd~1a:\x9a\xe7y\x1fW\xae\xb1v\xcb\
\xce\xbc5G\x99\x7f\x19\xb8vs\xe9\xc1\xd2h\xa7\x87\
Ha>\xe65\x0b\xb9\xf1\x90\xb1/[\xc1\x8c\xa4\xa3\
\xe5G\x12E\x9b\xc9\x80Dn\x00\x91]\xe2\xd1\xe0\xb9\
m\xd3q\xa9d\xc7Y8N\xdf\x97\x03\xe5\x153Y\
[`\xc3c816\x83\xb4\xb8\x9b\xc5n\x8bz\x1f\
\x18,\xdb]\xd7m\xdd\xf1'8aD/\x0e\xf5\xd5\
\x991\xb4 lGc#\xbc\xd9\xac\x94d:}\xe1\
P\x16q\x89\x15uXe#\xff\x00X\xdb\x0fU\x9b\
\x98\xce1\xabW\xd9j\xa77\x04\x94(>\x01\x01\x0c\
\xa1;\x13+\xced\x8c\x83D$\x1cC\x83x\xc7*\
\xb8M\xa5\xf9>\xdd1v\x98\xa2.\x8b\xd14d\xc9\
\xfcC\x22\xf5\xc1\x9c\xbb_\x16C_\x9c82v{\
^q'\x84\x08G\xfa&1\x08HJsM\xad\xce\
\x96\xce\x1f\x87\xd3\x93\x03\x0c\xe1\xb1n\xa6S\x11A\xc2\
k\x07\x98\x8e\xbcGFE\xf0\x1d\xa0\xeb\x9f\x03\xc0\xa2\
1CH*\x22t\xe2/\x19o\x83zF\x9b\xe7\x93\
\xf9\x014\x13\xde\xff\x00\x90\x03\xbc\x1e(\xb2\xaeD\xf0\
A\x1c\x907\xdb\x9c\xb8\xeb\xa0\x94\xfe\x89\x83_\x00~\
\xdb\x93!r\x17\xcd\xbf\x89\xe1\x03\xfc\x07\x97\x8bz\xb8\
\xda\xf9\xd9\x9a\x17\x19\xa5\x18\xa6\xb1\xc6\xf3\x8eNr\xb7\
=X`\xaf\x01\xeb7^\xb1\xc6\xa4\xfe\xfeBR\xd6\
\x94\x84:\x8fw&%\x9a\x0d\x07\xfc\x00\x13\x0d\x17\x11\
S{\xfe@10c\x1b\x1fs\xc3Xf\x87\xf7\xb3\
\xc0&}\x89\x80 \x07\xf5a\x04k\xb1\xb4\xdd\xa7\xce\
\x04\xbdt\x0e\x1f;hd\xe8\x0f\xf7\xe0\x0a\xc1+G\
8\x18Uf\xd1\x8f\x09\xeb\x00F\xa8\x10\x97\x98\xec\xfa\
\xc9\x88\x5c\xb6\x8dG1\xf8\xbb\xc3\x18\xa1%OX]\
=\xa7\xfd\xf8O\x0a\xf5\xd5\xc8N0<\x0b\xd60\xd1\
\x05\x1b\xf8q\xae\x01\x9a\x116&7\xc8}`\x0e^\
[=b\x1a-\x9b\xfb\xf8\xc9\xfd\xb2xr2x&\
L\x984\x13\xde\xf3\xe9\x95\xe0\xa09q\xf7\x8c6\x93\
4\xe8rJa\x05;-\xef\x15n+\x06h\x86i\
N\xb2\x8a<\x13l[\x88\xd6\x13\x0dk\x15gNp\
\xd6\x17X\xf7\xc4\x1c\x98\xd4\xfa\xf0\xbc\x9a\x0e\x02\x93\xc7\
\x9dN1?\x92d\xc9\x93\xc4\xc1\x9c\x5c\x14\x12l4\
\xf7\x97\x93&\x08\x09\xe88h\x83yg\xac\x90\xa2\xd0\
\xbcG\x06L\x992\xe66S\xf5\x93&L\x9e\x0e\x0a\
\x94y\xda\xd2\x0aP\xbb\xc35\x87\x0a\x8e\xc5P\x02t\
Q\x86\xcc\xe5]\x9b\xfd&R\x84\xd6=\xc6d&\x17\
\xdf\x7f\xc1thU\xec\xc2\x95\xd3[\xec\xfb\xf7\xe2\xe7\
\xbe\x0c}\xa7}\xe2\x19^H\xa5\xae\xf1\x1f1) \
\x05=\xe5\x05\xd7\xef\x0a1z`n\xee\xdct\x17\xa3\
~r\x12%~2\x08\xb1\x5c\x13k\xa9\xbb\x8eG~\
\x03h\x88\xcd\xb4\x96\xcc\xde\x00\x8b\xb5\x8d\x0fL\x992\
\xe1\x08\x0b\xf9\x8c*\xa0-u;s~\xa6\x03\x15\xa0\
N\xd7_\x19\xb2p\x86\x17\xfe\xfb\xe3$\xcd\x98\x80+\
 4\x185\xe6=(\xe4\xbc\x80\xb7\xde\xbd\x98\x12]\
\xfe?XQF\x99@Mwr\x1dE\x13\x80k\xfa\
\xf3\x90R\xd8\xd3\xb8\xf4\x14\x83\xf9\x19xGH\x8fM\
\xc39\xe33x\x9b\x22\xc9K\xcf\xcf\x00\xed\xc6J&\
\xc5\xf7+\xbel\x1e\x1b\x5c\x99<\xcf\x13$\xb9\xdd\xbe\
\xa7\xfb\xf0\x82\xe0\x92W\x9ep`\x03\x1e\x8d\x0ev\x91\
\xc9\x81\x83\x03\x08\x14\x9fp\xb2X\xe1Q\xf2\x1b\xc7\xe8\
\xc5\xdb\xce\xe4=\xb91\x225f\x01\xc9\xa6\xee\x0cD\
\x9c\x06\x9f%\x9b\xec\xef#\x93\xf8\x00\x16\x9e\x03\x8d\x9a\
wx|\x86\x1a)\x1e\x91?f$!\xce\xa8\x83O\
]h\xb80\x1a\x04h\x1d\x03'\x80\x99I^UW\
\xda\xef\xf9\x80\x05W\x89\x0f~\x04-\xabe\x98\xc0\xb1\
\x92\x9ewk\xfc\x00\xc4\x14\x1b\x92\x0fk\xfe\x19D\xc6\
oZ\xc7R\xed\x87\xbc\xa1\x84\xe3x\x0f}\xbf\xa6=\
\x1fO$@\xf1\x8d3B\xf7\xad{\xc7\x1e\x0dk\x86\
\x8b\xcf\x84\x8b8G\xe7\x18\xf5V\x8ef\x0c\x1b\xcb\x8c\
\xed\x8eJ\x83\xb1\x1d\x18\x19o\x1b)N\x89$\xca\xa8\
\x07H\x18\xca\xfa\x0c\x9c\xdc\x1a\xd0\xf5\xef\xf8\x08\xac\x97\
b\xbd\x9e\x97O\xd2\xfb\xca8v\x9f\xac\xda,\x9by\
\x02A\xd1Y\xa2\xf1r\x0a\xed\x9b\x98C\x9a\x1e${\
2\xfa\x03SF#\xa3\xc1\x96\x1ez\x06\xf3\xf0\xd6\x1f\
\x00C\x1b\xb1/\xeae`d\xe3;0Ct\xc4j\
\x0b/\xb9\x80\xd6\xa6\xb0H\x9a\x1d\xe2Pg)A\x93\
\xc1\x8c\x9dB6\xcf\x8b\xe0\xd3;\xc0\xee\x0a\xb3\xb3\x96\
O\x00\xbb5\xde\x22\xe0p\xc9iK4<j\x8f\xa6\
\xb0\x0b@\xa9E\xa9\x1f\x91\x11;\xc1=t\x96\xb0S\
X\xc2J\xbbe\x87\xbf\x09\xc2\x19\xb0O|\xfe2d\
\xe2:xFwm\xe5\xea\xf30Li\xfaL\x18a\
S\x92_\x9f\x0b}\xe1PUa\x88\xc8s\xd9\x8cq\
O\x8b\xe2m\x0c\x993~C\xd5\xf0\xea\xf9\xdd3\xea\
?8\x9c(\x9de\x09\xe4\xc9\xdf\xb1\xa1\xd65\x1c\x0a\
\xde\xa6Dy\xf5\x88d\xb5\x0c\x01\xa2\xf1w\xe2`\x01\
\x03z\xc9\x93!\x93&G\xacb\xb4]z\xbb\x98\x84\
\xe0\x1a\xc2\xb2\xb2\xe1\x0c\x18\x1eN\xf2`\xc2\xa4\xd1\xb5\
\xa2\xddOZ\xcab0\xdc\xc50!T\xd9u\xcf\xaf\
\x8c\x992d\xc9\x93\x04\x13\xdcn\x17(w3]\x90\
\xea\xf7\x96(\xe7p\xd0\xbdxd\xa0\xac\xef_,\xeb\
\x18\x157t;&\xb7\x93&L\x92\x82H\xe3\xd6\x85\
\xd8$\xc5,\x0e\x84C\x98\xaf+\xdd0:dV\xeb\
\xa8=\xcc\xe6\x1e \xfe-\xcd\xc1\xcd\xa3\xb9\x8c!\xe3\
\xea\x9df\x8bw.\x9b\x80\xda\xab\x8f\x87\xce\xc1\xb4\x08\
x\xc4\xed\x89\xd8\xfc\x9c8~\xd07\x80\xa8V\xf4\x9c\
\xe1tSw\xa6>\x18\x10\xdai\xf5\x91\xa2{\xd0e\
\xd0\x91t\x95\xc1\x89=\xe7&\xfdc\x0a)\x80\x9c>\
\xab\x96\xbd\x0b\xe0\x991\xe1N\x8c\x99&5\xa5\x04\x9b\
\xc4qG\xbc\xd4\xb2\xac=\xa73\x04~m\x9cc$\
H\x9d`1>\x98\x88\xb0H`\x84\xc7\x88}\x18\x01\
\x09\xc0\xfb\xc3\xaa\x83\xb7U\xc3vmo\xb6-\x8e\xfb\
\xfb\xc6.\x09\x136\x083\xa5\xc0\xd2Sn\xb0\xf6\xaa\
8\xfc\xe3G\x95\x11\xc6\x9c\x11\xca\xa9\x00{_\x806\
\xb8\x867\xd0\x90\xc7\xe1\xeb\xa0\xc9\x9b\xf1\x1e\xf3\x93C\
D\xdf\xce\x22\x00y\x9e\x9c\xeadJmc\xee3&\
\x18v\xa5W\xda\xe4\xc9\x83Z\x224\x80?\x0a\xe4\xc9\
\xa3\x1c\x8c|\x0f\x80\xe5\x5c\x98\x192c\xe5\x1ba\x81\
\xf5\x92\xa0\xde\xc3L\xc8\x9eZ\x87\xa5\x0a\x99\x00C\xbb\
\x1e\xe7\x13\x06iu\xa0\xafM\xf2s\x83\x06O\xe0I\
\xfc\x01\x0c\x18k\xdb\xeb\xeb\xc07\xa3\x8c\xa3\x03\x04\xd4\
@z?\xc9\xbf\x144\x83\xfc\xeb=\x0c\xbd\x12\x1d\x93\
N\xc7\xc8\xc7\xb5^\x09\xa2\xe1\xb9\xd1[\x5c\x97\xdf\xd6\
q\x06\x05\x98a6\xca\xc2*\x0f\xc3\x826u\x93v\
w\xe0\xe0\xf9\x0ce\x85-Ci\xf7\xc3\x9c\xacf\x1a\
\x81\xb6\xfd\xe0\xd1\xf9\x00\xfc\xff\x00\x00\xd0\x0d\xef\xfao\
\xc1\x8d3\x0d+\xb0Bq\xceI%\xe1\x1cB\x08\x10\
m[v}`rf\xaf\x1e\xba\xcfv&/\xc3\x82\
 P\x01\x01\xef~w\xc1D\xccGFm|\x0a\x09\
\xa4\xe1\x19\x81\xdb5\x94\xd1\xe3\xc9\xde\xe3VK\x89t\
\x02\xf4C_\x06\x03\xa6\xef8\x9f\xeb>r\x05.\xea\
ief\x898\xc11\x90\x1dD\xa3\x1fyjZ\x9a\
\xbe\xd7*|\x939]\xe9.\xb5\xbc(\x1a+\xfa\xc3\
\x18\xb1Jp\xce\xcf\xf1\x9c\xa1\xe0$\x95B\xa0~\xdc\
\xb1\x1a\xe57M\xe1lQY:3\xe5\xce>\x15\xfe\
\xe2&\x06h\xc4\xc1\x81\xae\xaa\x957u\x8a\x8d=\x83\
 \x94\xdev\x00\xca\xefO\x81\xc5\x02\xd6\xf2`\xa0\x86\
\xaf\x83j\x10f\xba\xc9\x96\xcf\xa0\xfdd\xc8L\x990\
\x07\xcd\x111\x1bd\x90\xc8\xbd\xed\x06\xad\x83\x92d\xe1\
\x1ff\x93\xce\xac\x99\xc1\x9f'\x894/\x809\xc6G\
Pb\xbd&m\xa7\x01u\x15hQFG\x80\xa7\xd3\
\x9b\x00\xe6n\xebx\x86L\xbc\xb7\x0d\xa9G&\xb9\xb9\
1\xc1)u\x91\xf4\x1e|\xd1\xc3\x84\xd3$<\xaap\
\x98\xf2\x19EgL1\xb0\x93\xd6\xf2$\x8a\x9e.\xf4\
\x18\xb3\xc5\x10\xe4n=\x83\x86\xf8\x05\xcal\x04\xe7&\
\x22\xb7\x81\xb5\x86\xa6!\x18\x5c\xb3;\xc6\x9f\x8b\x81\x1a\
\xa9\x98,\x86\xd9\x22\x8f\xf1#\x86Yt\x15\xac\xca\xd8\
c\x1f\xeb\xac\x97\xa3\xc0\xc0\xe2\x13\x19\xa7\xc3}\xe2X\
\xd6\xcb\xc4\xdb\x81R\xf6\x01V\x17\x01M\xc9\x9a\xee\x0e\
\x93g\xbc\x19<n\xe9f\xb5\x19\xa7\xe43\x80\x97\xe7\
'\x84j\xb3G\xa3\xf81&U\xc3L!n\x9d\xc3\
\x05\xbb#\x0a\x13\x98\xc9$\x01pc\x00i6\xb2|\
`\xb5\xa0\x0f!\x9d\x06$U@\x93al\xb8\xc4\x08\
5\xfbD\x98\x16(/\xca\xf0\x0f\x90}\x9c\x9b\xe3\x17\
H\x03\xae0\x05k\xabu\x9b\x04\xa6-\x08|u>\
\xb1.\xcd\xc6\x98I\xd3\xef\x17\xdb\xc1\x07\x9b\x9a\x0d\xc1\
\xce\xde4\xe3J\x03\x95\x04\xe3}\xe0\xcc\x9f\xa3\x06\xfd\
\x95\xbdL\x19\xb9\xf4\xfdc\xa2\xd3\x13\xd9\xce\x10\x8f\x96\
\x07Q\xdel\xe7'\x92`\xa9\x12\xd8-\x86\x01\x0d\x84\
\x1d3\x8b\xf5q\x22\x94\x15\x0e\x85\xe50\xb9.A\xbc\
\xa4\xf4s\xb1\x88L\x00\xd0\xbb\xeb\x19Dn\xbb\xd2\xec\
^\xf26\xdb\xa9\x94\x0f\x03\x07\xe2`\xa8\x83\x18\xfb1\
\x80\xa5\xd3x\xaeR\xbc\xab\xe88\x04\x0e\xb7\x96 R\
\xb1\x02\xefzf)\x0a\xe8@\xf5\xc4\xc2\xa8\xcd\xaa]\
\x19\x1e\x96\xed\x80\xf2v\xdc\xb80\xa9\x1a\xaeL\x992\
gR\x1c\xe4\xc9\x83\xe2v\x97\xc2<\x0b\xe0H\xcfY\
\xbd\xf2[ \xc3\x01B\xcf\x929K\xb0\xd6t\xdfX\
\xf0\x09\xa1\xdf\xa4\xa3\x87\x859\x98P\x95a\x0dB\x95\
kw\xa7\x85\x925\xa0\x0eW\x83\x0856\x89\xc8d\
\xf0&\x95\x1d\xad\x86=\x86\xf7\xe2`\xff\x00\x80\x08a\
\x86\xe4\xe8\xec\xfc\x18\x87\xa6\x9dCO\xc0\x19\x04m\x5c\
\xfa\x9eJ\x0d\xac%[\xfc\x00\xe8\xb8>\x1e\x00\xd3L\
xvd\x0f\x0b8\xa5\x9eB\x0dC\xce\x9f\x01\x12:\
\xb3\xd3\x8c\x95\x9d\x0ea_\xdb\x0a\xb2\xbe\xa1\xd2\x9a\xb9\
\x08Yyz\x17\x9c\xd8\xcd\x9b\xcdW\xab\x97\xbb\xd7\x83\
\x0f\x19:I#;N\xf7\xdb\xe0G\xfc\xc4\xd3\xb9\xac\
\x92\x04\x81\x9d\xbe\xdb\x80\x0d]\x8e89\xb8\x08\xbd\x8f\
\x03\xd4\xfcC\x999\xc4\x89\xce\x9d\xb5H\xfc\xe9\xceG\
\xc8j\xecoxT\x5c2\xa3\x00\x864K\xae\xd9\xbc\
\x04\x09D\xf5\x95,\xf2H-\x9a\x1cb\x13\xd9\xf4a\
\x9a\xeb\xb2\xc8\xdc\x15\xde\x00\x0co\xac\x192N\x9f\xdf\
\x9c\xd8/#\x96\xb5\xa1\xec\x10_\x07\x84\xcd\xef'\xc6\
\x0f\x8c \x19\x1d\x1a\x0f\xce\xf0\xc6\xf2\xc6\xd27\x9c`\
Qp^\xd7\x87\xceNX\x81\x96c\xd5\xe6}\xe5;\
oA\xf88\xc9<f\x8f\x96\xba\x93\x89\xe2\x9ac\x9d\
\xdc\x8a\xc0\xe8\xc2X\x08zqG\x92d\xc9\x93&L\
\x992\x82(-\x1a\x1cun\xe4y\x17X\x00\x88\x9c\
\xdc\x99\xb7\x03&&L@\x05j[M\xdd\xe100\
U\xba\x1b\x0c\xfai\xbc\x0cy\x16\x90h\x9e\x9ci\x87\
\xaav\xab\xb5p\x22\xd3\xe1\xe30\xca\x0e\x87\xd0C\xf4\
k\xc4\x83\x04\x95(\x97\x85\xe0\xde\xe6{\xcc\x9f\xf7\x1c\
\x0fxB\xed]\xf5=\xe36\x14\x9c\x19\xdb\xfc',\
\xdc\x99\x11\xe7\xd3\x04(3YE\x08\xf1*^7\xc1\
\x007\x1d\xf52\x8c\x9a\xd3\xe2G\x95\xde4A3\xfb\
\xdc\xb1\x22i\xf4c\x01i\x04\xe1\xe1\xca\x88\xe5\x97\x19\
\xd6\x98\xf9\x86m\x0d\x9bX\xd5v3|\xeb\xc0\xd2\xf2\
a\xe0\x98\x03\x92\x991SM7e\xdb\x09\x86\x87|\
\xb3z\xdc\x99\x0e\xee0\x19\x10~u0W\xda/\xb1\
\x986+\xd6\xb1Z\xac4\xb8>\x1f\x9c\xa0c\xd8\xd3\
\x9b\xc9\x93&L\x98\xc0\xd3\xf9BO\x13*\xe1\xd2W\
\xa2\xf9\x9e\x18D\xeaCg\xa3\x8b\xad\xa1\xa7y\xb4\x92\
\xb4s\x02\xe4\xe8\x01PS\x82\x19`\xcd\x8f\x8b1\x03\
\xacE\xfbs\xe1\xcd\x12\xb9i\xd7\xf73\x83\x12#\x90\
\xfa2\xe8b\x93\xe3\x1e\xd8\xf2\xc1\x97\xe4\x9eP\x0am\
\xc6'\xd1\xf1\x96\xdaJN\x16\x99\xb5K]\x9fx\xf3\
\x83G\xac\x83\xc7\x02%m\xd7\xdeH\xd5\x8b8\x12\x1b\
\x1c\xa9!\xe8x\x1f\xb5`_\xa2\x18\x95\x0b\x0b\x0fW\
\x9f\x19\x85N\x14{\x9b\x1c\x992a2E+\xd2\xe0\
(6\xe4\xa3\x81\x08d\xa1\xe10\x01\x08$\x13\x8d\x80\
w\xa0\xc1*h\xd3\xd6\xf5\x94\xf6#k\xa3\xd3\x89e\
o\x93\x1eQ\x1eRW\xd5\x99)\x1fm\xf3'\xe0\xe7\
\xd6\x09\x01B3a\xf0e,o\xfd\x99yY\xd2\xf9\
\x9d\x18\x983\xd1\xbc\xe4\xcd\xb7\x03&O\x00\xf1\xd8i\
\xa9\xae\xdb\x83 \x11\xb2\xd3\xd6L\x07\xb5\xc9\x83&n\
w\x92\xa4a\xef\xe7/^R\x85\x81\xcb\xf4d,\xb4\
-k[\x9d\xe4\xcae\xf0T\xd6QZ\x92\xc4\x9d\xa4\
\x1d\xe4\xff\x00\x84 \x8dK\xc6\xf0\x01\xd9\x86\x0d\xb3\xb4\
h:\x7f8\x18\x80`\xd3\xdc\x99\xc0\xcb\xb2w!9\
1\xa1#Gw~W\xf8\x04\xff\x00\x01\xf0a\x1a\x96\
R\xcb\x88\x180<\xf1|\x82N>\xc3W\xd7\xe6\x18\
f\xf3\x05\xf0\xf0\x1f\x93\xbc\x89\xc6b8\x8d\x0f\xc53\
M\xd7\x80\xd0\xbd\xa3V\x82\x8f\xfb\xf8\xc0l\xe1>\xa3\
\xe4Bd\xcb;J\x0b\xf2\xe3\x13\x5c\xef\xc2'\x17\xf8\
\x016\x9e\x04a\xed\x98\xa3\x93&N\x9e\x9b\x93\x0a\x12\
\x9a-\xad\xc7\xeb&L\xb1\x1c\x8f\x86\xde\x13\x06L\xf5\
\xbd\xde2d\xb9$C\xd6L\x99\xdf\x07\x0fsx\x97\
R\x14\xb8\xef\xe8x0&\xa1\xeb\xde\xb2d\xc4\xe41\
\xb8/G\xcb\x93\x04#\xd7\xd9I\xd1\x8bB\xcc\x98\x82\
:q\xf8\x18\x03b\xe4\x03^\x90\xf7\x93'\x98\x22$\
\xf0\x02c\x97\x86m\xe0WBR\xaa\xef\x0f\x14;,\
^\xfe\x10\xc9\xd7\x81U-\x80*\xae\xa6 \x8cR\xec\
\xd1v\xe3\x1e\x13&L\x98f\xa5\xd64VS\xc89\
\x1c.E\x1bK,\xc9\xc2a\xb5\xe9[\xc5\xf2\xbf.\
\x02\x87\xbe\xb0\xa4\xb7!\x809\xcakz\xc9\xb1\xfc\x10\
hxF\xcc\x86\xc6|0\x96\xe5L\x13\x92\xc4\xe7\xa4\
\x93\x03\x1d\x0f\xeb\x04\xd8\xf9`\x89\xf6\x9bx|)\xd0\
\x01\xae\xdc\x99\xado\xacq\xec\x1d:\xc6\xf4n\x8b\xfe\
\xb2k\x13\x16\xbbc\x90\xdf\x0cYPS}\xe0:D\
\x17\xceA\x16\xcd\xdf\x7f\x1e\x14\x046z\xb27^\xb0\
\x08\xb0I\xafw\x18R\xdd\xf3\xef\x1e:`\xbd/\x18\
\xc3\x91.\x91/;\xc9\x93\x02d\x0e\xb0e:\xf4\xb9\
2xp}\xd5\xd3O\x92\xe4\x84\x88\x03\xa0y\x8e\xcb\
\x9d\xba>\x0dn}\xe7\xa6O34\x8dd\xc9\x86\x0a\
\xe8\x01\xcdF\xfe\xf2^t\x8b\x15\xd0c5\xb5\xf6\x93\
\x91\xf3\x88,\x83\xc3\xab\x8c\x14\x92G\xa9\x88E9\xe3\
\x0e\xc3jh>\xbc9\x86\xb1R\xc1\x8b\x86\x92\xd9\x0c\
z\xf3\x029\x1c\x9f\xd3\x9b\x7f\x06YPt\xf9\xc2\xf1\
%\x13\x87\x5cc\xb2xW.<\x87XY2\xb0d\
\xc4I\xf3\xbc\x86\x079\x10M\xb8\xa5\x8c\xc6\xc3\x03g\
ep\x9e\xb7\x9f\xd6\x08h\xb5\x12.\xe6\x8e\xf3\x86L\
\xde\x00\x84\xd7\x7f.L\x992d\xca\x0b\xd0\x98B6\
%\x1fz\xcb\xd7~\xcf\xe9\x8e\x82\xed2\xcc\xa4y\xcd\
\xf4\x7f\xd3\x9b0\xa5\x97\xad\xe1\xeaZ\x00\xb7\xc0\xa8S\
\x08\xbb\x9c\x16\xb8\xa1\xe1\xa9\x89\x0c*\xeaEK\xdb|\
J\xae\x05~\x1c\xddEji\xb8\xcb'\xbeLB\x13\
\x03\x1d\x8d\xd4y\xebwX\x1e\x1a\xa1\xc2_\xa3\xc1\xa2\
\xea\xcc\x9b\xf7\x93\xc0\xc7\xa2\xa4Q7\xac\x180\xa3E\
(\x8f\xe7&hw=|\xf8\x0c\x9f\xc0\x0bM4\x7f\
0\x0b&\x1a\x96\xb6\xf7\xd3\x11{{\xeblk\x1am\
B?'x*^_\x04P\x0eu\xe3\xcc\x97R\x1c\
7'W\xc0\xd6\xc1\xc6\x8f,\x92\x85eX\x1f\xc64\
*Kc\x89\xc3\xf3p\x1e\x0aS Sw\x86xu\
R\x97\xd1\xfe\xbc|s\xf2\x86\x87\xed\xc6\x9e\x048\xe3\
\x1d\xb5\xeb\x18\xa8\xc9\xcf\xe7Y\xe8:p\x5c\xe1\xceO\
\x06\xe0\x1e\x00\xe0\xa2\x9f~\x98T^Uo\xb5\xf2\x0a\
\x1b\x00\x14\x8a\x8d?O\x8e\xfa\x0c_\x15\x9d,\x97\x10\
`\xcd\xe7e\xf2\x0c\xd1\xa7\xba]Vp/\x1e\x11\xaf\
\xeb\x93&O\x1ah\xf6E\x05'\x5c\xd7\x0f\x0e\x0c\xa2\
\x1c\x18\xb2\x8f\xf72s\xa3\xcea\x02\x8a\xfe'\x8cb\
8\xa1\xe8.$_\x0d2b\x7f\xdbe+\x99\x8b\xbd\
\xe6\x8b4L\x045\x9b\x96\x9ax.\xf2c\x18\xd6\xe3\
z\xf5\x93&L\xb0'$\x1a\x91\x91\xf4\xeb*\x9d\x09\
\xa3ck\x87\x5c\xe2\x5c\x99\x0d\xf3rxO\x0aS\xd2\
_\x00\xfe2\xb9\x22\xe9\x8ah\xef\xa4!\x0d\xf8\x08\xda\
\xb4\x86\xe4}\xe4\xc4\xa2\xd8\xfe\xd98\x02\xfa\xe7\x16\xb0\
\xe5\x13e.L\x92og~\xfe<\x90@\x0d4d\
w\x89i\xf1C\x1c8\xf2\x8f$\xb7n[\x9d'\xc2\
>\xb2[%b\xebKPy\x87x\xaa\x07\xc56\xf8\
\x8f3\xc5\x02\xf4\xbf\xac\x05zO\x8719\xd8wq\
\x80=\x97+\x22N\x18\x0e\x90pW\x13pM%\xe7\
\x09\x18Q}\xc7\x18S\xac\x0b;\x18aZ;\xf8p\
\x81Xr\xb9\x00S\x7f\xb4\xb0\x8e\x96\xec\xfe\xef\x8b\xde\
,\xe3@\xecxG$\xf8\x99\xa9}\x8fc\x90\xe5}\
y\x93Mx}0\xab:/\x84\xc7x06\x19N\
\xf9gG\xce#!\x0b\xc0]\xb7o\x82e\xcb\x1e\xe1\
\xec\xdc\xca\xd2\xecz\xde\xc6\xe7o\xb5\xcb\xd4\xba$\xfb\
\xd4\x9c\xb8v\x12l\xb5\x13[0e&\x99t^n\
\xbdaA7\x95`{\xbf\xc1\xa5\x0d)e0<E\
aYsZ\x83\xf0\xe3%]2@\x1fy!\x15\xb7\
pl\xb1\xc5VH\xd2P,5\xf1\x8e[\xe4\xb6p\
`M\x00t\x02\xd1\xf4\xe59N1H\xf6R\xa9\xbb\
\x81P\xe4E>\xdfx\xa2\xb2\x9a\xf0||\xbe\xfch\
\xb7\x91\xd7 \x1a\xcdM8\xd2l\xd5\xc2\x99\xe9S\x8c\
\x07\xf5\x80\xed$\xa6\x10Xn\xc5\xe7\x91\xc6gb\x5c\
\xbfR\x19\x8d;S\xa1\x80E\xc0\xe9u\x836\xd3\x8d\
rr\xe0\xc9\xe2\x92\x9d\x14?\xbeLTa\xd1{N\
fL\x992x1rf\xd8\xa5\xd8\xdd\xecfJ\xf8\
\x14\xe4AS\xe9\xe9\xcd\x04l\x93\x14^\xdd+\x09\x8e\
A\xc9\xf0f\xed\xe3\xf10B\x16\xfd\x89\xd9\x89,\xaf\
/x\xe0\xae\x0a\x8c\x9a_\xbd\xe1\xcb\x87F\xc0U\xf6\
\x0e\x1cKAp\x1a\xb2\xddG\xc0]\x87\x03\xe1\xe7\x04\
\x86l\xda\xab\xca\xe1\xa2\xd3\x8f\xeb\xeb&L\x9902\
d\xc3\x04\xba\xbc\x1c\xe0\x1c\x93\xad7\x87\x06lh\x10\
z\x1d\xe3<iV\x01\xcf\xc1\x81\x86\x86&}%2\
\x96\x0b\xb1@\xab\x0fF\x0d\x0eL`n\xae\x87*q\
\x5c\x98\xcf\x05\xf2\x135\xb9\xbc\xba\xd1\xceI\xc7\xad\xf8\
L\x0c\xb8k@!?~\xdf\x9c\xe0;\xf0\x1a`\xbe\
\x88\x00\x18\xe1q#t\xc5U\xdf\xdf\x89h\xb7\xd0\xb5\
?>F\xa0V\x08|w\xe1\xb7\x88\x80\x0a\x98\x18\xc7\
\xf0o\x0f\x08\x15>\xa7\x0aF\xcb\x0ef2\x83\xba\x1d\
\x9f~\x07\x94\x97r\xb3\xada\xa9\x06\xf7\xc0\x91\x1f\x86\
\x98\x099\x87\x5c\x04\x9aWL\x1b-l\x86\x9b'\xef\
\xd3\x81\x04\x90z\xe6(x?>\xb1\xa6\xcd\x99\xb6\xb0\
\x81\x02\x08K\xdf\xbf\xc5\xc8\x11\xca9\x10\x7fI\xde\x02\
\x08\xf85\x1a\x02\xbc\x16\xc3\x0fo\xb1\xc5\xc2\xd0j\xb3\
\x11\x80J\x09b\x7fs\xe1\xcbE\x9a\x1f\xefq\xc4a\
\xd0\xd7F\xdfA1j\x0b\xdf&\x13\xf4/\xdeL\xd2\
\x87\x08_\xc6L\x87X!Sp\xdb2d:\x1f_\
\x19\x08}\xe4\xc3\xe4p\xbf\xac\x990\x1c\xae7*+\
i;\xa3\x8b\x8d\xe9\xe2\xdd\x9d'\xb9\x89\xdb\x9bV\xcb\
FC\xc1\xe7\x1d\xbd\x97\xf8\x09\x93&L\x982`\xc9\
\x93\x0c\x0e\xd3s\xeb7\x7f\x00\xd4\xc6\xeb\xba\xecz\xc8\
d:\xde\xfb\xc0Lq\xa2\xc8Ga\xde0\xc0\x12\x86\
\xdeZ\xcd\xae\xce.X\x14\xb3\xb2\xcb\xeb\xd3\x91\xf2C\
R*\xfc\x14\xc0\x1a\x94\x90\x01lp\xa6\xe7\x86\xdd\x9f\
\xc0\x22\xa5v\xe5\xf6\xc9\x89\x0d5'w\x01\xb1\xb9\xa1\
wT\x1d\xc3o\x87\xceJR\xcb\xd2\xf2\xc1\x08*\x90\
\xf4r\xe2\xf6\xc7\xc1\xab\xfd\xae*\x09v\x97&ZH\
|\xcc\xa7.\xbf\x0eP\xcb\x8d\x04\x93\x9a{\xc0\x88,\
\x1de\x9b1&j4n\x19&\xc9{\xc8}Hh\
\xe9\xde&\xb8pM\xb4\xad\xf4<_\xf1r\xb8Hd\
\x02\xde\xf7\xf1\x9f\xa2?\xben\x0e.\xdc@\xdb\x89{\
h\xa9\xd5\xcd7\x80\xce\xda\x01\xee\x10_\x83\xac\x9c\x18\
\xea\xb6 |\x07\xbf\x93)`\xfcv\xe3\x81H\x8d\xea\
\xb5\xc2\x84\x81y\xf4\xe5\xd5!\x8f\xc7\x89\x89\x8d\xa8\xeb\
\xd8\xbc\xfa\xbd\xfc\xe4\xc6E%)\xf4\xe4$\xe3N\xe7\
\xbfx\x95\xd5x\x0a\xcc\x0e\x8c\x98+p\x0b\x1e\x01\x14\
\x94\xdb\x15\xa7&L\x99\x00E\x01\xa4-\xc6az\xa5\
\xaa\xbbU\xf6\xe4\xc9\x93 *\xc1\xb5\xc2\x116\x13\xd7\
\xbc]7\xecK\x80K\x8d\x83\xeb\x06\x98\x0eM\xbbr\
\xf75\xb1\xeessb\xba\x8d\x91\xcd\x13!S\xc8u\
\x92\x12\x927\x93\x96\xbd\xb9G\xd7\xc1\xa3X\xcaUU\
Wj\xb8\x0f\xa0\xab*\x15\x0d8=e)z\xf4\xfb\
\xcd\x11K\xbe2<L3\xa7\xe1\xc5\xdaN\x93\x13l\
\xc8 K\xdb\xa0\xc3\xabz(W\x0aR\xa5B\x8a\xf3\
\x94\xc8lxw\x92;\xb1\xd4r\xd5Y\x89\xdf!\xcf\
\x82\xad\xa9\x93\x93 \xd2\xe74\xe2\xf88\x98\x1c\x992\
`\xf8sNG\x0d\xee8\x990c!\x8e\xc7\xa5l\
LqU$`GL\x02h:0\x14\x86Bu\x94\
\xb9\xdc{o\xac\x0f\xe9D\xfcp\xf8\x18\x1di\xc9#\
\x06\x93w\x07U\xe7;Dx\xba\xd7\x1e\x09o\xd8\xfb\
q\x0e\x04\xc9\x81\x93&\x0c\x992`\xc0\xc9\x82\xe4\xc3\
\x06\x06La\xd6s\xc6\x09\x08\x8f|\xb0\x1e\x0e\x10\x88\
E6\x9b~\x99\x86,\xec>\xc6k\x84\xf0\x0c\x991\
#;a\xce\xdd\x0f\x93\x0f\x01.!\xb9\xac\xc0o%\
V\x08[?\xd7\xbf\x02\x9bv\xdf\xd6\x22\xa6\x1b\xe4\x9c\
\x13\x0c\x04#\xad\x0e\x02+\xf3\x91\xd0\xf8\x1f\xa3\xd8\x1c\
\xb3\x09\xfc\x9a\xc5$\x16\x22DL\x92\xa2\x88\xbf|\x9f\
9-JB\xbc\x17\xb74PFvb\x1aI\xe7\x00\
v\x5c\xdf-\x81\xb2kx\x14*\xdd|\x05\xb81\xd8\
\xb7X\xc1u\xa0O|\xb7\x14B\x8d\xbdK7\xeeL\
o\x15\x14\xf9Z\xe5\x94H\xbd\xb5\x7f@\xc7\xd3\x141\
\x03Fqnv\x1e\xbfY=\xdcUF\xe8\x14\x08=\
\xb9,\x8d[{}\x18B\x83\xc9sb\xae\xdb\xe3%\
Y\x14\xc3\xd68\xdc_\x93I\xeb_\xc0\x1e\x8f\x09\x86\
\xd0\x0a\xfe\x0c@M\x0c\x1e\xcbpI\xb6\xd2W\x13\x9f\
\xde\x16\x0aN\x7fy@`0\xf6[1\x06\x86\x8a#\
\xb05\x13\xe7\x0fL}\xa0\xe2\x9e@\x98\x9f7G\x84\
\xf0\xa38\x03\x14rb\xabH\xf3$\x97\x8c\xbb\xe8!\
\x938M\xbe\x8a\xe1\x17\x19;\x89\xcf\x86\xd7X\xe1\x0e\
\x0d\xa6\xe1\xba\xf0\xe0\xf2!F\xca\x81u|\x05\x82\xa1\
4l|\xfc\xfd'\x01\xce#1\x10\xc7\xd9\xc3\x93\x15\
\x80\x10\xbb54\xef&L\xa0\xe4\x02i\xa7\xb3\xb3\x03\
.Tj\x0f\xd1\xfe3s\xbeg\xc4\xc4\x98\xd0\x8fm\
\xe7\xa8e\xd1$b%5\xa4\xf00&\x90\x8f\xbb\xab\
\xb05\xc9\x82\x10\x88l\xd3\xc9\xec\xca\x07\xber\x8d\xe7\
\xa2k\x02\x1d\xda\xf5\x90\xb26\xe7\xbf\xac\x18<\xabO\
X\xc8\x06\xed\x13$\xf9\xf0/H\x1a\x13\x97wx\xc3\
\xf4q\x00@\xba\xf8\x1d>\x0c\x22\xde\xe8Yr\x85\xe3\
Wz\x98\x9e$=f\xcd\xcdw\xc8\xf8\xc4\xd1\xa0\x14\
\xd2\xcaF\xbd\xdc[G\xcffPaw\x19\xc8`\x10\
_h\xea\xe2\x00\x1d\xb9\xc093;\x1e\x0b\x95\x8a\xf9\
\xf5\x8d\x88\x14J\xa2\xf3\x96\x87G\xa1\x83\x11\x18\x01\xa4\
\x1cyE\x0a\xde\x5c\xe0\xdb\x02\xacR\x09\x8cf\xe6\x00\
\xa8\x80{\xc8q\xf5\xec\xc0\x90\x19\xdc\xceei\xc1\xaf\
Y\xa9\xab\xecJ\xfc2\xa1X\x0e\x16\xfd\xe5\xc2\xae\x0a\
J,D\xe4M\xd35\x08\xed\x10+\xd5\x9f\x9fN\x0e\
\xc7\xd3\xd2\x992\xf8\x16\x8b\xaf\x8c\x8d\x0fPx\xa7\xac\
\x22\xc7\xb07\xc1rd\xc1\x03\x07\x12\xa7&D\xb1\xe7\
\xf5\x88\xdf\x0c\x95\xd8\x9f$\xef%Q\x04\x17\xd0\x07\xf6\
3\xa8\xda\x0e\xcb\xe9\xdeqA\xd6\x12\x9d;\xc9\x93\xc4\
\xc1\x93&L\x99GC>\xac\xda\x9bH\x1d\x96~\xb2\
l\xb5\xdf\x98\xdc\x13\x85\xdbg\x0f\xd6l,\x09\xc1\xfb\
\xb8\xb4\x1f\xcc\xf7\x80\xfc\x1a5y\x17\x22M\xa1\x1d\xfa\
\x0c\x0a< \xef\xe4\xe2\xfb\xf4\xd3W\xd5\xc6\x05\x9c\x06\
\xbe\x09\x88:\x16\x13L\xcaJ\xe9g\x8e,b\x9a=\
\xce5\xef\x11I\x9a\x0di\xb2\xf1\x80\xc7\x22\xb0<\x0f\
\xa7C\x80\x8b\x19\xf1\x0eZ+\xab.\x8b\xad\xfc\xeb6\
\x89U\x12\x9eC\x87\x17TS\xe77\xb4f\x18\xcb\x8c\
\x94\xcd90\xe2?u>}\xb8\x1e\xd6\x029\x1fX\
G\xb28\x9b\xf7\x0b\xc7\xb0\xc4 \xb8cS\xdeP\xfb\
\xc6)\x02\xfd2\x85u\xab-\xf4c\x03\x97\x17\xbff\
iv\xe3\x80\xbe\xbd\xa6T\x02\xeeS\xaa\xa6\xb0\x8d\xb6\
\x8b\xf0\xfa\xc8TDO\xeb\x8e\xfe\xd3\x04\x97 Zm\
I\xde\xbf\x83\x08Z\x1b\xe5\xc0\x85/\xab\xa7K\xf7\xbc\
\x990\xc0\xcca\x15,!\xe8\x16\xeb&\x0c*\xb5\xa4\
2d\xc1\x93&\x06L\x0c\x98\x180d\xc1\x93\xc00\
b\xd44\x83\x8d\x88:\xf5\xe0\x19\xd1\x8fc/B)\
=\x9d``\xc9\x87V+j\x09LG\x147\xb9\xb2\
\xfcq\xe0\x0e\xfcfXv\xc2y\x1f\x1d\xd7I\x10\x9b\
\xa7\x19;\xb7KOw\x0a\xb5\xad\xda\xf3p\xf8q\x82\
\x8c+\xcd\x9a\xc0\x0d\xfc\x19_3\x17\x14X\x1e\x9c\x9d\
\xeb2G'n\x1d\xb84\x9c\x01\xb5< \xaa\x5c#\
\x13\x08T\xa0u}1\xe8!\x88\x93\x8f1\xa8\x7fp\
\xbf\xb3\x8alk\x9d*\x17.\xb6\xcf\xa4q\x9bAJ\
\x0b4=\x7f\x10O\x1d3\xc8\x1b\xe9/\x90\x90\x1a!\
\xc8\x98\x0e\x8c\x993g\x182d\xc9\x93\x0f\x02d\xc8\
a\x09oD~Nu\xd9\x93&iN\x9f\x0a\x8c`\
\xd5^VLy>\xe0\xeb@d\xc9\x91\x07t\x8fB\
\x02s\x94Dr\x8a\x80\x8aru\xd9\x8d\xa3\x93\x0a\xe0\
\xd1_\xae2z\xce\x14\xd2\xef\xeb%v\xe2\xc3F\xef\
w\x86o\xc1\x0a\xc9\x83*\xe9Z\xda\x97W_y\xe8\
\xdf\xb9\x88&\xabg\xe3Y2\xc4X)Y\x9b\xc7u\
\x0f\xce\xf5\xf7\x92`\x81\xcc?F\x00\x01\xd8\xd9\xeed\
(\x9b\xd6\xfd`\x8a\x9c\xf72\x16\xd0\x93^\xef\xac0\
N\xdc\x80\xb5\xbf\x9c\x94q0Y\xb7\xdb\xa3\xde,M\
\xe6\x14\x16\x0b8\xde\x04R\x8eK5\x82l\xf6\xa8o\
Q\x89D\xd6!\xb0\x83\x87<\x13\x90\xb6\xbb\x9bp\xec\
C\x89\x0e\xa6\xb0&l\x0e\xd2\xeb\xd6I\xb2\xfb\xc5\xa8\
,\xe4= \xff\x00C\x81\xae\xbc;&\xc4\xf7\xc4\xce\
[3`):v\xb3\x9c`\xa6\x11V@\x0d<\x02\
\xb3\xa5z\xc9\x83{\xb6\xb4\x9b]\xcc\xb4\x1a\xd6F}\
\xba.h\x84\xb4=4\xe8\xcb\xea\xb0\x85\xe58\x5c\x95\
\xcc\x8aI\xf9\xcaX\x84\xd9\xc1\x9c\xe1u&\xf7\xbc\xa2\
l\x89\xeb]\xfd\xe72\x97]\x115\x88c\x09\xce\xad\
\xc3\x87\xc8\x86\xe4\xf7\x8d@\xb7\x04\xd8/Y\x150\x9c\
\x8f1\xe9\xceg\xa4:\xa9\xd4\xcd\xf6\x96\x1b\xc3b\x1e\
\x81\x8a\x18\x00`\xb2\xe9/\x8c\x8b\xcd\xedg\x0b\x92I\
\xbc\x18\xb0\x16J\xcb\xd3\xe4\xfd\x8b\x02\xd4\xa5\x1c\xc7\xbc\
\xb2\xd9\x10y\xcb\xcaY\xfb<$q\xa8G\xec\xf6z\
fp#\xe7\xa8\xfa\xf9\xc0Mf\xc4\xdc\xf4W\xdc\xb8\
1\x19iI\x9b\x8ao\x8d?9\x03\xc1\x81\xac6(\
s\xb7\x03\xd7\x8c\xc9\x93&L\x992b\xbf\x8e9\xf9\
\xc9\x93\x06\xb2g#N\xb5\x93&\x22gV\xe4}\xfd\
\x18\xda(a\x17kW}>\xb1\xe5\xc8%\x83\x8d\xfc\
\xb9\xca\x1a\xad\xd7%=a\xdbgC[\xf6\xb3\x98\xe7\
H\xb2\x93\x5ck\xd6q9\x0c9gG\xcb\x9c\x08\x16\
\xcf`\x8f\xa9\x8e\x9d\xcb\x15^\xa9\xd3\x8a\xbb\x84\xd57\
\x80\xe3\x14\x01\xf8O\x90\xfc\xa1\x5c>\x94\x01\xecA|\
S\x02\x0an\xc7#\x9b\xa1\x0f\xbcC\x04\x99\xc8|\xba\
\xc8[ \xef\xb4\xf5\x94\x04`\xdd? \xe2\xead.\
\xdc\xb8\xca\x9dd\xc0E)\xde\x03\xd7\x88\x0c\x98\x83^\
3}Xg\x17\x8e\x06\xa8\x1c\xde\xdcu\xfb\xd6A\x0e\
\x9a\x8eV\x1e\x93l\x84\x9c\x5c0\x90\x97\xc4k\x02\x80\
jB\x83\xaa8p\xe2\x03\xbf\xcf^\xf2\x18i\xec\xd3\
\x9cF\x9c\xd2\xec\xc0\x80\xdd9\xd1\x94\xf8\xde3\x03\xe1\
:\xc9\x8a\x9a\x09\xe0w\xb7\x19\x06\xef\x84\x9c\xb8\xabA\
i=\xcddu\xf3\xe0\xc1X\x046*\x9fF2\x12\
 \x07\xa6\x1f\xdf\xca\x12m\xca\xc0\x1daY\x22\x0bk\
\xc0e)J\x1e\xa7\xa7!\x04\xda(\xe4\xc9\x93\x03\x06\
L\x0c\x98\xd0\x94\x22;3\x06\x06L\x0c\x98\x180\xc1\
4M(\xbe\xf5\xeb\x07\x82`\xf3\x07\x19'\x81i\xae\
|C,B\xc1_\xa3\xc3\xe8\xa3;&\xbd\xce\xfc\x15\
f\xaf\xb7y2`\xc5\x15\xa0V\x05\x95\xeb>\x981\
*v$\x9d$p\x8a\x84?|\xf4\xb92ox\xeb\
\xa4\xad\xbeG\x82u3\xa4\x876\xf7\x81\x13.\x0eR\
%AV\x94\xd0\xccj+V\xd5.\xc1\xf3\x93\x1ae\
i\xadz\xdeL\x99J\x95V\xab\xdb\xe46\xae\xaf>\
\x1f\xa00\xa0\x8cDG\xe4\xdeZ&\xabW\xc0\x98b\
A\xebI4\xc9\xda\xf8\xbf\xc0\x08\x86\xdf\x80\x94\xe3\xf8\
\x04\xf1\xd9>\x01\x13\x10\x0e\xcd\xec\xf8\xf0&W\xda\x00\
h.\xe2lIY\xbf^\x1fL\x99o\x5c!\xbd\xdd\
jxDQg\xd1\xcb\x9c\x94\xf6\x99*w\xea\xb8<\
4Jw\xafS\x04\x0c?%\xc2\xb7\x10\xa6ZA\xd6\
PL\xcd\x07\x91\x00\xd0\xa8\xee/&GAyk)\
&\xf0Z\x038=\xcd\xec\xc8\xba\x0e\xcc\xc9\x91\x89\xa9\
\x9a{]\x08i\x1b\xcb%\xa4\xbf\xf5\x93/Us\x83\
o5\xf9\xbcLlUa7\xe8\xcbs!\x89\xb8\x94\
\xc8\x96=c\x8a*\xab\x0e\x8b\xcet\xdeE\xc87D\
:\x8e\x0bU\xf9\xd8\x18\xc0\xfe\xf0#\xa8n\xe79\x1e\
\xb7\x93\x1e\x87\xb8\xa8J:\x0f\xf5\x037\xe8#\xa4)\
=\xa8\x9e\x136\xf3\x9cF\x93\x5c%\xea\x7f\x9c\x1e\x8c\
b/ \x11\xd1[/z<U\x96\xa5R\xb4.\xaf\
\x84\xc2\x84p\xce0\xfb\x09Z\x15\xcb\x9c*\x0e\xc43\
\xb7\xc9\x1cB\x99\xa3\xb6\xf7\x92bt;\xbe0\xaa\xec\
\xe8\xef{\xb2k9\x06b\x94\x17\xd4\xc2\x01\x97f\xab\
\x8cQ\xad6\x15\x13C\xb7\x02\x9b%\x8f\x85\xc2\x957\
\x17Hq\x8a\x9a\x01\x16\xee\xf2\xdbO\xb5\xe5\xc6T\xe3\
\x227\xdbs\x9cp\x8e\x1b\x1e\xcc\x8d\xbd\x87\xd3\xb0\xf0\
\x03\xddA\xf8Lz!G\xf13}R>\x18~\x8c\
\x87\xa7G\x1f\xc8\x14Cf{\x81\xba\xf9:\xc4\xd96\
\xa9\xe9\xe9\x9a\x8cb(\xfc\xf8Z\x06\x10\xfa\xf3\xf5\xf0\
\xe0\xdeL\x10\xa5H\x9bX\xba:\xdf\xf3\x01\xe6\xb3\xc1\
\x1c2\x9c\xe2\x8e\x1c\xd3i\xe0M\xa6\xf6\xect\xff\x00\
 \x1b%\xf54\x13\x87\x0a\xae\x9aZ\xcb\xa50*4\
\x00\x89dfn\x80\x97\x1a\xc8\xbc\xb8QB\xedR\x9b\
\x83\xd7x\xce\x03\x97M\x13\xf5\x94\x08J]\xa1\xe4{\
\xc3(X\x17\xcbv\xaf\xf1\x89\x80\x95P`o\xe40\
\xeeF\xce\xd4}\xac%\x0aJ\xc2/\x18\x91%\x81\xe4\
u#\x9f\x8f\x0a\x0f\xce\x9c\xbf\x11\xa7\xc3\x95\xf6\xde \
\xe5b\x99\x85\x8bF\xc59>p\xacf\x9e\xa3\xac\x0d\
S?\x14\xd3\x89A\xc2J\xfe\x18\xc6\x19j\x0cS\xd5\
\xc7\xa1s\xcc\xc5\xb9d\xe9\x80\xd7\x13C\xb7+,\xc5\
\xb7\xc6g\xe8c\xbb\x14\xd8m\xb8\xd6\xd4q\xc8\x83\xf0\
\x89\xf1\xc6\xb3C&\xa5\x83\x9d\xae\xb2\x97\xe9\xd6\xdcL\
M\xc4\xfat\x06\x0b\xe8\x00\xdf\xd9\xca\xc1\x89\x1cK\xc3\
\xf7\x93P\xe2\xb3\x1b\xc2M\xc5\xe2\xfe\x07+\xb3\xae<\
n\x0c\x1a/P\x93\x10Wr\xec\x05\x96X8N(\
\x8b\x84H\x99GB\x09Uq85\x86\xac\x09\xd1\xf7\
\xd6\x08\x87\xa7\x10\x16S\xde\x94]\xdf\xce'\x9e\x0b\xfa\
\xe1\xf8\xc2!1Rn\xec\xb9\xc8b\xa7\xe4bg\x0b\
>\xdc\x991\x94\x05r\xbf\x80\x1e\x01\x93\x03&\x0c\x18\
00a\x80\xc3\x05\xd2\xea\xdc06&O\x00\xe1\x0e\
\xb7\xeb\x02\xb0\xd7\x80N)H\xe1\x86\xa2,\x0fE\x5c\
\x0c\x9900d\xc0\xc1Kb\xc2Q\xf5\x93\x06(Q\
\xe1\xe3?Y\x1aM\xd7x2\x8eL\x13&\x0c\x9e\x0c\
\x22\x8b\xdb*\x18\xc2\xeb%\x8dk\x06a(\xfe\xb3#\
\x06L\x192d\xc9\x8e'\x83\x18\xecS\xf3\xcf\x92`\
\xc9\x93\x06L\x990d\xf0\x81\x22\xd0\x9fK\xa9\xe3\x00\
~\xb2\x90\xde\xe9\xde\x0d\x9b\x9b\xcd\x17C\xfcq2`\
;n\xf1\x89\xe5\xda7o\xf3\x90hf\xc2\xa9-\xf5\
\xcer\x19j\xbb*\xeb\xbcr\xf5\xd4\x0d\xdfy1\xa4\
\xc2\xd34\xc7\x1a\xa1V\x15\xf7p\x80\xbb-\x16\xd59\
\xbfxM\xd3\x18L\x84\xbd\xd3k\x83\x08\x02\xbc\x8b?\
.[\xb5\xac\xca1/~\xf7\xe4I\x95\xbe\xd6\xb4\xe2\
{\xc13\xdb\xc6\xb5\xab\xee{\xc2!\xa0C\x0d\x12\xfd\
\xbc\xbf\xc0\x04\x19(\xa2F<\xdd\xa4RM\xf3\x8a\x99\
\xb4?\x0c\xf0\x05+y\xd4>\xf0\x8b\xa0\xd0\x1fs\xbd\
\xf9\x229\xbb\xb8\x1c\x9c\x11\xeexV\xbaN\xa6\x05A\
\x0f8K\x14\xd2~\x1c\xac3-\x02sC\x0c\xa1\xc9\
\xee\xb7\xa7\xe3\xd6\x5c\xce\xfcu\xd75\xd2\x94:O\x8c\
;\xab\x81\xe0\xec\x9f8\xe5\xe2'\xa9\xac\x04s\x8a\x97\
p\xc9\xae\xd0\xadN\xef\xb9\x92\xcb\x1b\xa2\xa9\x07\x10H\
\x04C\xd8\xe6|\xe5\xa2\xb2\xed\xab\xf2\xe2\x95(\xd1\xe4\
\x0e\xb0\x9f\xed\xfc\x8cR\xe9\xba\xd1\x06f\x84\x8f\x06\xf2\
m\xcb*\x00\x1b\xbc&W\xb2\x9d\x088\x08b\x10\xc8\
)\xd9}\xff\x00\x10x\x17\xdf\xe0\xc9\x81\xba\xf4\x05\x87\
\xfb7\xec\xc8[\xee\xa4\xea.\x17\xe1\x9b\xc7$lG\
I\xe2\x057\xdfs\x19\x14gf\xc7\x11R\xef\xf85\
\x01A\x8f\xc9n%Z\x9e3\x0a\xf1\x5cX\x86h`\
\x98&\xcf\xc3\x1a\xd7\x90\x0f \x90l\x83P\xfb>:\
\xc4\x06\xce\x82h\xd9\x82\x11q\xcb c\xa0\xba\xfe\xcc\
B\x80Jz\xbd>\x11\x5c\xce\x83\xa6\x91\xea8\xe2\x88\
\x15y\x1d\xb8\xd22@\xecr\xe4\x89\xf0\x85Q\xc1=\
\xb7\xc5(\x19\xbb\xdf(V\xfbb\x06\xdb;<\x08\xda\
\x8f\xd6D\xab\xdb\x8e\xf7\xdd'y@\xc5\xd6\x16\xc3\xd4\
\x5c\xe7\x15\xb1\xa3\x1a\x17\xe5\xec\xc3\xe1\x97\xab\xaciD\
B\x04\xa3\x92\xb80\x9d\xe7\xa1s\xe6\x8f\x0b\x93\x10\xde\
{Y\x08Y\x87\x02\x9f&,\xdb\x9c\x18\x8dx\xcbC\
\xedK\x1c\x05\x10D\xfc#\x80\xca\x80\x18i\xa3\x95\x90\
\x0a\xb7\x10\xed\xc6\xf3W8\x16\x08\xe2\x1d86\x99`\
p\xa5\x9b\xc25\x8c\x8d\x0d\xe9\xd9\x8e\x06\x92\x8e\xfd\x85\
\x8c%M\x80:\x11.\xe8\xfa\xc8}\xd8Unu\xc3\
\xa9\x8cZ\x82\x12\x8clpd\xa59\xa5\xeb\xe6\x0fx\
%\xa2\xd0k\xd4L\xa5i\x93kB\xceT\xfa\xdaO\
A~\xb2\xdc\xa9\x01\x22iG\xads\x8d\x9db\xc3\xbe\
\xc9\xf1\xb3f\x17Pe\xdc\x1cC\x86^rp\x09\xd0\
\xd3\x94c\x81\xe1g!\xcf\xdeT\x84)\xad\x98\xc2L\
\x0b\x113o\x22\x11&\xc9w\xee\xdf\xe2I\x90\xeb7\
\x19x\xdf|\x17!\xc8\x11\xa7\x016\xbf8\x80tU\
pB\xed\xcf\x83\x0c\x1e@y\x01\xa9\x9aJ\xfa\xbe\x03\
\x0f\x05\x07\x01\xeb\xfe\x09\x09\x93'\x92\x996\xady\xc3\
,\xb6\xae\xdd\xdc\xb8N\x97\xd8\xe9\xc5@\x85\x116x\
L\x9e\x0c\xc1\xb8\xf77\xc1\x8dn\xda\x1d\xaa\xb1\x95<\
Aw\xe0\xf9J\xfe\x00\xf8_\x0b\x86(\xd5:\xba.\
?\xc8ul1v\x9e\x17\xb4\xe5<\x88\x01l\x03\xe8\
\xe0\xf2\x03\xc1\x9aO\xde\xb0\x0b\x9e\xda\x04.\xc4\x9f\xde\
\xf2<\x16\x9aQ\xa2\xd7\xdb\xf8\xf34N\x9cp\x8bX\
\x01~\x8c\x93\xe8\x0a\xed\xd7\xf8\xf2\x09\xb4v\x91\x91\xe9\
\xf0L\xdd\x16\x1e\xb4\xc9\xc6N\xef\xeb\xbd\xf6\xe6\xfd0\
\xa8\x16\x07/\xd1\xe0*\x96\xe0G\x5c\xad\xf0vn\xec\
\x9f\xe76\x81\xdb\x90\xf1\x9f\xc1\x9c\x0d\x1f\xc6\x12\x22\xaa\
\xe1\xa2\xa6\x00Hd\x10\x1bA\xae\x85\xe8xL\x98\x00\
\xdf<\x9e\xbc\x05a\x82}Dr\xbdxs\x01d\x81\
\x8c\xf4\xbf\xc0(\xeb\x93\x10\x90\xdd\x9a\xa9\x5cv\x00h\
\xd4\xdepPK\x85\xa6$ [\x02h\xc0_\x12\x83\
s\xaa\xed\xc4\xa13M\xbd\xc5\xc0\xae\xab\xba\xaa\xeb_\
8\xe9\x02A\xcc\xee\xb3e\xb5\xf6\x1f\x09\x897!\x9d\
\x1d\xeb#S\xb0(\x1e?\x18\x18Z\x15\xb9\x09C\x91\
\xcd\x9d?\x92#\xfd\xc7\x05\xd1D\xe0\xbc\xd1x\xc2\x88\
A{b,\xf8\xc6b\xd1\xf0\x8e\x11\xe2\xc0\xb7\xed*\
\xff\x00Lob\x03\xf0o\xc0\xc6LTXC)\x80\
\xc6\xdb\xbd\xd6G&YY\x9d\x83N\xf3\x90\xbc7+\
\x8d}'8\xb58\xc7$\x07\x07\xb8\x1e\x17\x89\x1d\xba\
\xe0\xdb\x94\x7f1%\xd1\x9b\x97T\xc9\xf7o\xf13f\
8\x1e\x1b[\xc2xq\xfd\xb1\xa9\x04\xd4\xcdb\xdf\xac\
\xd8\x8dP\x88\xfcY\x8fX,h\xa2\xf8L\xb3\xd5\xf5\
\x94p\xc9\x04v\x22\x9f\x22\xe1T\x16\xa04\xb5jl\
p9\xec6\x8b\xa0\x9e2`\x11\x15\xe9\xe0\xb9\x18\xe5\
\xd8\xd8\x16S\x07\x87\x18A\xa3v\x93\x02\xb2\x9fn2\
\x94\xd7f\x5c\x04\xbf\x8b\xb3\xf8\xc0G\xa9\xbd8\xf5>\
|Z\xd6?.\xcf\xb1\xc5\xd8u\xce\xf8\xc5p\xea\x17\
\xad\x9b\x1c\xb8\xae\xfb[\xde1G\x86\xaf\x17\xe0\xc6\x81\
\xec\xc1R\x07\x8d\x02\x5c\x848A\x1beK\x9d\x83m\
\x93\x1c\xe6\xe5P\xf8\x00\x06\xe5\x1c\xbc\xeb\x04\xb6a`\
p\x16q\x96\xe1E\xe8{6\xec\xfa\x98TQH\x8d\
\xc9>\x05\xb82\x9b6\x98\xfe\xef\xb3YF!G\x94\
\x15\xf9t`\xf0\xe9]\x8e%\xdf8\x00\x11\xb4\xea\xce\
z\xdf\x19\xf3(\x0a\x0b\xc0\xf7\x84\xf5\x959\x1e\x99\x87\
\x0b\xa2\xfcR\x99\xae\xe9\x1fO\xce4\x09\xa3M\x9d\xcd\
\xd10\x98\x90@\xe8pw\x8f0\x84j\xdeD\x82a\
D\xa5\xfc\x83X\xe9A\x89t*\xbe\x83\x1095]\
\xcbDz\xc1\x22d\x9a{\x020\x22\x97#\x8cH\x8a\
\xb2e=\xc78o\xd6\xb0'\xecn\x92\xdfS\xf8$\
#\xfc\x80$&\x03\x03g#\xd9\xe0\x0f \xf2\x0cU\
\xc8\x9cJK\xf6u\xe0\x99x\x99rU\x05I\xd0U\
\xf2\x01/\xc9?\x90\x07\x80\xd1f\xb7\x18\xa7\xaf'\x00\
| \x8a?'\x91\xc3\xc0,\xaa\xaf\x8c#\x0e,p\
&\xdcF\xefO\xf58\x8a\x14n\x91\xe3\xf8\xc3J\xce\
\x97^\x8d\xf8\xb8|\x00\x17P\x90\x9c\xfd\xe3\xff\x00 \
\x05\x9aT\xbeM\x9ew\x0f\x89\xfc\xc8@\xad\xe8\xf1\x92\
;zx\xdb\xbb\xd6S\xad\xde\x7f\x88#\xc8\xa0S\x92\
\xf9\x03#\x02\x92+E\xb8\xaf\x06\xdb\x19\x8c\x86\x02G\
fZ\xadMq\xd7'\xc8\xd0\x96\xc7\xbf\x0b\xcd\x9d~\
?\xff\x00_\x18\xe8\xdc\xa0?\x88\xa3a\x09J]\xfa\
0\xa6]\x8b=f\x87\xdc\xf0\xd9ug\x90\xa4\xea\x84\
\x95\x18\xa5\xae\x82\xe4\xba8\x92\x96)\xed\x09\x8d6x\
\x22\x00\x92\x87@\xe5j\xb0\xae\x8c\xd5\x1ctJ\xc6\xf5\
#\x95\x94\x80\xf8\x0d\x07\xf1~\x17\xc0\x07\xbe\x0eO'\
6\xf1\x1b}\x0c\xdaN\xb4\x85\x96\xba\xc3b\x8a\x1a\x17\
f\x08\xd3~\xf4.\xcc\xd7\x14\xf0\x06\xf2Q\x91''\
\xdd\xc0\x08p\xf1\x8d\xd1\xf8#!\xe2#\x91\xf3\x0f\x19\
H\x1f\x1b\xc7\xd3\x18\x16\x8b-\x1c\xe0\xa4\xd4\x04\x1d\x12\
k\x01\xce\xd0\x14\x89\xc2\x9b\xc2\xe9\x88!\x8f\xde\xe8\xfb\
~'X%M>f\xddf\xe5\xe3Z\xd7\x83 \x81\
g{n\xcf\x00I\x0e\xd0\x90\x80}m\x0f\x8c\x16\xb0\
*%\x9b\x0d\xb9i^6\xba\x06\xff\x00l\xa5\x88\xe4\
\xb7u\xfe\xa6R\x0d\xf1\x0d\x0b\xab\xf7\xbdc\xe0\xf8<\
5u\x1f\xe9\xf9\xcb\x10\x93\xfa\x98M\xdcx\xb2\xbc8\
\xc4\x99\x0d8\x0d\x03\xec\xf7\x87\xae\xba$\xc1&ef\
\x1e;\x9a\x22\xf8$\xe3k\x02\xd4\xae\xde\xcd\x98\x91\x02\
\x02\xc1v\x19\x0a\x5cE\x85I\x1fL\xd8\x0f\xc0D\xfc\
v\xe5\xcc\x80\xa9\xab\xce\xfc\xe2\xc8\x05j\x84\x1f)\x88\
\x08\xddC\xf2\x16xUo.*\x9dm\xbeB\xb3,\
\xc0H\x88\xef\x18\x904\xdb\x85) \x8e1K&\x93\
*'}\xe9&\xb0(%\xd3{\xf7p\x85x;\xbe\
\xf3\x8b\x1e\xbeC.\xab\xb3\x875L\xcd]\x8c\x09\x84\
\x85\xde0E\xdd\xeavb6FoC\xeeu\xc7\xd6\
Y\x15*W\xd6!\xb5\xa6p\xb9a\xd8\xfcb\x95^\
@\x82\xf1\x89\xe0Z\xec}\xe5D\x86\xf1\xa6\xaa\xf0u\
\xb4\x91v\xe3\x808r\x1d\x7fL.$:\x81uX\
\xb7\xcc\x0c\xf2s\x89K\xc3:DY=\x5cQ\xb2~\
<(\x96S\xa0\xf0\x9c\x04J$\x04\xd9\xcc\xc4x@\
G\xd9P,\x16\x95\xc6\x12 \x22\xe6\x99\x03\x06\xe8p\
\x8a\xad\xc1:&$\xf03V\xe0\xd1wr\x80\xe1\xbe\
\xb7\xbe\xc2\x1a,L9\x0f\xc7;\x98\xa8\xd7M\x10=\
)\x95\xb6U\xaf*\xf7\x8dB\x1a<\x18\xf7\x80\xc1\xa9\
l\xcb\x00\xefsW\xe9|\x04=\xdc\x13\xe7\xf8\x03\x95\
/\x1a=\xbd\xff\x00\x00+\x02P\xa0\xea\x84\xb3\xdf\xf0\
\x01\x83\xf8\x80\x0c\x1e\x09\xe4\xf2#y\xe3\x9a\xd0\xc5)\
\xc3<&vl\xeb\xf8\x05\xec\x9b\x04\x8d\xf0\x992a\
\xc9\x93&L\x99\x1bX&\x9eW\xb9\xe1[MYr\
d\xc2\xa6\x84\x93\xeb)\x8d\x11\x9e\xd6bz\xfeF\xde\
\x9a\xe2q\xf3re\xff\x00\xc4\x00%o\xc5\xac\x0d\x17\
\x97\xc0C\x8a\x15a{f|h\xa7\xeb\xf9\x02\xbf\x88\
o=\xac\x98\xd5'\xd2G>\x9f\xc0Z\xb1\x10i\x22\
\x94\xf2<7e;4?.pHs\xfc\x81\x1a\xd7\
\x90:W\x91\xa9Ow\x93\x10\xd8\xbe\x0d8nk\xd4\
\xf2G\x90\xc8\x89\xbb\xa3\x92k\x7f\xc0\x0d\x0f\x8b\x9d-\
F\xd6\xb7\x9d\xf1\x89\x06\x19%\x81\xa3\x8a\x02\xa2\xbc7\
Qw\x05k\x90\x8257\x7f\x80\xaa\xc1\x0e\x08\xac\x91\
\xec\xc8\xc8\xa1\x13\xef\x19D\x9d\x87S\xf9\x005\x09\xad\
\xe0P\x1d\xcd\x1f\x06j*\x080;4\xc2\xccR\x9a\
\x86\x94\xc6HZ\xb0\x0b\xc77\xf1\x8dJ\xc1\xe2]\xcf\
\xa7\x86\xbaL\xe4\xdf\x80\x06\x19S\xa0\x0cE\x06\xe5\x8b\
\xf3\x84\xa8\xca\xedD4\x1aa\xfc\x80\x907\x14\x1fN\
-\x92s\xa9\xe1\x0fX '\x04p\xa19wCu\
p\xe8\xc2K!\xa0j\x0e\xc9\xcf=eN\x0e\xd1\xe7\
\x01v\xfc\xce\xb2V\x81\xfe\x86\x22\xa9\xfd\xe2\xbd~\xed\
0v~LTZ\xfc\xb8\xb5i\xa7-\xc7\x19\xc3\xb7\
\x9co\xe0'\xdf\x83L}dpd\x5cC\x1e\xa2\xe4\
j\x1fx\x158\x87I\xfe\xf0\x81\x96P\x1f\x86f\xab\
@FD\xd4\xc6\x99\x94\x03\x8dkq\xff\x00\xaeD\xc3\
\xdac\x0c!j\x06\xba\xda\x81\xc9jkf9;U\
q\xa9SUx<\x12\x82\x8f\xf0\x0b\x9b/\x8b\x8c\x15\
<\x0e\xf0QM\x93\xef\x0eLt\x94f'1\xfe0\
\x05WU\xcd@\xed\xd0\x99J/W\xf6\xe4\xbd\x91\xc0\
\x08J}\x1eQ\xd9\x94>\xab\xadp\xc3\xdb%q\x98\
\x9dBE\xf3i)r)]\xe4i\xb5\xa5\xd8\xe6\xfd\
\xac2\xd2\xbc\x91\xde3\xda\x95\xbadP0\x82\xa6\xeb\
\x96n>\x11\xd2h\x12\xf4\x8f\xder\x03q=\xc3\x9f\
\x93\x808;%\xe1\x9bRgn\x8a\x86\xc7\x92\xfac\
P\x02\x92\xfe\x1e\x9cU\x15!L\x8dk\xe7x\xdbk\
\x22\x89\xd8\x1f\xceT\x1b\xee\xfe\x5cXM\x05\x9a\x08}\
\xe1\xaa\xc1M)\xca\xba\xb3\x15V\x88u\x13Mx\xcb\
\xc5\xbe\xfa\x8c\x0d\x1b\xaeiO\xc7/5\xafF \x0b\
1\xdc\xa2\xc1\xec3\xe7\xb0G\x16.\x85\x1a\x7f\x06\xf0\
\x84\x0f\xc2q\x97\x8b\x95\x9cv\x94+U%\xf2j\xc8\
m\x1e=\x7f\xc2\x80\x03\x9ao/W\x99\xfc\x01I\xa8\
\xa9\xad\xbc\x7fl\x02\x04\x0d\x09\xb4\xd9\xbfX\x99\x04\xba\
\x07E9<\x87\x80|\x88\x86U\x90\xf6\x9eG\xc1\x8e\
\x08\xf8D\xbf\xc0\xa9\x91\xad\xff\x00#'\xc1\xc4\xf0\x9e\
\x09\xa3&\x0f\xc0\xc0G#\xdd\xf0\x94\xc4\xd3\x18\xa6\xf3\
6\xd7\xc7\xd9\x8a\xef_{\xd0\x7f\xf8L\x00\x11\x93\xfe\
`\x00>\x97\x13\xd0\xfc\xab\x5cM\xde\xac\xb6\xbb\xc7\xc3\
\xf4\xc8/ \xbf8\xccv*\xd3\x0b\x09\xef\xc8|\x82\
\xb3j)\xa3\xd4\xfe@\x02\xaf\xady/M\x9f\x8f\xe2\
\x04T\xaf\x01\x9bd \xafp\xad=O U\xaa\xf8\
\x82\xa87\xc8<\x98\xf9~.\xa3\xaf\xc7\xb6n\x90\xc0\
\x8d\xa7\xd8Dc\x08O\xe8\xe3x\xae\x97\x00r\xae\x00\
\xa9\xdd\x8f\x1e\xaeUx\x97G\xb5~?\x8c\x0b\x90\x93\
mt\xdfG\x7f\xcc>\x06s\xc7\x89\x9a\xd3\xc7\xbf\x1c\
e\x94\x5c\xe5k\xaf)1\x94\x0a\x99|_M\xae[\
\xf2Hd7Pz\xca\x89\x14\x10\x9b\x8fY\xdc\x06\xbd\
K\x9d\xc9\xf0\xc3\xd8\x5c\x02q\x9fL%$z\x5c\x0a\
\x0d@5\xb8g\xd4\xfb\x19\xca\x5c\xf8\x0c;F\x9e\xb5\
\x94\x03\xe1\xa62M\x22\xcdR\xf1\x80\xda,\x0d\x88+\
\xbf\xf7\x1cJj\xbe\xf2ID\xeb\x0bC\x83\xd6\x8b\x0c\
5\x0b0\x81\xf5\xe9fAN/9\x1cEto4\
\xce\xce\xd9\x8du\x94\xf5\x88\x80f\xfa\xfah\xcb3\xcd\
\x1cC\x1b\x03\x94a\x0fTW\x18\x06\xe3\x98}*\x1f\
\xb9r\x1d\xb1\xa4\xa7\xc66\xeb\x14!\xdd\xb9\xf9b\x1a\
h\xf48R\x80\x00\xcf^L\xdf\xdd\xba6\x22\xbf\xbc\
sA4\x9b\x1e\xef\xc1\x9b\x9d&Z\x8e\xb6\xe4!k\
A\xea\xbe6\xe5\x91!A\xed\xff\x00\x83%O2a\
\xa8^\x8b\x8f\xbb\x19\x0f9\xa1\xb4[\xfdcC\xed\xcd\
\xe78\x8f\x87Ui\xb0r\xe3A\xf4\x99\x02]\xf6o\
\x12\xe5\x14\x87\x8c$\x85Aq7\xab\xc7\xec\xed>p\
$\xa6\xa40$\xdb\xd0J\x0b\xb35;3H\xf0\xaf\
\x82\x1c\xf8Wq\x93@\x8b\xa7sz\xc0\x8a\xd20\xa4\
\x05%&;8S\x8c\x91=\x16\xe0\x1d\xa0\xc3y\x0c\
\xc8C\xaa6cI?\x0b\x8d\xbd=`\x15\x96{o\
\x97o\xf4\x1cx\xcd\xd6@\x11GU \xc1\xfbz\x12\
\xde\xcc\xa1\x16\x8a\xad\xe7yxdlb\xd8\xcf\xde\xf0\
a\x8f\xa1\x1c\x1b\x93NPe:\x02\x0a~\x07\x0b(\
\xcbt,\xe1\xf2e\xb4\x0a\xe5f4\xf4Z\xcb\xb7E\
\xab\x17=nG\xc3\x14\xa2\xc6\x84\x0b\xe8\xeb\x18\x0b\xd8\
\xa7Gn\x10\xa1\xc3b%*\xf5\xaceM]\xf2\xe0\
3<\x8a1+#\x87\xe3\xae\xb5\x05\xbaL<\xef\xae\
}<>\x9f\xc6\x87\x99\xdcZ~\x05{\xf2\x9f\x07\x87\
\x221~2\xcc\x1a\xe7\xb5\xf9227\x05:\x1f\x00\
\x85\x14\x0b\xd8\xf0\xf8\x9142\xd5c2\xddt\xa4\xd0\
\x1d\x19A\xac\xdc\xa1\xcc\xe1\xf1\x990f\xa8\xbf\x03+\
\xc6\xf22u\xceW\xf1(9\x98\xde\xff\x00\x80\x8a\x99\
\x95X\xed\xe3B\xed\x98\xc7\xaf\xe1\x19\x16\x11\x0e\xc7s\
\xf8\x08\xf0\x8f\xe6\x83\xe5T\xc1\x0a\xacG0\xdc1l\
q\xe1\x1f\xe9\xba\xfbnY\x9d*<\x1e\xcaAw\x17\
\x84{2\xf0G\x10|4\xf2Fq\xc3\xc1\xfb\x12\x03\
\x02/\xbd\xb8\xfc\xa1\xfc\x01q(w\x22\xdf\x0dD\xe7\
\x8e\xb2\x0dH+yxN-\xe8\xdc\xd0N2\x07C\
\xa7(\x04\xf61\xf2\xcb\x11\xa6\xa3\xd7\x81\x80\x1bq\xa1\
\xd4\x0a\xc1\xafI\xe1\xf4\xff\x00\x82\x05f\xd8\xd3\xc0\xe4\
\x0f\xb4\xc4\xf4\xdd\x1dM\xf7\xe5E=\x1a?-\xc8\xf1\
5\xc2\x9e\xaf\xa3\x91\xe0-5E\xc1\x93c\x14\x82u\
<6\xeb\x10\x01\x00}4\xfb]/Md\x9b\xad\xf7\
<9\xbd\xba\xa0|\xbc\xff\x00\x1f\xbf%\xe5\xe5\xe5\xf8\
W\x85i\xedr\xe5\x9c\xa60\x0c\x9c\x06:NF\x05\
C\x00\xde\xbc=\xf3A\x11\x87\xe3\xde4\x1e\x0dB\xcc\
`:\x81]HA\xcbs([\xdd\x96~q\xa2\x02\
\x0di\xe1\xfb\xc6\xad\x94>\xf7\xf9\xcd\x0b\x91&\x01\xb0\
\xad\xa5\xderc\x84\xc4\xa6\xc6\x91l\xd3\xa4\xcd\xa3\xe1\
\xcb\x86\x9c=\x99\x9a\xca\xfeI\x93\x88\x92\xef\x85\xc5\x08\
\xb8\xdf\x13\xf1\xbc\xdf\x97;Hk&U\xda\xbc@<\
e\xadl\xb7\x0a\xba\xa5\x9d\xf1\x8d\xaeU\xa2\xd5\xb7]\
\xe1\xb0t\xdd\xcd\xf5\xa3\x10\xdeo\x8ei\x0b\xb3n6\
\x89\xbe\x8e\xefY!-\x8dQ1\x1c\xf2\x18\x1a\xefk\
\xd9\xeb\x8db\xd1;\xb6\xf1\x94\x01\xa2\xd6\x0e<v\xa9\
\xba\x5c\xa2\x89\x9e\x82\xe4\x8b\xd3\xeb7E\xe34\xa5\x06\
\xeb\xe6\xe0\x1f)\xb8O`\xc3\xa6H)\x12\x8d\xda\xcc\
\x0d\x1d\xe04\x99\x19\xeb\xe7\x8c\x1b5Q@\x13\x9e2\
p\xca!\xc6\xa5/+\xd6\x11\xad\x05b{\xb6`_\
k%\x8582o)\xfd\x81\x8c'Pb\xce\xd4\x85\
\x0b`\x13,X\xdb\x0d\xc2k~\xf1\x82\x11\x18\xad\xc1\
\x14O\xf5q\xdd\x0b58\xd6Z\x02\xe3\x1am\x22x\
:<O\xb8\x1a\xf7\x92\xc5t\x02hT\xa73.F\
\xf2\xad\x0e\xeb9\x98\xfd&\x03k\xbd8\x16\x1aQ\x8b\
\xaa\x22g\xc6B\x22\x07\xc8\xa0\xfd&\x00\x94\xa1Y\x1d\
\x961\xcdbWCO\x10\x031\xb7k\xbc\xd7\x8f\x0c\
\xf4\x9f\xef\x11R\xd8\xa9\xd1\x9c\x86\xd8z\xe6\xe0\xe5G\
g\xa99\xc3\xe7x\xabr=\x08\xf0\xe7\x07\x95\xf6Z\
\xf3\x80C(\xdd\x06\xc7\xa4\xc5\x1b\xfb\xb7\xe0\x5cpk\
Z\xac\xa2\x22p\x98V\xeb\x87L\x15x\x0c\xae\xb2>\
\x09\xd1\x04\xd1\xec\xcb\xde\xc27\xbb%\xc3\x8ez\xc6#\
\x05:\x11V\x0d\x17g\x033-\xbd\xfa|\x0c6\xc4\
\xaa\xb9\x8fs\x8cu{\x00Z/\x0czp\xb8\xe0\x1e\
\xd1\xc0\x9c\x00\x15PJ\xc5\xb8\xab\xd0m\xdd\xe6\xe0c\
S\x7f\xaeH\x07\x0e#\xd1\xa7V\x9a\xf9\xd9\xc6%b\
\x80\x88\x98\xee\xba\x03\xadb\xdb)@\xd6:\x0d)\x86\
\x19\xa3NWa\xe3\x0b2D\x12(W\x8d3\x88\x1b\
\xd4~I\x94]\x80y`\xf0~_!\xe7\xc2\xe8\xde\
\x19\x8dq\x06\xbb{_\x97\xfe=\x04\xd7\x03\x16]\xdf\
N\x13z\xac\x9cY\xa5u\xae\xf4\xfa\xb3\xbc\x09\xa9\x91\
%\x8f\xe9\x9b\xf0\xe3\x8d\xa1q\x02;h\x07;\xb1\xe5\
\xc5\x09\x9a\xf2L\x90\xb6G[O\xf5\x92\x04l\xf9\x8b\
\x01\xc2B\xa0\x91\x0ef\x09\xef@v_\xf8\xc0\x0e\x02\
\x7f \x10\x1d\xb0_W\xf9\x01\xae\x8f\xff\x00\x00\x00\x01\
\x19*[KO\xd8\x83>(\x9fa\x8e\x5c|\x9b\xc3\
Qi\x18\x850F\x81\xec\xc4E\xe5\xf2O\xc9\x0eR\
\xb8G\xf6\xc3C\xb2\x8d\xab\xe1?\x1e\x11\xe6\x06\xb7\xe0\
2\xd6\xf2\xe8}`P\xf0\x94Vm\xfd\x0f\xe0\x22-\
\xec\x07\x92{\xf0\xe0\xceU\x07N\xfb\xf01\x9d\x17n\
\x1a.0\xe4\xd2\xb2\xcb\x81P\xff\x00\x84\x08\xed\xa3i\
#\xb9\xabp)0\xf6+6\xe4\x84\xbfd\xf0\xfaa\
\x1d\xa9\xd2\x93/\xc8R\xb87\x8d\xe4\x97f\x220\x97\
\xed\xf0u\x80(\x9a\x87l\x14 \x87>\xfe\xff\x00\x80\
\x98\x03\xe9\xf6'+\x1f\xe7\xcc\x96\x01\xd9\x9e\x02}\x89\
\xf3,\xcb\xfe\x02\xbc\x82\xd8\xe3\xab74\xf9!\xb3\xc4\
\x80\xb7\xbd\x95\xde\x16c(k\xcby\xf0\xae\x86\xd14\
\x8e')\xce\xcc\xbfO\x92\xb9\x10\x17S\xa0\xd1p\x9d\
\xdf\x80\xad\xdbD5\xd0\xd78\xe7R\x8c\x1aA\x7fX\
J%\x5c\x80'\x05\x13\xa4]1\x14\xf4\xfb\xce\x12\xb7\
\x83z}c\xdf\x8b\x15\xd7\xa7\x19\xaf\xbc8\xff\x00\x06\
\x7fg\x0b\x93\xcb!5b\xfd\xcc\xeb_\xe2aBY\
\xc3\x92\xf1\xdd\xd30ly\xe14\xab\x8cR\xc7\xacD\
\x85\xa9\x16L\x0d\x1b\xa4\xc4\x9a\x0fT\xd6\xf1\x11\xac\x9d\
z\x91\x13\xc4\xdf\xc6\x1a\x02\xc1\xae\x96\x83\xe9\x9co%\
\xb3\xef\x87\xc0\x99\xea\xc5\xa6_\xac\xf42\xa2\xa1\x85P\
>\x1d\x9fc\x93\x14\xfao\xfbd \x0f\xe2\xe2\xdb}\
\xe3\x80\x97\xdf\xb9D\x98\xed&$D\x19\xcf\xbde3\
Z\xa1\xa6\xf9\xc6\xa5\x16\x9c'j\x1e\xf1\xa4\x9a\x01\x90\
\xbd\xf2A\xd3\x85\xea\xebD}}\xb8[\x04\x98\x8b\x1f\
A5\x85\xbc\xd8\xe3-\x9dUe\xe1\x8a\xef\xd4/e\
e /Q\xa2P\xa3\xd0g\x14\xd6hz\x08z\xd6\
\xf2`\x94\x87\x05|U5\xa0 z\xdd\xc8\x15i\xd9\
\x8d6\x1e\x8bfk\xc9J\xf4\xfa\x1e\x8c\xb8\x90<\x02\
\x1d\x10\xc83G\xb2\x99x\x9da_\x92\xe2\xb8;\x02\
#\xa7\xeb4\x1d\x10OB\x16r\xe5iX\xd6jU\
}\xaeM_\x9f\x06\xed)\x0b\x0ey\xc7\x00\xaf\x04\xf7\
\xf1\x88{\x134\x94C\xddl\x5caT,\x06\x99\xd9\
p\xda\x91\xe8{)2\x81v\xe0:\xdd\xf5\xc2:x\
\xc1\x03H\xb7!\xcac\xb3t\x1f\x18#YP\xdc\x86\
\x94\xf4e\x22\xcaR\xd3\xfe\xae\x0dl\x9e]\xab\x84p\
;t\xf8#;\x0a\x9co\xa2w\x84\xf1\xed\x1b\xdbB\
r\xc2d\xb8\x02\x19\x0f\xf7]\x98\xff\x00\x0a\xbbl'\
w\xc9s\x86\xeb\x22\xe2\x8a=\xd1\xc3-v\xdf4C\
\xdb\x96\xab\xee@\xb2\xe8\x8eZ44\x1f[8\xc5\x05\
H\x86dU\xa8\x1bF\x9b\xf7)\x9f\x11\xa8*<\x8b\
aw\x9d4E\xd3\xad\xa3\xafa\x90\xfbD\xe8M<\
I\x18\x82%\xae;\x96\xea.\xd2\xe4,\x0fYI\x8b\
L\x1c\x8f\xa0ld`\xb1m\x03\xd9\x87\x15\xc80\xd7\
(\xaen\xb04E\x01\xe9I\x88\x10\xe4\x9e\x0ea\xda\
s2W\x01\xa6He\x9e\x9f\xe3\x0a \xc6\x13j8\
_\x7f\xc4\x9f\x03<\xc5\xfa\x1f\x22-\x0cB<\xb7\xd6\
\x12\x04\xc61\xbe\x01\x8c\x8b\xbcRt=\xe0\x97j\xd3\
\x0a\x5c\x1ffm\x94\x9d\x0e\x13\x10\x0ez\xcaW\x11k\
\xf1\x93\xc7d9=L\xdc~0s\x91\x97[j\xdc\
\x1cG\xa7\x9b;\x18\xa3,\x92\xfc)\xef\x1ai\x0e1\
\xf89E8\xe0\xa9\x14\x90\xe9\x18\xd7\xadbMx\xa4\
\x1c\x0d\x1c\xdd\xbe\xb1\x03(\x10\x15l\x90\xc79\xa8\xb9\
R\x16\xcf\x90\x0d\xa1\x80\xb0\xee\xe6\x01Vz\xff\x00\x8c\
@B\x18\xfa\xf8W\x80D\x7f \x00\x0a_K1O\
;\xf0hm\x18\xcf\xbf\xe48!}\x1e\xfe~3h\
\x0c\xe1+\x89\xfe\x00+\x13%\xa8\xd3\xe9\xa7\xf0R\xf8\
\xb0`S\xb9\xb7\xe90\x12\xd0\xb1\xcd\xf3\xf8\xbcd\xc4\
C}\x11\x9a\x9f:\x87\xfe\xbe\xdc\xdb7\xd9\xd5\xe5\xed\
\xc2O\xc2\x1d\xff\x008\x96\x97*\x0f\xe4\xdeq\xf4P\
\x8c\xd6C\x13QO\x13&L\x992g!\x93'\x84\
x\x10\x8eTS\xae\xbe\x0e\xff\x00\x90\x02\xb2\xcf\xe0\x01\
\xdf\x1e\x04b\x8a\xdbh\x06\xb7\xce%\xe3+\xb9\xb6\xfb\
\xcd\x12\xd5\xa0\x1c\x10\xc2Z-\xd1a\xfb\xf2\x11G\x85\
\x0c`}\x07\xbch(B\xf6t\xf8@\x8e3\xb1\xfe\
\x8d\xe4\xf9\xc5-R8\x12\xa3\xa3k\xbc\x1a\x8aK\xf8\
\xba|\x0a\x93\xbb9C\xa6\xff\x00\xcc\x07\x01\xd6\xde\xa1\
\xef\x8c\x002\xae\xf9\xcbq,\xa06\x14i\x00\xca\x89\
\xba{\xefF\x03\xbfZ\x9e\x1e\x83\x96lS\x12\xff\x00\
\xc5\xac\xbf\x89\xd0Q\x85\xf3\xce\x05\xf9B\xd2QZ\xb8\
0\x00\x0e&W\x82=a\xa0F\xe6\xd3d\xf5\xe12\
\x12\xeb\xc0\xc3\xf0./CrX\xfcl\xc7b\x1d\x0b\
d\x9c\x1d\x87Uqe\x92\xf6\x00|\x01\x92-\x0a\x98\
\x91\x128\x5c\x5c\x8a\xf0\xc8;L$\x0a(\xc2\x08\xd1\
\xbd\x1c\xcc\xb1\xe9C!\xab(\xe3\x10\xaf\xb1\x8fC\xe6\
\xe6\xba~\xd6\xe1\x00\x09\x1ea3\xd6\xc7p\xff\x00\x8c\
\x06\xa1>1\xc1c\xb1Yy\x84\xcb\xc8\xc5X1\xe1\
N\x8ct\x11#~0\xd5\xa0\x90\xc5@\xed\x17\x10\x9d\
%\x8b\xbe\xdd\xe3\x01\xa4\xf9m\xc1\xe1\xd6\x11\xd0\xf6\xc7\
\xb7 \x1a\x15`\x8c\x03\xb6\xd4\x17\xdf\xb8\xdcU\x8be\
/\x0d\x8b\xec}aR\xdf\x19\xb2\xb2F\xed\xcd\x110\
R\xa9\xa8\x1b.1S\x88\xde/'\xa3\xach]i\
\xec\xa6-_n  \x22\xbf+\xdb\x9c\x18i\xe7\x0c\
\x08\xd2\x1a\xe7n\x00\x88\x80\x9e\xab\x9f\x05\x9a\xcew\x9a\
n\xe7\xacY\xcfX\x1c\xb5\xdf\xf0j\x0fV{\x98(\
\x85\xc9\x8b\x9de\x00\xf74\xe4\xf9\xc4\xadmV\xc9\x7f\
\x88\xe4\xced\xde\xeb\xef/\xa02\xac\x06\xaat\xe1R\
\xa77\xbbA\xf7\x8aPP\xaa\xa4e\xd2=\x19:}\
\x0bK\xda\x1c\x07\x14\xec\x8c\xb4T?\xe7\x12\xd3\xa3\x00\
\x12g\x03\x12\x10\x1bBH|\xe4\xa1+\x82\xd0>\x9f\
\x0e1<\xe1/\x04,n4\x81'\xd9\x0e\x9b\xde_\
\xe15$@\x04k\xce\x12.\x02\x5cj}#c\x83\
\xa2`D.4m\x91\xefx\xd0\x15\x0e\xdb\xee\xf3\xc1\
\x16`\xaf\x92\xba\x86\xe3\x8e\x06\xd3_y\xce\x9a\x98\xf6\
g\x0b\x1al\x98\x01\x8a\x88\x94t^]\xf1\x9b|Q\
\xb1\xc9?\x99G\x11\x94d\xc9/\x8ex\xc2\x02\x90\xd0\
/\xb9\xab\x84\xd2\xb8\xb1-\xe3\xe3\x1a\xa7q\x84\xc0O\
\xa2T\xa2\xa69n\x04\x22\x0d\x0a\x18*\xe0\x7f\x99\x11\
#\x1cx\x9ca\x8e\xd6\xbc\xa4\xbcl]q\x95\xca\xa8\
OMh\xc5-\xa82\x12\x82;\x93n1\x07\xc8{\
\x0e\xc2\x16Ox\x8f\x04\x10h\x8ff\x1eB6\x1c\x17\
\xf0y(\xe4\xcd\xd86%]mo\xd918\xb7`\
\xc8_\xce[\xec\x1d\xba]*<`\x14\x85\xdb\x11\x22\
\xe8\xf0\x81\x8f\xad\xe2\xc9i\xc6\xf1\x93\xe9\x13r\xf7\x9a\
g\x8b\x8f\xc4\xf3\xe1G\xd07\xd6Y\xbd4\xf2K\xb5\
\xcb\x02!6Q-1\x8bd/\x00f\xc8\xbaWv\
i\xc9XA\xcf\xf0\xb9t]=\x8dr0\x98\xa1(\
\x8e\x90\xba-\xe3\xa1\x94\x08\xbbA\x857s\x1c\x06F\
\x9c\x94\xech\xc4\x86\xb0\xc4\xf3\x19w\x1f\x829\xd9\x03\
\xb3\xe2&\xdf\x9d\x18\x0f]f\xfb\xad&\x05]\xc0\x86\
\x88\xe5\xf6\xd2\x02!=\xe7\xac6\xf4\xe0E\xd2\x91\xd9\
\x93\x80\xef\xd6\x0a\xd5\xe0\xe7\xdeO$2<&C&\
L\x99\x0c\x8c\x19\x06\xce\x04\xfasry\xd6k5\x93\
'\xf2\x06\xd9\xb1\xaf\x0eN\xb9\x9c\xf8\x10=\xaf/\x13\
\xd4\xc9 eF\x00m\x5c\x81\xab!\x18'\x83L5\
\x0e\x87{z\xa6\xcc\xd8\xd0\x01\x0fA\x91\x80L\x0b\xc1\
o\xb63J\xed\xf1\xf0\x1c\x07\x9b\x97/{\xe6p=\
\x07I\x9f\xf8w\xed\xe4/\xfd7\x8c\xcat\x17\x14t\
\x9e7\xe6G\xfa\x192d\xc9\x93&L\x99<&O\
\xf8f\x08\xde\x1b\xa9A\xbaO~Ex<\x0eZ\xf0\
 \xa8B\xed\xf2hk\xc0\xe8\x05+\xbd\x0b>\xceO\
\x8c*\xbb\x8at\x1d\x0f\x87\xf8\x00]\x9eC\x00\xaf}\
x4G\x0e#\xa2\x9b\x02\x192p\x86o@JR\
\xef\xebX\x02\x14\x9e#\xbdN1\xd8&\x97\xa7\xe6^\
C\x10l\x85\xda\x8b\xf32B\x8cP\xfdo5\xcb\x80\
]\x07)\x83maN\xac\xd6\xfc&6\xa4\xaaF#\
\xd3\x9a\x8f\xfe&`\xff\x00\xd3\xa7\xf1\x020\xae\xbc>\
\x9f\xc6e\xcb\x12H/\x03L\x01l\xa1 @N\x17\
>\xdc@\x08\xafq\x0bB\xe2[\x8c\x8b^\x84\xfd\x03\
\x11b\x04^\x09\xc3\xbc@\xe8\xb5\xb2u\xf4\xc1\xe2\xe3\
\x91\x9f3\x00D\x13\x8dk\x87\x09[F+\xe8Md\
\xd8~\xa1TS\xd9{\xc3_\xc0\x22#\xb0\xbd\x8f9\
\xb2\xae\x80\xd3j\xfak\xeb.\xc7\x84H\x9f\xe1\x8e8\
\xab\xaf\x01}\x078\x84\xb6\xd8\x91\xf5\xaf\x97\xbc\x1ad\
\xa2\xc3xz\xdet\x8cE<\xf7\xb3\xd6k\x9d\x16S\
e\x04\xf8\xf1\xa1\x84\x97\x86\x1e\x1f\x87\x15L\x0a\xba\xf5\
\x8b\xd7\x86BpqT\xf92\x11\x8e-\xf0\xe5\x93\xf9\
]O\x9cC\x86.\xb0N\xdd#\xbdL\x18\x1f6\x0f\
,\xaf \xd4\xf5\xd5\xf3\x0a\x90\xf8\xbe\x12\x83!3s\
x5=\xfa\xc6\x9a\x83\xda\x83\xd2\xfb\xc8\x0d$\xec\x19\
BY\xd20\x99U\xc3b,\x8c\x13\xb7nl\xc2S\
h\xd6Z\x1d8l\x19\x14\x819\xe48q\x02\xd3b\
\x98ml\x0e\xf1R\x16\xed\x8e\xaf\x14\xc3\x89I\x9bN\
\x1b\x98/\xa1\x12\x80\xa7\xa7\x1b>\x5c\xe4|\x95i\x17\
\xad\xa7\xce\x18vc\x1dS\x87\x03+\xb8U\x88S5\
\xb8KXFG\xa5\x05\xbc$E\x12\x86Y\xb0\xd2z\
Lm\x12\x01\xd6\x93\xb7f\x04\x92\xfb\x9dN\xd4\x84\xe3\
\x1c\xd4\xfav\xc2[\xddP\xf7\x8e\xf6\x14g\x1dX|\
\x98\x1b\x8e\xa0\x00v\xae d\xfc\xcaQ\xd9\xf3\x1c\x09\
\x01\x1a-\xaa}\x19\xd5\x0c \x08\xec\xbc\x83\xb1\x9c=\
%\xe6\x90\xdbx7\xacmG\xed\xa5\xed\x5c@8[\
QrSN~\xad\xc4\x8b,O*\x95\xa1\xa6d\x86\
\x02\x02\xc3m\x5cL\xb9\xbc\x0d\xf2\x90\xf4e\x10F\xd2\
\x0b\xb2;\xd6\x0f\x00E\x83\xd7\xab\x84\xd4\xfe\xea\xda\x5c\
\x8e\x9d\xd4\xd8\x1f\xa3F\x0fbC~p\xb5 y\x8d\
\xc83\xf7/\xce\x1b\x8c\xe0l\xf3\xec\x10\xc04L\x8c\
jX\xa4f\x03\x12\xfaP\x95\xf9s`S\xc3\xb9:\
\xf49\xcb\xc9\xab\xcf\xda\xb9\xdfzU+F\xb1\xaa\xa3\
\x05\x9b\xe5\xbeR\xeaLh8\xbe\x07h\xf5\x82\x90W\
/Ax\xc0\xcd$\xbfE\xbb\xf5\xde\x02\x1e\xcbP\x85\
\x9f\xa0\xe5\xc5b\x99\x1e\xa30\x00V\xc0\xf9r9\x80\
E\x1fW9\x98\x22PB\x98$t\x94\xc2\xdai\xb1\
I\xf4n\xe1\x81n\xbba\xf8\xd7\x9b\x97\xc5\xc6\x5c6\
\x9e\xdcs\x80\xdf`P\xd7\xc8\xb3\x80D\x05Of_\
/\xf6 \xf7W\xa3.\xe6K@=\xbf\x07x\xf9c\
\xad\x8e\xbaFG\x06\x08\xac1\x95\xee\x9c\x8f\x7f\xc6\xf8\
\x5c\xb9\x5c\xb9\x7f\x94\xc9\x92|\xeb\xed\xe8\xfc\xb9r\xe3\
<!F*\xc5\x94?!\xfa\xba\xc6j\x1bJ\xben\
\x01\xca\x18\x88\x06\x5cs;\x8a\x07\x95.+\xa7\xf8\xff\
\x00_\x1c)\x9d\x87\xfeN]\xd0\x04T\xf5^\x0ca\
%\xed.L\x991\x09{\x04\xc3\x82\xb01&\x9c\x99\
3\xa9\xedrd\xc8xG\x84I\x15\xd82?\xc0\x87\
\xcd\x10T d\x91\xfcCJ\xbd/\x9e3b\xbe\xcb\
u|\x81/\xf0\x13&L\x991\x03\x8e\x05\xd7\x02c\
\x0a\x8c\x1c\xa3\xa4\xf9\xf8u\x93\xc2d\xc9\x97\x97S\xb1\
?\x0e\x05\xe74\x058\xb8(\xdb\x8d\xf8\x87a\xe0!\
\xcf\xa0-o\xf6\xcd\x7f\x8a\x16O\x94\xc8%q,\x15\
o@\xe3O\x9354\xff\x00\xb6q\xf0!\xa8U\xec\
\xf7\x9c@\xc0\xfc\x7f\x14Y\xf0\x87\xab2E\xe0\xbc%\
x\x14\xa2\x0d\xb6\xf8\x95\xc9\x92^(\xcb@\xd8B\xdf\
DL\x992O\x0a\xf4\xe4\x10<T\xb8\x0a\x08\x9d\xf7\
\xf4b\xe5!2\xb4\x15\x84\xc2D\xd0v\x9bSF\xb8\
.\x12\xee\xa7\xc1\xb9r\xedk\x96 \x91l\x8d\xb2\x1e\
\x0d\x81\xc0\xe4\x88\x1c\x99\x8d\x12l0\x00BY\x80(\
\x0a[\xbb\x850\xd6-\x91\xae\x1b) \xd0D\x0c\xe4\
.6\xa8\x91h\xf7\xca1\x5c\xe8C\xca\xc4l\x05M\
qR\x93\xd60h\x03WS\xb0\xc5t\x12\xd8[-\
\x9b8\xf2\x15\xab'\x0ex\x93\x86\xf2\xbc(\xd15\xb3\
\xb3\x10\x15`B\xeb\x8dTX\x15\xf4h\xf1\xeb\x1d\xaf\
\xf0+\x9ao4_\xc0L\xf7>\x97\x9f'\xe1\xfc\x13\
#\xff\x00\x02\xff\x00\x0a\x98#\xa0\xbf\xca\x81\xcf\x87>\
\x16\xb2\xf5\x0cB\x07\xc6\xd7,[*\xa4\x91.\x84\xc0\
\xc4>\x1bz\x0b\xf0k\x11l\xd5Q\xb2p\xa1\xe1G\
\xd8\x8f\xe4\xc4\x80*i\xf9\xca\x0e\xee\xc9Et\xfd`\
m\x0cH\xa1\xa5Gan4&\x1c\xd0\x9b\xfa\x0f\xa6\
\x1d\x03\xcda\xe4\x8b\xa1\x82\x80\x08\xb5\x9aG\x80v\xcd\
\xcb\xea\xf7\xd8L\x83\x03\x19\xd7\xdb\xafy\x1b-\x85\x04\
\x1a+\xa3)|1\xe5h\x19\xc7L\xa9\xc4\x8b\x9b6\
.\xdcO \x80IJ\x8eJo\x00D\xef\xda\xc1z\
-\xc9\xfb\xe6\xd4\x06\xd1\xa9N\xfb\x98\xda\x1f\xa6\x12\x95\
\x07\xb5\xb8\xe5\x93\x00\x048\x17\x01\x16\xdb\xd9\xf6\x04/\
\xaa\x1f8{I\xab\xd8\x01\xcc\xfb\xef\x12.z\xe8\x15\
>\xf0\x19j\xde\x84\xd1:\xd3\xa1\xc1'\xc0mjX\
\xbd\xe90qG<kK\xbc\x10\x1b\xf4+\xce\xf9\xfc\
\xe1\xd4Cdn\xf3~\x0c\xdfNw\x89d\xaf\x0e\xf0\
\x0c]\xb1\x9c\x5c\xba\xd0v\x1a\xca\xc5\xb1\x17\x0d<\x84\
>\xcc\x97\x00\xb5\x9a\xab\xe2d\xc8\x88q\x0e\xdc\x98\xfb\
\x9bJ%W\x94&\x00\xb1\xe4\xd1\x10\xbe\x1a>\xb05\
KT\x1a\x84\xe2\x9a.\x07\x89@\xea\x1c\xaa\xbfOf\
J\xa7\xabg\xac\xd5XQ\x9b\x10'\xd7\x0eio\xd0\
h\xaa:ofG0B\xa4;\x8dw\xce\x19\xd8S\
\xddu\x0f\x9d\xe3a\x09a\x85\xac\xe1B\xb8b\xbf\xae\
]\xab\xf2\xe5\xcb\x95\xc7\x1b\xe2\xc1\xdb\xde4g\xa9$\
\xac\x03\x1bLR]\x82J\xfa\xc8\xb2\x96/\xe0\xef\x18\
\x1d[(\xcb\x8fBD\xc0\x8e~K\xcb\x9d\xb1\x02e\
\xec\xb2.\x86\xff\x00\xa4\x95\xcb\x9b\xc1\x80\x11\x1d\xb3\xe0\
\xc5MH\x06\xec \xeb\xbc\x87\xee\x22\xa0B\xae\x19\xd6\
+\xcd5\xf7\x22V\x046-X}2\x13\xa1\x9c\x02\
\x16\xff\x00\xa40\xb8iD\x15\xd8\x9f@aPT}\
\xff\x00\x0de3Y\xac\x07\xbf\xf87\x84\xfe\x1f\xfb\x9d\
\xf9Y\x97.\x5cb\x0f\x00*\xab\x00\xc8\xc8\x07$V\
zrU\xde\xc0\xbf\xb6\xb8\x98\xcfE\x89y\x1bm\x1f\
>\xf8\xb7\xa1^\x13\xdf\xc0\xc8\xc2\xc8\x0a_\xa0-\xc5\
\xa3\xfcB\xc1\x8bdH\x87\xb1\xe3\x08\xa1\x80m\xe8\xd4\
\xc8M\x049\xf7\x93&L\x992>\xb2d\xf3\xcc\x99\
2d\xc9\x93\xc9.\x12\x82\x9e\xdf\xc06Q\xd9e\x1e\
\xb5\x82\xf2\xf8{\xceh\xe9=\x9f\xc2\x04\x08a\x1d3\
\x07\x9e\x12Fz\x9f\xeb&\x05d8\x8c\xd8^|!\
S\xc3p^\xc4\xe4\x01]c\x9akA\xd7\xca\xfa\xc5\
Q\x13\xa6\xeb\xf2\x19\x1e\xfe\xcc\x7f\x08a\xeb\xf7^Z\
a\xe8\x0f\xf7\x5c\xa4\x02\xdd\xbc\x8fMMg\xe68\x83\
\xed\xc5(\xff\x00c\x1c\x0c\x12\xda\x92\xfd\xe1\x19:\x1d\
\xc3\xa0\xef\x0c\xc3\xa8\x06\xb7\xb4\xb9RF\x15\xdc9\x8f\
\x0e\x10Z\xea=0\xb3\xacs\x97$\xfc\x99\xc5Dj\
\xfe\xec\xbd\xb8\xdd\xfe\xc0\xb8\xd2I\xb4\xd4\xdfn\xf0\xe4\
\xac\x83\xc6\xe61L\x9b/\xab\x8c\xea\x08D+\xf1\x8e\
\x10\xc6\x0d\xc1\xce7FZn\xa7\xa7\x01E\xdd\xf5\x9f\
\xf7z\xcd?\xef\xf1\x03\xdb4\x0e\x0d\xcc\x88\x85\xad\x81\
\x83\xb0\xc97\xc4\x0dyOyJ,6\xf0\xcf\xec\xe7\
g\x07{\xddR\xf7\x85\x1e\xae\x9c\x02\xeb\x1c[\x11i\
)\x88k{\xf7\x9a\xa2\xad\xbac\xf6f\x8c\x88'<\
\xd3\xf9b\x1a\xce\xe3\x17\x12\x8c\x00\x0d\x0c\xd1r|i\
`\x18\xc1\x8b{XCc\x13Y\x1b>\xaeT\xa7\xbf\
\xe2\xa0\x08\xb8}\xe3\xa5?\xe0_\xc1K&\xd2>Y\
+i\x93\xdc\x0c\x93\xcc\xf1\xa5\x19?\x94\xff\x00\x80X\
\xcb?dF\xfa;~\x0c\x99\xf1U\xbb\xf0o\xd7\x96\
\xf8Y|\x01\xd7\x81\x14\xf0Q\xa0\x91\xbf\xc1\x1dl\xc0\
\x15\xd8\xcd\xcd\xcddGQC\xe0\xe0\xc4\x80\x1c\xa4)\
m\xd7\x18\x8d\x05d\x00\x03g\xdc\xc9\x08\x984\x13\xb1\
U8\x0c\x5c\xb7\x08\x1ct\xa6\xe6\x15Xyy\xba\x8e\
^\x17\xad\xd2\x8a4M~N\x1e\x9d\x90\x83\xbc\xacF\
\x14\xacI)\x18\x90\xda\x18\xda\x08X!\x13P\x87\x0a\
6f\x89Y\xa7G\x04.\xde\xb0\x1c\x98\x8dT\xd8\xae\
\x91\xb7\xde+\x032\x11\xb42\x06\xf2\x85f\xa20\xdc\
88<\xa3\x0dI\x09F]\xdd\xa6\xf1\xb2U1\xa6\
\xed\x1e\xcc~'\xc1u\xf0\x1b\x94\x5c$\xe9\xd47M\
[\x903\x0f\xbf\xc6\x0a\xce\x01:\xeb6\x8c%3X\
\x99#\x7f8\x8a\xa8\x089\x1cX\xf4\xf5\xee\x9c\xe6\xc2\
t\xae$\x03X;\xfbqz\xa7\x9fxvRh\xbf\
\x81\xe9\xf5QkJ\xe8M\xde0\x90\xe9:\x82\x01\x1a\
\x13D3A\x0b\x10\x12\xec\xfc3\xdeZ\x8cbQ\xb5\
\x07\xbda\x03\xb3^&\xee\xa3\xc9\x8d[Du\xe8{\
\xc5@\xd4\xa5\xc5\xe7\x9bv\xce\x04!\xa4;|\xfb\x7f\
\x09\x9a\xc7\xcc\xbb\x1b\xc1\x81\x8aGM\x00\xd3\xdeU\xe5\
\x06\xc4v.\x87\x87XD\xeb\xc1]\xb6\xc3j>\xdc\
\xa1-W\xb0\x92rK\x90\xd4\x22\xc4h8\xad\x07\x06\
\x9c\xa3\x80]\xec\xedUL\x94\x0b\xe6H\xcd=\xc1\xe3\
\x22\xd0\xefvdGr#\xc2\x06\x90\xb5\x0d\xf5\x85b\
\xed_\xc4Pp\xe3\xed\xa8\xa0_-\x98\xa4\xc1cO\
n\xd3S\xb7\x0f@\xe7\x853k^\x81\x81Zn\xf9\
\xe5\xc1;\x07\xaa\x19\x05D\xd0\x86\xf2\xf8\xb9r\xe5\xcb\
\x97.\x5c\xb9r\xe5\xf0\x9a\x03\xfc\xc5?\xa0yY\x1a\
ER\x0b0\x0e\x19\xb1\xd8\x85~\x1b3XH\xefi\
U]\xbb\xcb8\xba(`fL\x1c+L\xb8\x02\xd4\
-qC\xb3N\xa2\xbd>B\x11\x9aF\x1f\x8b\x93\x9e\
\xf4\x0f\xd8L\x09\xd21\x7f\x15_\x1f}\xf7\xe3\xe2\x7f\
\x0ed\xd6t'\xaeo\x19?\x9e\x95N/>%5\
\xc1\xa8s\xe7\x93yL2\x9d7&L5\x90\x92\x8e\
w\x94\xc2\xef\x9ag\xf6\xe0\x5c\x8c\x87\x0cL\x93\x15\x9a\
5\xaf\x12Po\xb7\x89\x8c\xa9\x81`\xc9\x93&L\x16\
\x87\xeb\xde\x0b\x09\x92\x1a_\x1f\xe9\xc6T\x2212e\
#\xf2\xfe\xd9\x82<\xf4e\xbf\x03\x9a\xcfA[[\x02\
L\xf4\x05\x05\xec\xebNL\x83r?\xf7)\x83\xae}\
\x88\x01\xd3\xb9!\xdb\xdd\xd1\xbc\xac\x1f\xa5\x99\xa1\xb04\
\x8b70\xba9\xb4t\xf8FL\xb4G\xa9\xc3\x02\xc1\
\xe0D\xc8\x8aY\x9a\xbfl\xef\x110<\xa8w\x96\xad\
J\xfe&\x18:G%\x93\x93X\x81\xda\xc0G\xcb\xa2\
s\x9c\x0dGr\xc5$\xe4J\x81\x89\xe0!L\x06H\
[\x89\x1c\x14\x06C\xb3\x0e\xafB\xfe\xb7\x8c'83\
c\x07\x0b\x81\x18,x`<\x01H\xd0\x81\xa9\x06\x93\
\x19^\xe4\xa0_o\x19\xa1\xec%8\xa7X\x8dd<\
gu\x05`\xa1\x86F\xd0$\xdaF12\x117\xa8\
F\x9d\xb7\x17\x06\x82T\x1b\x88O~'\xeb\x13\xc6\xfe\
\xa1Nq\x13\xae\x19u\x83K*\x17\xbdo+\x0eM\
\x5cF\xe2&T\xd1\xca\xb2\xfd\x98\xac\x8e\x0c\x0fy\xea\
\xe3\xacJ\x8e+\xff\x00\x02\xb3n\x8f\xf9*\x19\xb7\x7f\
\xfe\xab\x96\x83\xfe\x00\xba)t\x12\xbf\x8c\x8cICh\
D\xcc\xa9\x22\xf8>\xb5\x1f\x9aa\xdd\x09\x06s\x19\xe9\
\xc2d`\x04\xa2\x15\x98\x91\x8fL\x11\x15\x9c=\xd9\xc6\
5\x15'\xcd\xa2\xb6'3\x9ce\xe9\x11$\x0e\xb3\x83\
\x94F:\x12\xd9\xf3{\xcd\xca\xe4\x0a\x0a\xa1\xfd\x8fY\
\xb5,\xa5>\xb8\xcb\xb0xXK\x8bU\x00\xa5\xbb\x1a\
\xaa\xecLI\x1c\xf0Z\xf0'\x0a\xef!OHOS\
/\xcf\x06\x07\xd2\xf0`\xe9)\xea~\x1cf\xb1\x06\x14\
E\xa6\xd5\xcb\xa9(\xe3^PJ\x8f\xce\x1c#\xcbu\
\xa9>\x0cdv\xa9\x08\xfbq\xa9\xf1\x08\xc1\x13\x1b\x83\
a\xefX\xe2*\x04\x93\x12Cj2\x0b\x8am\xee\x97\
Y%\x19\xb0\xf9nEA;\x0c\x05`]o\x19\xa6\
\xe5\xe33qMe\xc2\xd2\x13\xcc+\xe9\x98\x07\xc4\x84\
\x8bp\x9c6\xab\x89\x80E\xda\x5c\x03\x9czA\xe8\xcd\
k\xc28\xa1\x80*\x8a\x81\x15n\xb7\xa3\x12\xa8ZU\
\x0e\xa9\x88\x1b9\xc0k\x94\x91\xb9\xabM\x8d\x0e)\x04\
\x10\xeawV\xb5\x90!t\x12\x0a\x0d\x07\x88\xc2\xf0!\
\xc5\xb8\x8f\xa9\xceG\x92\xe24x\xe6\xf8V\xb4\xe9\xaf\
\x85\xc3\xd4\x0b;\x0f\xb3\x86/\xf17\xb3\x08\x02\x1e\xef\
&7\xb9\xb3\x1e\xb5z\xc0\xa5\xa0@os\x1f\xa1\xa1\
\xa1\x1e\x86~\xb3\xe8\xc0G\xbd+Jw\xe2F\xde\xf1\
\xa7\xe6\xe3\xa9\xb8\xed&R!\xe6\xfb\xc9\xaa\x95\x0b\xd5\
\x96\xfb\xe3x\xd2\x15\xca\xa8\xbc\xcep-\xf8\xa2N\xf0\
Q\xb64g\xba\xc6\xdaR\x87\xb1\xeb$\xc0\xb0U+\
\xb9\xe3\x9d\x19\x0fy2d\xc9\x9c\x15\xc9\x8dh%O\
sL\xc9\xfc[`(\xf9\xe6\xf2\xe5\xf1{\x5c\xb7\xd5\
\x07\xef#\x9bS\xc4\x9fa\xff\x00\x19`\x0f5\xf0)\
\xd4\x22\xe2E^\x86\xa7\xf2\x97&L\x9912d\xc9\
\x93\xc2\xbcK\x94\xaa\x95r\xb9[\x06H\xa4\x7f90\
\xc8U\x80r\xb8\x92Exk\xf692d\xc9\x93&\
\x19;\xb0P\x5c\x84+\x91\xeb{\xb9\xbb\xf8U\x8e\xbe\
\xf1N\x97}8\x18\xdd\xae\xa9\xe9\xc4v+\xdd&\x15\
\x07is8\xa9(\x22\xe6\xd1\x0dx\xe1r\xb2\xf1\x10\
'\xe7,\x1dq50\x88P\xf8[\x94T0F,\
c\xe3~7\xe6f\x82\x05_\xcf\x1e\xf0\x14U\x02e\
M'\xc9\xc3\x83?\x8d\xd4\xefe\x0e\xc3\x06spF\
\x9f\xa0\xc2'$\xf4\x1e\x80\xe3\x19-\x1b\x15\x8aC\xd2\
\xfb\xcaW\xdd\x1a\xe0\x0c\x93\xcc\xbc\x0c\x88\xed@\x1fX\
X\x0bH\xc5\xd1\xea\xe0\x9b\xb7C\x1fZ\xd0\xfc`n\
%\x04\x8e\xb9)N\xb2\xb6P\x0d\x12E\xd2\x04\xc2\x85\
\xf8\x9a\x1fd\xc9\xd3\x8f\x82\xba*\xa4LT\x08\xa1~\
\xdcf\xb7#\xf0U\x91\xc21\xc2\xbe\xf3\x98\xfcCH\
\xf2a\x1d\x06&\x11\xc9\xb3C\x03\x94v7\x1a_\x93\
\x93\x07\x08\x1aEh\x0e\xd8\xb7\xb9\x84\xedS\x1a\xdc\x0d\
/bc\xd3\xdc\xa1\xa0\x06Z\xa5\x1ff\xb7R\xc0\x89\
\x8d\xa1\xd3/\xbd\xf7\xce\xebc\x80\x94\xcf\x04\xb4-\x1e\
\xf0\xec\xf8\xd8\x04\xa4\x84\xbb\xdd\xcd\xd2g\x8c/*\xb5\
W*\x1d\xf5\xf5\xeb\x12\xb3\xbf\xc6\x00\x8f\x0d\xc6\xd1[\
\xa3\x9b\xd3\x87I\xbd\x81\x81%W}/\xdb\xe8\xc6\xa7\
#\x22Y\x97,\xc7]\xe3:\xff\x00\xf3\x97\x1d2\xff\
\x00\xfb\xaf\x8b\xe6\xb4\xcd(\xf4\xe5\x88\xa8\x00\xdew\x9a\
\x01ij'a\xf3\x8f\xa7'~w\xe9\x9c\xe9}\x13\
\x0ab\x91\xee\xc6\x91\xb3\xcb\x5cz\x9e\xd0\xf3\x1aD&\
\xb5\x8b4\x80\x12\x15\x82\xbd\x1b7nP\xd3k\x84l\
\xe4\xf93\x8b')vf\xd4\x84\x9c(\x14\xde\xf5\x80\
\xb4^\xb4\xaa\xb9=\xae\xdc)\x909]\xd7\xd6\xf5\xd6\
>\xec\x81\xbb~\x0d\xfb\xf7q\x92\x8a\x90\xb5\xef\xbf\x97\
\x0av\xb8\x95\x8e\xdc-\xb0\xc2$vzq\xf45Q\
(\xf4\xf4\x98\x90\x13\x09\xe4\x0e\xfe.8\xbbM2s\
\xa0\xc7\xa8\xe75\x13\xe91\x03lH\xd3\x8e\x047\xcc\
\xbf8\x9e!v6\xe69\xa0\xa5\xdf*s1)1\
\x0d\xee\xbdC(\x7fQ\xd7\xed\xc2&\xca\xbdp\x90V\
\xc4\xdc\xfa\xcb\xd2\x06\x1a~\xe6\x00\xcfE\x15\xfc2k\
!\xf3\xc3J\x1a\xe8\xc8\x1b#f\x07\xa3f\x01h\xf7\
n7t\x09pn\x18x\xe2\xe2\x9aA.\x86\xd5\x8f\
\xb7\xe7\x04\xd9\x95K\x02J\xdbY\xa6=\x98\x0a:H\
\x85\x95\xd61)X\x93Q/\x1a\xc4\x14;\xe6A\xab\
\xa0<\xe1S\xc1.\xd3u'\xe1&P^\x11td\
\xb9\x03\x19S\xdb2\xc4S\x1a\xd18\x98\x8cE:\x8e\
q\x08\xdb\x03\x0a\xe7\xa4;~\x8c\x0bDB\x07=\x8e\
\x0a\x97[b\x93\xe6\xe6\x98P\x841\x0e\x16\x82Q\x9e\
\xde\x97\x18:\xca\x8b\x86\xb7;\xc9\xf4~\x1e\x19\x15p\
\x8d\xc6\x84r\xc1\xe7\x1e\x81\xfb\xc0\xd3\xf8\xd9 \xac\xd4\
.\xfdb\x1c\x99dy\xb4\xd2\x96\x19w\xb1!\xb5\xf1\
\x9f}J\x10i\xcc\x9a\xeb\x09&\x80\x89\x0f\x8b\x88\x92\
\xa2\x88\x987\xb3\xb66Q\xda\x5c`\xc4n\xe9\xe0\x03\
\xc7\xab\xfc!\x12\x17d\xf8\xbeC1\x83\x9a\xea\x92\x8a\
\x82\xf81\x91JU^U\xcb\xe2\xe3\xa8\xb3\x07\xbd_\
\xa78\x04DQDt\x8eRsk\xf0\xdck\xc2\x18\
-\xa2\xbe\xe7\xf3q^\x0f\x835\x8dV\x14&\x1c\xd4\
\xcb\xee\x95W7\xa1\xc8\xd9>8\xdf\xa7\x185\xf62\
\xff\x00\x1f\xbd_\x81\xc5:(\xa1\x85\xba\x8a\xb1\xa8\x0d\
{,\xae6\xba\x0fyL\xee\x98'\xfe@\xcd@f\
H\xe7S\xfc\x00\xc9\x86hgw\xcd2@\xa3\xecM\
\x98\x9a\x84{q\xf7\x94\xf7^4\xc9B^*`\x93\
Y\xeb\x19\xa2A\x19\xad\x7f\x8c\xdd\xb99_\xfa^\xb0\
f\x84<K\x853Q\x8d\xc2\x87\x94=\x1f\x8b\x85k\
\xbf\xb2\xf3\xf7\x92X\x8d8\xdel\xc3R\xb9~l1\
\x14\x8b\xd6W\xaf\x11-\x9a]\x0e\xcf\x97\xe3+\xc6\xf2\
\x90\x03_\xd6\xe0wI\x15\xd0\xd2\x01a\xeb\x1a\x8dH\
\x08<l\xecp\x9e\xac\xde\xd5\xe8\x0d\xe7\x12\xea\xe4D\
\x9aX\xfbs\x86X\x02\x9b\xbaL\xbei\x88\xc5\xf5\xbe\
\xbd\x8e2A\xa4C|\xdcBb\x80\xd2\xed\xc2Rk\
H\xbd\x0d\xe4n\xde\x8eQ\xca\xa8\xcf\x9c\x88N\x0b\xab\
\xd3\xea\xa6>\xac\x85\xdf\x17\x05A\xb6\x92\xe3\xc1I\x5c\
\x0b\x10\xae\x82!(\x17|\xa6\x83/\xfe\xe4&\xd2\xf0\
S\x0b\x8b\x0c\xe5\xbb\xd5\xe7\x19\xc6\x87E\xa3\x90\xae\x0c\
\xd4\x02\xbc\xd8\xd51\x18\x9bf\x9aD\xbd\xceC\x04M\
\x02\xb4oN\x00\xe0\xa4\x98\xe1Q\xa1\xe68.\x82D\
\x00p\xa3\x96\xe4To\xeb\xb9\xcap\x12\xf5\x95\x0d\x94\
\xf8#\x95\xa4\xcd\xa2\xc7\xc3\xa7\x9b\x9a\xdbu\x117\x8d\
\x9c\xaeHzx\xb5\xfc\xe3\xa5Y\xd9\xadnf\x81\xc7\
\x1b\xe1\xec\xe2\x09t\xae\xd3\xeb\xc5:U\xd4\xc7\xd1w\
\xceK\xb9\xe4\xb8\xc4\x91(\xac1\xa7\x83\xf1\x8dW\xfc\
\x9c\xe7\x84\xf4f\xe9\x1e\x9af\xbc\xc8_j^\x5c\xcc\
\xb5\xaa\x83\xf0\x913z/\x1f\xca\x7f\xf8\x13\xff\x00\xc8\
O\xf9\x13'\xfcf\xe0@5\xc2\x7f\x8fg\x80\xb82\
\xe3R\x8d\x19\xd8\xff\x00$=\xdd\xdc\x049\x86\xfd\xc7\
\x1av\xe9E(\xf5\xf5\x94\x14\x1cCA2\x8d\x1c\xc6\
d\xc3\xa0Z!\xc6\xbb\x1f\x0a\xe8w\xd6j\x11\x03\xb6\
L\x80\x8eh\xfd\x99`\x8a\x82\x0e\x8b\xed\xc5a2\x9b\
\xeb\xf1\x89&9m\xe9\xd9\xfb\xcb^\x07\x93Y\x07.\
\xee`\xf7\xe0&\xfd\x1c0j\x10\xc0$\x15\x0ap\x04\
p\x12\xc4\xf7\x1aL9[{T\xdb\xae8p\xf4E\
\xb7\xc3\x19\x98\xab\xc2\x9c\xe4)\xdb}\xe2\xf1\x02*S\
\xc2\xd3\x9b\x9e\x15\xba\x81\xea'\x06DU\xde\xf3\xf1\xbc\
\xe2\x82\x98\xc3\x0f\x07\xd3:\xfc5\x9b\x07\xba?QL\
\xad\x8e\xebK\x9c(]GX\x08\xa7\xb5o\x04\x890\
V>\xaf\xd3\x97\x81@\xf8\x16S\xeb5\xeb\xc0\xb2c\
w\x00\x08\x1a\x85?\xbe\x04js\x0f\xeffU{P\
p}\xb8Hw`\xcd\xe4d\x0e\xe4c\x85\xb6\x99G\
cz\x9c\x98\x98@p\xb6\x1e\xf5\x86\x08\xd4\xb8\xa2l\
\xd9\xb9\x83\x1f\xa2\x86=\x8b\xa4\xc6\xc51\xa5PC\xde\
3\xb2<\xf7\xf9\x1c\x9f\xc9\x0f\x17yS\xe8E\xbf\xd3\
\x18I\x02\xec\xd3X8\xba\xec\x115\x96\xab`\xdd\xb7\
\xb6\xdc\xd6\x11\xa9p5\xbc\x19V4:\xfd.>\xa7\
\x1e\xfb3\xac\x5cg\xa3\xd8\xdf\x18\x10^\x13n-\xa9\
\xd4w2i\xeb\xd3\x81\xf0\x04Z\xedCH\x9f\x1f\x18\
+\x1d}\xe2i\x1b\xcb\xa3\x84-|\x1f_\xc7\xeb\x1a\
-\x04\xa0\xf2&;\xb3\xefO\xe9c\x970\x02\x8f\xc3\
\x97.r=\xb5=\xdc\xe6\xe5\xc1\x8c4?\x90\xc9\xe6\
A\xc7\xa3\xd7;7y\xd3\xd7\x88\x82~.\xf0\x14\xe4\
\xf4a\x00\x8f\xb9\x9e\xcb\xfa\xf1\x8eDlF0Q\xba\
\xed\xe0\xf4f\x8e\x8d\x01\xdc\xcb\xc3)\x03\xb7B\x9b\xc3\
\xab5\xce\xe6\x04!\xf8\x8cp\xad\x01v\xfd)\x8a\xd0\
a\x15\x15@s\xbe\xf9\xc1%\x05#d\xc4\xf5\xa2\x8a\
:M\xe6\xe4\xc8&\xb1\x19dC\x07\xf3\x82d\x10\xf8\
\x10n\xb3\xbc#\x05Tj\xbe\x8fn<B\x1c2O\
yJC\xbef\xb2n\x93\xb5\xe1\x02>\xe4\xcf\xc3\x8d\
\x15\x0dJ\x8e,c\x03D_KN\x0d2E;\xdf\
\x18~\xc9\x91\x15\xf4\xe2\xe9\x1d\x86\xce2#1\x00\x8e\
9w\x08\xeb\x0a\x1b\x1d\x83b3\x14\x14\xd7KD\x01\
c\xac\xa5\x08U%\x05\x14\xca\x8b\x10\xe5\x0f\x0f\xad\x5c\
~6>XA\xf1f.3\x04\x11PR\x11\x0b\x8d\
\xb4z@\xb2\x97Y\x1dU\xdd\x15\x88\x03\x1b\xca\xc7M\
\xc2\xa5\xb1\xaa\xafh\xd1\xb9,\x84h\x09\xae\x81\xec\xc2\
I\x80q'\xd1\xc6JE\x9e\xce~\xa1\x91%4\xb5\
W\xbeB\x01+\xae\xd9\x0c@2\xa0\x8dB\xf0\x1bp\
N\xd7\xe5\x03\xbb>\x98D\xd8\xb3l\xddV\xd8\x10[\
\x8a\x9b\x9e\xc6\x11q\x12L\x06}\xf7\x82\xe2\x01\x09'\
b.2\xc0\x12\x84\x1a\x1f(L\x15_V\xb2{7\
\x88k\x00\xe8\xcaR-\x13\x99\xacYu\xd0\xd2\xa5^\
\x10Z)\xac\xdc\x9d\x1d8\xcf:\x892~\x87\xc3\x93\
'j\xaa\xc7\xb6j\xce\xfe\x01\x8d\xeb\x04:N\xfb\xba\
\x05\x80\x16\xb83S\x93E\x00\xa7Q\xdd\xc7\x974\xb8\
\xcd\xd6\xf1$k\x95\xae\x94\x09y\xb8\x08ikG\x09\
\xe8;\x1c\xdb\x14 \xef\x81\xd9\xeb\x1c\xfb\x13\xb4\x0f\x19\
}\x18\xc2;\x9d\x18\xd4k\xa7\x8b\xc7\xc6\x0e\xea_\x1a\
\xba]?\x8f\x9f\x14\xe00\xec\xa7o\x97\x0f\xda\x02\x99\
\xde\xe5\xe7\xc6\xc2\xf6\x84\xe5WC\x8d\xe5\xb8R\x83\x92\
\x7f5\xa2\x1b?_\xf0{\xff\x00\x9e\x7f\xfb\xd3\xff\x00\
\xcc\xaa\x0f\x5cy)\x8a=\xf0\x0cyC\x9c\x08\xad?\
\xdfK\x93\x80\x22mh\xd5\xc0\x90\x09\xd6\xb5\xf7\xef\x03\
x}\xca?\x8cVQX\xe9\xecN0>\xa9i\xf4\
\xae\x16C\xfa\x0d\xb8\xb2$3d\xc4D]1:O\
x\xd0\x17\xb3\x1a\xae#\xb5\x8d\x86\x1c\x9c\x18>\x02a\
\x8f\x81\x5cgq\xba\xb8\x99v\x804_\x88\xd7/j\
\x19\x19\xb0\xaa\x1b\x9c\xdf\x8cF#\xe0\xcc\x93m\x02#\
\x1c8\xe9\xb1L/\x16A\x17&\xa7\xbf\x89\x804b\
\x84\x1e\xf8\xee\xe1\x884R\xf5\xbe\xb0y\x1ap\xdbq\
}\x14r\x95\xc5\xd5\xfd\x96\x02\x02\x07\x1d\xcf\x14f\x02\
\x85\xc9\x96\x02l\xd3\x8fb\x98\x12\x0e\x04Z\x1c\xe1\xa7\
f\xc028i\x19/\xed\xc1\xebZ\xdb\xac\xb6\xf1V\
'\xd8\xe6\xcc\x08s\x14\xdej\x80\xaa\xe7\xd2\x92\xe6\x8e\
\xd6\xf7\xd2\x9c\x19\x03\xec\x0d\xc8n\xf6\xe5s\xc2\x15\xb0\
\xf5\x94\xa2\x94\xa1\x03\xf3\x81\xae\xc1\xd8\xbb\xf7\x9e\xc9 \
v\xf7;\xc2\x1d1\x10\xe3\x9au\x5ck*\x06\x00_\
\x97\x15<I\xdd}\xf3\x8115\x08\xb7\xdc\xd2\xe7Q\
.o\xb99\xc0\xab\x96\x8d\x11\xd1}\x9e\xb1\x7f6\xc3\
N\xb3|cj`\xfa\x1fY^\x0c\xafl\x9c\x0eO\
\x81\xeb\xe8\x8d\xf5S\xfd\xe3#)\xeao\xe9r\xeeH\
\xde?\xb6\xb0\xc4\xfa3\x1e\x0f\xb0\x14\x8a\xd6\xe0\x9f\x87\
\xbf\x0a\xfe\x98\x06\xd1\x8f\xbb\xb9rK\xcfZsc\xb7\
\xdf\xea\x0f\xd6\xf0\x9f\xfc\x04\xcam=\xde\x22L8\x83\
\x7f\x87\x1aA\xf6\xc5\xaax\x89\x0e\xce1\xbd\xff\x00\x9e\
\x12\xe5\x91\x01\xca\xe2\xa3\xb3\xfa\x87\xf5\xc4t%=l\
+3\xa6\xd1\xd6\xafUr\x1d\xe0w\x9ft\xe6\xe1\x88\
:q\x02\x02\x91\xc7\xc2^\x5c\xb5\xbf/\xbb\x9e\x1f\xb6\
)2\x0bz=\x182}\xf6+,b\x010IT\
\x10\xabp\xcd\x1cj\xa0\xebi1=P\xe9\xf0\xf3\xc4\
\xc0`w\xd1S\xf31\xf4c)t\xe15Wz\xc8\
\x01c\xb2\x88\xfe\x9cQ\x1f\x84P/Etc\xc2\xfd\
hF\xa4\x93\x18\xad'0x\x96\xa2|bV\xc2\x0a\
JZR]\x81\x1c\x22G\xf9M\xc8\xae\xd9e\xa4\x89\
\x80\xf9pD@\x0f\x08z\x9b\xc6\x9b\xaa+\x15\xad\xde\
_\xbcq \xe9\x8f\xa8\xc0\xc0\xeb\xa9\x92\x7f\x8c\xc4\xf2\
\xee)0\x16h\xef(\xd6\xc19\x05\xf40q:\xb0\
LM\x94\x07C\x00\x0d\xaa\x09Q\xee\xea\xe3@\xa6\x04\
T\x10K\xde\xf0\xack\x5c\xfe\x84\x06\x9c\x01+\xd8+\
\x0d\xb5\x8c\xc0\x9c*\x9a\x8d\x96\x0e\x934\x05[\xe9{\
\xd3\x9aa\x07\xa7\xeb\x03A\xad\x89Aq\x88\xf2\x84\xcf\
N.\x90\x93\xc8\xe8\xb4\xe0\xf0&\x0a$\x9b\x0d\x1a\x80\
\x06\xbdb\xb7\x0b\xc1\xed\xe76\x00~f_SWe\
\xcd{\xf0O5\x91X\xfe\xd38\xe3\x04w\x9c?\xd1\
K\xfaa$\xb5\xa7\xa5&1\xb4\xae_~\x00\xd0\xf7\
a\x1fN\x87y\xa2\x16\x95v\xe7\x01\x11\xb6#\xa0B\
>\x9e\xf2\xb4\x05\x18p_Yf\xcf]\x98\x8d#\xed\
\x8dv\xab\x95\xa9\xff\x00\x00\x86\xc6jy@\xb0U\xd0\
\xf6\xbd\x18\xce\x89B\x90\xddv`\x86\xe5\x11\xfau\xff\
\x00\xe9`TN\x1f\xf8\x01\xb3@|\x8ej\xcb\xab\xc9\
\xff\x00\xf2\xd4U\xe0\x87\xff\x00\x84 \xabJ/\xd9\xc6\
\x1af\x8c\xe6\x17|\xb8.$\x1fGEsC\xdej\
d+\x11N\x8d\x93A\xe8;\xc9\x01\x9c4\xc8\xfe\xc9\
p\x09\x99\xe9\xf8\x8eY\xbb\xee\xb5\xeb\xe3$\xbbAd\
\xe2\xb8;1\x0f\xaa\x99e4\x10\x15w\xa3g\xa2f\
\xe2\x18F\x14p\xa4\xd5\xf7\x84\x05\xd1(\xf9K\xd6\x01\
\xee.]\xc1\x82''I\x88\xad\xff\x00\xcd\x96}\xe2\
d\xd2\x9b\x22'\x22<>\x1d\xc8X\xa5U\xd4\xf8\xde\
#\xa8u?\xb1\xc4\xad\xaf:,(\xd3\xb0\xbb\xf7\xb9\
\x92\xa3`4\xa7\xd5\xb7\x11\x7f\x8aB\xf0\xa9\xeb\x17\xa0\
\xeb~.;f\x83\x0a\xdc\x84Q\xf8vb\x10\x12F\
u\x86^\xbd:\xe3\x00Sm\xa2c\xc8\xfc\xf9W\xe7\
\x0d\x0eD\xa4\xf4\x86B\x004\x85\xd7\x04r\x11\xf0\xc8\
\xfaqM\x8f\xed1\x0d \x09vh\xc8\xbb\xf7\xa0\x07\
\xe68J\xf8\xcd4&\xe1\x82\xa4p#N\x03hn\
\x82\xbe\x8a\xd6#G\x9dV\x0b\xa8\x1a\xc7-L&o\
\x00\xb4\xc7\x84\xc7p\x8fi\xc0\x16\x06!\x03\xda\xb0F\
\x97N5\xd9LW5\xa9\xb5?\x10\xdfS/\x8ci\
\x0d\xb9\xcc\x83g\xa6\x14\xedtm\x0d3e\xe0\xc2\x97\
Zcc\x91:r\x9c\x0c@\x07\xc6T\xe58\x1c`\
\xa5:\xd5E\x03\xeb\x17\x9c;\x09\x07~\xf0e\xd4\xa6\
\xbc\x06\x14\x8a\x5c-\xe6\xf2\x0e\x1c4\x83\x84sD\x0a\
\xa0\x9fC\x00B\x94\x0et\x99\x04\x0e8\x06B\xfaM\
z;\xc3\xa1\x0aWF\x97\x0b\xaf\x0e\x01\xb3+\xdb\x1e\
\xd1e\xb5\xfd\x0aY\x83\xcaq\x8b\xd7P\xba\x15\x13\xa4\
Tbz\xf3\xf9\x00\x1e\xab\x05\xc1-2-\xaal[\
\xb2\x19\xae\xd2\x8aA\xa1s\x8d\xe1\xd3p\xa3S\xaeR\
\xbc\x89\x8c\x07\xe1\xf4\xa0\xa3\xcac\x05\xa5\x9a\x88\x18\xc0\
\x98h\xe3\x17\xb50\x7f\xc9\xf8\xc4\xd6\x0a\x0d>\xdc\xcb\
\x82Q\x01W\xa1%\xfa\x18\xc4\x993\xc6\xcex\x8d\x15\
\xcaP\x04\x1c\x86\xfc\xd9?\xd8\xa0 \x8c-\xcd\xae\x03\
%\x1cC0<\x83\xb3\x1a\xb8;\x04\x1a\xfe\xael\x88\
\xddp\x1f\x8c9g`\x5c\x12c\x03\xf0\x09\xf3\xd0}\
\xcc&a\xde\xc2W\x5cd\x1c\xdfe\xef\x02:\xf8\x1d\
\xc4\x01\x22\x1b0\xed\xcb\xa2\x0a\xd0\x83\xdez\xed\xbf\xbf\
\x97\xafoX\xf0\xd0@\x0c\xe8\xc1+\x85z\x8a\x19\x8b\
51\x8a$Y\xb7c\xc37\xd8\xc8\xa4\xec\x8e\x01G\
\x06\xff\x00\x15\x09\xc5\xb9aP\x09\xb1R\xfc&Lr\
*\xb0\xf9\x1a\xcf\xc7\x0eE\xec\x0f\x17\x8d\xe6\xac\xa5u\
c\x89+\xad\xa8\xea\x12z\xbc\xe6\x95\x9a\xc6\x02'\x08\
w\x16\x98\x12_\x04\xa0\xf8\xb8\xae\x90\x05\xd7\xa3\x5c\xb9\
\xaa\x8d\xef\xd8\xfczpD\xa8/_'7\x87\xe1U\
?\xaeP\x93\xa4\xbau1*\x06\x87\x94\x93\x0a\xbd\x1c\
.\x8fn\xf2\xa5!D\x95v\xee\xe0l\x0d\xe1S\xd3\
\xe1\xf4h\x87DF\xc7m\x86]Ze],%\x8e\
]\xf3\x83\xeb\xa3.|\xbe\xf2\xcb\x96b}\x9e\x1a\xf0\
\xb2\xf9\xb8\x9d \x8d\xad\xa3K\xf0\x7f\x22\x05-dK\
\xf3\x1f\xe3|\x5c\xb8\xc4\xc2\x00:\x03w\x9f\x8f\xff\x00\
\x13\xb1\x18?\xfc\x17\x0e.\x82\x98`q$\xd1\x19\xb0\
\xff\x00\xfb\x80\x13\xd7\xf1\x09i\xf2p$\xdb\x94\x0f\xeb\
\x84r6\xe93r\x08\xb0O\x5c\x8e\x08\x01\x07\x04\xd0\
m-Tz\xd7x!\xa0\x80D\xb5\xd7\xdc\xc4\xcf\x05\
\x1eY\xc9\xbe\x13\xd6Z\x0c\xa8\x09K\xca\xf0\xceL\xd2\
\x18\x15\x86-\x80\xe3\xd5\x02\xa1\x8at\xcfN\xccE\x8d\
 k\xd5\xaf\xb9\xc67\x12*\x9b\x0ft\xc0\xb8 \x15\
:\x04]d\xe1*!(\x1f[qH5\xea\x87\xb3\
5\xb4{K\xbfi8\xc9\x82\x94\x1f@[\x1co7\
i\xb7y\xb2P\xfa\x00\xd8\x05\xef\x02\xceE4\xea&\
Q\xd6\xcc\x10|\xfb\x02\x1b\xc5\x02\xdf\xa4G\xf1\x83\xed\
\xe9\xf5\x9a\x9d\x17\x18\xe5\x89@\xcfw7S0\xdeb\
4N\xb5\xaa\x0a\xf1z\xcd\xca:\x0d\x84\xc9LJ\xb6\
t\xfb\xdc\xc5SWB5\x9c0S:\xc2\x8a\xf4z\
\x9d\xe7\x0f\xd6\xee?\x0fA\xcb\x84jP\xd0\xf6\xe3\xb8\
\xd2\x95\xd7\xaa\xdd\xc1XH\xa9@\x00\xbb\xb9_\x14$\
\xdf\x84\xb8\x85\xe4+a\x17\xfb\xe6\xedh\x95D\x89\x95\
\x11\xcd\x7f\xb0\xfe\x1d\xbd8\xa0L\x00\xc1:Q\x14e\
\xbc\xd2\xe6\xe2>\x80n\xf0\xe0\x1dIm9\x00\x14D\
.N-,\x9e4\xde\x16\xaf\xa6\x06\xac(\xe5j\x9b\
\xa4\xd3\x8c\x22\x8a\x00\x06\xb7\xbah\xee8\xd6\x15g\xad\
\x16B\xa4A\x91'U\x90y\x80A\xba\x0eq\xda4\
\x16\x10\xd1P\x05\x81u\x882;!8\x07\xa00\x16\
\xe0T\x0d\xf0\x1b{\xb8\x08\x16T\xe4E\xb9I\x80\xf2\
Ln\x04oh\x86\x02\x1b\xb6\xe2PF\xdd\x97\xdd\x91\
\xc8\xe2\xcdi\x81\x86\xc9\xeb-\x89\x03K\x14\xa5_!\
\x94F1\xb3L\x8d3\xa7x\x0a\xb3\xdd\xb8\xc6\x05l\
=a3\x1dQ\xb3\xdc|N\xf7\x94\xd0$\xc9\xbb\x92\
\xddoz\xcd\xdbX; \xddj$q\xbc\xd7\x82&\
\xa1 \x16\xd6\x13\x11\x9e\xe5S?\xc7\xf4\x98u\xf5'\
\xd4;\x04\xef\xcb\xeb\x03\xfe`\xc8:7\x8f\xb0F\xa9\
G\xd3\x8f\x1d\xf8r\x0a @~\xa4\x0a\x9b\xc5\x86R\
\xf2\x95\xa3r0\x1ch\xca5u\xce\xda@\xc8E\xa7\
I&C~\xc0d\xb6T\x17\xb7\x11R\x89\x93\x93M\
\xaa\x94%KXS\x11\xde\xb6\xac\x1b\x0b\xc6\xef9\xdf\
\xaa\x81j\xe9U\x1e\x17\x15\x9d\xa12z\x84.\x8cs\
\x0f\x03;R\xbd\x5c\xab-\xef>T.\x9eHS$\
\xe2@\xda\x11.\xc2\x16\x12\x9a\xf5A\x92\xe8\x01\xb1)\
\xc0\xb7$\xdbX\xad\xd7\x1b\xd2\xe4\x83@1\x07e\x17\
\x93Ba\xcfDY\x99\x22\xf3#\x8d\xd7\xf5\xae\x1d`\
'#\x19\x1eKf\x1c\xa1d\xa9L\x0b\x16\x02U\xd9\
\x1eGl\x7fm\xea\xf7\x86\xbc\xc7\x87\x13aS|\x10\
\xf4\x184\xf2\x8dyn\x9f.\xe9\x82\x81(\x83\x02\x5c\
\x07\x9f*q\x1d%\xdf\xb7\x0e\x95\x9d\xa1U\xf125\
~\x8a\x88\xb2\x8a\x1a\xcfr\x10\xc2ND\x00h\xd6\xbe\
1\x00\xbapu\x94+.\xb6\x19,\xd9\x13\xd65\x1f\
\xc3\x037\x9aRn\xce\xb18\x1c\x5cW\xc5\xce(\xf9\
+U\xdb\x8av\xae\x5cR\xa5\xc5\xc1\xdb\x17\xcc\xff\x00\
\x85|k\xc6\xb0\x7f)\x93\xfe)\xff\x00\xe5MX\xbb\
\xd6z\xd60\x89\xc1@\x8d&\xe8\xff\x00\xfc\xa9\xff\x00\
\x14\xfed\xff\x00\x80S\x85)\x1c\xd7\x9b\xd54\xe9\x09\
\x856\x80\xe3\x83a\x8c\xd5}\xe4\x89M\x97)\xc1F\
o.\xc9\xba\x012\x03\xb2\x8c6c\x92\x02]\x1e\x81\
\xd3\xd8\xca\xefnu\xfd\xf8\xd2.\xa8\x92\xf5\xa7}\x99\
u\xf4\xead\x06\xfebs\x0cfP\xbbC\x83\xce\xb5\
q\x05\xe5@\x80]1\xc1\xdcr\x85y\xea\x87:8\
\xd6H\xe6\x82D/SAp\xf3\x98\xd9\xe9\xa7f\xf1\
\xa0\xad\xaf\xeaa\xb3@\x83\x98w\xd3\x8c\xd7.9\xb0\
\xee\xeb\x18\xc0}q\x9f82\xcdM;\x19\x8ehG\
J\x19\xb8\xae*\xb7$\xf5\xcb\xc62\x98\xd4\x0d\xeb\x7f\
\x18\xb0\xb18\xfb\xcb\xb1\xd0\xd6\xf8\x9e\xb0l)\x08\x07\
Kh\xbc8\x98\x85\x0dJR7\xba\xe2rkc\xcc\
\x0a\xd9E\xe0\xe7f\x8c7A9\x12E\xc4b!\xa7\
\x80\xbf\x0f\x81\xde\x13\xac\x03L\x96\x97\xe5\xbc\x9f\xc9#\
#\xb1?\xd42\xe7\xcaj\x22\x9b\x01\xd0\xc4\xfe\x8dF\
\xb7F\xb5m\xa6\x0b\xe8\x80q\xeaW\x079|P\x10\
\x82\x1a\x8c\x94\x06@){\xd1\x8f\xc4\xc9\x13\x030\x11\
\xde\xf7tva\x932!\x86\xd1\xa8%\x05\x9b\x96\xda\
\xfc\xc0\xb6l\x22\x07Y\x22&\x05\x8a\xbe\x83\x0d\xe7\xa0\
\xbd\xaf1\x04\xafF\x8cq\xfc6\x00\x10\xe2SJ\xcb\
w\x9c\xe8\xc9\xb2\x82\xa4_N\x99\xcf\x18\xda[\x7f\xcf\
\xbc\xd1m\x85\x14=\xfa7s\x9f\x10\x8dxC\xea\xdc\
S\xf7M\x1c\xe5=\xac\xef\xd7\x17)\xb5R\xba\x16\xa8\
\xa9xu\xc9\x97\xd7\xeb\xf5\x87T\xc9;\x10\x1f\xb0\xe1\
z\x01vbC\x1d$\xd3\xfd\x1c\x15[\x0a\xa8-V\
\xe9k\xeb\x07#\xd0\xaeA8/xw\xaa\x8f\x8dl\
\xdf*\xc3\xf4\x95f]\xa2\xf2Xa\xa6ei\xb2\xbe\
\xea\xe2\x98]\x8e\xf8O\x97E\xa6\xdc4\xd9PP\x87\
b9/\xf1\x16i\xa6\x14*\x8e\x1cm\x82i1k\
Qh.q\x06\xf6 C\x04X\xfc\x8e]i\x9a\xf9\
-\x87\xa3\x02\xda\x95j\x88$p\x1a\xad`\x95Z\x84\
\x94P\x8bC\xb0\xc1\x0a e\x9a\xd7~@k\x02y\
\xe6A\xcdK\x09\xd11\x93\x11P2\x92\xa0\xe3\x0dE\
\x80,*\xa3M\xb4+\x8a\xd6\xce\x14\xa1\x05E\x89\xc2\
\x8eCa\xb6:\xdd\xe0\xdb\xdb\x9ae\x1d\xdb\x9a\x0a1\
\xc6\x9b\x91\x9cQ\x99\xa6\x96\xff\x00\x079\x1d\xdbkQ\
\xb2\xbdq\x1df\xc1:B%\x9b\xab\xf2qR\x9d\x87\
\x14`\xfc\xb9\x01\xa2\xc3rB\xe8 \x9d\xa61\x07\x0d\
\xb3I]\xfc\x9e\x1d\x97\x81\xa8=\x17\x83\xc0\xb0u\x03\
=\x9f\xbc\x97\xbf\x17\xa0olp\xc7S\x00\x00\x12\x0a\
.\x99\xce\x02BX\xbe{Tt\xebx\x83<Ri\
~pi\xdd\x08\xe5UN\x18\xa8\xc4aG\x80\x8d\xa4\
s\xb0\xc5\xb59\xb4Nz\x07\xa3\xbf\x0dD,r3\
\x9f\x8c\x80\xc0\xfa\xb6\x86\xaf\xb5\xca\xab:A}U\xd9\
\x8b=x\x5cm\xcb\xfc\x00t`I\xbe|\xb5\x17\x9f\
\xe1\x1f\x1c\xff\x00\xc2\x9eg\xf0\xbf\xff\x00\xac\x05\x97\xf8\
\x8f\xfc?8\x8e-\xd6\xb7\x9f\xc7\x87\x026'\xc9\x95\
4(\x8e\x0f\xc6_.\x9b\x96t\x07\xed\x9c\xe2\xe4\xb8\
09G\xb5kH\xb1C.\x04\x09a\xe7\x12\x07x\
\xf0\xbb\xae\x08\xbc\xc1\xdb\x0bLx\xbcp\x8b\xaa\xf9\xc1\
T\x8d\xa0T\x1a\xc4\x11\xa8\x22\xbc\x9c-J\xa5\x5c\x8d\
\x94A\x0d\x16hx\xc1\xef\xd2\x06\x94|*\xe3S\x05\
\xb3+z\xcfO\x08\x09\xf2?I\x8c*v\xaa\xd5r\
\x85\x0d\xde\xe6R\x02\x97\x93.h4\xde0\x08uU\
S\x93\xaf\xde[\xb0\xe3\x01\x07\x9e\x81\xef\xab\x85\xda\x03\
DH(W\x05I\x80\x95z\x0cQ\xc7x\xbc\x84u\
C\xef\xdej\xbbv\x94\xd9\xa6x\x0b\xd9\xfe\xf0\xb0s\
\x918S\x95YT6\xf5OE\x9a\xbe.\x5cz\xdd\
\xf1y\x05\x8e!u\xc3Y\x17\x98\xeec\xcesm\xc4\
!\x1e\xbci\xc9Q\xc8\x1b\x17\xd5\xcb\x0b@\x1f\x00C\
\x0e\xa0\x8dBh!g/\xb78\xbb\x0d$Q\x0f5\
\xd68\xea\xf2\xaa\xe6\xe8\x96\xbe\x8f\xa9\x8b\x8d\x06\xa6\x5c\
\xb9r\xe3\xd3\xf3\xdc\xa3O\x8e}p\xbbfR\xb9\xf4\
\xbc\xf8\xb9pY\x8f\x1f\xc3\x5c\x5c \x90\xcb\x89\x02(\
\x9c&_\x17\x04\xb460y#\xcf\x9b\x97\xfe\x19\x91\
\xe0\xb5\xe5?\xe2_\xff\x00\x9c\xc1\x9a\xd8\x07I\x1e\x7f\
\xff\x00\x08\x5c\xb9|\xdc\xb9r\xe5\xcb\x97.\x5c\xb9\x7f\
\x8d\xf3\xac\xbeh\x00\xbb\xd3\xf3\xe2\xf9/:\xfe\x17\xf8\
5\x1a\xfb;\xf1r\xe2\xb9r\x1a\xa5\xc2\xed\xfd\xe2\xf3\
,\xc9\xabNg\xce_\x17\x11\x03\xc1g\xe5\xbe7Z\
gy\x7f\xfc\xa5\xf3\xc7\x85\xce\x86\x93\xce\x8cB\x06\x8a\
\x06\x9a\xfe%S\x0aV\x1f\xc1VW\xf8_\xe1\x7f\x86\
\xf2\x7f\xc9\x7f\x85\xff\x00\x8a\xff\x00\xf8W\xfc\xe9(\xff\
\x00\xfb\xcb\xfc\x07\xfe;\xe2\xe5\xcb\x97.\x5c\xb9|\x5c\
\xb9r\xf9\xb9r\xff\x00\x0b\xff\x00)r\xe5\xff\x00\xf1\
\xaf\xf0\xbf\xc6\xff\x00\xc1\xf9\xfe\x10{\x0f\xbf\xf9\x89\x84\
\x10\x0f\x99\x9c_\x13\xf8BZ[\xc7\xc4\xfe\x17-\xfe\
7\xff\x00\xc7\x7f\xfe\x1f%\xeaD\xf2-\x9c\xcf\x9f\xff\
\x00\xbe\x0f\x9b\xfc.\x5c\xb9\x7f\x95\xcb\xfc\xae\x5c\xbe.\
_\x17\xfe\x0b\xfcn\x5c\xbf\xc6\x7f\x14y\xf6\xf3\xf9\xc4\
gJ\xed\xf8\xcfD~\x9d\xe5\xfe+\xfc\xa6+\x0aV\
Y\xe0\x89W\x00\xf6\xb9B\x8f\x06`>\xb3P\xa6\x92\
\x9e~/\x95\xca#\xf0<w\xf8{\x98\xd1\xa4\xc1=\
\x8c\xbc\xe7\xeb%\xcb\x97\xc78\xbcy\xd3\xcbL\x8fx\
\xb9r\xe5\xc5\xac\xb9|n\x1c7\x97-\xff\x00\xf2\xdf\
\xff\x00\xb2h\x18\xd2\x83\xeed\x95O\xae\xf2p\x85^\
d4G\xbb\xff\x00<\xf0\x13O\xfc(\xd10\xae\xb8\
\x0e\xdf-P\xb0_\xc1\xe1\x0d\x87h\xff\x00\x06\xcf+\
\xc8\xf9^n/\x06\xfb\xf3r\xdd\x18'v\xc6\xe8\xe2\
\xf2\xe9>xsR\xc1OE\xe9=\xe2\x1c\x9f\x17\x08\
\x83\x02\xf32\xe6\xb2r\x0dY\x22n\xad\x8cv\x06Y\
\xca\xf1\x13\xfc\x8ei\xcb\xb4\x04G\xa9p\x8c\x81\xd1\x84\
4\x1a\x8a\xe0S\xbaA\xa1\x1b\x1c\x00\x9f\x05r\x1b\x86\
\x10\x0d\xbe\xbb\xc7`D\xaedm\x99\xe9\x88\x0d\x83\xd9\
\x9f8D\x1b\xae\xae\xf4\x5c\xb8\x0b\xac\x8e\xfc\xc7\xef\x8d\
\x9b7\x85\x0al\x0a\xb9N>\xfb0^\x07m\xa1\xfd\
\xf2E9\xe5\xe9\xfa\xc8\xf6`\x80\xec\x05\xde\xfe\xd9\xd4\
\xa1\xa6\xaf\xb2\xe6\xe0\xab*w\x1e\xcf\x7f9\x1c\xa7\x82\
h\x9a\x0d9\xc7KI\x97\x0d\x05D\xb7S\xd2rd\
\xebZ\x87>\xe4\xdfF=\xae\xf8\x17\x82\x8fZq\x80\
\x11\xaa\xf9tzW\x05Z\xcc:g\x22\xf5\xac\x03\x81\
\x01D8\xc9\xe8\xdbr\x88\x166%\xe8w;\xce\x99\
+\x80\xf0\x9c\x86pQ\x1590\x0e\xd6&\xbeI\x88\
\xed\x98I\xff\x00\x0b\xe6\xa28\xed\xd6NP\x94\xe5\xbe\
&6\xf7\xae\x82f\x81El\xd738 \x80\xa2\x10\
/Q\xc0-\xdb\x87D\xd0{\xc0\x92\x14\x8d\x88\x94r\
%\xc7paJ\x04\xb1\xac+\xf1\x9e\xc2)\xacH7\
\x90=\xe3m\xf8\xc8]\xb4\xbc\x1e\xfd\x83\x85\xc1\xe2K\
\xb2\x83\x98\x05\x5c;&\xd5\xd1W\xa9\xeb\x18\xd6o\x7f\
\x05\x1e];:\xc8\xd0\x8a\x9aZ\xaf\x08\xf7\xac\xb7\xb7\
\xb5\x8aK)\x0e=\xe00\xb40(\xd2_x\x82\x11\
\xa7#DH\xaa\xc1\xd9\x9c\xb41Y\xbbKA\x89i\
e\xa9\xda\x1e\x98\x82\x1b\xc0\xdd\xa2Ad\xc2*\x1c\xda\
$\x1dzK\x9ar\xa0\x17K\xfaM\xe1M\x92\x09\x14\
V\x1b\xc1\x82\xae\x876\x8d;2\xa4\xd3\x816\x8d?\
\x93\x14\x83\xda\xe7~\xf2A\xa1\xaa\xc5\xac\xd6+v\x00\
k\xb7a\x82\xefs\xa5\x8e\xd0S\x07\xc6\x89\x96\x0d\x14\
\xcdo4\x09\xc6\xb8\xc9;\x97\xb8o6?\xd6<\xa7\
\x09\x08c\x00\x1d\x04\xd6\xc4\xae\xf9\xc2\xd8\xf4\x02\xc1\xaa\
\xfce\x8a\xb0\x89\xd9b\x9ded\x0c\x8a\x8b\x97_\x1c\
gi\x9e\x0f\xbe?\xb7\x82\x8ep\xc8\xa0\xef\x8e2L\
\xc0\x8bR7\xf3s\xe4\xc8\xecpUN\x8b\x97\x9fl\
\xfb9r\xe5\xcb\x97\xbf\x11\xcb\xfc.\x5c\xb9|\xdc\xbe\
/\x8b\xff\x00\xf3\x84\xef\xf8\x09\xff\x004\x1dl\xd7\xe7\
\xf8S\x17\xecc\xff\x00\x07\xad\x7f\x1b\x9fo\xe3\x14\xbd\
h\xf6\xe6\xe7~\x1c\xf3\xc6\xfcW\xdb\xfc\x18\x12G\xb2\
\x9f\xc4PU{r\xe5\xcb\x97/\x84\xefX\xbc+\xd6\
(\xe5\x1f\x84\xcb\xf1-\xd1\x8bSk\xc6\xb9pq\xac\
yA\xc6\x0e'\xfas\x84\xe5\xb2\x88\x7fG\xbcB\xf6\
\xe3Bf\x81.\x06\xeb\xb5\xb8\xd1\xedh\xf1\xec\xeb\x08\
\xe9\xde\x9au\xd9\xbe\x86A\x1b\xdc\x1dA\xbb\xa2\xfd8\
t\x09`q=a\x1b\xb3\xe3&\x8d\x80\xa1\xb0t\xb8\
\xbe\xeb\xd7\xe1\xe2\xeb\x14\x08\x8f)\xa0\xeb\xed\xc9U\xb7\
\xb08b\x8d\xdbF\xb8\xca\x014j\x86\xfe7\x84%\
\xb4WbM\x9dd\xee\xdd\xba3_.{U\xbb\xa3\
6\x8c9\x8e\x86\xe7\xad\x80\x01\xb1\xe0\x86rR\xe4\xbc\
9%U^&(Mq\xe5\x06\xf0\xe6\xa4\xed\xba\xbc\
\xd9\x8dD\x11\x17\x93\x1bD\xed\x1e\xa9\xdf&R\x1fe\
\xaa\xcemQ\xbcf\xfc\x98\xa5\x10\xc8\xefh\xb9\x7f\xe1\
9 \xf4\xfc\xe7\xcd\x00)Xo\xb3\x81\xe5\xa9RE\
\xbd@ve\xec\xcc\x05!\xa94b\x08\x85\x0e\x83z\
Vz\xe00y\x99\x5cg\xd31\x04\x18m\x9f|\xa3\
,|\xde\x99*\x0f9\xc72\x82\x81lld\x97C\
\x97\x12\xc4s\xc3\x88\xbe\x9c\x06\x00/\xa6\xc6\x1c\xce\xa8\
\x8f\xdc\x14\xfc\xb9\x1dM\x8a\x83\xbb\xf6\x87E\x97\xeel\
^\xc0\x05J\xbaaC@Fr\xaba\x027\x87X\
n5\xc5W?W\x0a\x1d\xc1\x00\xf2\xf7}\x86(#\
?r\x13\xe3(HI\xb3?y\xb1\x18\xce\x1b\x84\xad\
\x07\xbcr\x04\x08V\xa3vIO\x178\x8f$\x03@\
\xa9\xc3\xfa\x83!SN\x854\xf4\xfa\xc1\xa1\xa2\xd7\xd1\
\xc5\xd5[u\x89!\xd2*`\x12D!\xc2&\x00\xaa\
\xdc\xf8\xc6\xc7\x12\xac\xec`\x9f@\xd0\xe2\xf4\xf4&<\
Ay\xf0\xcdY:\x96\x83z\x1ff\xdaq\x84\xa0C\
\x08\x81\xbc,^\xc2\x06\xf6\x8e\xc6\x8c\x084\xf6\x8bh\
#\x17\x9c\xf9=\xe0F\xd2p3\x8c\xdbt(\xa5J\
\xf4\xc6\xb0L\x03\x80t\xe8\xd7\xd0\x0c\xa1\x14\xda\xe0\x98\
\x97\x07\x22\xa2\xe2\x1d\xb7v\x9a\x00U\xde\xf1%]\x11\
iy\x1d\x87\x97\x19\xaf\x04L\x1b\x06\x90\xbbQ\xcdD\
\xa1h\xb2\x85\xe8\x1ca\xa9\x06*\x22\xa7\xa6a\x06\x86\
D@tV\xdd\xf2f\x8d\x99x\x22 4\xf7\x84\xdb\
\x0a\x19uHj3\x02\x09wk\x06\xc7\xa5\xc3\x07\x80\
9-\xfb-\xd7$\x92\x02\x88\x02i\x16\x1aN\x1c\x22\
Z@\xb8A\xa2\xa0\xec3\x1bJ`\x0a\xea\xd3\xe8\x97\
\xac\x0a\x92\xe8\x13su\xdb\xd0\xce@\xe8\x1c\xd1\xf5\xc1\
k\xc2\x80E\xa2\xd9\xc3\x93\xd5\xd2\xd8$\xa5\x9c\x066\
\x09\xedM\xea\x1ca\xe9 \x88\xa6\xe8}\x92\xcc\x0e\x1b\
\xad\xe0;\xa4n8\xadY<\x8f?\xdf(\x8e\xf5\x9e\
\xc8J\x5c|\x86\xf4\xd2\x89\xe9=c\x1a\xccF\xe8z\
2\x83\x95bs\xfeC\x80(\x8b\x0a\x9a}\xa9\x8c\xa9\
\xb44h\xe7l\xda\xea=`\xd7Tf\x02\x9a\xd7w\
\x08\xc3Z%\xf4\xe5iY\xf7\x95\xf3\x9b\x0cc)\x97\
\xe39\xb3\x14\xdeWL\xdeoheI\xaf\x0b\xca\xe5\
\xe5r\xe1\xe4\xeb.\x5c\xb9r\xe5\xfe\x11\x8c`I\xb7\
\xeb\xce\x86\x9fk\x8cH47\xf3\x94\x8d{\xdeG\x06\
D\xce&k\xdf\xff\x00\xe0/\x9e\x9f\xcf\xda\x9f\xf0\x5c\
\xb9r\xf9.\x5c1zB\xa1\xbf\x9c/[\x87K\xd1\
0\x0d\xa1\x0e\x11\xda\xb3\x10R\x19\xd9\xc6@\x0b\x99\xd4\
j\xec\xc0\xb0\x8a!7Emr\xe3K\x09c\xd5\xeb\
{~1\xb8R\x03\x8ah\x05\xcb\x91\x13\xe7\x81\x17F\
?8\x03Ou\xe4\x047 \xcb\xb8\x8b\x8a\xc1q$\
\x03\xcd\x1c&\x80\xdf\xbcU\x87y\xad\xb8\xe6\x88\xa1\xb2\
9s\x80JB\xef\x00\xb3\xa5\xafx\xc4\xbf\x8c\xc86\
\x03\x95\x91\xc1\xf6?G\xfb\xc4U\xe3,\xef+t\x86\
\xf5\xbfY\x5ciR\xb5\xb9k\xcb\xda\xb1\xcb\xc1\xf6b\
siR\xb5\x0e\xf0D_\x8e\xf5\xf8\x19j\x0c/:\
\xc8B\xb2\x1c\x7fL=\xae+\xa9\x9a\x09\xeb\x81\xc1\x97\
,\xad#B\xf6\xeb\x02\x0e\xc7\x05p@-L\xd8\xe7\
h4\x042q\xedx\xc4\x9a\x9a7\xac\xaa+Ej\
\x0e9\x03T=z\xc3\xf4\x80\xfc\x18\x04M\xc5\xe06\
\x95\x04\xbbM.7\x84\x8a&\xd0\x17\x9c\xf8\x84\xcaE\
\xd7+n\x16\xe6]{t\xd4\xe4i\xc2\x01p\xe3\xc2\
_LL}\x16\x06\xc0l=\x99[V\xc2\x1b\xe1:\
15\x19\xa4\x98u\xbcG\xa1\xafq>N\x1e\xb2\xb1\
hUIL>B\xe3\xb3B6\x1b\xe9Y\x857\x0e\
\xd6\xd5c\x93\x925\xa7\xf6H\x14\xf4`@\x04\x9b\xea\
!\x97LO\x90B\xca\xf2j\xd2\xc2\xef\x05\xa8\xea\xce\
\x95\xcc\xe5\xd9\xeb#s%=\xe3\xd7\xb0\x98)\xc7\xb5\
\x11q\x89\xb2\xa0\xeb\x08+\x88\x11\x88a\x05kN\xf3\
\xd34/T\x0a\x00n\xf2\x0e\xf1\xe3\xbb\xbal\xd4\xea\
\x99L\xfd\xc5\x82\xc7\x7f\xa8\xcb\x7f\x1bE\x06\xee\xf3\xbc\
\x16\xf9[y\xe5\x9e\x92c\x82\xe4\x0d\x00\xf0\x06\x17N\
\xe4[\x8f+\xf7\x84Q\x94=f\xa1\xf1\x8c\xa9\x10\x05\
Xs^I\x84\xbf\x02\xbb\x1ea\xf5\x85\x002,6\
\xbcl\x1d\xb8$\xc0\x11\x17\x90x\xe12\xe4#m|\
qp\xa0\xd6\x08gW]\xf5\x8e\xa5x,7\xf0N\
^c\xc4\x09x\x03\xdd\xed3{\xed\x12B!\x01\x17\
\xbf\x9c\x13\x1a%\xc5z\x95r\x9dk4\xe1\x11\xe0\x9c\
`\xa1\xd9\x09\xa3\xdf\xb7\x09gm$\xd7\x16;\xa3\x86\
=`\x87\xd0\xed,7\xd6zmB\xef\x5c\x065\x00\
r\xee\x22$\x0e\x19\xc95\xe6P\xe5\xf6\xf9\xcb\xed\xa3\
\xbfi\xads\xef$\x00S\x8e\x9b\x90\x09\x1c\xbb\xd0\xbc\
`l\x0dr\xbf\x87\xa7\x00\xc6\xfd\x053B\x02\xd6\x01\
\xd2\x17Yi\xda5\x86\x9ayOYx\xbe\x81\x0fD\
\xe80\xfa\x14\x8c\x16\xf0FG8\xcf\x9boSos\
$\x07\xe7\xac\xad\xd8n\xf1\xa63J\x01\xcf\xb2\xb8\x9b\
OL\xe4\xfa\xd1\x9d\xe2o\x02=tSI\xcfX\x04\
\x9f\xabP1\xb5j\xb5\x95\x02D\x15\xbd\x04\x10\xc4T\
\x020\xe99=\x99XD\xd9\xce\xb9r\xedeSQ\
\xcb\xac\xa1\x92!\xef*9(8\x94+\xce\x0c\xc7\x1c\
\xa3\x8b\x14\xe8\xd2S\xf3\xeb(N\x8f\x1f&\xdaMe\
\xcdL\x85\xd3\x9d\xcd8\xbdO\xcb\x02\xa5`\x9d\x87\xd0\
\xe3\x8c\x0e\xb9\xa4\xeb\xb37\xcd\xca\x88\x8b\xe1e\xcf\xc1\
\xe1~2\x98\xcc\xfd\xe5\xc8\xf7\x91\x08\xe8\x8d\x909\x13\
>\xde\x17\x0c}\xb2\xe6\xcf&Z|\xa1\x8c\xf8\x5c@\
\x15z\x03\xef:\x00\xf1y1\x15\x5cj\x86\xd9\xb6\x19\
exY\xd7aqK9\x11\xf2\x8aDA\xfc.V\
\x7f\xfdu\xff\x00\x86\xff\x00\x08\xcb\x97.\x15\x17\xa7\xf1\
X\xbcA<\xdc|\x04\xef\x22P\xdf\x1e\x9c5\xb2Q\
q[q\x8a\x81\xd8?\x18&\xd1A\xe3\x1a\x0c+\x5c\
\x07X\x8f\x90\xb5\xcb0\xe4\xe10\x18\xcb\x86\x81\x85\xe7\
\x1b\x0b\xdb\xbc\x0c\xd3T\x02\xc7\x93\x16\xf1\xac\xe6\xe8\xcd\
\xd1\x14\x15\x1f\x9bx\xfa\xc3\xaao\x95u2\xe1\xf5$\
(\xfb\x86\xf0t\xa5\x22\xefZ\xf8\xc1\xd2\x97\xe7\x1c-\
<M~\xb3\xe6nt\x0c\xed\xcf\xb0\xf5\x93u\x9d\xb8\
JY\xd1\xb8\x03%\xc6]\xa5\xb5\xf8fG\xf0\x87e\
0\xb4\xe1\xf6-\xc0+\xfa\x8e\x10\xd8Wo\xf8\x86-\
[W`\x12jq\x97\xa5\x8b\xbc?`\xc7\xa07\x85\
\xb3\xeb\x03\xc5\x99/\x18d\xd5\xc54~Q\x9b\xd6J\
{\xbec-\x1bd\x87+\xed\xc1\x92\x9b\x03\x9e>\xe6\
\x19.\x0d\xa6\xde\xf2\x1a\xa3\x1a\xc0\x0e1\x88\x82\xe9k\
~\xb3u'Q\xadq&\x09%:\xe4\xf8\xfa\xc3\x09\
S0\xaau\x86\x95y\xd6\x0d\x14\x9a\xa2!\xc5\xa8\xaa\
.\xa6n\x83\xb90\x04\xa69\xec|\xba\xf6L\xa3\xf0\
\xcb\xdfc\x87,M\x0b\x09\xea\xe6\xbcK\x07\xfa\x99\x9b\
\xe2(\xb1i\xe8\x1cN\x22\x90i\xd15\xc1\x93lL\
\x12\x07\xcb\xce+'!*\xbe\x8cA4 \x1b\xb6\xb6\
\xe0\xbd\xcd\x08\xc8\xf4|\xb8r\x89{\x17m\xbdH\x98\
1E@p\xa9\xc2\x0fWX\xce)\x10\x8a\xee\xf6)\
\xfaqRF\xca\xd99\x1b4\x19-\x01U E\x1f\
k\x84?4H\xe8\x99\x01\xad\x88\x224\xc45\x9cv\
\xdd\x0e\xb0\x9b\x01)\xc4R`*\xaa\x01\x90\x00\x95S\
+\x1a\x05&\x07\x81\x1d\xf3\xad\xe3\x02\x99\x09\xb6\x94\xf4\
\xc7\x09\xed\xfbE\x0f\xefn)\xa3b\xad\x1b]p\xd8\
^\xb0\xd8{\x83n\xa1\xc6\xb0]\xcd\xce\xa3h\xbdz\
2y\x0a[\xacC:\xc3\xb5ECP\xd8\x1b\xa7\xa4\
\xc9\xf1a\x04\xbbPa\xf8\x93X\x0b\x81\x110)\x1e\
\xbd\xe2&&\x85\xb4H\x9b\xf9\xc2C@\xb5\x91\xda\xc2\
6\x01K\xc8\xcd\x01\x087Q\xdb\xe1\xeb\x22\x1c\xc0 \
t\x12\xfc\xfdz\xc2\xe4\x94E\x15\x80y\x1cO\x01\xcd\
x||7\x9c\xf79<S\xdcu\x97a\xb8\x86\x95\
\xf5\xc1\x83j}<\x04\x8d\x13xX\xcc\x87Lv\xa2\
\x9ct\xe1(k\xcb\xc8Rk\x9e\xbb\x90y\xb4L}\
\xa9Uh\xb4\xf6\x03\xdb\xb9\x88\x17\xbd\x00\xa7\xdd\x1a\x1f\
\x9b\x8b\xeb2\x86\xce\xcd8\xeb\x0d\xb6\xbb\x89x\x08\x9b\
\x5c;\x0c4\xa3\xfc\x1aNn\x08F\xd5\x0d\x9e\xda\xdb\
\x81!Y\xce\xeci\x92\x01\x8ak\x22IHL\xec\x8c\
Q\xc9\xcf\xb0\xceP\xca\xaf\xe4\xec\x14\xe2]\xe3\x82\xe7\
\xe0\x9e\xda,\x1e\x0c\xdc\x0f\xb8\xe5`\xf6i\xeb\x01\xa7\
aI~\xaei\x81b\xb5\xc0\x13\xdfW${\x5c\xe5\
e5\x84\x5c\x1b\x94\x02\x92\x83d\x05\xf7\x9c~\xd2\xf4\
j3\x9fY\xb0\xb9\x8ddQ~\x14\x98\x95\xa9\x1c\xb9\
|\x13\xe1p\xae\xddM\xe4\xae\x9dq\xef;\x5c\xf6\xd0\
\x80\xd3\x8e\xf3p\xe1\x86\xce\x8fn\x104\x1c\xed\xd9\x1c\
d\xfc\xa9\x8f\xaeJ\x87\xb0\xc0\x09\x94\x14\x00\x83\xc0\xcc\
n\x8f\xbbo6\xe5@\xa6\x16\x8dB\xa6|\xbdar\
\x1b\xd5\x17L5\x88ur[\xf0h\xd8\xcerQ\xc0\
z\xd6\xb71\xda\xf9\xce\x14\xd7\xe6qur\xbc\xe0\x9d\
N\x02s\xfb\xc0\x0eb\x22:Kt\xe3\xc2\x01Y\xbf\
\xd9\xc2c\x15Z\xe1\x9d\xcf\x0e\x04\x94\xdawI\x92\x92\
\xd7\xf0Kr81\xc9j~\x13\x9b\x8a.\xa8q\x86\
\xa0\xf5\x9ajH\xa9\xc2\x92{[\x8bB\x0b\x0c\xda\xc9\
\x94\xf5\x97\x98\x8f\xd3+V-\xca\x99_\x08a[\xc5\
\xc1\xcd\xe0A8\xc0\xd2(\xe5\x9cVo\x169\xea\xa6\
\xe1E\x9fs\xc0\xe4\xaa\xac\x19\x1ag\xb9\xe1U*\xab\
\xff\x00\xce$\xdf%\xff\x00\xf8+\xff\x00\x17g\xd6\x5c\
H\xf34=f\x8dv\x94z\xbe\x14e\x95\x0fW\xf9\
r\xe3\x07\xa1\xcfo\x99\x8a\xb0u\xde\xb5\xa6M9\xb0\
\xa8\x11F\x97\xe3\x1aZL#\xb7\xc7c\xfd\xb2\x98\xae\
\xd0\xc46\xb6\xe35Qp\xd5\x1b\xe0\xbc\x5c (\x00\
\xa9\xa4\xdd\xe1\xde\x11\xa7\xd8v7\x84\x0d9x\x07\xd8\
\x8e--\xc9,\x08\xf6\xa9\xc9\xacd\x87\x13\x92\x16\xd6\
\x18nO\xceX\xee\x98\x8e\x95xA\xe8\xe3/\xb6\x0e\
e\x88\xce\xb1T\x07`\xe1\x9c\xab\xd1\x86j&$\xf5\
m&\x19\x09h\x84@\xbd\xcab\x9d*\xd8\x85P\xe5\
\xc7J]\x16O\x8db\xa2\x93\x9b&&B\xfa\xae\x16\
\xa3>V\xb8\xd4\x83a\x969\x99\xd3\x1dn\xce\xbf8\
a+\x94\x83]d\xe8\x08\x17T\xde\xfe\xae|\xca6\
U^\x0cxP\x0fz\xdeW\x7f\xd4a;Q\xf7\x96\
\xce\xfe\xfa\xc6\xaamNl\xaa\x1f\xb6\xe6%\xab\xe4\x1e\
\xba\xde\xf2p\xba\xa9P\xf4&\x005\x98,OC\x89\
N\xa1\xd3\x9cy\xb8\xd4\xa5Y\x92\xc2\x08\x0b\xb1\xf5s\
p\xb7\xbd\xf3h)+$\xceH\xfd\xa6\x05\xf6\x90\x95\
\xfdL;\x8d\xb65\xc6\xb4tTQ2\x94\xc3v\x8f\
\xa8\x99;a\x11\x9bup:!)\xc0%/\xf6\x9b\
\xbc\x94}\x9a&N}\xb1\x95\xe0\x88+j\x92\xe2`\
\xea\xc9\x06u\x12\xf0f'B{g\x04w\x8d\x17[\
\xa5\xce\xf2\xfb\x15\x8dP\x15\x09\x85\xcbB\x06\x12T\xf8\
\xc5Cr\xf6\xd29\xa8#V\xf7\xfc<f\xc9\xe8\x04\
\xc4n\x1f\x86\xff\x00S\x00\xc2\x90\xde\xbd\x07\xf9\xc4-\
\xd7\xb5OA\xc3\xb4@)\x80\xe8\xd7\x8f\x9cW\x9bR\
\xed\x8a\xde9\xc2]K\xeb\xe3\x09\x00a/\xb8\xe0a\
\x82\x10 fq\xdd:\x18\x1d\x09\xc1pT\xb4\x14\xa2\
\x1a~\x95d\x9b*\x9708\xad\xc0\x03\xaf|\xe1!\
\x88n\x8f\x22\x7fl'u\xb1c=\x1da\xd2N\xc8\
`\xe1\xd9k\xda;d\xbb\xc9\xc0\xcf\xa3w\x22\x1ct\
\xf5\xbb\x8c2\x9f4\xb9\x00\xbd\xe0\x1d\xf3\xbc\xe2\x97Z\
O\xd9\x90\x11N\xa5\xd5\xec\x0cY\x97R6\xff\x00l\
kk_\xb7\xb1\xd2eF4\x90\x1f\xa39\xf8\xd0\x13\
9\x1e $\xa7\xbcM5\x8a\xc1\x04\x11uK\x80h\
F\x92\xcc\x0a\x14\xc9 V\xda\xa1\x1fCsH#M\
\xab0V%(\xc3\xe8\xc4\xf1>\xf7M\xc5\xf7\x94\xda\
\xa1\xd6\x87\xdb\xb3\x1c\xd8\x88\x85p\xd7\x05\xa3\x15\xeak\
\xa8C\xef\x12\xf5Q\xa1\x91\x08\x9e\xd5\x87\x08U\xaf\x0a\
U\xcd\xc04\x9cB\xf39\xc9,\xd4\xd9\xb4\xaa\xfb\xa6\
\x17\x81s\x0f{\xac9\xc7\x82\xaf{\x9f\xdb\x18\x0a\xfc\
\xd5\xc4\x01j\x88\xe7\xb1\xd7\xe7$\x05\x92-\x86\x09\xc7\
9\xb7!\xf9p\xed\xf2)\xb6\x0a\xbb\x1c\xf7\xf5\xa8\x1e\
\xb82\x06aC\xd1\x8f`m\xc6\x83\xb3\xa5W<P\
\xb9\x22 %;\xb4k@\xcf\x88\xf8\x82\xfa\xa3!{\
h$\x8d\x0cl\x0d\x86\x18\xedk-9aI\x82\x15\
\x17h\x92d\x15|\x9b\xfa\x9a\xc4*\x858C\xeb%\
\xe6\x96\x9b\xf1x\xc6\x81\xd9\xa8\x83\xbc\x077\x86W\xf7\
\xb3\xe4\xc4\x0fV\x80]S]\x9c\x83\x80\x02\x105\x80\
\xdb\x1c3d\x10\x1a\xf0b6\xb0a\xcd\x90\xd3\x1e8\
\xc4\x06v\xc8P}\xa4\xc5\xb2\x95@,\xd8]~0\
\xc3V\x0fJ\xd4\xde\x0b\xea\x1a\xe3\xdc\x13)x\x95@\
kN\x85`e-\x0dQx\xd5\xd6\x1a\xfa\xf1\xe9D\
{\xe5\x84QP3\xdb\xff\x00\x03\xd6\x13\xb5\xc8\xc7\x8a\
\x0c\x18\xe6\x98\xc4\xeet<\x90x2\x10\xdfbw\x0d\
\x07u\xb3\x000\xd8Ya\x817\xeb!\xe3\xb5H\x97\
\x85\x83\xb7)\xfc\xcaC\x85`i\xe4c\x91\xf6\x87\x0f\
\xd6P\xed\xce\x9e|PU\x93\xe1\xcf\xa6\x01?\xcb\x1b\
\xd2\x99\xbfY\xc9\x96b\xfa+\xe9\x1b\x84\xc0R\xf0\x83\
\xf0\xf8\xc5i\x8e\xddz\xc1wN\xb5\x80\x91\x86\xf8}\
\xf2}ee\xcb\x97/\xff\x00\x94_7/\xff\x00\xb6\
\xff\x00\xc3\xbaE@:,\x99C\xaa\xa9%K0r\
\x8f\x95\xd5\xf82\x87\xe0}\x98\xc5,Cy\xec\x08\xb5\
U\x8a\xacKD\x90jn\xe6\xf1\x8c\xc9GS\xe6\xdc\
\x90\x1bt@.`pa\x0cg\xaa\x93+\xeceo\
\x08\x01>2 H\x00\x1d\x05Oc\xdf\xce#\xc2m\
M\x94\x1c\x10\x9a\xcd\x024C\xea\xe2\xbc\x83)\xdc\xba\
\x03\x86\xe5\x12\xfc\xbf?X]\xb4\x13\xa3\xdd\xc0]P\
7U\xf5\xeb\x05&\xe9U\xfe\xf8\xa8\x171\xac\x01\x15\
\xb9\xd0q\x0d\xd6;\xdf\xbf\xce\x14lTSd\xd2\xc7\
\x10\xaf\xa7)\xae{0\x83\xc64\x83\xf7\xde\x01\xb2\xd2\
k)\xa7\x87:s\xb9W\xf5\x80\x90\x0b\x04.5\xad\
\x99\x0c]\xe9\xbd\xdc\x5c\x1d\x809[x2\x04\x09\x86\
\xcdt\xa6p\xd3obrg\xb3\x09\x85\xdf\x02r\xc2\
{\xc31\x5c\xd2\xc7\xecr\xfc\xa6\xee\x99\xf8\xe3=\xec\
;f\x22\x9bv\xa0\xd2\xec\x0c\xbb2\x1c\xd6\xc9\x0c\xaa\
\x8d\xe3R\x00\xe7\x07.\xcc:\xa0\x0b\xbb\x14\xd0|`\
\xe5\x09\x03\xb9\x09Q\x8d,\xb2\x14\x9aCU\xe6\xaa\xf8\
\x86\xdfADp\xf4\xac!\xb1\xd3;`\x865\x1di\
\xb8\xe3\x9c\xfb\xb75\x0d\xb7)O\xebsP1\x0b\xac\
1\xeb\xf3\xac\x89\x9a\xbaQF\xe6\x908\x97D\xd3\x8c\
\xbc8/\x7f\x97\x09Sd-\x0e\xdc\x0d+\xf3\x8a\x9f\
\xa0q\x1f\xce\xa0\xbc\xfd\xe3\xbf\xc9\xc7\xab\xf6?\xeb)\
\xdf\xef\xca\xde\xbf3\x97\xe8\xfc\xb8\x19\x99\x15w\xac\x00\
?\x1aP?3&l\x0e\xaa\x0fX#\xb3\x82\x89\xcb\
\x9e\x05&#\xfe\xda7\xed3\x8a\x10\xedW\xf5\x96\xd8\
\x03-\xc0\xa9\xebw\xdeXm\xfc9\xce\xd2\xfbp?\
\xf7\xfe\xbc\x06:?\xa7 Oj4,9\xce\x7f\xf3\
?\xd6G\xb3\x83\xe9\xfa\xf0=\xb9E\xb9~4\xef\xf0\
p)\x94bx\x059\xc4\x7f\xac\xbes\x9e\x9e'\xb8\
\xd1\xf7\x8a\xf6\x85\xb9\xb7x&\xb4\xdb\xd7\x83\x7f\xe3\x10\
\xd8T\xbcA\xab\xf48\x00!\x10)H\xf7\xceF\xba\
\x8b\xd9\xeab\xdc1\x84\xbf\xdf\x11\xd9\xfd\xb3\xb4\x8c\xd2\
\x0b\x7f'\xfa\xcar?I\xfe\xb2\x9e\xff\x00|\xe07\
\xed\x85v\xff\x009@Fh\xc7\x9c\xa5\xa1\xb6\xc35\
\x85z\x0a\xcc\xb4\xff\x00\xc4ta5\xbf\xce\xd3\xe50\
\x8b\xc2af\x85uz\xd64\xd3\x14`\x04\x03\xc0\xbc\
\x19i{\x90\x09\xe3:G\xe1\x22\xf6\xad&j8\x8b\
m7\xd33\xeb\xae\xa0\xa6\x8a\xae\xdfx\x84\x96\xea\xdf\
\xdd\xcd\x93r\xba\xd7\xf3\x85\xe03\xd6{_\x90\xc4{\
\x80\xebL\xd5\x87S`\x8b\xf6\x8e\xf0\x10\x1c\xaa\xc2\x1f\
\x9cg\x13p\x1a\xff\x00\x5cM\x9a\xc2[\x01\xcd\xe0.\
[\xfe0\x0a\xf7NZ\x03\x9e\x00?\xdf(\xb1\xba\xe3\
\xfc\xb0t>\xba~\xb9\xc7a\xfa\x9f\xef\x02\xe1\xb8\xf2\
\x85=&:\x09\xb0\x00\xb3\xe3?\xf1x\x0d\x87\x1d\xb7\
yZ\x8e\xb5\xce\xb9\xa1`\x89\x0d\x8e%\xcb\xcem\xe5\
\xdd\xeao\xe7\x11p\x06\x02\xf80.\xd2\xd0\xd3Zp\
+w\x86\xa2\xf0\x8c\x98\x11U\xb0\xa8\xf5\xee\x0c+\x89\
\xe9L&/V\x0e\xb89{\x8e\x16f\x08!*\xb6\
i\x98 \xe9\xa9jr`\x8aH\x95\x94?\xb8\xc9\xff\
\x00\x03b\xe8\x9d\xb9\xa3;\x08\xe8\xd6k\xd4\x1ae\x04\
w\xe3\xd8q\xd3\x89_Hm#\xa4.\xde\xee5\xd3\
\xa0x}\xdfy7\xdc\x98\x88\xd6\x8b\xb3=C\x14\x9b\
\x10)\xbc\x89b9\x0e\x87\x95^\x8c\x97\x86?\x14;\
\xfb\xcaC\xe8\x05\xbaW\xe3\xacJ\x96\x03E\x1e\xb1b\
\xb8\xa4k\x8a8\xa0\xd6(M\xcfyK\xe5\x8ap\xba\
\x07\xde\x15\xde8\xd0\x8f\xb2w\x82\x01\x9eY\xaf\xbc\xad\
f]\x93\xfa\x1a\xcd\x13bI\xfe\x8c\x88\x0b<\x0d\xbf\
\x07\x5cg\xe5\xfe\xbf\xeb6\xef\xe3\xbf\xf5\x91\xb3_\xfb\
\xf1\x9a\x81\xc8\xd8//\x1cv\xc9\x89\xe0\xb0\xea<\xfe\
2zO\xc1\x90O\xc0bJF\xe3\xa6\xf1=LM\
\xbb\x07\xe1\x1c\x86%@\xf95\x82X\x90\x14\xbd\xcc*\
\xae\x16\x8e\x91\xf5\x9b\xcb\x97\xef/\xdf\xeb.\x5c\xb9r\
\xe5\xfe\x1c\xff\x00\xc1r\xff\x00-\x001\xe3\xff\x00\xcd\
\x7f\x8e\xfa\x13\xd7\x02i<\xdc\xdf\xac\xdf\xac\xdf\xa76\
n?\xac\x89\xdf\xdf\x1deW\xd4\xeb\x82c\x16\x10[\
d\x86\x9b\xeb4R\xaa\x1b\x19]u\x5c<SP\xcc\
\xfa(l|;\xc4\xc0\x88B\x8d,\xda=c\xd9\xa6\
\x07\x06\xd3R\xd1\xef\x04\xd3\x0d\xea\xd3\xa2m\xb92\x88\
\xa5\xc5\x9d\x0eI\xbc\x86\x1e\x16.\xb4w\xbc}\x87]\
\x89\x91lkA\xf3\x9a\xc0\x22~\xbep4\x1a\xc61\
\xd5\xa3}\xe0\xec\x89U\xe6\x0d\x5cH|\x22\x8bG\x8e\
8\xbd\x5c\x05t\x95(\x9cE\x8an\xef\x01\xf0pP\
\x83\xf0k\xf3\x8dt\xd0=\xef8R\xb8\xd3\x89\x94d\
G\x84p\x1e|\x05\xb3\x8c\x98\xe7\x83\x87F?\x1c~\
\x09\xb3\x1c\xd5~\x98\xa8f:a\xfb\xc0\xec;\x1f\x0e\
7\x97J\x1d\xbf\xfd\xe00\xc7\xd3\xaf\xab\x87\x83\xb1\x86\
^\x8eo%\x03\xa7a\xd4\xb8i\x19\x0a\x08/\x07=\
\xe4\x0e\x87\xe4c\xa4\x5c_\x9fo9/\xf00\x8f\xf5\
8L\xdd\x10O\x9f@.\xf1x\x97O\x80A\x16l\
\xb84\x8b$iD\xdb\x9b\xc4\xe8`M\xbb\x80k\xe3\
5\xa9ID\x00#\xad\xbbpi\xa1\x9d\x22k\x01\xd5\
\xc84\xa0O\x9bw\x91,\x86\xc6J\x1f\x7f\x0ci\xb8\
\x8c\xbeR\x9a\xb8`\x00F\x00\xe8\xc3\xe1\xfcg\xda\xf8\
\x9e<\xaf\xdeF\x9b\x80\x16\xd6\x1ca\x08\x0f!,x\
\x079F\xca%\x9f\x87$Y\x91\xd1\xf2&4E\xea\
\x05q\x17\x06\xd1\x14\xf6\xe7s\xfa\x1c`\xa8.\xc0\x17\
\xfa\x99Man\x8b\xfdV 5\xf0Q/\xe355\
\xca\x1a\xac\xdc3\xa6p\x89\x9d\x1b\xdel,\x10\x00\x09\
\xefxU\x13\x10\x0bT\xb7yN\x0c\x01\x86\x8c\x0f\xa6\
9\xe4\xc7\x1aN\xa5\xcd9Lc\xed\xff\x00\x8fY\xff\
\x00\xc7\xbf\xe3\x00\xf5\xfb\xff\x00\xac\x7f\xaf\xdf\xfdc\xeb\
\xfd\xcc|o\xe1\xff\x00\xac\xb7\x1c!\xa5\xeb\xf1\x8f\xfd\
\x87\xfde\xbf\xd9\xff\x00YW)\xf93\xe7\xfb\xcf\xf5\
\x93\xdf\xf4\xff\x00\xd6\x0c\xff\x00Q\xfe\xb1\x87\x1a\x08o\
\x8eBZ\x96\xf5\x97\xdd\x9fv \x0c+\xe1\x8b\xd1:\
\xac\x1d\xcc4\xbd6\x9d\x934\xd4\xe9.\xcd\xfd\xd8J\
K\xadL\xb3\xf1a\x94\xf5\x8c:\xfdL\xff\x00\xe4\xb9\
\xec\x1f\xa3\x1b\xff\x00W\xfd\xe0u\x9c\x07\xf9r\x13\xa3\
\xf7\xff\x00|G\xa0\xfc`\xfc1\xae\xaf\xf5\x85\xff\x00\
\xd8\xff\x00\x19\x0d\xfe\xae\x1cozk+\xf8\xfd\x18g\
g\xeb\x021\xf8\xf5\xc56\xcf\xd6Z\xb4\xcdP\xabr\
\xd26b\xa2\xc9\xf0\xb9\xcc~\x97\x08\x82\xb7@\x7f\x83\
\x89\xd8\xc3\xb0\x0f\xcb\x85\xabt=\xbf\xef\x05\xa3w\x1d\
\xff\x00w\x00`\x82\x1d\xae\x1a\xc0\x17\xb7.\xb2\xe9\xba\
\x0b\xcb\x8c\xe9)\x13\x80\xc5S\x17H\x12_\xf7\xc0\x11\
.\xa1\x99\xb0x\x1e\x9c\xf4\x5c=W\x83!\xde/\x03\
\x12q\xc6\x11'\xd9\x83W\xdeL\xe9\xb9\x8d\x22!\xe4\
u\xd6J\xd6\xf9\x1cC\xac4\x04\xe1\x9apC\xf3\xb4\
\xe4\x9ba\xd9\x0c\xe9.\xa7\x134j\x09G?\x07\xcb\
\x80\x22\xd0(JXt\x19\x868\x01\x03\x94\xc9\xd7S\
\xcb\xdfpb:\x9e\xc1\xd7\xe0M\xe0j6\x0a\x94\xbb\
83K\x84]\x8a\xbb!\xd6*+>\xe8zsh\
\x97D\x98-'B\xf6\x05\x18\x9b1\xa2Ip\x8c\xa8\
p\xcc\x0bR\xd6\x93\xe8\xf8\xb8\xca\x5c\x9d\x19\xb2*\x05\
\xdd\xca\xdcP\x80S\xa5\x1b\xc4\xc2n\x84\xd1\x12;K\
\xc2\xe2\x0ch \x81\x03\xdf\x1d\x98HL\xae\xfc\x0fP\
\xc6\xb1l\xe8o\xe9\xd6*\xbbH\xb0\x0eU4`\x09\
\x9c\xa6\xc5\x15h\xe5\xc2\x9as?F\x9e\xb12\x0dt\
iJ\xbd\x5cyX\x00\x909\x0f\xf0aG-t^\
Sx0\xd6\x14V \x1a\xf0m\x98\xd4\x1e\x1a\xd6\xd1\
\xd4\xd6@\x1c\x22\xd1\x91hk\xdb\x8c\x91\xce\xd9\xa2\xea\
\xb7\xb7\x15\x94\x85\x99,\x9b>\xdff\x1d\xb4Lu\xd6\
G6\xeb\xac\xe5B\xa4I\xbf\xde%k\xb9\x06c\x95\
\xad\x1e*\x96\x1c{\xcd]&\xd6\xe1\xb0F\xd9\xeb\x08\
Yz\xde\x22i\xde$\xb3\xef\xd6S\xd7\xf4\xe5\xf8\x7f\
L\xe8\xa7\xbe\xb2\xf6g\xe7+\x9b\xf3\xf9\xff\x00\xf1\x82\
\xd9\xe2\xf8\x10/M7k\x0f.\xc0?\x01\x0c\xbe.\
_7.\x5c\xb9r\xff\x00\xc2\x10%\x00\xbb+\xc1\x8a\
\xa4\x22(m[\x9fN_\x83/\xc1\x81\xbf\x05\x09J\
\xdc\xdf\xc7\xef+\xe3\xf7\x9f\x93\xf7\x92\xc0~\xf7\x0c'\
\xf3:S\xde\x01W\x0c7\xc43\xd6\x96\x91\xc2\xcf\x95\
2U\x8f\x05G\xf5D\xc0\x8b\xdd\x14\x16\x94e`0\
5+H\xc5:\xa9\x8d\x9e\x12\x8f\xd52\x81\xcd:\x02\
\xf2\xf8vo\x1ew2\xee\x88\xe9\x9bq\x87au\xd0\
\x1d\xb3\xbd\x97$\xad)8lkN\x16\x05\x0bw\x01\
\xefx\xb6C\x09f\x15\x06\xc9y\xc5\xda\xc4qB\xfd\
\x04L\xdf\xfa\xc3#w\xf0e`\xd9\x18[\xf0\xd3\xc7\
f:\x883\xd5El\xd5Ks\x80H f\x9d\x95\
E\xc1;\xe4d\x85Ww+\x05\xbeC\x02\x81\x8c]\
\x9a\xc3\xbf\xe3\xe5\xefw\x8c\xa7G\x80Cg9\xd2\xfd\
\x5c\xa0\xfe\x83\x84r\xfe\xc6\x1c\xc7\x8c\xb8\x80\x88\x8a\xf1\
\x8b\xe3P\x91p\x17?\xa8\xcf\x98g\xe7\xef\x19O4\
\x95t\x8d\xcd\x90S{\xbf\xf7\x81\x85\xc1\xe3\xfd\xb0\xff\
\x00\xa5\xff\x00|\x18\x0a{`\x98)x\xc2@\x02m\
\xacE\x9c\xb5r\xbcb\x12*\x05J{2V!\x09\
7\x1f\x1b\xc6@\xf2\x0a\xc1(] \xf1\x85u\x94T\
\xack\xf6\xce\xa1;H\x09\xcb\x80\xaf\xac\xb1\x992\xb9\
)\xd1\xea\xf6b\x17\xd8\x8a\x93\xf6\x83\xc3/\x7f\xd1\x8d\
\xe4\xff\x00\xc51\xf6\x1f\x9f\xf6\xc4\xc5\xfc\x17\xfd\xb1B\
[\x04\xea\x96\x06\xb7\x85U\xcb\x97\xd0\xd2\xe5\x09X\x96\
\x07D\x9bg4\xc3\x90\xdd\xc0\xbe\x83\xce\x11\x03Cq\
\x96\xf2F\xf5c\x86\xc0#\xda\xb1\x06l\x8c\x05\x08\x1f\
I3|\x88\xb5\x1f84\xc2\xf1pa\xd8\x108O\
\xca\xe0D2v\x9f\xeb)\xe0\xf8\x1a\xcc\xb4\x89Q\x13\
\xcc\xfb\xf4\xe4\x89\x12\xab\xf45\xbd\x98\xc8\x08\xa6\xcd\xee\
\x89.'\xbeq\x9c\xfaR@\x98L\x0f\xc2<\xbc\x7f\
J\xcf\x87\xff\x00\xbfY\xff\x00\x97\xfe\xb1`v\x147\
\xe4\xe7\xaf\x9c\xbd?k'\xfeW\xf6\xc0\x1f\xfc\x9f\xd3\
6\xff\x00\xd9\xfd3\xff\x00\x0f\xf4`\x99\x13\xd9\xfc\xff\
\x00\xa6|\x0ch\xff\x00\x0e/\xaf\xee\xc6h\xd0\xf2+\
\xb1\xeb\x8c]\xfd\xaa\xbc\xec\xc5\xf6\xfe\xb9\x0f\xfb`^\
3\x89F\x83\x1dr\xad\xa9\xdfk\xbcH@\x12\x0eo\
<&\x1f\x10\x0fO3I\xd6E\x0a\x12\x8e\x99\x10\xd8\
\xe5\x9b\x84n\xe9\xd6\xcaN\xcc\xa7_\xb3\x97\xd3\xf6\xff\
\x00\xac`T\xd7\xd2\xbf\xd8\xc2\xc6=_\xf5\xc4\xa7\xa2\
\xb4\xfd\x15\xc1\xee\x959\xfd\xb1\x14\xe9\xc9w{\xe3#\
\xe5\xf9\xca_\xfba\x9c\x13\xf7\x8f\xbb\xf28\x96\xe3\xd7\
\x11w0\xd5v\x94\xd9\x82o\xf6\x18\xc4kD\xdb!\
\x10<\x05\xef\x9c\xff\x00\xe1\xe3qg\xc4\xcf\xa7\xf2\x7f\
\xbf\x11\xc3d_q\xc7}c\xed\xfd\x982\x22p\x9b\
`\x1bk\xb2\x8f\xf7\x9f\x07\xea\xff\x00y\x07\xfe_\xdf\
\x1fG\xeec\xe0?\xf8\x8cy\x87\xea\xc0\x7fL\x1cR\
\xfb\xf5\x1f\xea\xe2\xf5\xfd\x7f\xb35\x87\x8c\xab\xfe\x8b\x84\
\xf0\xf5\x08g\xc3\xfd\x19\x18q\xab\xc7\xfad\xb4(^\
?\xd3&A\x80tXh+u\x92$O\x5c\x18\x1a\
\x8d\xea\x8cX\x9c\xba\xf8\xbd/\x90\xf2?x\x11\x0d\xdf\
XE\xa5\xe8\x87\xce(\xecJpz-\xca\x91\xf7\xbf\
\xfa\xb1\x08\xd2im>x\xc3v8\xdd\xbfb\xcb\x11\
\xd6X\x04\xb5\xd6S\xe54o\xc8\x19\xf4\x80K?\xb3\
\x00\x06\xf9@~4gH\xa5k\x98\xe0\x82\x14\xe4\xf2\
\xfeq\xceiI\x19\xbd\xdf\x9c~4l6y\xc8\xc9\
{N\x99q\xbe\x18\xeb\x19,\x9c\xda\xb8\x07\xd3\xf1\x8e\
\xa3\x03\xb04\xe2\xe9\xbc#\x0e\xef\x0d\xe5\x8e\xd1+\xdb\
)i\x95\xbe\xb1\x08\xf5\x06 Zr|\xa7\xc6\xf4d\
\xcem \x12\xa4i\xcf\xce\x18\x83\x82kI\xb7+\x8f\
\xe8\xb8\x88[\x22\x1d\x0d\x99\xba6Rk\xf5\xf3\x80\x04\
\xe0*P\xba.\x97\xe3\x02Q\xbb\xd0\xe0PB\x88\x9e\
C]\x8fL\xeb\x84\xb2E3*\x9aS\x02)?\xd5\
\xd5n%\xa9\x00\xfd\x03\xe924\xb7\xa9\xee\x12\xb3\xeb\
(eF\xee\xc7k\x07nY\xa3\xb0]\xe4\x80p\xf8\
\xd7\xd0\xca\xeb\x0ew\xac\xdf\xa7\xeb\x04)\x8e&\xe3\xb9\
\xade\x86_\x19}\xe1\x04\xb9\xaf\xb6W\xa7/\xc3\x97\
\xe1\xcb\xf0\xe5\xf0\x8a\x06\x80\xbf\xf3\xdc\xb9r\xe5\xcb\x97\
\xce\xf3xAJ\xe03y\xbfY\xf8\xc1m\xd6\x9e\x9f\
\xd6~2>\x9c\x9e\x8eo\xd3\x9b\xf6\xc9\xe8\xe0T\xe8\
.\xa8\x94p\x8dK\xc9\xc4\x1a&\x16}\x83\xcd\xbd\x9b\
\x9b3\x18@\xaa\xd4]\x7f\x13\x01\x01a\x18\xa2)\xc6\
@K\x9bI\xdf\xceW:\x90\x1a9p\xe5I\xb6\xd8\
o\xd2^\x81W\x08E\xd2h$o\x0a\xee`S\x0b\
\x92\x8co\xbc6\xa8(C\xed\xe7oc\xf8\xc3\xb1B\
\xddq_\xac\x10p \xba\xbd\xe9\xde\x09K:7e\
!5\x9c&\xa3 #\xb7l\xc8J\x84+P \xa3\
\x0fXIj=<\x8c\x9f3\x12h\x10\xd4\xf0\xd1\x91\
1\xd4h^[Z6<\xb8X\x84\xaaksB\x8f\
x\xc9\x1d\xbb\x9bD9V\xdc{u\x80B\x15\xa7\xc2\
\xba\x99b|+i\xc2\x06\xaf8\x0b\x93\x09\x00@M\
&F\x9f\xac\xcd\x0d\xa9\xb8\xd7\xc6\x22\xc1hs6\xfd\
\xef^\xb1!\xa2\xb1\xa6p\xacR\xf4\x1e\xe8\xc6'w\
{\xad\xfa\xc1^jG\x7f\xf5\x96o\x82]?.\xb9\
\xc0en];\x87\xaab,\xa6\x89\xeb\xf5\x9c\xc2\xdf\
O\xfdg\x14\xfd\x8f\xfa\xc8T\xfe\xdf\xf5\x81\x0a\x1f\xcf\
\xfaa\xad2\xad\x01\xb93\xe0\xe3\xe8\xc5\xed\xe7\xc8\xca\
\x81\x87\x04\xbf\xb7*\xa8;\x80\x89\xd2\xc4e\x05\xb4h\
A\xdfi\xb7)\xcdi\x14v\x01u\xed\xf3\x94\x02@\
\x06\xae+\xc0)\x13?\xaa\xe6\xee\xdd\x1a\x82\x08\xda\x98\
\x0b\xc10\xa0\xbb-\xbbG\xa9\x8c\x12\xae\x128]\xff\
\x00\xabLq\xce\xb0\x92\x943\x01\x1a\xa0\x05LO\xbc\
\x8f\xfdf|\x0f\xc9\x9f\xfa\x16}_\xaf<\x94Jm\
\xcaSo\x9c\xe7\xd1\xf8\xcf\xa3,\x1b\xe0'\x03V\xdc\
/9\xc1\x81\xdaf\xb4Q\xb7&\x82\x01\xa6\x8e\xe7)\
\xcb~O\xf5\x9f!\xf9\xc3H\x87d/\xdc\x86VD\
I\x99I\xa7\xf1\x88\xc0\xcc4\xa1h\x1d\x1e\xb1\xa3\x9d\
\xef\xfe\x1dL@\xc2U\x16\xe0J\xfaL\xab\xa3PN\
\xef`U\x88?DS~\xc6\xef\x1e\x1a\xf6\xeb\xbf\xaf\
\x00\x0e\x8f\x01\x16\xc7\xf3\x11\xa7\xdf7\xc2\xd5\xff\x00o\
:\x7f\xbd\xcd\x10\x7f\x0a\xf8#8\xc7\xa4\xfe\x8c\xf7~\
\x93?\xf5\x0c\x0fG\xe8\xcb\xff\x00\xc3#\xe8X\x1d\x9a\
\xe3\xd6?\xf5\xac\x9f\xf92\x89\xaf\xeag\xd0~\xb8)\
\xa3\x8fL\x91\x9e\x98\xb6\x9f\xd0\xcdMoh\xa77\xdb\
\xe4\xc1\xce\xf5\xfd\x9ao._\x83\x7f\xd6*\x81\xd5t\
\xf9\xc9~\xa8\xb0=\xaeq\x9a\x09\xf1J\xbc\xcdh\xc8\
l\xfcD\xfe\xd8\xbf\xf5x\xbf\xf4\x0c\x7f\xe3\x7f\xf1\x93\
\xdf\x9f/\xf5\x801\xb2]2\xb8Z\xe1\x08\xd5\xa9x\
\xc1\xd8a4s\xde\x7f\xeb3]\x17\xeb+\xfe\xb37\
\xeb\xf42\xfa\xfe\xa6}\x7f\xa3\xfdg\xfe\xb3\xfda\xff\
\x00\xaf\xfag\xd7\xf5\xc5\xf4\xfdqN\xcf\xd3\x0b\xd7\x12\
\xf4\xfd\x18\x12\x0e\x94\xa4\xa3\x97\xff\x00\x06_\x86\x1f'\
\xeb\x9f\xfc\x9f\x108e\xf8\x83\xc1s\xa1\xfa\x0cdz\
\x13@\x7f\x8c\x8f_\xf9\xfa\xc8\x7f\xd9\xcaQ\x22\xca\xf5\
y\xc0GY\xb0\xd3e\xef\xd6\x7f\xf4\x1c\xf4S\x0b\xb2\
\xd9\x8b\xfe\xb3\x93\xfe\x8e?\xf8Y\xbe\xe2\x95\x93\x1c\x83\
ly/(\xdf_\xdf\x15aL\x10\xd9J=\x1d\x9e\
\xf0\xf5\x1e\x02=\x86\xdf\xb3\x94N\x1fL\xec\xec\xcf\xbe\
\x9boz|W\x8d4\x86\xcbs\xc1\x10CI\x88v\
\xbd\xa5\xfd+\x9b\x81\xe74s3Vs\xc1\x7fP3\
\x86\x16\xd6\xad\xd7]g<\xb6\x945\xecV`\x0f\xa3\
\xc7\xaf\xeb\x8d-\xe5\xfe\xc8qx\xfd\xa1\x97\xe3\x9c\x0f\
g\xa0x\xeb\x9c\xa1\x04\x0c\xdd\x1e\xf7\xd7FL\x96\x93\
[\xbb\xfc\xe2h\xc2\xdd\xbcO\xbcz?\xf1\xfb\xc2\xa0\
\xadn\xd8\xf7p\x917I{>\xb0\xd5(\xe0\x7fE\
\xde\x10\x96\xc5\x0a\xee\x14\xcd\x9f\xe9\xc89\x0av\x95\xdf\
3\x05\x1d\xa5\xdd\xc3\xaadG\x17N0\xe7\xe8\xc6\xfa\
\x89\x17\xec\x98\xa4pt8\xba\xec\xe6\xd2\x5c\xb9\xe3p\
0\xfe\x86=n$\xefz]\x19\xa7\xd0\x11}d\x89\
k\x93G\x10\x9beWG>\xf2\x1c\xca\x1e\xe7\xf7\xc2\
\x12V^\x17\xd7,\xe9\xeb\xf9\xcf\x81\x90\x08`\x87\x0f\
\xaa\xbe\x8cbQ \xd0\x81\xef4\x08\x8bJ~+\x8d\
\xa6\x87\x87A\xb7E\xd6\x14\x8e4!\xb9\x80t\xee5\
%\x06\xac\xd6!\xa7\xb8\xc1\x94\xe6\x8c\xbfg\xd9\x93\xd4\
\xc9\xe2\xa6\x13\xd0\xce\x86o\xc6\xff\x00\x8cu\xfc#\x96\
o\xc0U\xb3Y=^\x0e}\xf9\x91\x852\xfac\x05\
\xd2\xc6\xd27\x9f\x13\x8d\xe4=\x98\x96\x9c\xc1'z\x7f\
c\x90\xf6d1\x9d\x0cf\xf1\xfba\x04[\xeb\x08.\
\xd5\xd2\xc0\xf8\xc2\x13\xb2\x05=\xf8\xcb\x12\xc8\x97\x98\xe2\
&\x1e \xa9\xc5\xafN\x05\x99\xf46\xe3\xa1y2v\
s\x98G\xb5x\xc3\x12\x80\xe1\x8cRi~qp5\
|\x80\xc0\x16\xb0`$\xcf\x89\x18\x1d_\x8a\xd0J\xa6\
\xe9\xa7\x00\x16\xc7\xb4\xe8\xd7\xe3\x0a\xdf\xa4G\x7f\xe1\xc6\
n\x8c:S\xb7\x84Ap\xf8\xd7\xe5\xad\xf4\xd8zq\
;U\x8dt\x13g[.\xb1k,\x8eS\xb3z\x1c\
\xaa\x05,J\x0f!i\x88w\x14\xd0\xa5\x17v\x9a\xb9\
<\xd9OB\x01^\xd8\x06l\x89\x84+\x14\xa9\x9d\xa4\
\x01w\xe2\x93yyr\x05\xda\xd5\x0e\x84\xc8cB\xe8\
x\x87\x9f\x8c#\x8a\xd9\x02\x0a\xb6\x03\x13\xca0\xe2\x1a\
=^\xd3N5\x9cp\x91\xc8c\x86i\xa9\x8e*\xe5\
\x81\xdc\xc1\xd2\x8cle\x05\x87R(\xd5\x9fA\xf8\xff\
\x00\x5c\xa7\xa7\xeb\xfd0\x90k\xa1\xb2\xd8\xbe\xbe3\xff\
\x00\x13\x8c(\x88\x18\x8e7\xe8\xc9\x1ciY\x83\x9dZ\
\xde\xa6\x1e`f\xe1\xf8\xfbr\x5c\x00\x11\xa0\xef\x00\x84\
\x9e\xc3\x1cz\x92\xd01\xd1\xd7\xde.\x98\xfdO\xf4\xc4\
\xdfY\xb0\x98\x11\xdc7\x06\x7f\xe80\xac\xc4\x89\xd6\x05\
\xa2g\x02\x0f)\x9f\xb4s\x93\xb0\xa1\x05\x96\xe2\x1d\x10\
\xd0U\xe9\xf5\x9cQ^%0\x8e&\xa0\x22\x14R\xef\
f\xf3\x94\x91M\xa458\x97\xbcb']\x93G\x0a\
k\xbe _\xd4\xc4b\xc48I\xc5\xd65/\x02\xcf\
\x85\xba\xf43\xff\x00\x17\xfdd\x00vN\x7fWC{\
\xc1\xae\x1d\x8e\x914o\xd6\x06W\xca\x17.\xf5\x0e\xf0\
}\xe4\xf4U\xfc\xf0\xcbt\xfde^\xf1\xfc\xbf\xf9|\
\xe4?\xd9\xff\x00y/\xf7\xbf\xde\x7f\xd1\x0c\x98f'\
'$\xc6(\xa4\xdd\xe3\xe8\xd6\x02\x03Q1\xf2\xbfL\
:\x9c\xa7\xe7\xf7\xc2=\xe4\xb7\xefk\x16\xdenN\xa0\
\xfc8\x98@KR\x07+\x5c\x85\xfc\x9b+*\xeb\xf6\
\xc9y1\x07?\xbb\x90\xe7\xf7`\x1c\xfe\xec\x7f\xdb\xb1\
\xff\x00\xd7g\xff\x00\x19\xcf\xfb\x1f+\xfe\xf6E\xe0\xcf\
\xbf\xf8\xf3\xf6\xe7\x7f\xf4\x9e\x0c\xf6~\xa3?\xec&!\
\x99\x0e\xa9{\xfccu\xde?\xd4\xf8y\xc8z\xe0\x98\
!\x1e\xd3\x0c\x03\x01\x80\x90\xe6\x1fx\xba\x1b#\x157\
\x14\xdc\x99\xa7\xfd\x5c\xff\x00\xe4\x19\xf0\x7f\x5c\x9e\xbf\xd1\
\x9f\xf9\x86<\x90DHn\x16\x86\x0c\xc7\xe8\xde\xfe&\
%^\xe1\x7f\xe6f\xa3\xfe\x99\x1f5f\x7f\xe6a\xb2\
\xd7\x01\xa2\xe0\x98\xf8\xff\x00\xa6\x1e\x87\xeb\x86\x9e\xbf\x8c\
:2\x90\xff\x00\xb9\xfe\xf3^\xff\x00vvf}\x0c\
\xf8\xb3\xff\x00Q\xff\x00Y\xff\x00\xab\xff\x00Y\xf3\x7f\
W\xfa\xf1\x0d\xca\xdb{8\xa5Z\xa8\xd0zY\xbf\x07\
_\xfa\xc6\x22\xaf\x9948\xeb\x11\xa3\xc0h2\x9f\xed\
g\xff\x00_\x90\xff\x00\xbb!\xff\x00K\x8bT\x09l\
\xe0\xb3\x9c\xbc\x825\xb9\x1f|\xe5\x9c7\xa1+2\x9b\
\xfd\xbf\xfb\xca\x80\xb2\xc3LP\xcf\xe9\x5c\xa7_\xb3?\
\xf2\x5c\x1f_\xb9\xc0?\xdf\xe1\xa3\xc3\xff\x00\xdf\xc2\x82\
1Z\xc0\x15S\xa3\x00\xf4V\xec,\xd1(;{r\
\xbe\xfc\xdd\xe5]_\xceE\xff\x00o\xfa\xcfY\xff\x00\
\xbf\x8c\xa7\xaf\xfc\xfa\xcf\x94\xfey\xff\x00\xdeaWl\
}\xf0Zm\xae]\xc4R\xad\x06\xdc\xfb\xe7\x09\xced\
\x0c\xfd\xf6\x7f\x8c^ \x04\xa9\x8d\xfd\xcc\x95W\xd9\xf5\
\x8f\xcdy\x00\xf0\xff\x00\x977\x11\x14Eera\xc4\
\x94\x03\x1fw5\xb5t\x04\xe3\xf2\xe5\xa5_\x8f\xfb`\
y\xfcY\xf7l\xec\xd8p\xc7\x03F\xe6W\xa6~,\
\xf5\xc5W\x03\x9f\xa5\xec0\x88\xd4 \x1e]@1\xba\
l\xa3h\x9b\x97\x02\xb1\x08\x0b<k\xd6E\xbe@H\
'X\xc4\xd5\xee\xda&\xcc\xd9\xc2y\x99Q\x03\xb3\xdb\
\x0d\xcf\xc7\xbeo[z4_\xa7(\x03\xca\x9c\xeeX\
\xe3\xf5\xb7\x9c\x0d_C1\x5cxN\x04\x19\x98\xac:\
\x12\xf0\xf3\xf81t8)^$\xf7\x1f\x93\x05h\x06\
\xd4\x80%Cg\xa5\xce6h\xc7\x86`\x90\x19\x11\x85\
`1v\xbf\xa1J\xfd\xe1\x7f\x82\x9a\x1c\x0f\x83\x144\
\x5c>\xb1!\xe0uE\xea\xe3E\xf9\xc1\x1d\x9dl\xc9\
E\xd2\xda\x03\xfd\xb3m9\xd5\xe3\x9d\xe3\xa4``\x0b\
\xf3\xfb\xcf\xac\x83G\x99\xc9r\xfa\x7ff_`s\xbb\
\x97\xd3\xfb\xcdz~\xf2\x1e\x8c&\xb5\x9bM\x1a\xc9\x93\
'\x8dA7\xef\xcb[\xca{0\x09\x12\x14=\xb6B\
e=\x99\xaff~\xb2_Y\x0eCy\xa5\xe3\xef!\
\xc3%\xbb\xf4O\xeb\x93\xe4\xc9\xf3\x9f\x9f\xe9\x9b\xf6\xfd\
d\xf9\xe2\x05^\xc6~\x19\x92\x06K-\x8c:\xae\x91\
\xf1Y\xee\x95\xd2\xf5\xf8\xfcLZo\xa6\xcb\xd5\xd9\x9b\
\xd0\xe3P\xb4\x96'X\x8d:\xde\xa8\x9f\x8c\x87}g\
Y\xc1b\x1cI\xfah\xc8\x02\xc5\x01\xb1\xc8\x86\xa6\x14\
\x88\x8a\xb5\x15r\xdc4\x81=\x962|\x98m\xd1\x01\
\x85:A\xda\xe0\xcb\xb2\xcdL\x80\xd2&\xe5-6e\
\xbd=\x08m\x88'9\x0e\x19\x08\x06\x95k\x8c\xbcq\
G@\xd2\x00\xf2\xccXSq\x90n\xbb\xc0CP\xa4\
\x90\xd0D\xdcn\x1c\x8f\xc0\x18\xdb\x17\x85\xeef\xe6\xaf\
\xe5S\x99\xa7?\x1d\x8f\x80kN\x8e%0\x05jV\
m\xa9\x84\x87\x88\x11Gc\xa76\x99\x80Ca7K\
\xba\x99)0\xfa\x02(\x1b\xc2c\x0aZ\xdd\x06\xc7\xe0\
q\xe9\x01BTkG7\xbc\x84\x1e\xc8\xd8\xfe1\x1e\
\xc8|\x5c\xb6qlf,\x9d\x98\xa9\x00;\xfc\x98\x22\
! \xcfp\x99:\xff\x00C\xfdd\xeb\xff\x00\xbf\xc6\
\x7f\xe2\x7f\xd6^\x9f\xa5\xff\x00Y:\xfe\xfeOW\xeb\
>o\xe9\x86\xe9T-\x8clsT\xf0\x8a\xd6&\xf5\
\xc8`\x06\xb1\x22\x1e\xb6\xb9px\x00\xdfF\x17\x8fx\
\xad?\xf5\x8d\x0fB\xb3%\x90\xbb^g\x09\xa7\x1bE\
\xc1y\xf5\xbfy\x11\xc2\x1b@\xbd\x95\xd0\xfb\xcdk\xe2\
\xc1\x9f\x95\xc7\xa9\xf5\xc9\x05\xca\xd4\xa0\x9b\xd0\xc59\x09\
\xed\xc2\x102i\x06\xcd\xe2[Uf\x83\x11\xcd(h\
\xae\x86\xd7\xdb\xd3 D\x89@\x8f\xe6\x82\x1b\xc7'\x03\
\x82\x85\xb5A\x93/'\xb0Im\x8e\xec\xafNo\xd5\
VA\x0bM\xc7\x05\xaf\x22\x10H\xd0\x8e0\xea\x95(\
or\x9f\x14\xc4\xb6Y\x1d\xa8\xa2\x0e\xeb\xa7\xde\x1fP\
\xe1\x115\x04\x86\x04\xc0@\xc2\xbb\xde\xf5\x9f\xf9\x1f\xf1\
\x8d[\xb6\xb8\xe8\xf5\xc6S\xbf\xcf4\xff\x00\xb7\xc3>\
,\xdf\xfd\x0c\xcf_\xa3\x15\xeb\xf5\xc7\xa3\xf4\xb9z\x98\
\xbe\xbe*\xff\x00\xde\xcb\xea\xfd\xb9z\x9c\x8c\xb5\xdd%\
<\x07\xe2\xfd\xb3\xe3\xfd\xbe/\xef\xfd\xe7\xce\xfe\x99\xff\
\x00\xb2g\xcd\xfb\x98\xbf\x05\xf8g\xc2\x7f\xef\xce\x7f\xe0\
\x7f\xbc\xa7?\xf8\xfd\xe2>\x7f?\xfd\xf3\xfe\xd4\xff\x00\
\xbcR_\xd8w\xbc{?_-'\xa7\x82;&^\
k7\xf6\xe2~\xba\xcf\xc3}\xb0l\x08+:\x9f\xaf\
\x875u\x87\xa3\x8a\x14Z4n\xfa\xc3:\x9a\x95#\
/\xca\xe9\xc4m\x04?\x0f\xa7\xach\x9c\x90?q\xdf\
\xd9\x8d\x01\x03\x11\x94\xc8\xf6~\x8c\x93\xa7\xe8\xcazg\
\xbd\x17\xc6}\xbc\x19\xee\x00\x7fVx|\xf9\xff\x00\xea\
\x16\xf2\x9a\xfe\x8f=8\x03\xdf\xfa\xf3\xe6?9\xd7\xbc\
q\x8f\x1d\xf9\xb6z\xbb\xe3?\xf8\x1f\xf5\x97\xff\x00/\
\xf8\xcb\xff\x00\xad\xfd\xb3\xff\x00_\xf4\xe7\xc4\xc6\x18?\
\xfa?\xf3\x9f\xfd\xff\x00\xf6\xce\xe4?\x18IG\x0cG\
B~pO\xf7?\xde^\xb9o_\xd1\xca\x7f\xec\xfe\
\xd9_\x14+\x92\xff\x00\xe5\xf2\xf4\xfd|\xf8\x8c\xbe\xac\
\x9b\xd8\x22L\x1d\x83\x95O\xba\x13C=\xbf\xa3\x1e\xcc\
\x0f\xb7\xec\xc7\xfe\x8e\x12:/\xbcV\x19)8\xaa\xce\
\xdc\xe8\x8c \xedz\xd3\x92\x7f\x8a\xe6\xfbB\x8a\x05k\
\xe8y\xc5_sE9\x9b\xfbo)\xfe\xde\x01_\xfb\
\xfer\x1f\xe7|~\x9f\xd6\x5c?\xe8\xfe \xe0\xa9\x1d\
\x90\x8f\xeb8\xb7h87<<\x81\xefm\xc2\x7f\xd9\
\xce\xf7\xf7pW\xf90\x9cZ\x9dU\xdf\xbb\x94LE\
-q4s\xb0\x9f\x8f\xf4\xca\xf6\xe2\x00'\xe81\x81\
wA\x0a.p.k\x10PoS\x0eC\xd9\xfc\xbf\
\xeb+\x95\xfe\x0b\xfe1\xd1\x1eb'\x8f\xac\xdc\xec\xb8\
=\xb3\x0a\x81&\xb9d\x7f\xdf\xc4\x1e\x87\xa63\xbf\xc1\
\x85\x15?\xbcJ\xd7\xb6\xff\x00\xaf\x00O\xea\x7f\xa7\x0a\
\xa1\x13N\xba\xeb\xd6j\x00\xfe\xbf\xd3\xc6\xb5\xa2\xec\xcd\
\xe0\xbf\xbc\x9b\x038\x83\xb2\x12\xe0\xd9n\x0c\xa7\x10r\
a4Ak\xbb1\xb1\x89\x88\x95al\x04&\xf91\
\x17\x99v\x13&6\x92AR\xcb2\xc0\xa5\xd3\x0f\xc1\
\xc1\x06\x94-6|\xeb\x01\x09;\x0do\xd4\xd6\x06\xc9\
\x08\x91A\xe4\xe3\x8dd\x0bgc\xa9\xf8\xc1\x10\xe0\xb7\
\x0e\xc6\xbd\xbb\xc3p\x06\xa4\xf3\xdf\xce\x05Q\xd2^8\
\x02\xa8\xc0\x1b\xfb>La\x81>\x9d\xde0\x0a\x16r\
k\x93x`\x06\x80)\xa2}\xb85d\x87>\xcc,\
\x0f\xd8$}\x1f\xc0\x0d\x04G+.[\xac@0\xf3\
\xa2\x0ff\xb4\x93\x13\x22}\xe1\xa6F#xs\xdb\x9f\
\x16\x07\x88\xe8\xbc\xea\xf5\x9f\x13(\x13n\xb7\x84\x08@\
\x10\xd4{<z\x1co#7L\x9e\xb2_\x8d\xdb\x92\
S\xe7\x11d0\x0aZ\x1d\x0f\x86\xee\xe0.\xc0\x15\xa0\
5\xf0\xea\xe6\xcel\x85)b\xab\xde\x06\xde\xe5\x83\x89\
'\xae3@\xa8\x1djC\x11\x02-\x9a\xe4\xbc\x95O\
i\xf58\xc5J-\x01\xc45p\xb4G\x9bq\xb2\xdb\
\x15\xc6\xfdq\x8d(C\xaa\xee\xe0O\x8a\x02\xa7\x97\xa3\
\xac\x04\xdbB\xf2aF\x19\xa9\x01~zQ\xf6\xce'\
\x80.<?Ws\x0a\x82M\xa1U\xd18p!4\
\x12\x87m\xcb\xc6m\x09RBM\xe89\xc1\xcbNl\
Q\xb5\xa3\x0e\x8eP\x12G\xf6\x9aw0$\xc2H\xbf\
\x86\x16\xbb\xc8\x14\xaa\xc2b\xab\xe3\x96 \xb5\xae\x17\x85\
>n/\x0a\x0d\x82\xdb\x1c\xc4\xc0\x97\x81\x18\xd8m\xd3\
\x9a\x18XT\x80\x94\xd8\x982\xbd\x04\xf4\xfd&\x1e8\
\x89\xb6w\xae\x15\xc0P \x00\xf4\x18\xd6 \x87cO\
\xdb\xdb\x9b\xff\x00\xaf\xc1?\xf8<\x8f\xfd\x0c \xcf\x0c\
P}\x9e\xce\x9c\x98?\xf4y^\xff\x00\xd7>nz\
\x7f_\xfd\xe5\xf9\xfd\xa7\xfb\xf1`f5\x1e'\x08\x86\
W\xdf\x01dG\xb9\xba\xdf\xacx\x9d6v\x80.\xbf\
3\x0f\x8b\xa0!\xac2\xdb\xd7\x18[\xa3\x8d)\xd3n\
\x00n\xeaG\xd8s\x8c\xbeGG\xbe\xb9\xcb\x12\x85v\
k\xe7|\xe3\xf9\x97\x94\xb2\x5c%(\xd2\x95\x08\xd6\xf3\
\xa5\xaa \xfd+\x95\xe3$4@AH6R3/\
m\x8a\x8eF\x93\xd2k\x1a\xa6\x98\x90G\xb7\x81]\xe0\
\xe1\xbc\x90\xe9m\xb8O'5\x1c\xd1\xee7=\xbf\x87\
\x0fc\xfd2;\xfd&G\xcf\xec\xc8\xf8\xfd\x98\x01\xe3\
5\xeb\x1f/\xe9\x9f\xfc\xbc\xff\x00\xc3\xfe\xf9\xcbz$\
\xf9\xfd\xe2\xff\x00\xac\xff\x00x\xff\x00\xf3?\xde/\xfd\
\x0f\xef\x9f\xf9\x0f\xf3\x9a\xa5\xc0E^\x0es\x8f\xfbX\
\xff\x00\xc8g\xb5\xfd9\xe9~\xb8\xf80\xf8\x7fli\
\xce\x0e\xf9\xbb\xeb;_\xab\xfe\xb3\x93\xd3\xad?\xd65\
R<\x1a\x19\xec\x7f\xb6_\xa7\xed\x95\xce\xff\x00\xcd\xff\
\x00l0\xac}\xff\x00\xb6T\x92\x9e\x00\xf5W4\x87\
\xd8\xe7\xf5\xceC\x8f\xd7\x93\xfe\xae\x7f\xecf\xba\xce5\
\x9e'\xfdTh~p\x921r\xbf4G\x8c\x1a\x1a\
q\xba\x83\xf3.A\xfe\x93'\xd9\xf81\x9f\x0d\x06\x03\
\xf36|9\x18h\x87Gu\x8f,\xb3\xdb8E\xf7\
\x9b5$\xe2>\xe4b1\xe7\x11\x1f\xd1\xcf\xfbu\xfe\
\xf3\xfe\xcb\xfe\xd9Xp\x83R\x80|%\x1f\xa7\x03\x87\
\xc7\xfe\x0c\xff\x00\xc0\xe7\xc8\xcd\xff\x00\xc7\x8f\xfew\xfd\
`\xc0\xfd\xc0\x19|\x17\x959W\x8f\xd9\x95\xc7o\xfa\
2<n:\x1d\x9b7\x9f'\xeb\xc7\xd9\xfa\xbf\xd6|\
\x9f\xab\xfdg\xc9\xf9\xff\x00\xd7?\xf4y\xa3_\x001\
\xe3\xff\x00o\xbc\xf4\x0f\xdb\xfe\xf1?\xf6?\xef\x00u\
\xfb\xdf\xef?\xf1\xbf\xef\x1aiv\xa1\x9a\xfbw\x9a\x84\
\x099\xd7\xd6\x7f\x82\xe2\x97\xe13\x83U\xb7Y:\x98\
\x1f\xf4`_\xe9p\x1e\x9f\xa7'9h\xe3/\x99\x93\
i\x08\x09\xba\xb7\x7fW-\xfe\xfeC\x8fj\x96\xb3\xf3\
\xb5\x9cJ~\x05\x0c\xbbk\xe9\x800BCj\x05d\
\xc3\xa3\xf0,\xcdI@\x1bf\xc83\xd9\xef\x1a\xa4\xae\
\xbcy\x0c\x13\xff\x00{?\xf2Y\xd2\xfd\x8c\xf9p\xf9\
?F\x7f\xea3\xb7\xe20Y\xc0e@\xfce0R\
\xc0\x81\x1d\xddU\xeb\x1fl[\xad\x03M{\xef+\x0c\
\xa2\xa7<\xac\x87\xad\x03\x00\x05\x0a\xb3\x07\xca\x99\xb8\xf8\
pM\xd1\x19\xbb\x9f\xfd/\xfa\xcfE\xc1\xbd\x135\x06\
\x95\x1d\x01\xbaN\x1c\xec\x09S\xd9{w&\xaeI\x15\
\xb6\x8af\xfb\xd6q\xd4{\xb3\x8b\xef?\xec\xbcz\xda\
o\xdbw\x87\xbc\x02\x0f\xdf\x8as\x83\x9dwn?\x84\
1jo\x8d\xe3\xfa\x18\x9b\xdc\xf4&\xce.\xf0X\xad\
\xb4_\xa2\x8e$O\xb1\xb7\xcf8\x92\x9e\xd6\xee\xa43\
7\x19*W\xc2\xdf\x8c\x10\xcaH\x95\x86\x97\x8810\
m\xe7i\xf3\x90\x17\x1d6,\xc6r\x11\xcd\x9f\xe7\x12\
\x85\x0f\x0a\xfd\xf3\x88\x1f\x9f\xff\x00\x5c\x90g\xe4\xff\x00\
8]E\xca\xdc\xfe\xb9\x06\xa2\x9e\xbb\xc8\xfa\xbe\x84\xdf\
F;V\xa3}\x17\xb3\xe7$\x1ft\xcb\xf8\xe4\xfd#\
m6\xe14\xe1\xe1M\xf5L\xadR\x02\xd8\xafX\x8e\
*\xed7\xf1LhU\xa5\xff\x00c\xc6/\x037\xbd\
\xf8)7\x84\x12\xe92\x05\xb0r^1\xebNB[\
\xd0\xcf\x95\xc1\x1b_\xf1\x84\x176z.rU\xcf\xb6\
\x06\x9b\x8f\x7f\xe74\xb8\x8d\xef!\x98(m\x8bt\x9e\
\xb5\x8fN>6j\x9dj*\xaf\x00z\xc0'\xea\x8b\
zp5\x0d\x81\x10\x17\xb9p\x88\xdb\xadq\x1b.i\
Q\xe0\xc1R\x09H\xe4\xdb&\xa0\x89[2{\xcf\xb1\
_:\xc7\xa3\x01\xba\xf1\xc7\x18\x1a'\xce\x8c\xe4;\xc1\
/\xcb\xc52(\xc4yu_\xfa\xc5\x8eF\xa3\xb0t\
2\x15\xdb\x03P\x8b\xbfnh\xb2)\x7f(|\xfc\xe6\
\xea\xec\x08\x89\xafs4GU\xe2\xae\xf9r\xc5R\x22\
kh\xe1!l\x8e\x00\xe5\xac\x9b\xcf\xce\x1fMP\x1b\
$\xab81\x5c\x9a66\x07\xb4\xc2\xaa\xeeD\x07\xa7\
\xe4\xef)\xea>*\xd6\xf6&\x1d~uT\xa3\xa3\x18\
\x0a\xc1P\xf9\x83\x86^\xa8\xb8\x5cF\xea\xd7\xf3'\x03\
\x9a\x08\x80uH#\xa7\x12\x1c\xa0\x9e!Ri7'\
AJU\xb5\x0b\xc3\x80\x16\xe0\x96\xa6\x80\xfb\xbb\xc3\x99\
\xb8A4\x0d\xc6 k\x0d;\xc4q.\xc9\xe8\xf5\x80\
3aX-\xf6\xe2\x95}P[\xdd\x15\xf40\xfar\
I\x13G\xb0e1o\x16\x8f\xed\x93\x85=\x87\x0b\x8a\
\xff\x00\xef\xce{\x7f\xfd\xfb\xcf`\xff\x00\xdf\xbc\xfa\xbf\
y^\x995k\xbff\x7f\xe6\x99f\xb2\x88\x98\xf6\xfc\
\xe7\xfe\xa3>7\xeb\x92\xf3iO\xfe\xd3?\xfbL\xff\
\x00\xea\xb9\xff\x00\xd6s\xfe\xcb\x8d\xca\xca:b`%\
\x8d\x1bg?\x19\x1a\x92\xf0\xd6,\x1e\x89x\xca\xc3E\
9\xd1\x0e\xba\xb8\xbf\xed\xb1\x87\xa6*ev\x19(\x99\
\xab\xdf\x16\xa9\x8cQ`\xceZ\xee\xb8\xb07\xa40b\
.\xaa!\xad\xc8\xe7\xc5\xfe\x98\x1f\xfd1\x88Q\x11\x18\
\xf3\x82\xf5\x1a$\xda\x0f\xb9g\xff\x00n)\xff\x00C\
\xc1\xb6\xcb_\xf6\x19\xb7W\xe7'\xbek\xbc\xbd\x83'\
\xfas.\xd6\xf3\xfe\xc5\xff\x00X\x1f\x7f\xe7\xfe\xb3\xff\
\x00g\xfdg\xff\x00\x1d\xfe\xb3\xfe\xcf\xfe\xb8{\x07\xf2\
\xca\xff\x00\x9f\xc0\xe0b\xc3\xfe\x97\xfbg\xff\x00\x0d\xff\
\x00y\x07e\xf0\x9b?\xe9\xe7\xfd\x1f\x8fA?\x01\x88\
\xc0\xfa?n\x7f\xf5\x5cG\xfe\xdc\xff\x00\xe69\xff\x00\
\xd5\xe7\xfdx\xe7\xfec\x96\xcd\xec\xff\x00o\xf7\x83\xf3\
\xfb\xff\x00\xbc\x102\x11\x8f\x87^\xf08\xe5\x0f\xbf\x0f\
\x8c\x1fG0@\xa4\xb6\xac\xce=\x91\xbd^\xd3\xb5\xc9\
\xfe&'\xa64\xe5\xfdp\xc2D\x0e\x93\x0f\xdb\x1a\xf5\
\xd0z\xf4\xb8\x949{\xff\x00I\x9f?\xe9\xf8_\x7f\
\xea\xcd=\xa2\xd5m\xba?YI\xd8?\x01\xbe\xc7\x9b\
\x85#\x8ftm\xbdo\x8c\xff\x00\xc4\x7f\xbc\x07\xfd9\
\xb1\x85B\x116\xaf\x8dd\xee\xff\x00l\x09\x0b7\xce\
\xb0\x80V\x05\x80;)\x9b\xc1\x9f\xfb\xf1\x94\xe5\xc1l\
\xc1\x03\x8e\x03\x19x\xa1V\x16\xd7[w\xce\x7f\xf7^\
\x02\xf6b\xff\x00\xe0c\xe5<\x09\xf3\xfe\xdc\xf9q\x03\
\x91\x84\xbf\x09\x04D\xebk\x8e\xe2%P@\xde\xf4\x5c\
G\x1dF\x9al\xbe\x05\xaav\xad\xe7\xf5\x9f\xfd\x9f8\
\x7f\x0b\x87\xacpV@\xaa\x8eo\xbb\xd6%\xa4}\x98\
\x86\xa0F=\xe3~\x90`%v>:d\xbc\x7f[\
\x94\xe4^\xf3qf\x0d\xf2\xba\x03\x1c`\xc6ip\x8d\
\x02%ha`\x96\xa7\xb5\xcb\x02\x18\x9af\x9c\xb9\xdf\
\xfd\xee\x7f\xf6\xdc\xff\x00\xe7\xb9\xff\x00^\xbco\xff\x00\
<3\xff\x00\xbac\x5c\x12w3\xdb\xfa\xd9\xf2\xff\x00\
L\x82!\xfa\x18\xbd\x8e\x1e\xb80\xda\xa3X\xf7\xf6z\
\xcfP\xfd\xe7\xc0\xfd\xe1c]\x10\xbaq\xf4\x7fy\xe8\
\xff\x00yN\xbd{rZ\xc4\xa5\x13\x1e}\xe0]N\
\x9f\x04\xd5\xce~\x06\xd5|\xbb\xebTu\x9c\xfc\x19\xdd\
d\xe2\xc9\xca*AZq\xac\x10j\x03\xd6\x19? \
\xb49\x01\x0f L\x8c\x01;\x0c\xd3\x0d\xe2\x93&A\
\xa3I\x8a\x8b\xf7\xd6\xe2b\x1f5p*z\xaa\xbd~\
\xf0(\xdf:G\xe3*\xa4sE\x99C\xbc>\xdd\xd4\
\x87\x22\xe37M\x01@Gi\xec\xb8\x9f0\x82\xda\xdc\
(A\x95]\x97C\x93\x22\xcf\xbb\x9b\x83\xc2\xa5<J\
\xcd\x17t\xfc\x99\xc5\x0e\xb1\x89\xbc\xe0\xa3\xd9\xc5\xc2'\
\xabi;u\x80\xd6\xdf\xa7\x18*;\xdd?\xc64%\
\xa7\x93&c\xce\x00\xa5\x99\x16\x9f\x19\xdc\x12\xb4\xec\x04\
\xdcfV\xfa\x05*\x9d\xe8+\x96\xe06\xb4\x1cji\
\xc1\xa2,J\x22\xb2\xc7,\xc2 m\xfb/\xb3\x18\x9c\
\x07\xc1C\x05Hj\x92\xf1\x8c\x82h]u\xc6W\x15\
\xf0\xc5\xbd\x99|.\x0f\xce\xf0\xa0\x0e$\xaf\xed1\xf5\
y\x84\x03a\xbc\xafys\x94\xc1\x87:\x030Z\x0b\
\x97\x06\xfb\x1bs{\xdb\xdds\xe9\x92F5\x93\x10\xea\
\xcf\xbc\x0a\x9f\x96R]f\xe9\x13X[[Yw\x97\
\xb3>\x8d\xbe\xdc\x88\x1f-\x87\x0f\x18\xbe\x04\x14\x18K\
\x9a\x8c\x12\x07\x18\x80\xee\x15\xd1}\xb3\x92\xea\xdb\xeb*\
#w\xf6\xce`C\xa1\xcd)\x8b\xb0\x90\x15u\xa3\x08\
\xeb`=F\xee\xe5=l/i\xb6k\x15\x8d\xac<\
%\xcb\x00\x09\xa3\x1d\x17mZp\x048\xc8\xc5\xe1\xdb\
\x0e\xf0Sg\x9a\xa0\xed=\x0e\x1ab6\x10\xf6\xb8\xaa\
\xc8V/\xb6\x06\xf6\xf3\x0c\x1a\x02\xa0\xe65\xc281\
(\xcc\x5clI \xe2A\xdb\x15\xc8;\xed\x18l\x19\
)n4o\xc6\xd7\xde2\x08\x8ax\x9d\x97elp\
\x0eN\x99\x8bIM\x0fI\x8d\x1a-K)\x9b\xbac\
\xc9]\x92a/\xa5T\xb8\xf8\xe29\x129C(A\
eUO\x08f\x8a\x13\x94\xdb\x9e\xbc\xfeo\xea\xcf\x93\
\xfa\xb3\xff\x00+\x9e\x83\xfa\xf3\xd8\xc7\xcf\x9f\x91\xc8\xb0\
=\xf3\x1e\xff\x00\x5cC\xfd9~\x9f\xa7)\x9e6\x09\
\xa0\xaf.N?+\x15\xeb\xf5\xe7\xca\xfd\x18\xbd\x9f\xa3\
\x0b\xa3\xb5\xbb/\xd6J\xbd-\x07bz7\xe1\x85\x13\
\x91\xe9\xfb\xcd\xfb+\x09\x13m\xd9\x80\xd6\x95b/F\
\x98h\x03\x0d\xb4\x9e\xdc\xa6oq\xfb\xe4\x7f\xec\xe2\xbf\
\xd4\xe7\xfe\xb7\x1e\xa8\xc3\x9b\xcfy/\xfb\xff\x00\xdeA\
\x91`\xfd\xac\xff\x009zez\xfe\xaf\xfb\xcb\xd7\xf4\
\x7f\xde_\xfa\x87\xfb\xcd\xff\x00\xea\xc9:\xfc\x8cG\xfd\
o\x03g8{\xab\xf9\xc2Np$0<5*S\
U\xdd}\xe2,;N>.'X\xe9\xac\xd0\x7fq\
\x8cP\x81M\x19\xd8\xfa\xcfo\xf4r\xbd\xd9^\xf7\xe7\
\x9f\xfd\xef>\x1f\xe5a\x88\x9e%!\xd5\xf9d\xba\x1f\
\x9f\x8a=\x87>\xecv\xf3\xfb8\x1f\xf6p\xa0\x16\x95\
\x9b\xd4\xe8}\x99\x1a\xa3\xde\xec\xc0\x8d\xb58\xabZ\x5c\
\xff\x00\xee\x7f\xdeM\xc1H\xa4\xa9.\x7f\xf5\x0c\xff\x00\
\xb6\x98{\xdf\xbc\x0e HQ0K\x00A\xc5\xf5E\
3\xed\xc9\x88=~\xaeF\xafz7W\xd5\xf5\x90\xff\
\x00\xa9\xcf\xfe\x16i\x92#\x8c\x1bwz\xf1\xd7\xff\x00\
\x93\x03\x1cTn@\x9c\xaek\x87\xf5\x192!\xd7\x17\
\x01M\x8c)\x1e\xb2\x90\x97(\xa3'\x7f\xd6a\x8fJ\
\x92ST\xdfy\x0f\xfa\xb3\xff\x00\xbcd\xff\x00\xdcg\
\xc8\xfds\xe1~\x99\xeb\xfd\x5c\xff\x00\xee\xf8\xdb\xf1\xe0\
\x09\xc8A\xc6\xb3L?NoL\xbc\x9f\xd9\xc6\xc1\xd2\
\xdaV\xff\x00\xaf\x8c\xff\x00\xe5`\xbf\xe8\xcb\x07N\x10\
^\xc7\xd68\x82\xb3GN\x9c(\xbb\x00k\xc3\xf9\xcb\
\xff\x00]\x9f\xf4f\x0fF\x82%->S=c\xf5\
\xc9\xe9?F3\xb2b)\xb6~x|\xb1%\x18\xb4\
\x14l\xa0\xc2j\xe1\x83\xa5\xe9\x96\x16\x1a\xe5\xeb\x1e\x10\
\x00\xae(\xd2\x9a\xf8\xcf[\xfc\x16\xdd5\xcb\xff\x00\xc6\
s\xff\x00\x8e\xe5\xff\x00\xa0\xe7\xfe\xa6Oo\xd3\xc9\xfb\
:\xd38\xba}\xe0\xd2\x86|\xcc\xf9\x99_\xf5\x98h\
\xcd\xed\xcfLV\xbb\xab4/\x07\xc5\xde!Pb\x80\
\x0c\xae\x00\x97\xe15D\x8b\xf10#l\x01\x9d\x83\x11\
\x11\xcaT\xefyrU\xa6(\xe8#0\x88C}\x1e\
\xb5\xeby\x08\x01>r\x7fPM\xd6B\x93\xe2\xca\xa3\
\xbd\x9c\x86;\xd9|\x87\xe7'c\x9co\xfe\x1c\xe4\xd3\
;\xb9\xafX\xf4\xe0\x10,i;:\xb8R?\xa9\x93\
\x14iC\x00\xd2\xbb\xea\xe71\x12\x9di\xee8\x9a\x04\
\xe9\x17\x0ch\xbax\xdf\x9c\x959U\xc7\x06QK\x06\
\x85\xd1\x8cW\x83\xe3\x03`\xb4\xcdy\xc7\xb5u8q\
\x89\xed\x0082\xd2\xc1\xab\xc1\x0d\xfd\x18\x81N\xe2\xdf\
\xc1\x9c\xd2\xfcn\xe6\xda\x9d\xfc\xe3\x02/F\xe3\x15\x1e\
\xe1#\x9b\x9e;\x19\x0e\x8a?\xb62{\xa0\x05\x03\xde\
\x00\x90\x17E\xde\x5c|jk\x0eY\x0e[\x82q\xec\
\xc7\xc4\xabc5\x89@L\x03!\xce\xefN\x22<N\
3\xf1\x87\x08\x03z\xa5~\xbde\xa8\x0e\xa4\xcb\xf3\x96\
.\x9e\xf0:V\xb0\x91K\xb7\x9dL\x22B*l\xc8\
i\xac2\x19\x9a\xd2)\xe3/\x18\x22~~\xb2\x1b\x1e\
0\xd6A\x186\xa6)\xdeF\x0b\xdd3\xdfX\x0f\x86\
\x1do\x0bb\xa28\xd4j\x0f\xbc\x13\x84\xf9p&\x9b\
\xee\xe1\xbc\x19\xf7\x87<\x8e\x8bg\xbf\xe8t\x8f\x9e\xee\
\x15\xfcL\x8a\xfb\xc6\x03R\xa3\xcaq\xce\x13\x00\xa7_\
\xf7\xc7\xa1\x0e\x81\xfe\xf0\xa2!\x08\xfb\xd9\x81<|#\
g\x1aG\xac+{T(Cgx\x10Z\x88\xc73\
%=\x008$\xb2\xc8\xf0{qp\xc6\x16\x8e\xa98\
\x1d\x0e\x15=\x05Z\x06\xc6m1>\xd5E(\xd6\x09\
\xc2\x8b\x04a\xde\x9a}\x19\xc3\xd5\xcdk~\xa7i\xa7\
\x22\x176\x16\xa9d5\xa8h\xc8:\xda\x1b\xd1\xa3\xa7\
\x8b\x81\x17\x029\xae\x8bw\xd5\xc9t\xe3!T\x0bf\
\xd9\x90\x84\xb8f\xdb\xc1\x92\xb4[\xbdc\xd1\xdf\x06\xbe\
\x1f\xad\xe4\xc4T:A\x80\x1c\x07\xc1\xf8\x9c(^K\
*s\x19\xce\x15\x00\xf4G\xf6\xcb\xdb\xf0\xa1\xc7\xe3.\
=w\xfb8\xc0Hl#Ar\x1f\xees\xdf\x99\xc1\
\x0e\xcaY\x91\x9aq\xbdx\x7f\x99\x88b\x7f\xf1\x19\xf0\
\xfd<\xb7\xfdf|X\xa7\x12\xff\x00\xb7=\xfe\x22\xf4\
]%\x9e\xc9\xef\x0aH!\xd5\xba'+c\xcaqr\
\xe1_\xf4\xc6Ol\x9f\x5cs\xfe\x8e\x7f\xec\x19r8\
\x19A\xa3\xc66\xc3\xc8\x155t`\xfd\xff\x00\xe7\xeb\
+\xde\x119\xde<\xa6\xbe\xb5\x9e\xdf\xde\xf8\x11s\x9f\
\xcb\x9a(u\xf4q\x9e\x87\xf7\xcfm\xcf\xb0\xe7\xdb\x7f\
n\x7f\xf5\x9c\xe5\xed\xf9\xc4t\xfe\x87%\xff\x00G>\
G\xe9\xc1\xed\xfd\xf3\xff\x007\x83\x16\xfa\xba`h\x0a\
\xferr\xfe\xee}\xdf\xd7( \xbb\x0d\xbf|to\
\x13\xd9\xfas\xd7?|\xd7\x1d\xa7\x0a\xe7\xc8~\xd9\xf1\
\xbfl\xff\x00\xcdy\xa7\xf88\xbe\x9f\xd6S\x9f\xd3\x9f\
'\xe9\x9f\x07\xe9\x9f\xfc\x03!\xd7\xf4g\xfe\x09\x9a\xf7\
\xfb\x99}\xff\x00s>O\xe9\xcfg\xf63\xe4\xfd\xcc\
\xf6\x7fO?\xf3r!f\xec\xde|\x87\x85\xf3?\x85\
FW\xfd\x8e\x7f\xebs\xea\xff\x00\x5c\xfa\xbf\xb6\x0e \
\xdd64\xb4/\x16\xcd\xf3\x802\xb0\x94\x9c\x00R\x90\
\x08\x17\x83}g\xcd\xfa\xb3\xff\x00\x89\xc6\x04\xa8!\xda\
\x17\x12r\x11\x12VF\xef\xd6\x8e\x09\xd6\x7f\xf3\x19\xff\
\x00\x84\xff\x00\x19\xff\x00\x93\xfe\xb3\xff\x00\xa3\xc1\x83\xbc\
\x15*\xf6g\xfe\x8b>?\xef\x91\xe9\xfb\xf8\x1f;\xc2\
P\xb2\xeeG\xbc:\xbf[\x9cO\xeas\xff\x00\xb6\xcf\
\xfe\x97=\xbf\xb3\xfe\xfc\xcf\xbf\xfc\xbe\x5c\xea\xd4\x9c\xdd\
g\xff\x007\x87\xfdY\x9ao983\xfe\x99\x88\xd6\
 \xb9\xce\x11\x07-\xf4\xce@-\x9a#\xd2\x98\x0c\xe5\
\xda\x9a\x0d\xfcav\x15\xcc8.2\x0b\x16\xc1\xa2D\
\xc3\xff\x00\x135\xa5\xfe\xcc\xd0\x1e\x16l\xf3\x8c\x02\x8a\
\xb1\x9e\xb2n:\xdd\x1cI3\x8b\xd3\xe2\xd5\xe9\xfb\xe7\
\xa4~\xf9\xf13O\xf6\xb9O\xf7\xb9l!\xb9\x85\x91\
\x9a\xc4{)\x9f6y\x0eZ\xeaK:\xbe\xec\xb8\xb5\
\xc3\xff\x00\x94xi\xc3\xe3l\xae\xfe\x17\xde\x0e.\x81\
\x89MT\xed9\xc7\x22\xc8p0\xdf\xa26g\xa8\xfe\
\x99\xa0\xfd\x98\xa7'\xae_\x00\xb4\xe8[\xf8\xb1\x00\xc5\
\x06\x8e\x5c\x1e\xe3\xf59S\xf0\xcd\xe6\xa4\x10\xd7z\xe5\
\x5c8\x13\x0at*\xb93\x87`\xde\x82\xba\x98\x98\xaf\
uU\x8a\x01\xf1\xe5t\x89\xc3o9\xbeHh\x19\xaa\
\xadv\xdcaT|\xb8\x5cW6)\xfd.\x1a\x8d\xc0\
m\x1c'\x81\xc4\xe5\xb8=\x1c\xf4\x5c\xf9\xb8\xfc\xb8O\
xt\xb7\x5cg\x09\x19\xeb\xd3\x8cy\xafG8\xb3\x81\
\xd2\xfc\x8f\xaf\x8cC\x19\x9d\xb9\xb8\xa2\xad\xe3mU\x1f\
\xac%&\xd6\xb8O\x9cB(\xda\xcd\xa0\xbc\xebU\xf5\
\xe0\xa6\x11Q\x84\xb8\xfb\xfe\x8e{\xdf\xe9\x88\x87\xf8g\
\xdd\x97-\xee\xeb>\xcc@[\x80\xb6\xb9\xe8\xb8\x1b\xd4\
f\xab\x9a9\xd3\xef\x88\xaa4\xd0]b\x1e4\xeb\x0a\
\x96\x93XvI@\x18X\xb5\x1b\xb9*`\xef<\xac\
\x83au\xc1\x9a\xe8>\xe7Yr\xf8nv\x9f\x8c\xa2\
\xad\x0e\x08\xff\x00lw*rI\xfe\xd8\x18y\xd0\xe6\
s\xbcF\x05\xeeI\xbcX\xa8\xf4\xbc\xcass\xa9\xe8\
\xc3\xd1@B\xfa\xc8+\xd5\x12\xe6\xfb\xbe\xf2\xa6\x14\xf7\
\x11\xb6\xcd\xacsm\x0d\xcd<\x996\x89,d\x8e\x05\
s\x81R\xc0\xf9e\xc0v\xd6\xdbKn\xf0\x12\xc8C\
b\xcf\x97\x16=\x88]\x00'\xa7Y.\x16\xb8J\x8d\
\x19\x88\x11\xa8Z4\x0a\x9b\x13\x05@\xcai\x80\x03\xe9\
.S^'\xb5\xc2\x1f8E\xb4 u\xd6\xee\x15\xb4\
n\x9a\xc0\xb7\xf3\x80\xcd0\xa4`\x96\xd3\x97\x0c\x80T\
\xd6\x8f\x7f\x9c\xb5\xdf\xc0\xc4\xbf\xdc\xe5{\x7f<\xbdg\
E\xe5\x97a$\xd6\xf7\x8c\x89`\x1d\xad\x86\xdc\x22[\
{\x1b9\xc9_\xefs\xff\x00\xad\xc1\xff\x00y\x8a\x1c\
@\xd6\xf8\xea9\xafx\xcfl\xbf\x1f\xd7\x06\xa1\xed\xc8\
\x1c^\x5c\xbe\x99_\xfc1\x7f\xf0\xc7\xcc~\x8c\xff\x00\
\xce\xb3\xe4?f|\x87\xec\xc8v~\xb9\xf1\x99\xf8\xb1\
\xf8\xff\x00w>\x1f\xea\xc9[\xfd\x5cj0\xb1\x11\xd6\
\x07\xd3\xf4\xe7\xfeF\x00)\x04\xdaAn|\xdf\xdf\x03\
}\x91\xb4\xe7\xfe\xab?\xfa\x0f\x00S\xa2\xa5+s=\
\x9e\x17\xdb\x11\xeb\x0fy\x9f\xdd\xfa\xe7\xe8\xbd\x19\xf1~\
\xa6\x7f\xf3\x0c\xff\x00\xa5\x1e,\xc4xF\x9a\x9f\x13:\
\x0e/y\xff\x00\xde\xe7\xca\xfd\xb3\xe4\xfe\xf8\x8f\x8a\x02\
\xaa\xbe\xb1$i\xc8\xae|\x1cE\x05\x87y\x0e\x1b\xca\
\xb0h\x112\x98Gld\xf5\xcc\xf5\xcc\xf5\xcf\xe3\xfa\
\xcf\xa7\xf5\x91\xe3\xd7\xcf\xeb+\xdb\xf4\xe7\xce\xfd9\xe8\
_\xa7>\x07\xf4\xe5\x22\xdd\x88\xf0\x10\xcf\x87\xf4\xc0C\
\x08$\xea\xdf\x02\xb8Q\x97\xfe\xa9\x93\xff\x00\xd6\x01\xfe\
\xdc\xff\x00\xb4>\x1b\xff\x00\x80\xe7\xfeK9~3\x9f\
\x83\xf9\x1c|\xf9\xd3\xfe\x99LwL\x7f\xf6\xb3\xff\x00\
\xae\xe3\x14\x0d\x82\xb5\xac\xd1\xdc\xca\xb2>Q\xcf\x8b\x9e\
\x9f\xd7\x9e\xbf\xd5\xcf\x87\xe9\xe4\x7f\xd6g\xff\x00,\xcf\
H\xfe\x0c\x97\x7f\xd3\x9e\xcf\xe9c(\xdf\xb9\xcf\xd2\xbc\
\xcc\x16\x9cI\xa4\xec\x1dE\xe1\xcf\x89\xe6_\x87\x9f\x07\
\x00\x10%\xd3\xc6\xcbs\xe1\xf9s\xad\xd3\x1e\xcdx!\
\x0eu\xe0\x96=\xe6OR\xc0eR\xf2q\x87\xca\xb4\
\xa1+\xa0\xc9\xaf\x05\xaf\xfb\xf3\xd8\xfe\xd9^\x9f\xceA\
e`\xd7\x93\xe2\xfa\xca\xf5\xce\xec\xe23\xa3\xafY\xff\
\x00\xc1\xcf\x87\xfa\xcf\x8d\xe3\xfc,\xd8\xed\xf7\x82\xec\xe5\
\x07@\x82\xa2\xe8L\x92@\xed\xd6\xdc9\x08J\x8e\xd5\
\xc3\xd3\xa0n\x8dg\xff\x00Q\xcf\xfc\xef\x83$\xaeR\
k\x06\x7f\x87\x03\xfe\xac\x80\x91\x05G\xe7\xdb\xe3C\x03\
\x10\x08\xe9r\xe5a\xa3.}\x06OG>Ni\x0b\
E~\x0ce\x83\x925\xbf\xbf\xaf\x03\xe8~s\xff\x00\
\x17\x11\xdb\x04 R;b\xda\x00n<\x8e\xff\x00\xd1\
\xcd\x02\xd3v\xf0\xbc\xbf\xe7\x1d+\xe9\xac$\xdd\xcc\xa3\
\xef\x11\xff\x00C\x9c\xe0\xf9G/w\xe13T\xdd\x90\
\xd9\x8dq>\xc3;\x07\xf5\x88\xed\xcf\xb7=\x9f\xe1\xab\
\xc9\x1f\xd38\x82}g\x5c\x8d\xfb\xce\xc6?\x84\xcd\x01\
\xfdLd\x13\xbda\x91g\x95Bo\x16\xf4\xdah\xc4\
\x0d4\x16\x926\xbda\xa5TB\x8d%.-\x0a\xa9\
K&\x08y\x01\x18\x87\xe3\xd6\x1ek\xee\xea\xe1\x84]\
\xc9\xd91HZ\x15\x9e\x8es\xff\xc4\x000\x11\x00\x01\
\x03\x04\x01\x04\x02\x02\x02\x02\x02\x03\x00\x03\x00\x00\x01\x00\
\x02\x11\x03\x10\x12!1\x04\x13 A\x22Q0a2\
q\x05@\x14#\x153BCPR\xff\xda\x00\x08\x01\
\x02\x01\x01\x08\x00--\xe6P\x018\xb7\x80\x89@\xe8\
\x8bF\xa6\xe0M\x986\x88\x00|f\x9bD\xbd\xf5X\
4\xde\xe9:\x05\xe5\x17J\x1aD\xc9\x9bN\x913i\
R\xa5l)Y\x9e\x11\xd2\x16\x04\x09@ }'*\
l\x90J\x0c$,p\x80\xea\x80\x03\xa8sv\xb3 \
b\xe7A\x08\xb4c!\x0dX\xdal\xcaE\xdb-\xa4\
\x18\x13\xde8N\xa8J\xc8\xd8 '\x8bDX\x18L\
$\xa7A$\x8c\xbd#\x8e(:\x022y\x05\x17\x93\
\xcf>\x12\x89\xfa\x9f0\xe8E\xe4\xf2\xb4\x9a\x04\xc2\x22\
\xa3y\x92D\xa0\xe4KV\xbd\x5c aM\x81D\xcd\
\x82\x95*VH\x9b\x0b\x14B\x01\x1d\xa7\xd3\x83 j\
\xe0I\x81\xc5\xb7\x16\xf6\x89\xdc\xa2P0\x85B\x8b\xb2\
\xb3\xb9AO\x8c\xf8\x9b\x05>\xd13\xb4$\x00P2\
w\x89\x008M\x9a@\x1b\x1c\xe9\xc0\xb9\xb2\xe7\x08(\
\x15'\x84\xe6\x96\x9cK\xdaZ`\xc7\xdc,\xbe8\xa3\
\x1e\x87\xc4\xa1\xb5J\x97\xd8h\xa6$\xd5\xaf<I<\
\xa0`\xa0~\xf4\x83\xc1\x10Q\x92nZ\x06\x93D\xa0\
\xe8N\x93\xb4\xd3.\xf9\x18c\x93\x9c\x09\xd0?y!\
\xad\x03\xa5*Q2\xa5\x1f\x18\xb9*~\xc1\x83!\xa8\
\x93\xc1q$b\xd3\x03\x82\x08\xd9\xf1\x1b\xb1\xfbE\xe8\
\x94\x10R\xb2D\xa2VH8B\x0e\x85\xca\x9b\x00\x83\
\x82\xfeA\x16\xc1\x84\xe6\x91\xbb\xcf\xa4A\x1c\xfe\xbc\xc2\
,-\x12\xa0\xf2\x8b@n\xbc\x01\x85\xfdZn\x0b@\
\xd9\x8f_\xa5\x04\x84\xc3\x89\x04\x8e\x1367P\x89\xd4\
\xcf2N\x84\xa3P\x90\x9d\xb4\xf6\xb0\x01\x89M\xc4\xb4\
\x85\x0aQ\x024l\xd5N\x9f\xb4\xd0\xdaBMz\xb9\
;^R}\xd8\x5cz\x01\xfbt\x0c\xe58\xc2\x94@\
\x8dJ%\x02G\x19J\x22xF\xd8\x98\x9bBo\xd2\
x\x85\xfb\xb0\xbf(?P\x8b\xa4\xc9\x04\x83\xa1\x89a\
F\xf1v\x98Y\x04L\xdd\x85\x02\xb2E\xc1\x12M\xe6\
\xc0\xa9@\xa0f\xc0\x90\xbb\x85\x07\x80\x11-<\xe3\xf5\
\x05\x10\xe3\xcfm\x169a\xa5\xdb\x11\xa2\xc3\xe1%J\
\x9f W\xab\x17|qF\xdc \x80\xd4\xa8P\x98\x0e\
\xc8i\x1f\xc8\xbe\xaeD\xb9\x05\x08\x026\x09\x1e\x81\x9d\
\x22\x81\x83\xb02(\xf1\x09\xc3\x02\x16d\x02-\xc9\xd5\
:s\xcd\x06\x08\xc8\xd6\xaef\x04\x94<g\xd2$\x9d\
\x93a\xfb\x9d_/\xa6\x0c\xb4\x88\x85*T\xdc\xc2\xe3\
\x99Q\xa9\xf2&\xfb\xe0\x12xC\xec\xdc\x95$x\x17\
\x12 \xfe\xfc\x87;\x03\xda\xc9e+|\xd8\x18\xd8\xb8\
@M\xe3\xdd\x83\xda\x01\x9b\x03\x055\xd3\xc8 \xa2\xc1\
\xe84\xa2\x14\xc2\xcd|Jp\x11hQ\xe04\xa2\xd0\
\x8f\x90\x08\x22\xd06\xa55\xc4l\x18\x81\x01h-\x05\
0\x8e\xf8n\x93\x8a\x06\xc0\x02vtu\xea\xccd\xa6\
\xb2Hh\xac\xf0\xd6\xc0q\x9b\x18\xf44Q\x04\x1d\xa3\
\x13\xa9\xd4!pa\x1f\xd1\x00p\x9cK\x8c\x91\x00x\
\xc1\xb6\xbd\x91\xc1\xb6&v\x22->3hDx\xfa\
\x9bE\xff\x00~\x02\xf0F\xd4\xda}y\x00\x86\xb4\xa5\
J\x14\xfd\xa2\xc8\xe3\x1f\xff\x00\xab9\xd8\x89@\xfbD\
\xe4eIY\x15\x92\xca\x17?\x82W\xa8D\x11\xc8\xbf\
\x08(\x94\x04\xe9\x05\x13\xc0\x06%\x19\x1c\x81(Z#\
v\x0f\x0eo\xc8\x88\xe3`j\x13\xa2 \x10\xa1\x10@\
F}\xe4c\x15J\x99y@\x06\xb6U\x01\xa2\xf5\xd4\
>L\x0bE\xc9\x85\xafF\xa6_\xca\xdcr\xa0\x11)\
\xad$J\x88F=Z}X\x92y\x0e#H\x88\xd7\
\x84\x93\xbb\xfe\xaf7\x11\x0b\xfa\x05H<\xe3<mD\
\xfeh\xf0- I\xb4&\x88\xb4\xa9Y\xa2T\xf8L\
\x08\xf0\x9f\xc2\x14#s\xfa\x9b\xc4\xca\xe3H\x824\x8f\
\x12\xa4\x91\x085\x01+\x1cD\xbb\x95\xc6\xd7\xb4\x09\xe0\
7'mD\x18Dmc(\xb7H\xa3\xfaASj\
\xaav\x88\xed\xd3\x0d5\x0c\x95\xa2-\x17\x229\x02L\
6\x08G\xc4\x0f\xbeB\x11;tN\xa3\xc08c\x8a\
s`\xc1- yr\x81\x8f\x1d\xb8\xed\xc3\x13\x1e\x02\
\xa1\x0bE`}q\xe1\x88\x02|\x8bH\xd9\xf0\x02Q\
\x1aLnf\x10j\x857(\xd3\xfa(Z<\x0f\xe0\
\x9561\xeb~\x88\x82\x89\x95\x1epxA\xa7\xd3i\
b\xbb\x00\x89s\x9c\x06\x99\x86;X\x98\x94\xe6\x806\
\x0c\xac\x1a\xe3\xa64\x12\x01{[\x05\xcb N\xbe\x96\
@\x09\x05\xb2\xa3h\xd3>\xb1 \xaaaFuq]\
T\xc2\xc0\xc6J\x13\x81n\x8d\xa2\x00 ;rX\xe0\
\xc2\x0at\x1e\x17\xbd)^\xa5\x7fa\xa5\xda\x1a\x88\xb4\
\xa0d\xc5\x80\xf5sP\xc4'D\x08\x0bI\x8c.\x04\
\x8c\x0cM\x88\xf4\x9a\xecL\xa3\xbd\xd8ZO\x8e$\xa0\
\x08\x0b\xb9?\xcb\x06\xbb\xf8\xb9\xa5\xbc\xf9@\x06\x10t\
\x1d\xc4\xdd\xad\x95\x10\x8a\x08}\xa2\x22\xc5\x1bf\x1a\xa5\
\xaf\xd14\xc8\xe2\x08\xf0\x8f\xc1>\x12\xa5F\xa6\xc3\xc7\
Qf\xfbL\x19*o\x84\xe7\x08\x80\xe8\xe0d\x9a\xe0\
6\x9c\x0c\xec\x04\xd6\x92\xe8hq:<\xacH\xe5\xc5\
\xad`F\xa0'nw\xd0t\xa0\xecA@8\x91\x95\
1\x04.\x97u\x99=z\x87\x1d\x85*%8B\xe6\
\xd1mE\x81\x83)\xeei\xe2\xc0\x95\xca\xa6\x01p\xca\
\x07\xbb\xc2\x85$\xf3f\xb6t\x89,1f\xb6wh\
\xfc-iN$\x04\xe0\xe8\x94x\xb0\xa8\xe0\x81c\xb9\
4}\x871\xcd\xe4\xc4\x0f\x1c\xb4@X\xc7 Bv\
\xd1\x08i\x02\x89\xb9\xb1x@\x92\xb4\x88\x9eqiE\
\x88\x829\x8bO\xe3!J\x9bB\x85\x16\x08\xc7\xa6\xc7\
\xb6\xc9\xe0\x18R\x89*5\xa8\x8eZq\xd9\x22\x13\xe4\
\x99$\xc9\x95 q\x97\xdb\xdc\x0bt6Q2\x88\x8d\
\x84\xc7\x9e\x15)#})\x8a\xcc+\xad9\x04Ih\
7\x08\x88\xb1\x11\xe4w%\xad\xd8\xd1\x81\xc0\x05\xd0\xdb\
Bp\x11\xa3\x1e\xbc\xe5r\xa6|Z$\xef\xb6\xbbH\
\xb1\x16\xc7)\xad\x94\x07\xd9\xfd\x18'y\x01\xc12\x83\
\xa1\xb1`\xe2\xd3\xa1\x5c\xc4;\x16<\xa7\xf4\xefo\x10\
}\xa8@'\x06\xea\x09<\xa0\xe5*T\xa6\xc7\xbf\x1f\
Ql\x8a\x0f(\xbc\x94*}\xe4\x0a-G\xc0\xdd\xcd\
\x8f\xc9\x02'\xc0!\xca&\xcc8\x89D\x80\xa6-\xfa\
Q\xa9\xb0:\x84W(-\xa1\x86\x06Zd\xc2\xe9\xf4\
\x17\xfe\xb7\xeb\xae\x00\x89\x0e\xfd\xd8\x11\x09\xb1;\x025\
\xe0\xe0A\x83v\x982T@\x06\xcd\x12S\x80\x02\xc0\
x\x169\xa08\x8cL\xc8\xbcx\x86\x12\x83\x00\xe6S\
\xb6\x11\x16\x0e\x84\x5ca\x13\xe5\xea\xc4\xc3qT\xea\xb9\
\x9c3\xa8c\xff\x00\xf6\x7f\xc7\xa7Slu\x08\xe3\xb7\
\x08\xb5\x11\xe1\x17\x08\xf8B\x8f\x19\x85?r<@A\
\x84\xacu>s\xe1\x17\x03\xda\x99\xda\x08\xa9\x5c\x88S\
`~\xce\xd3\xdaZ`\x86\xc8\x9b\x1f\xd4X\x99\xe54\
\xae\x9c\xc9\x85\xd4\x08\xa8Sf\xafN\xd2\xaa6\x0a#\
\xee\xd3\xe1*e\x01&\x00\x02\x09 \xea\x16\xcf:\x8d\
J\x0a\x98UM\xb8\xf2'\xdd\x82\x1b\xf0a\x01d\x89\
\xfa.Sy\xf2:\xb4\xea\x13~\xd3\xceFl\x01)\
\x8f-\xe0V\xccC\xda\xc2\x0f\xc6\xa50D\x87\x08D\
(\xbc\x5cD\xee\x11\x10\xb8QxCzQ\xf5\x1f~\
M0e2\xb9c\xf3\x0e \xed\x16\x96\xf2\xa3\xec\xfe\
\x02\x10B\xc0\xc5\xe0\xc4\xa6\xb8\x0eG(;\x1b\x7fM\
\x90\xd2E\x9cr9\x22#K\x10F\xdc\x03\x5c@\x06\
\x15\x13\x05uM\x90\x1c?\xc6\xd5\x90\xeaG\xab\xa4A\
(\x88\xf27\x84Z@\x94\x02\xd1;\x112\xbfH6\
S\x19\x02U]\x1b\x1f\x12\xed\x00P\x9fV\x0aJ\x0a\
T\xa9\xf1*-\xea\xf0\xa2<B\x13\xe9\xaaQr%\
\x1b\x14\x14\xdf\xfa\x02SX\x0bI6\x02L \xbfK\
H\xed\x19&L^\x14(T\xf1\x9f\x95^\xde\x7f\x1c\
g\x87\x0ct\xe9\xfaA\xa5\xda\x03\xc8D\xed\xd1?\x1b\
M\x81\x8b\x02H\x84\x1b \x95\x09\x91\xed1\xc5\x87!\
(\x14y\xdf\xc6\x04/\xee\x14\xc2l\xb0\xc3\x80\x15)\
\xc2\xa7P\xd1\xa8\x1e:\x8ab\xab3mF\xe2V\xbc\
bT\x5c~\xd0\x04\xde\x93eUv-\x84L\xdb\x8b\
O\x88\x1e%\xba\x9f\xc0m\x09\xbc\xcd\xca\x85\x02\x10i\
X\x95\x08\x05\xc2\x05J\x9b\x0b\x01p\xd3\x12\xa2\xcdi\
\x82E\xc4{\xf5w\x10/\x08\x09\xd0\xf0\x94\x09\xe0:\
gn\x8fV\x9f\x01\xfb\xf1'\xc0\xa1\xf6\xb8\xb1\x13\xb4\
v-U\xc1\xc7DB\x11\x08\xe8H\xe5\x1dpPq\
;=;\xe1ut\xa0\xe6?\xc7\xf5\x1f\xfe\x17\xf5}\
4l8A\xbbL\x22~\xf117\x1c\xd8\x09\xb0\x12\
\x9a\xc2L&7\x11&\xa5BJ\x06!\x1b\x05\xfd\xf8\
\x01>-v)\xcd\x00d\x10\x93\xa4\x02\x84\x11P\xa1\
E\xa7\xec\xc7\xa5\x09\x8cD'5\x01\x0a<\xa1\x11\xe4\
\xd8\x07\xe4J\x8bA@&\xb6W\xb4~FQ\xdat\
B\x8f\xa8\x01O\xaf\x18AO\xb5\x0b\x12L\x05\x0bW\
6\x1b_\xdc\x1eW\x06AR\x81\x8d\xa9\xb8\x0aF$\
(\x9d\x22\x0d\xb8\xf0\xdf\xa9\xf4\x8ahLv%Ss\
j7\x07U\xa4h\xbb\x13\xd2\xf5\x02\xbb{o\xeaz\
h:,\x83\xb8N2f\xd9\x18\xc7\xc3I\xaf-\x90\
\x159\x9d6\x96\x1c\xd6\xa9\xe8rT\x13\xc0\xd5\xa0\xf2\
\x84{\x8f\x00\xe8\xb02\x84{\x00\x94Bc\xb1G\xa6\
\x11\x9b@h\x1b\xa4\xcc\x8e\xeb\xb5\xac\xd0+\x83o\xed\
\x0b\x81!a\xb4\x04X\x95?\x84\x8be\xa8Mq\xc4\
\xb6\xc5B\x85\x07\xdf%\x04\x00 \x92\x80\x9e /j\
\x10\x08\xf9\xc2dN\xeb=\xa5\xd2\xc6\xb4\xbbv\x84\xe6\
\xe2\xa2\xdc\xd8\x090\x1c\xd2\xd7b\xef\x02#\x9b\xc2i\
-2\x0b\xb2M\x89\xdb\xb9\xd4\x13\xb3\x82\x1c\xc1\x05\x01\
\xe9B\x88\x12\x88\x85J\xa8\x07n\x0c\xae\xdcK\x9a\xfa\
/\x83\xd3\xf5M\xac0\xa9_\xa5\xf6*Q-PT\
(\xb4 c\x88A\xa4\xaa}9(1\xb4\x84\xba\xad\
i0K\xa5p\xbf`\x0f\xb8PT(P\x82\x8b\xe5\
\xf1\xc6\xcdaw\x04\x10\x80\xda\xa5W\x0f\x89\xac\x1a\x1d\
\xf1mB\xdd\x078\x9eH\xbc[\x1d\xa8Mo\xdc\x08\
P\xa5\x02\x0a:GH\x9f\x09SiS`\xa3V\x84\
\xd0=\xd8 \xd2\xee\x0b\x0by\xd4jIPa\x0d(\
\xd2i\xc4\xa3h'\x88>S*H\x11iG\xf4\xd9\
\xf5\xca'\xd0\xb7+\xfaF\xdf\xdf\x99l\x09/pv\
\xc0\xfaX\xe9G\xd4B'\xe8#\xf4\xa4\x85J\xb2.\
ef\xe2\xfa\xdd;\xa9*\x1d{\xe9|^;\x1dP\
\xf8T\xe8\x8c\xfc_\xd38#H\x85\x81]\xb2Sh\
\x13\xcb:BS:@\xd1&\xa7R\xc6j\x93\xea\x99\
\xc8\xed\xc6\xc0N\x94G(\xca\x847x\x10a\x1b\xb0\
\x03\xa2\xe3\x89 \x17\x12 \xb0\x81\xc9\xb4\xd8\x05\x16\x8b\
\x05\x03\x90\x14\xaf\xe8\x94e\x02B\xd4n\x0a\x05e\xa8\
\xb4\x22#\xc3\xe2\xd4\xc3\x8b\x09\x01\xa4\x89C\x5cX\x85\
\x84\xa1\x8bQy:F!bF\xc8)\xb0N\xc8\xf6\
\x8a(\x8b\x02\xa1Bv\xce\xa1B\x8b\x19<\x91\x22\x10\
\xd2\x06\x04(\xf6I\x94\xecg\xe2n\x7fJ\x14\xc7\x1e\
P\xa1Bcr0\xa14\x09\xdc\xedT-&C\x08\
\x9d\xe8\x18%\x14\xddp\xd7\x96\xa6W\x91\x05\xf4\x19P\
\xcb\x1dF\xa3\x0c\xaa}mV\xf2?\xc8S:\xa9\xde\
\xe9\x1d\xc8\x7fH\x8dN\x8c#\xd7\xf4\xad\x10\x1f\xfeA\
\xcf\xd3*V/\xfeN{\x90\x12\x82\x02T\x5c\xef\x93\
L\xb4\x02P\xfd\x90W\xe9qx\x94\x10\x062\x07\xed\
\x17e\xb5(E\xe1\x04'\x18Mqh\x85\x12\xb1\x88\
\x85\x0aT\xa7\x1d\xeao\x94q!\xdc\x96\x98\x94\x16:\
^\x906\x828\x22\x0c \xd3\xca\xec\x06\xb8\x07\x92\x11\
\xfd864]\xacP\xf9\x12\x13\x06\xf6`\xe8\x16\x96\
\x89q?PG!\x08<\x94v\xb8P\xb8\xb7\x0a}\
~\x08\x0d\xe4\x99\xd9Eq\xe1\xc5\xfd\xde\x17\x17\xe1{\
\xda\xa6\xc2\xe3\x00\xc4jQ\xe5p\xa6T\xc6\xc1\x0a\x14\
\x22c\x86V-B\xb9F\xa3\x1d\xcb\x83\x0f\x1859\
\xa1\xbc\xc8\x8dL,\xbe\xf9Q\x08\x09\xd2\x84!\x18\x5c\
^#k\x18\x12\xb9_\xa5\x03\x1bG\x89\xd7\x80B\xc0\
\x09\xd9\x18\x9dJ\x07i\xed\xa6\x1a\x0bT\xdf\x95\x16\x9b\
\x87G\x12'n\x99(\x89\x0b\x18\xd8q.2iQ\
\x0fv-p-)\xae \xed\xd5\x0b\xb9\x0d\x06\x02 \
(P\x9d'j\x0f\xa9\x014\xe4~DA\xd1\x12\x87\
\xc4\xa1<\x22\xd2\xdbHD\xdaTI\xd1\x05\xba> \
\x13\xc6\x9b\xc7\x94\x05\x89\x89\xf0\x9b5\xa4\xf0O\xa1i\
Ch\xea\xcc\x89N\xe9\xdc\xd0J\x84t\x9c\xd29\xb0\
t\x0d \x8d\xf2+\x22\xa5I\xbc \xb7\xec\x8d\xa2\x04\
H(\x1fBDZ\x0a\x1b\xe4\x9f\xa8\xcbM_\xca\xdb\
\x9f\x03\xce\x8f\x80\x04\xf1\x0a\x11\x0a\x10d\xae\x16J~\
\x94B\x84\x02\x88\xd9\xbbH\x07`INf\x02\x09\x0d\
\x0dMv$\x14\xe6\x90v\x9aD\x22n\xdb\x13(\xa8\
\xd4\xbb\x22\x83eDi\x12\x08M\x89\xd8hE\xa4r\
XH\xd1\x11\xc9 \xf0\xd8\xd0.f:E\xaa\x99\x10\
Aq\xc8\x93hQ+\x18\xe43.\x1c@\xd3Ty\
\x04\xf70\xb0\x00\xe2\x0f\x1e\x19iM\xa1B\x04\xcc\xa2\
e\x04\xdee\x07:\xa8\x019\xa5\xa6,L\xde-\x91\
(\xe9\x1f\x08#~\x01\x0d\xa3`a8G)\xc4\x81\
\x22Sw\xcc\xd8\x04@\x85*\x03\x84\x8b\xc4\xed1\xb9\
\x18DX?X\xaf\xea\x96Y\x0cL\x92\x9a$\xa0\xd9\
0\x00M\xa4\xd70\xb8\xbcE\x83XZJ}\x12\xd6\
\x82\x9a\xd7<\xc0M\x05\xc6\x04(N\x04\xf2I\xe2\xcd\
t\x19]GRk\x10\x5cJ\x84\xf2\xd2\x04\x03\xf7\x16\
\x946\x85\xa1J\x99;M\x90\xa2V\xb8@\x09\x94\xda\
\x81\xb1\x06\xac\xa2\x0bH+\x13\xcak@;s\x1c\xd3\
\x89p@\xc2\x1c\x22\x00l\xa6\x81\x1bP\x83K\xb6\x5c\
\xf1\xfcG\xaf0`\xcd\x89\x1c\x0b\x02\x04\xca\x06,\x11\
\x8b\xff\x00i\xee\xca\x101\xb4\xc6\x19\xd3\xdeI\x92\x08\
\x83&\x06\xd4\x12\x09\x01\x13\x0a=Z5*u\x0aF\
1\xf8\x05\xa5J\xf4\x89<Y\xcd\x00J\x12\x10iC\
\xe9\x0e~.\x1bD\x0dc\xbeo3\x0aT\x88RM\
\xc2i\xc4\xc8\xe4\xca\x04\x83\x22H(\xd4s\x86\xf2(\
\xba[\x16\xcb\xea\x9dX0w\xc8k'k\xf8\xf0\x83\
A\x80\x8e\xb5`\x80\x9d,e`\x83\xb1i\x08\xa9\xb4\
\xcf8\xa6\x8bJ\x94\xe2\xa2\xc3Ja\x03\x09\xc6v\xa5\
5\xd1\xa4\xfar\xdc\xda\x1c\xdcaA\xe4\x93\xf6\xf3\x89\
\x84\xd7\x00FEJ\x16e-K\xaa>t\x0d\xa7\xcd\
\xa0\x13\xb7h\xc0Qbe\x18\xf5p\xa1\xa5\xba\x84\xe6\
\x11`\xa9\xbf\xb7\xc4\xb4\xf2v\xa2J\xd6\xa5\xa0\x9e\x09\
\xb4*\x83\x17G\x97\xab~\xec\x0a\x956%J\x1a\xb1\
\x06\x11qMs\xbf\x92&L\x97A\xd8M\x05\xda\x10\
\x82\x84\x05\x9a\xe2\xd3 \x82\x81\x8d\x80\x14\xfd\x18\x84\x1b\
&\x10~2\x9aXA\x07\xd2\x94v\xb6P\x13\x00\xb9\
\xd1\xf1A\xe4\x08\x19#\xb50\x89\x9b\x05\x1bCW\x22\
Q\x10\x85\x81\x85(mH\x1cd\x8a\x8ffP6*\
\x0cJ\x07i\x8d.\xe0\x92\x04':L\xaf\xfed\xf1\
\xc9\xda-\x1e\x83T-\xcae \xc1\x93\xdfS4m\
(\xda|\xc8\xfcE\x17\x18\x85\xfaMn\xc2\x7f\xc4\xa0\
\xc2P\xe2\x158i\xf9:\x0f\x04j\x10E4\xe2\xe0\
S\x8eD\x93n\x0a\xfd\xaf\xda\xe5r\xbe\xe3\xfa\x9b\x04\
\x0d\xe55\xcaQ\x12d\x11\x07H,C\xc6\xa4\x84\x10\
B9DN\xd0\x09\xad\xf6eE\x8a\x1a)\xc3\xd8@\
\xc2%\x15\x0b\xf6\xa4zkf\x11\x10\x81B\x07%\x06\
\xa0\xc4 (\xb4\xac\xa4B\xca4\xa6o\x0a.,\x1c\
B-\x86\x82P)\xcal\xd7\xc2\x82d\x80 \xec}\
\xa2Q\xb8i&\x13[\xdb\xd9\xa9P\xbc\xc9G\xcf\x8e\
m67\x98:\x90\xd3\xf1Ck^0\x80\x8d\x90g\
\x91\x90)\x9f\xf5:]\xa7I\x05\xad\x9d\x9b\x1f\x22'\
F\xd1cp\xb5\x09\xa0\xfa?gf\xc5J\x1bDJ\
2\x10%\xa7Z\xb4\xa0>\x83TB\x95\x92\x1b\xf0\x06\
\x0as$d\xd1b\xa7r\xa0\x94\x02\x08\xbaD/j\
\x08\x00\x98\x93$\x156;D\xa2J\x953\xa2[\x0b\
AL\xdc(\xb4\xde\x0a\xe0\x22=\xa9Qb\xe2I6\
\x95\x08\xd9\xac.0\x064\x04\xa78\xb8\xc9\xf7\x08\xf8\
\xc2\x85\x04\x98\x5c(\xbcZ/\x0a,\x05\xc0\xd4\x99\x94\
6\x891\x09\xad\x9e\x1b#j\xb5R\xe0\x16x\x0d:\
\x08\x91\x8bK\x0b\x89r\x04{1:\xd2\x85\x08\x15\x17\
\x8b\xc4\xd9\x98\xff\x00\xf4Q\x97X~\xcbw\x08\x0d\xc2\
p\x00\xe8p\x98\xe8D\x82\x14iBh\x9epA\xa1\
\x1d 4\xb1\xf6\xb1\x08 \x11\x0a\x10Myi\x90\xfa\
r2k\x99\x96\xda\xd6\x97\xba\x15F\x168\xb4\xd3\xa9\
\x89\xdb\xbe[\xb3`\xf3\x12V\xc0Q`J\x95\x92%\
\x13*T\xfd5\xd0\x8d0D\xb7\x1dM\xb9\xb9\xb6_\
b\x22S\x9c]\xb36\x02\xc2\x14\x93\xa5\xc2\xd1@#\
L\x88\x06\x9d\x12\xfe\x1f\x8d\x06\xc0.$\xc9\x94<\x89\
\x9bf\x1a\xd8j\x9dG\xe0\xf7\xa4\x22v\x8a\xa4\xd6\x9d\
\xba\xa3\xb22$\x04\xd2\x80PF\xc57\x90\x89B=\
\xbd\xb0\x02kri*$\xaaT\x8dGb\x9c \xdf\
qb\x22\xc1L(\x9e\x10\x89\xda\x88_\xda\x88\xb7<\
)\x85\xb6\x99\x00\xd9\xcc\x84AA\x15+/Hn\xce\
\xbc\xaeP\x09\xc6S\x1f\x81\xd5J$76\x0f\x8e\xd3\
\x9eM\xa5d\x82\x9fw\x00\xf2\x89R\xa6\xed\x00\xf2\x04\
\x98\xb0$\x1d\x7fp\x83c\x93ra9\xa2\x09Dc\
\xc0\xdbA^\xf5)\xee\x06/1`\x83\x8cb\x83C\
Z\x1dP\xd5\x0cn\x9e\xe2\xe3$\xa1iZP\x0f\x04\
E\x80\xf0\x85\x0b\x90\xa2\xf2b,->\x06\xc1\x0f\xd1\
\xd6\x90 .8)\xc0\xfb\x9dB\x80\xed\xa6\xc00N\
\xca\xdd\xe1\x13an6\x14\xdbd/P\x8c\x1b\x1d\xa8\
\xd5\xe1\x0b\x03:D4-\xa2\x8b\x08\xd3\xb8RT\xa9\
\xbc\xa0&\xc5\x15C\xa8,\xd1\xabJd\x8bJ\x84\xe0\
\x04!\xce\xdbhD-zE\x03\x0a=\xa0\x9e\xc0\xd0\
\x08\xb0l\xadb\x98\x1at\xecgh\xb6\x04\xdadM\
\x9a]2\x09\xd5\x88\xf1\x0a\x80kFosZ\xc7\xe6\
\xe7\xbc\xbbd\xa3h\xf0\x06\x14\xda\x05\xb5\x1a\x8f\xc3\x17\
\x1a\xb1E\x84mG\xd13iA\xda\xb4\xb4(Nd\
\x09M\x19\x18GF\x09\x1fD\x08\xb9\xdf\x01\xa4\xf16\
\x85:-D\xcd\xa7z@\xc5\x84\x04\xe6\x01\x10O\xa3\
a\x07\x96\x9cxo\xdasG\xa8\x94t\x813\xb7\xc6\
\x88-<\x90\x11$\xec\xd8)Q\xee\xd2\x00\x94J\xa7\
\xd49\x82\x01\xfb\x04\x8fV6\x1a3i@I\x84F\
\xd4)\x91\x08\x85\xa5\x09\xd1\x10?v\xfe\xa5J\x0a\x0b\
\x88\x09\xc4\xb4\xc1-\x91oi\xa6tX[2J\x95\
\x08\x92\x83\x90p\x1bO\xa8\x5c!5\xc4\x84M\x8a\x0a\
<\xa5\x11\xe7(s\xb7\x10I!\xc04\xeb\xc2P\xda\
\xf6\x8b\x89\x10Pr\xc8\x11\x08@;<\xc2\xe5D\xf0\
\x15G\x87p\x80\x07e\x94\xdaXI{ \xdc\xa0H\
\xe1E\xe1E\xb9\x1e\x11\xe8\xa0\x10\x0b\x98P\x10DG\
$\xa9\x04!\x1e\xe7H\xfe\xc2\x16\x04\x0ef\xc0\xd8\x8b\
N\xa2\xe0\x19\x8b0d\xe0\x14F\x93\x9c\x08\x01\x02\x8b\
\xa1\x1d\xd8#hP\x80\xda\x85-D\x85\x90\xf6A\x89\
A\xd8\x99\x01\xd2`\x16fe\x7f\x14lD&\x93b\
P3c\xa4\x09@\x12P\x11\xe3\x0a\x14(QhP\
\xa1\x11\x0a\x14(QhQ\x1b\xb4Z-\x8a\x85\x89\x89\
\xbcZG\x0a%\x1d.7y\xb3\x01'Urw\xc9\
\xcdql\xc4\xa7L\x8bB\x16\x8b\x90\xb8\xb9\x88M\x92\
`o\xd9\xdac\xb12\x0b\xe7j%\x18\x08\x9b\x06\x8d\
\xa8$\x12\xd6\x80yo2A\xd4 q:\xf1\x9b\x1b\
\xb3\x10~D\x8e|\xa7\xee\xdb@O\x89\x93\xc6%\x11\
\x16\x9d\xca\xd9GZL|\x22Z\xeeK=\x89R\x9a\
$\xae9p\x1e\xb2\xd2\x95(\x09C\xc2?\x14Z<\
@\x9d\x92f\xc1E\x82&|\xa6\xdf\xbf\x18\xb3\x01'\
\xe2g\xdd\x89\x1aQh\xf3\x85\x17\xe3\x84\x0c\x9d\x0e\x13\
\x9b\x08\xf1i\xfa\x07\xd1\x82\xd3\xa4\x00\xf7\xe37\x08\xf8\
L\x80?\x17\x0b\x9b\x94\x04\x19D\xa3\x16\x95\xca;;\
\x0d%c\xed\xadx\x1a H\xd6\x08i\x12\xa6T\xd8\
\x09P\xa6\x10\xde\x85\xa2\xd1h\xb0\x22\x14Z-\x1a\xbc\
(Md\x98F8\x04X\x22\x82*m\x0a\x10Sc\
\xe4\xd2\x01\x04\x98$\x911\xc76\x04N\xe2x\xd8\xd1\
$\x1e=\xc7\x8c\x15\x8e\xad*lu`\x8c\x84\xe7\x1f\
h\x99\x10\xb2\x81\x08 gD\x82\xd3\x07\xfd\x18\xd5\xa0\
(Qy\xd4Z&\xf0\xa3H\xb6\x02\x92\x11@J\x22\
\x13\x1f\x87\x01\xd0\x22\xc0\xc1\xd6EHr6\x89P\x82\
o\xd1-\x95\x0a\x10\x16\x8b\xc2\x11\xee<\xa1B\x85\x12\
\x9d\x14\xdb\x88\x94\x0a%M\xa5mG\xe7\x17\x1bRA\
D\xc9\xdc\xca\x05H\xd0@\x91\xb0ZH\x94D\x18\xb3\
X\x5c\x09\xb0\x03\xd8\x89\xdc\x89\xf0\x91\xe8\x92J\x9b5\
\x99@Nf&\x11\x10V\xaa\x18Q\xf8\xa7\xf2G\xd4\
X)Sr=\x88\xb4\x04L\xe9\x11\xe0,\x14\xea\x14\
&\xfe\xcbdi\xa0\x13\x086?\x04Z<\xa1E\xc6\
\xb6\x8e\xd4(\xbf\xee\xc0\x90\x22\xe0N\xad>S`\xa0\
rQP\x80\xb4\x9b\xf0\x9a\xc2\xe3\x00\x9d\xae\xf1\xc3\x05\
0edd\x950\x9cK\x8c\x9f\x00\xa5\x04l\x0a\x0e\
!\x136%\xb8\xe8\xfc\xb6|\xa1B\x85\x0a\x14(\xbc\
\x22 \xa8\xb4o\xc2\x14^,\x0c\x19^\xa48\x81\xc9\
3\xc4\x90\x89'\xcc\x85)\xc2\x10$p\xc9\xf7\xf8x\
\xf1'Q\xf8\xf9D\xcf\xe2\x8f\x08\xf0\x9b\x07\x22QP\
!B\x92T'}\xa1b\xbfJ/7\xe7\xc0\x14\x04\
\x98AE\x86\xb6\x08\xf7\xe3\x1ep\xa1B\x8f\x0cIQ\
\xf8\x89\xf4\x9c\xe9\xb4\xael\x0cX~\xf82&\xedt\
\x14>C\x7f\x86|\xbf\xa8\xbf*|&\xc7Z\xb9\x1e\
$\x08\xd7\xe3$\x14Ai\x82\xd0\xd83\xe0Bp\xf8\
\x83\xe7\x1e\x11cx\xff\x00B\x11Mt\x9bM\xc2>\
shN\x91\xc6\xdd\xa2\xd6\xcf8\x04\xef\x88\xd2\x01\x15\
M\x99\x1d\xbe\x98\x22XD^\x13[\x92kq\x17\x03\
\xc8\xf9\xcc)\x85?\x83\x8d\xf8\xe2\xd8&\xd3s\xe0?\
\x147\x19\xf1\x02i\xf8\xfe\x91\xdf\xfaFO\x1f\x81\xc6\
\x02d\x12\x89\x84]&Sf7\xe3\x1e\x10\x82\x85\x12\
\xa1B\x84[+\xb6\x9c\xddHRxS\xe9\x17\x17r\
\x81\x03\x91\xb5N.\x07\xb4L\xfeXE\x0f\x08\xb8\x12\
\x8e\xf6\xbd\x5c\xebv\x22\x17(\xde,?4Z\x9b\xc0\
a\x05J\x16\x0a\x7f\x01\x1e\x11x\xf0\x1fK\x8f'\x87\
r\x08<\x90ch\xb8\x9eH\x1c\x06\xf1\xf8#\xc2}\
\x22#\xc5\xe6\x04&o\xe3\xe5\x00\x84\x18HNio\
\x0c:\x85(\x99\xfcsa\xe7\x17?V\x89\x12\x80\x9b\
\x15\xea\xe0\x8fv\x93\x11o_\x88~\x10\xa5\x0b\x1b\x1b\
\x156\x07\xc6\x14^/3\xaf\x02\x8b\xc0\xda{\x81\x10\
\x8d\xa1\x17\x03\xc0\x10<J\x0a|\x05\x87\xec\x88Qb\
q\xd9\xa9\xbd\xa0\xd2x\x22\x14X\x880F\xed\x91\x9d\
\x9f\x90\xd8\x18\xa68\x91rT\xf9O\x9c!\xe3\xc2\x9b\
O\x84{@J\x9f\x08\xd4\xf8\x9bM\xa5O\x84x\x8b\
G\xe2!B\x89P\xa1\x1f\xc0K\x9aAN\xc62\x00\
\xca\xf5\xb4\xe6\x96\xec\x16\x12\x02<\xe94\x98M\xe54\
@\xb4yE\xa1E\xc1\xf4aT\x04\x19@\xfaNv\
\x88\x22Bm9\x12b\x09\x8e4\xa4\xa2P\x82SF\
\x5c\x86\x17\x98\x0e\x10a\x00A\xd7\xf7(\xee\xe5J\x99\
\xb4\xff\x00\xa1\x8f\x8e\xe2\xd2\xb5\x0aP0\x87\x84\xfeI\
\xf1\x9f\x19\xf3?jm>u\x00\x22P\x0d\x1f\xc8T\
1\x09\x8e<.\xf7\xdftr\x89tn\xc0\x9e\x03i\
\x8e\x7f\x04(\x5cyL\xe99\x81\xdc\x9a@\x05\xa5?\
ltK\x1e\xc1&\x15F\xeeA\x11h\x1e\x83\x8bt\
\x9bT\xc1h*\x16>9\x05\x92\x0fY d\xa0e\
\x12\xa5M\xa5J\x95*|I\xf1\xe7I\xc6O\x84\xa9\
R\x8a\x95>\x12\xa6\xd2\xa5M\xa6\xd3y\xf0\x1c\xc22\
\x0c\x1f\xc0>\xaf>Ov*\x99\x0d2\xa6P\xfb@\
\xd8s%\xee\x0e\xd0 \x01i\x85N\xa0\x1a\xbcxG\
\xe1\x08\x15[M\x84D\x0d\x96\x90H5 \x9c\x83\x1c\
\x1ad\xf7'`\x993b\xd5W\xa7\xedi\xd0B\xcb\
\xd7\x84\xa9S\xab\x9dY\xa3h\xebJT\xdaT\xa9R\
\xa5J\x95*m*T\xa9R\x80\xc5\xb9Zl\x0a\x9b\
\xcd\x82\x9bJ\x95?sySiR\xa5J\x95*l\
\x0cl9\xc0\x9dJ\x94\x08\xf3\xe5J\x05M\xc9\x9b\x10\
\x0ap \xc1D\xc9\x94\x16\x91\xd4C\xf6eb@\x94\
\x04\x94\xeeaSo\xff\x00I\xcf\xd7\xc4\xd5q\x0a\x9d\
B\xe9R\xa5O\xe1\x9b=\xd8\x89R]\xb5+\xfat\
p#Z\xb6\x12\xbaZ\x82\x84\x94\xfa\x85\xe6]\x12\xb1\
BT\xa9R\xa5J\x957\x0e\x80\xa5\x02\xa5J\x95\x92\
\x95\x92\xc9J\x95*T\xa9R\xa5J`\x04\xc9\xaa\xfc\
\xa1\x12\xa7\xcaT\xa9R\x14\xa9SyS\xe56\x95*\
W\xa9R\xa5M\xe6\xd3\xe0\x0c\x22<\xa5\x12\xaa:H\
#n\xbf6\x06\x0a0\xf1\xa2\xc80\x18\xcf\x96\xc8\x9d\
!L4(\x05@\x03R\xa5J\x9b\xca\x94<j\x09\
j\x0d\x83\xbcO\xaeS\x8c\x9dSD\x02\x8b= \x08\
*m(\xa9\xb4\xa9R\xa7\xc8\x95*T\xac\x96K%\
*VK%*T\xa0T\xa9R\x99P4\x19..\
2eJ\x95*T\xa9R\xa5J'w\x9b\xca\xe5J\
\x9b\xca\x956\x95*} \xa5M\xe7\xc2T\x88\xb0\xde\
\x94\xa9Si\x09\xc4\x04\x5c\x07&\x5ctZ\x1a\x02'\
\xed4\xefp\x02\x88;lF\xaam\xc0/\xfdm\xd8\
xR\x88\x856\x957\x95*T\xa0T\xa7U\x83\x09\
\xd5\x09\x0aN\x91$\xa2\xa6,\xd2\x02q!\x02\x81\xb9\
\xb9\xf0\x85\x1e\x058\x15+\x22\xa5J\xd9R\xa5J\x95\
+%\x92\xc9J\xc9J\xc9J\xc9J\x95*T\x85*\
T\xa9YB&L\xf8\x12\xa6\x14\xa9\xb4\xa9\x9d\xa9R\
\xa5J\xc9J\x9dJ\x95*T\xa9Si\x850\xa5J\
\x02m(\xecJ\x94\x0c T\xa2g\x8cd\xec\x008\
 \x97H\x0d\x13\x0a\x02\xf8\xfa\x064\x82kce\xe0\
d$od\x08\x10\xa5\x02\x89@\xa9R\xa5J\xc9J\
\xc9J\x06\xcfl!\xf1N\x91\xf1^\x91\x18\xb6\x00-\
\xcb\xc0 \xa6\xd3\xe1+%\x90Snl,~\x93\x84\
[P\xa5J\x95*P+\xf6\xa5J\x95+%*T\
\xa9R\xb2R\xa5J\x90\xa5d\x9ad\xa7r\xa5J\x95\
+%*T\xa9R\xa5d\x83\x94\xa9R\xa5\x02\xa5H\
\x85\x92\x95(\x1f\xa9\xd2\x9bJ\x94\x0c)\xb3O\xdb\xb4\
T\xa9\xb4\xa9\xb3\xa7\xd0n\xe4\x88;D\xa6\xf2\x88\xda\
k\xa3E\xc6S\x5cxR\xa5J\x0e\x9d#\xa5*T\
\xa9R\xa6\xc0\xa0VH:\xcf\x13\xb2\x1aJ\xfdxE\
\x81\xd2?\x146\xb9YB.E\xc8\x98\x08\xb9\x03%\
7\xf7\xae\x13\x9d\x88D\x81\x08\xc7\x04DB\xee\x86\x92\
\xaa<F\xb2Y,\x96K$\x5c\xb2Y,\x96K%\
\x92\xc9d\xb2R\xb2R\xa5d\xa5J\x95*VI\xb5\
\x00Y\xca\xcdf\xb2Y\xac\x96K%\x9a\xc9d\xb2Y\
\xac\xd6k%\x92\xc9d\xb3Y\xa0\xe0\xb2Y,\x96K\
$\x1c\xb2Y,\x94\xac\x96Jd)R\xb2+%\x92\
\xc9d\xa5\x136\xc9d\x89\xb6K5\x92.Y \xfc\
\xb9.A\xcb%\x92%M\x85\x82\x0aS\x9d#L\xdc\
\xa2#J&\xe4G(\x22} V\xa6\x11\x018G\
\x05\xc9\xa7$\xe6\x02\x13g\xd3\x8b\xb4\x1a\xe7\x8aAS\
\xab\x93\xa1\x17\x07@\x1c\x19RJ\xacgH0F\xcb\
\x80Y\xac\xc2\xcdf\xb3Y\xac\xd6af\xb3Y\xc79\
\xa0\xe4]\x0b5\x9a\xcc,\x96K5\x9a\xcdf\xb3Y\
\xac\x96k%\x9a\xcdf\xb3Y\xac\xd6h\x12xt\xb7\
g5\x9a\x0f\x95\x9a\xcdg\x08=f\xb3]\xc1\x08=\
d\xb2Y,\x96K%\x92\x95\x92\x95\x92\x95\x9a.Y\
,\xd6K5\x9a\xcdf\xb3Y\xac\xd6h\x12D\x81!\
8\x99E\xdb\xd0r\x95(9e()@\xa9\xb4\xa0\
m;@\xa0T\x09Z\x99\xb3y\xf3\x06\x11>\xd1(\
\xc9\xe7\x82\x80\x8b\x16\xcb\xa5\x13\x0a\xa6E\xf2i\x00*\
\xc2u?\x96i\xd5{n\xc1\x7f\xc8\x01\xc1\xa6\xb1/\
d\xb4T\xa8\xf3\x00\x97\x03\x05\xce-0\xee\xe2\xee.\
\xea\xee.\xe2\xee.\xe2c\xf7$\xb9\x80H\xa9Y\xae\
\x1amI(\x08n\xbb\xa9\x998\xc2|\xb4\x00\x8b\xcb\
L\x1e\xe2\xee\xae\xe2\xee\xae\xea\xee\xae\xe25\x17uw\
Wu\x0a\xab\xba\xbb\x88T\x95\xdc]\xc5\xdcTj\x89\
\xc4\xd4 4\xcb\xdcX\xe2\xd4\xc0\xe7\xf0\xean\x03\x16\
\xbc\xb9\x9f\xcb\xb8\xbb\x9a]\xc5\xdc]\xc5\xdc(TB\
\xa2\x0fB\xa2\xee!Qw\x10z\xcdf\xbb\x88=f\
\xb2\xf6\x85D\x5c\xb3Y\xac\xd7qw\x17qw\x17q\
5\xd9\x18N.i\x82\xda\xc5\xbcS\xac^\xf0\x15h\
\x07]\xd4*\x95\xdd(T(91\xf0Sb$ \
\xe0m$ \x82\x11(\x94\x0a\x9d\xcd\xc0\x9f\xc16\x85\
\x03\xdc#(\x1d\xc2\x84v\xab\xb0\xbf\x86Q\x01\xe0\xb8\
H\xd8\xea\x9d\x03 \xd6\xbe\xb3\x959\xa6\xc2\x1fY\xc6\
\x8b\xa5\x94*\xb4\xbf*\x9dm\x12?\xec\x02\x5c`\x13\
\x1a9&\xbc4\xc8}g\xbc\x06\x9at\x836kF\
&;\x84#X\xac\x9a\xa9\xbe\x90!2\x08\x95R\x90\
v\xc3\x0c\x94\xed\xe8u\x15%\xe4\x8e\xe2\xcdf\x83\x8a\
\x87\x81+4\x1cN\x81k\xc0\x92I\x22FK%\x92\
\xcc\xac\xca\xcc\xae\xe1B\xa2\xee.\x92\x9c\x8e\xe1\xab\x91\
a\xc2\x97Lfj\x08\x1a\x08\x89\xd1\xa8\xda\x12\x9eX\
?\x8fqw\x16k5\x9a\xcd\x07\xa0\xf5\x9a\x0e\x9e3\
Y\xa0\xf5\xdcY\xac\xd6k5\xdcE\xf2\x16k%\x92\
\xcdd\x8b\xc9Mt\x98/cH\x91N\xa8i\xdb\xaa\
ded\xbac5\x02\xea\xe79\x12VK$\x1c\x84\
\x95E\x84\xb94\x16\x88@\x08F'x\x03\xa5\xdb\x84\
?1\xf2\x94<{bK\x91a\x1cWc\xf0\xf9t\
\x8f\xff\x00\xe10\x92I\xa8\xfe\x91\xe1\xd2[\xd1\xb6\x91\
\x0e\x01\xb9\x03\x93:v\xd3z\xea:G4\xcawM\
#T\xbap\xdd\xb9\xach:s\xa1?h\xca \xfb\
'\xea\x97Q\xdb\x0b\xa7\xaf\x9c\x17\x92&\x0b\x5c\x03\xcb\
\x07YQ\xec\xa7\xdc\xa6\x5cO2\x98Z\x7f\x93za\
PK\x0fB\xe0T\xd4\x1f\x00:Z\xcf\xdaoH\xf0\
\xbb\xb5)\x90\xda\xae\xa9D\x0c\xa9\xd4}\x225\x92\xc9\
d\xb2Y,\x96I\x80\xbd\xc1\xa1\xad\x0dhh\xafX\
QnF\x97WN\xab\x83Z\xfe\xad\x8dnJ\xafP\
\xfa\x87\xe5K\xa8u#\x22\xb7QF\xaf\xc8\xcc\xa9R\
\x89\x13\xa9R\xa5J\x92\x16k4\x09:\x0e\x0fh\x93\
\x9a\x0fY,\xe1f\x8b\xd6hTNz\xcd\x07Jc\
\xa8\x9e@\xa0\xed\x0aui\x83\x8b\x1d\xd4S:pc\
j;\xe1S\xa7sv\xd0\x13\x1bO\x93D0<\x01\
\xd6\x121!\xd4\xaa\x01.\x0c\xcb\x8at\x06\x9c\x5c\xc6\
\x0e\x1a\xdd&\x81\xc8\xb0h\x08y\xcf\x8cx\xc7\x98\xf2\
\x0d\x0a\x9fL\x03\xcb\x9cB\x00)\x94\xe6\xc9\xd4\x0fn\
\xa1\x96\x8b\xa8\x86\xf0\xeap\xd8QP\x1dV\xeeL&\
R\x81\xf2\x14i\xbb\x87tU\x0e\xda\xfe\x85\xc1\xba4\
*\x05E\xd5[\xa7S\xa9K\xe2\xc5\x91=C\xde\xab\
\xbe\xab\x8f\xfd\xb5(\x07\x80\xeaF\x8b\xc0.-\xa6\xf7\
q\xff\x00\x1e\xb3F#\xa7k\xdb\xfc\xeaW\xa7O\xf9\
\x87\xb6\xa3t\x0bb\x03\xe8\xb1\xfc\x9e\x92\x98qq\xad\
\xd3\xd3\xfeM\xed8\x09s\x81j\xc9d\x83\x96K%\
\xfe6\x94\x93T\xca\xeai\x1a\xb4\xcbGF\xf8\xac\xd5\
\xd5\xd5\x87\x1ac%*T\xa9T\xbaZ\x95\x04\xa7\xf4\
\x95X%\x00a`\xe0`\xff\x00\xc4\xaa\x1b\x91\x12t\
\x08#\x966N\xdbE\xae\x0b\xb5\x0e\xf8\x8f\x88\x83W\
\xb7$\x09A\xcb#\xc2\xc9\x168\x09-iv\x87e\
\xfe\xcd\x18\x1f!N\x8bH\x9a\xb5Z\xdf\xfa\xc8\xda\x8a\
\x94\xcc\xa61\xa5\x99\xb5\xd5sT\x0e\xf1M\x0e\x1av\
4\xce\xcd>\x9e\x9cd\x05\x16\x87\x07*\xb4\x9bR2\
,\x04b\x83\x06!\xa9\xac\x0d\xe1B\x03\xf2\x05?\x96\
\x10\xf0\x16\x9f(Qg6P\xa6\x01\xdb(\x86\x92S\
\xbaV\xc1.\xec\x02av)\xd0l\x8c\x19U\xc5\xaf\
\xa8\xca\x13\xf24)\xf2\xce\xdd@5\x8fPW\xc9\x94\
\xff\x00\xec)\xdck\x02\xe7lt\x94\xd7d\x0e;/\
-8\xd5\xa7W\xff\x00\xa1Jt\xa9\xf4\xe3<]N\
\x90`\x96Ve_\xe4\x9bQ\xdc\x00\x5cN\x9d\xd2\xb9\
\xe7\x00\xee\x9f\xb6\xe2\x1c\xe6\x86\x85*mG\xa9}\x03\
,e\x5c\xa9\xb6\xa3\xba\x9e\xa4t\xe0\x13H\xe5Y\xae\
]`\x8a\xef\xb3Zgt)\xd1p\xd8\xe9\xe9r\x9f\
J\x9b>f\x9f\xc8J\xed\xa7Qk\x06L\xca\xb3\x5c\
\x1a\xaaT\xacO\xca\x8fH[9\x0a\x0e?\xc7\x08\x1b\
m\x12\xe3(Se\x17A\x7fN\xe7h?\xa0.w\
\xc7\xff\x00\x1aC\xf7R\x856\xf5\x01\x89\xbd\x1d:a\
\xd0\xc71\x8e\x83Y\xadp\x19R,\xc7\x10:z\xbf\
\x22?\xe2d\x01p\xa0\xd6\x9c\x9azzgd\xf4\xf2\
d\x9a5\x08 \x1a \x88s\xba0\xc9,\xa7\xd3\x96\
4!Dl\x91E\xa2`\x05\x17\x85\x1f|\xa1\xfe\x9c\
ZT\x7f\xa16\x9f\x22\x9bI\xad$\x8a\x8c\x0f\x10[\
E\x8d9\x0a\x9d\x1d'\x99M\xe9\x98\xc8\x8a\xb4\x00\x12\
\xd70\xb7\x971\xc2\x98\x0b\xb4Cd\xb6\x99\xe5b\x19\
\xa2)\x83\xb3V\x98##H\x03\xa6\xbb\x10`\xf6\x82\
\xa9\xd2\x87\x8d6\x90o\xc5\x16\x18UzL\xdd\xf1\xc6\
\xa7O,k\xaa\x9c\xa4\xe6\xc2~B\xb5\x17|Sj\
\x82!\x85\xae~\x90\xe9^\xf1#\xff\x00\x1e\x1fL\x04\
\xdaQI\xac=gN\xfa\xael\x0e\x8cRsJ\xeb\
:B\xf7\xcb]\xd0\xb4b\xd6\xb7\xa2\xa9\x12\x07L\xfc\
\x03\xc95)\x98!\x95\x1c\xcc\xd7H\xd7>[R\xbd\
*\xa6\xaf\xc2\x95Z\xecnU+V\x86\x82\xa8\x96b\
^\xf6\xc0!\xab\xec6\x985\x06C\x07\xb5\xdf\xf6?\
\xa2\xa8\xe7\x1a\x8d\xa7C\xb7\xfc\x98\x034\x8e\xc6\x98\xd7\
\x87\x892\xa8\xd3\xc6P\xa6\xd2\xe9A\x80p\xd6\xc0\x84\
Z=\xe2\xa1b\xb1\x85\x17\x02<\xe3\xf0\xcf\xe4>\x13\
\xf9\xe7\xf0\x95\x16\x8b\xe0\x22\x14(\x0b\x11\xb4\xeaMw\
-l\x14A\xf5\x83fV\x01c\xe9B\x02\x15ZA\
\xcd!\xb4\xbaV\xd3\x89=>U%\xcd\xe8\x7f\xec!\
\xed\xff\x00\x1e\xc8 \xff\x00\xc1\xa0\x1ej*=+(\
\x8f\x8fe\x86e\x94\x1a\xcd\x06S\xc7\x81Le\x07\x11\
\x10\xb0\x08\xb6F\xa16\x9bZIB\x90\x1b/\xe9\xa9\
\xbc\xe4\xe2\xc6\xc6(S\x03h\xb6y\xed\xcc\xe4i\x93\
\x10\xdaMo\x18\x08\x85\x88\xe1B4\x18`\x18\x8e\x0b\
u\xac`\xca,\x07\x98P\x9a\xc83\xfe\x8c~Ay\
\xf2\x9f\xf5\x87\xe1\x84|b\xf1x\xf0\x8f\x08\xf1\x85\x08\
4\x0d\x0b\xc7\x94~\x7f\xd5\xe3\xc2\x14Z\x14\x7f\xaa?\
\xfd)\xf0\x90\x83\xa7h\xb9\x07N\x93\x9f\x0aB\x95\x90\
\xf1\x95+\x85*w\x08\x14^$\x04j5\xa6\x08p\
2\x01 s*T\xa3\xc6\xb8]\xc1\x96(\xbc\x05\x90\
B\xa3H\x91\xddd\xc2\xc9:\xa8h\x95\xde\x11!\xb5\
\xd8\xee\x03\xc1\xd8\x0e\x94&v\xe8\xe5e<\x02\xa7\xec\
\xb8\x0er\x11*T\xda\x7f\x0c\xff\x00\xa2?\xd4\x8f2\
\xa2\xd1\xe2E\xe6\xdd\xc1\x96)\xce\xc4J\x1dC\x09\x00\
\xd4\xeaX\xc4\xde\xa5\xaeO\xaa\x08\x86\x8a\xa6 K\x9c\
\xc3!\xc6 \xe4\xe2\x8b\xc4\xed\xb5\x00\xd2s\xe0&T\
\x94^=\xf7\x9b\xed\xf5\xc0\x12\x99X\x92\x8b\xc8\x053\
\xa9fA3\xa8\x0e\xd3\x9f\xd69\x8e\xc1U\xea\x8b*\
Ci\xff\x00\x91`h\x06\xa7QN\xb8\x81O\xab4\
\xa9\x966\x87\xf9\x0fu)\xff\x00\x90\x07\xf9\xb6\xabp\
/5k`\xc0A\xebI\x05u=V\x0d\x82:\xc2\
Y\x82g[S(]\xd3\xb6\x90_\x10\x9a\xc70B\
\xe9\xc5@\xe2\xf3]\xd5d\x162\x8dR\xe3\x9b\xa8\xb5\
\xac\x0dT\x83i\xbb\xe4\xd6\xb2\x03@\x82\xe9\x10ZI\
\x15s{\xca\xab\xd5U\xa6`R\xabQ\xd0\x1e\xca\x8d\
q_\xb0\xe7\x96\x9f\x92\x15FD#Q\xa0\x84\x1e\x0f\
\x00\xca&\x14\xac\x96H:T\xdc\x15*l\x04\xae\x14\
\xfe8\xff\x00zT\xa9R\xa6Q0\xb3\x9eM_\x94\
'\xf5\x01\x84\x83\xdf\x04\xe9\xbdM7\x02\x11xi\xc9\
T\xafL\x10]\xff\x00%\x9c7\xba\xf3\xc3\xbb\x84\xaa\
9\xe1\x8dL\xbd.\x15F\x90`7\xaa\x00.\xf1\x22\
P{\xe4\x91X\xbcm\xecy\x8d\x0a\xce\xc8\x13N\xa9\
~\xc5N\xf00\x03\x1e6\x8eo \x17\xbd\xdaO\xae\
\xf7\xba\x5cFB\x10a\x07D\xb8\xec\x87AT\x1a\xfa\
\xba\x1d=>\xdd(5\xe9\x87S\xc0\xd7\x8an,\x1f\
\xe4\x9f\x8b\xc4\x9a\xbf\x15\xde*\x8fP\xc6\x8f\x91\xea\x98\
\xee\x7f\xe4\xb0\x0cU\x12\x01\x90\xea\xd1\x09\xddKL\xb5\
:\x91p\x11W\xa6\xa8U*\xeec\xb0\x22\xb9\xe4\x0a\
\xa4r\xea\x8e\x06\x07\xfc\x86\xbc\xe2\x8dgG\xc6\xbf_\
P\x10\x13\xbf\xc8\xd40\x17W\xd5\xb6\xbe$3\xfc\x85\
7;\x14j\xd2{\xc9.{\x03$R{*m\x1a\
\x95r\xf8\x8a\xafca\xc3\xaba\x01\x1e\xa2\x9by=\
@\x07A\xef;\x0d\xad\xf1\xc9\xef\xeaD\xe2\xa9V\xf4\
\xe0\xf2\x0e$U\x04\xc2k\xc3\x84\x89\xf0\x9f8\xf3\x17\
\x8f\xc1\x1e\x11\xe5(\x95\x90\x1aN\xea\x00z.\xd2\x04\
zD\xfb\x13\x1a.\xab\xed:\xac\xf2*\xc8\xdb\x9c\xe2\
\xe8\x15\x0b\xf8T\xea\xb8\x1d\x9e\xa9\xa0\xc2wT\xe6\xc6\
'\xadqi\x04\xd6z\xa0*\xbf\xe4[M\xb8\xff\x00\
\xd9\xd42:\x96=W\xe9\xea4\x095\xa9\xb1\x98\xd3\
\xee\xbcm\x02G\x14\xeau\x15\x07\xc7\xa6\xef\xeb7\xb0\
9\xbf6\xd2k\x06\x9a\xe6\xb8J}V1\xb9\x17\xf5\
\xcc\xc8\x05[\xa9\xa5\xc3\x0dGID\xca\xc5`\xb1+\
\x02\xbbetN\xed\xd4\x015\xb0!V8\xd3$\x9a\
e\xef\x83\xfeB\x98\xa8\xe2\xe1\x82\xc5\x06\x05\x01@T\
\xaa>\x9f\xf15\xea\x15\xb4s)\xb5\xab4@\xe4\xec\
\x99\xe5\x8e\x83)\xb5\xb1\xe0\xd6. 5\x80\xb8|\xaa\
\xba\x9c\xa2\xdc\x8c\x9e\xdbeb\xd5\x8a\x128n\xb6;\
\xaf\x1a\x0c\xea\x08l\x11\xd47\xd9\x14\xea\x09\x07\x9dd\
\xe3\x01S\xa8\xdaz.\xc5\x9a4\x1e\x1cv\xc7\x1ff\
\xa3AM\xea\x1b\xe8\xd5\x01=\xc1\x83\x22\xd7\xe4$6\
\xa0p\x94\xda\x8dw\x17\x9b\xcf\x84~\x08\xf3\x05J\x95\
6\x95*l]\x04\x04\x5cUB\xf6\x82U\x1f\x93\xcc\
\x90\xe0\xe2\xe3_\xa8-\xf8\x81\xd7\xb4\xc0 \x92e?\
\xab\xca\xa1\x0d\xea\xba\x87\x02X\x8fPqT\xeb\x92~\
]\xc6\x93\x00\x89\x09\xc28\xa9%\xc4\x9d\xa2\x02\xa5I\
\xaf\x9c\xfan\x94R\x00'\x0fj\x1a\xfa\x92+\xb1\xce\
\xa6X\xc7\xd2u7\x16\xbb\x14\xd8\x1c\x8e\xa43\xff\x00\
[\xba\xfa\xa7\x86\x03\x5c\xe4{\xb5i\xba\x1a\xde\xb2\xb0\
\xe7\xb5Z\xae\xeaE'|)T\x14@E\xbfX.\
\xda\xc1`\xb0X\xa0\xd8]=N\xe50\xe2\xf6\x07\xb4\
\xb5\xcd\xe8\xe95>\x8b\x1d3[\xa2\xa8\xc3\xf1gK\
Q\xe6\x05n\x9e\x8d\x11\x0e\xc4N\xb1BB\x99\xe2\x0a\
\x82\x82\xc5c+\x02\xb0X(tA\xed\xa0\xc5\x8a\xc5\
\x16\x22\xcf\xa1L\xae\xdb\x91a\xf7\xdb\x84Z\x98\xea#\
\xf96\xbd!\xc3M\x1a\x86Q\xa5Hl\xcbC\x87m\
\xddC\xdd\xc0\x99T\xea4i5\xccq\x01u\x02X\
\x83\x9c\x04 \xf6\xc4\x86\xd7\x11\x09\xd5)\x9e\x18\xe6\xa6\
\xb8\x1b\x97\x00\xa6\x7f$\xda|\xf2\x0b%\xfb\x11(\xa2\
@\x12k\x12\xd1 \xd7\x88\xc8\xcc\xc3:\x8f\x8bQc\
\xe9\x90\xe3\xd2\xb9\xf56\xee\xa1\xb9\xb8Rh\xa2)<\
\x0a\x9dc\xcbi\x8aj\x11\xde\xce(5\xa4\x80]@\
b\x5c\xa9U\xe1\xa5\xeel,\x09]\x92\x83B`\xa7\
\xff\x00\xd5\x1cZ\xc0\x13\xeb\xb5\xbaT\xcb\x9d\x0eD\x8f\
}[\x09!\xc7\xb4\xbbK\xb4\xbbH5\xc0@\xed\xae\
\xd9X\x15\xdb\x0b\xb6\x17m`\xbbev\xca\xed\x95\xda\
B\x9a\xed\xae\x95\xfd\xb3\x04\xf1\xa6V\xa9L\xc3\x9a\xe6\
\xbcKQ\xd6\xcdZ\xd4fS\x9c\xc7,B\xc0 \xc0\
\xb0\x0b\x05\x82\xc1v\xca\xed\x95\xdb+\x0f\xbe\xd8X\x05\
\x80\x85\x8a\xc5b\xb0X\x15\x81\x02Wl\xae\xd9]\xb5\
\xdb\x0b\xb6\x11\xa6\x01X\x05\xdd\x00\x02\x19\x0et\x1a\x94\
\xb1+\x10\xa9\xb0d\x0a\xeb\x84\x86\x80\x03\x80\x80\x1aG\
\x00\x15\x0eC$\xd7\x10S]\x92\x0e\x09\xcfa2\xb3\
\x03k\xba\x9a\xe9\x0aeJ\x95?\x94\xd9\xd3\xca\x99S\
&\xcfp\x1aP\xba\x80\xe6\xb9\x07K\x9aC\xeab@\
O\xa4\xda\xae\x92zp\xf0%\xe0\x86\xeb\xb0\xff\x00\xe4\
\x1e\xc2\x7f\x91d\xec\xf6\xc2\x14\xd7m`\x10`X.\
\xdakH(a\x10\x9dI\xa1\xb2\x853*\x9b\xb5\x09\
\xd4\x8c\xc9m82\x9d\xf3l8\xd3\x9e{a`\x16\
!b\xb0X\x15\x81X.\xd9]\xb5\xdb+\xb4\xbbk\
\xb6\xbba`\x17m`\xa9R\x0ev\xcc{\xa82\x22\
\x03H2;\x8ex\xd3\x83\x9d\xcfm\x0ak\xb6Wl\
\xae\xda\xed\xac>\xfbk\x05\xdb]\xb4)\xae\xd2\xed\x15\
\xdb+\x02\xbbd\xac\x0a,2\xb1rm=\xec\xb0\x93\
\xbc\x16\x0b\xb6\xbbk\xb6\xbbav\x97ma\x05:]\
\xcb)\xe6a\x0e\x9d\xcd\x82\xba\x87\x11\xfc{d\xedv\
\x89]\x82\xbb%`Bk\x09)\x904 J !\
\xa5\xcai\xd2\x950\xa5O\xdc\xa9R\xa5M\xe5O\x89\
)\xce%\x10\x80\x8d\xa3R\x1b#\xe4]\xa8.l\x0f\
\xe7\xf0{i\x16\xb8\x12D\xb5\x12]\x0b\x1d\xca\xaa%\
5\xe7\xdb\x81q\x95\xda]\xa5\xdb]\xb5\x82\xc1`\x16\
!b\x10hA\xa3\xde!b\xb1%`\xb0]\xb5\xda\
]\xb0\xbba`\x16\x01b\x14_j\x16+\x05\x81]\
\xb5\xda]\xa0\xb0A\xb1\xb0I\x22\x0e\x0b\x00\xb1\x0b\x15\
\x8a\xc5\x06,V\x080{\xed\xac\x0a\x0cX.\xda\xed\
\xacB\xc4(\x0a\x02\x00(\x0b\x8e\x00D\xc0\x80\xa1B\
\x01bT\x15\x81X\x15\xdb+\xb6\xe4i\x14\xd6\x96\xf0\
\xd0b\x0dF\x82e\x16\x02\xb0\x0a\x02\x85\x0a!6B\
\xda\xda\x82V%\x06\x94\x04 \x14 \x14-(\x1e\x88\
C\x9bJ\x9b\x01a\xca(\x89E\xa1b\x11\x01b\x14\
\x00\x86\xce\xd3\x84\x88@\x0c@G\x84\x13\xda\x1dR\x0b\
\x80\x0c\x01\x12\xa5d\xa5@X\x85\x88E\xa3J\x02\x01\
\x08P\x14\x04\x14x\x0b\x0bB\x0c\x05`\x16\x016\x9b\
I\x00\x9aM\x06\x11\xa4\xd5\xdbj\xed\xb6Wm\xab\x00\
\xa0,B (\x0a\x02\x80\xa0yB\x0dP\x9a\xd0T\
(X\x85\x88X\x85\x01b\x16!b\x16!b\x14\x04\
\xc6\x8d\x94P\x01qsp=\xdb\x10\xb1\x0a\x02\x02\x14\
\x03x\x16f\xb6\x9d\xca\x1f\x80X\x9d\xac\x90S(/\
\xff\xc4\x001\x11\x00\x01\x01\x05\x05\x07\x05\x01\x01\x00\x03\
\x01\x00\x00\x00\x00\x01\x00\x10\x11!1\xf0\x02 0@\
APQaq\x91\xa1\xb1`\x81\xc1\xd1\xe1\xf1\x22\x03\
\x12p\x80\xff\xda\x00\x08\x01\x02\x01\x09?\x00i\xc3\x8a\
\x15\xd9Y\x0a\x08\xe5t`E\x93w\xeejyB\x83\
\x0a\xf8A\x871-\x84g\x93\x9d\xf1\xca\xe9}\xc3?\
B\x1cH\xb7D\x1e\xc9)\x22\xd2\xc2\xf2\xca\xe1\x97\x9e\
h\xa8\x9c\xe8G?\xa6&\xbe\x8a\x19\xf3zYQ\x83\
?Q\xc9\xba\xe3\x1fO\xca\xf0\xbf\xa60\x95\xf1\x14c\
\x93\x85\xe3\xb5K\x90sf\xc9\x22\x8cY\x056\xc5\xba\
\x97l!\x88\x1e\x8e\xd3\x9e!\x80l\xee\x18\xb7x\xf3\
x\xbf\x02\x17Nx9\x83m\x1b\x93h\x83$\xcd\xe3\
\x18A\xa1\xa3\x22pE\xd1\x04]\xb3g\x83<9\xb7\
CtedQ\xcd\x14*\xb8\xfb#^{{\xa26\
\x94\xf1\xf7x\x86!a\xd91\xf3\xd6j\xd3\xc7\x1d\xa2\
\x18\xe6\x986|Z_s\x9f\xdekM\x94r\x12\xc5\
\x96$\xeeN\xec\x190\xa4vX\x7f\xa0\xc3\x99;\xf2\
*F_Wg\x9c\x97\xa2Dqu]T\xfc\xe1\xea\
\xc1\x93\x92\x96\xc59\x00\xeb\x86\xf4\xf2\x10\xc0\x81P>\
k\xf9\xbb\x16\xbfrr\xaa(\xc3a\x86\x0d\x8d\xaa\x0e\
\xc3\x88Q\x1d\xff\x00Q\x8e\xedpb{\x22\xf3Rl\
jM\x17N\xcb*\xab\x9e\xd0\x17\xa0\xbb\x22\xf5d\x8e\
\xff\x00J\xd7b\xad\x05hwVI\xed]\x15\x90\x05\
rE\xfe0u\xc9\xf4\xf9\xcb\xc2\xec\x14\xb6a\xc2,\
\x0c,\x08^8&8\xe5\xa692\x8a\xd75<\x01\
\x92\x193\x800NT0)\xb2l8\xc28&\xee\
\x98S\xc7\x9ef8\x13\xc2\x9b\x03\xd0as}\x96\xb8\
\xa3\x1eL\x0d\x8a\xe7\x83,P\xfc-.N\xfdS\x99\
<\x88\xc2\x9e6\xb7NjHF\xab\xd9\x93\xbf*\xaa\
\x84\xb3Z\xdc\x96`\xe4\x04X\x14\xee\x96\x1c\xf9il\
\x95W\xf7\x8eh\xa2\xd8\xe7g\xb35\xc7\x9dW\xec\xb3\
\xc1\xe8#\xb5%\x9b\xd6\xfc\xea\xa9\xe7>Zc\x99\x08\
dD\x14\xce\xc8\x9dS\xba\xee\xc3\x9e9\x80R\xd1F\
\xf9i\xcbO'#U\xfcS\xb82\xf1\xb8/I\x17\
\x04??|i\xbf`\x8b\xbal\xa9/\xe8\xdf\xf7\xba\
\xe9\xc4/\xb96\x96O\x10\xbe\xd7a\xcb\x1ay\x93r\
m\xe1\x8ac|\xec\xd3\x9e\x0eE\xf8\x06X!\xcd(\
;&3c\x18\xed\xc3\x999\x01\xe8\xe9\xfa\xd8?\x00\
_\x9e\xd59\xf9\xe7\xc5\xdd.K\x0ezz\x9aY!\
\x15?\xfdP2~\x80\x96\xc61\xc9\x98\xfa\x0cz\xe2\
~\x94\x9e\x14=\x5cet\xa3\x95>\x9e0\xe0\xd0\xcd\
r\xc7\x00\xfaf9\xc1p\xc7`\xebU\xcbl\x86\xe9\
\x9a\x0f'`\xc9B\xbe\x9d\xb6N\xde\x0f\xda\x9a\xe0\xc4\
\xfa\xbe\x19\xd9\x7f\xf0\x04\xcb5`A\x87\xd62EM\
\x07qZ\xea\xa3\xc9\x82*xE\x16\x16L\xe5\xb4`\
Ca\x9d\x8c\x18]=70\xa2\xe7\xa3\x14I\xf8\xb9\
\x14.\x94\xf2k\x8a\x11\x82\x82/SV\x9f\x80\x0a\x10\
\xc3\x9d\xdbN*\xd3\xfd\xb3\x86\xee\xed\x8d2\x8fTC\
\x86\x8a\xd4\xf8#*<\xd4A\xad\x16\x9b\xd0\xfa\xfe\x22\
a\xc1\xdft\xf5:\xf36E\x0b\xd6A\xe6\x8cO=\
Y\xa0\x8f\xdd\xc2\x9e\xefo\xc4U\x88\xe8i\xe1\x07+\
]\xd4\xabr\xb4\xee\x13\xec\xbc\x01\x81\xaa\xd1\x93,(\
\xc1Y/\xc5\x18\x8f`\x8a\x1d\x91pQe\xa5;\xa2\
\x1b\x14r\xbd\xf9\x04\xf54\x18{\x84QE\xe5\x05j\
\x15Z#\x13\xf4k\xa2\x07\xfc\x8f\xc8uz\x0f\xe0\x0c\
\x04\xb7 A\xd4~\xa0\x82=\xd5\xaa\xf0\x8a0hx\
D\x8fe\x01\x7f\x93'\xa3\x03\x80\xbd\x04\x18\x14.\x12\
\x8b n\x880\x22\xe4T\x03\x02{\xf8\xef@>\xaa\
Jl\x01\xdb\xd9\xa3$\xc1\xb4O`\xa0\xb4i\xae\x8a\
\x0a&L\x0fO\x03\xdf\xf1=\x12\x8fD>\xd3\xc2=\
\x14\x15\xb3\xcbE\xf0\x9d\x1d\xc8\x84Q}\xc2\xb5wt\
\x1e\xf4&~V\xff\x00\xd6\x06\x04\x1a\x22\xacJ\xa6\x84\
\x0dsG\xcf\xe2=\x91B\x15\xb9\x19\xd7\x04\x5c\xad\x82\
\x8f\xf9R\xa8J\xb5A\xef\xde\xac\xcb\x81(\xb8\xd7d\
\x08\x1b\xd5\xa4c\xae\xe4\x10N\xe8\xadv\xf9z\x8a\x99\
F5\xcb\xa4\x96\xab]\xae\x22X\x22\x83\x90z\x0c\x1a\
\xa0\xa4\xa0P\xbb\x04b\xcb)\xea\xcc}\xfe\xdd\xd9\x03\
\xca\xa3\xddX\xf1]\xd5\x85f/\xad\x10\xfd\xfdP+\
Gv?\x88C\xee\xb7-\xe1O\xcc4D\xbc\xcfs\
\xb9\xa9\xd5wZ\xff\x00\x13\xc7>\x8a\x00\xebRD\xbc\
\x1a\x87\xc6\xaa\xd4>\x5c\xe1\xf6\xed\x14_*\xfdZ\x87\
\xc2_\x05<\xba\xaa\x0bY~\xee<\x10\xdf\xd4 \xe1\
\x5c\x91\x22\xcf\x0a\xec\x88\x89\x97\xba?\xf6>\xca\x0a\x9c\
\xbc\xb09\x0fG\x16N\xe8r\x89\xde\xa2*\xaa\x01\xe3\
|>\x04\xd1\x8a\xb3>\x9d\x18\x1e\xf4\x1d|N\xbeU\
S\x82\x0f(A\xbe\xca\xbe; #^n\x08\x06\x14\
n\x1f\xfd\x0c \x82\x19y\xb4\xa3\x81\xa7\xa3LJ7\
\x0b\x0e\x00a\xe1\xaf\xc2\xb4\x1f\xc0\x9f\xa2\xefg\xa7\xe9\
\xc5\xfe\xff\x00\x9fH\x98\x01\xac\xfa\x87\xfb=Z\x8f\x19\
\xf6\x0eV\x9c\x1f\x11\x0f0G\xfdCw\xd9\xdc\x89<\
\x9dZ\xf0^!\xda55\xa4aSR0\x9c\xb8\xaa\
\xa7!\x12\x10\x8e\xf7\xd7u5\xbd\xf5Z2Hr\x92\
\x10R1\x9a\x0f\xec\x83\x85T~T\x85T\x1d\xb9\x14\
Tl\xbe\xa6\x83\x81\xdf\xa7\xba\x1e\xefF\xe1G\xd02\
a\x0d\x1d\x90e\xaf\x1fI\xcfh%Y*\xc9\xed\xf6\
\xab\xa8Fh?\xaa\x1d\x95\x92\xac\xbd\xf5\xcd\x18\xabP\
\xae\xa8\x88o^\x14\x91E\xa5\xeaH\xc9n\x08\xc5P\
^\x11Fm+\xfeJ\xf9V\xe0\xa47AA\x85\xc1\
\x0a\xf6\xfb`\x1fk\xdd\x09(qV\xbc\xa2\x08B(\
 \x8c\xd1D:\xb9\xa7m\x19^\x8a\x0c(\xa0T\xd4\
\x14\xd1R\xe6\x10\x1d\xfeN\xf5f\x7f\xc9pD\x9b\x1d\
\xc7=\xe8\x17\xef\x95{\xa2\xc0J\xb3\x0e\xec\x0a\x0c\x92\
\xb2\xf5\x22\xc0\x85\xc9\x16h\xa6J2\xfa\x1e>\xef\x94\
Xa\xd6\xe5\x94\x10Qa\xbb$\x15\x94Z\x22\x8cX\
Q\xd9A\xca(Kz\x8a\x96\xf4\x1dU\xbdE\xf5E\
\x0a\xae\xe8V\xef\x95;\xc5\x96\x9d\xd5\x7f\xa1\xbe\xa9\xec\
\x98\xf0Qq\xb4\xa6\xc0\xf4\x1d\xee\xef\xbf\xb4\x1dU\xa2\
\xb5\x11 \xfd~\x15\xaf\x9f!\x17\xa3\x0d\xce\xf8V\x1e\
{!\xd0\x9f\x91\x835$#\xcd\x05\x10\xac\x94\xf2p\
\xca*\xd5\xc0\x85\xf0Pr\x9a=\xd0z\x0e`^\x18\
ap\xec\x17\xa0\xa3\xcd\x84\x11\x5c\x17\x19\xd6\xee\xa8<\
 \xe0nAZ\x83\x0d\xc0\x8a!\xe9\xd5\xec\xc16\x84\
\x17\x940\xca(\xc0\xb0\xbd\x16\xd9\x04\xfb|\xab\x00u\
\xfb\xba1\xeb\xf8\x8b+\xba\xf1\xfbp0A\x05\xbc*\
\x92\x08!\xe5y+\xe5\x16\x9c\xd1d\x99\xaa2\xe1\xc7\
\xa2<a%\xda\x10aG\x08!]T/;\x08`\
\xc8A\x14\x5c|\xfe\xa2\xfc0\x82\x080b\x94XZ\
0\x8a(\xa3\x97.F(\xb2H\xa3\x949\xd7\xa7\xa7\
\xe0\x04\x10A\x06\x04\x10A\x04\x10C\x04_(\xa3\xe9\
\xd1\xb1\x7f\xff\xc4\x00.\x11\x00\x02\x02\x01\x04\x02\x02\x01\
\x04\x02\x02\x03\x01\x01\x00\x00\x01\x02\x00\x11\x03\x10\x12!\
1\x04\x13 A\x22\x05\x140Q2a#q3@\
B\x15R\xff\xda\x00\x08\x01\x03\x01\x01\x08\x00W\x0f\xd5\
Bf5#\x93\x00\x8c\x96\xc1\xb4\xdd\xf9P\xd0\xb1\x06\
\x03s3\x10\xbc{\xb3;\x91\x93\x08\xf2\x19\xa9p\xa6\
J\xb6\xbd\xbc\x8d\xc5\xc5\x95B\x0d\xc6\xe4E\x14*\x01\
\xf7\x0a\xf3qA\x10\xca\x95*w*z\xd4\x1b\x83\xb9\
PC/\xea0\xbeb\x1a\x99r\x85 B\xf4l\xef\
'\x94\xc6\xccW\x9b\x0d\xc4l[\x881l\x1b\x9b\x8d\
\xd1\x87\x98 \xf8e\xf2\x158\x8f\x9c\xe53\x1e/\xb8\
\xb8\xc0\x81t\x22\x13@]K\xd4\x8b\x8e+\x98\xbc(\
\x0d\xb0\x7f\x94]\xdb\x88\x8d\x8c\x17\xb2\x00\x1c\x82\xb7\x17\
\x18^\xae\xb4\xe7P?\xbf\x9b 1q\x81\xd00\xd8\
7\x1c\x9a\x06\x06\xc5\x93\xa3\xb4\x18W\xfa\x01\x84\xe7\xee\
\xf5cQ\x94\x9ea]\x19o\xa5Z\x860\x95\x02\xcd\
\xb5\xd7\xac\x13\x15OR\xa1\x13\x9a\x88lE5\x19\xe0\
\xb0na\xcc\x18S\x1f\xefVj\x16A\xbet\xe2\xe1\
\x82\xc8\xe5V\x85\x10*\x11p\xe0Rn.0\xbdD\
\xea\x19_zV\x97\xad\xea\x06\x84\xc1\xc6\x9c]F\x1c\
CD\x98\x04\x22:\xb1n\x1b\xaeW\xf0}\xaa\x87p\
\x84N\xe0?p\x1b\xd2\xe5Y\xb8.w\x0f\x13\xc8\xf2\
6\x8aQ\xbb1\xa9\x83\xc4\x0b\xc9\x0a\x07P\xf3\x08\x17\
C\xfdB\x8c\x0e\xe5\x95C\x89\xd4\x5c\x84\x8b\x8ck\x98\
T\x11\x16\x81\x020\xa5\xb5\xe7\x22\xccjk\x92 \x04\
v\xc4\x9eJ\x9b\x12\xa5@(V\xa7Be\xcb\xfa\x83\
\xfa\xd2\xa8\xc2\x0cab\x8b\x1e9E\x03\x95P\x01\xde\
\xc0\x93\x01\x04\xd0\x83\xe0\xfcBb\x8ej\x0c'\xedT\
TaF\xa1\x95p\xa7\x11G\x1c\xaa\xf36\x18\xc8K\
\x5c)r\xa8\xd4\xaa\x84\xc2\xc4\xc3\x88\x8e\xc7\xe2y\x0f\
b\xe2dV\xe3Z\xe2\x06\x07\xaf\x99\x8b\x949 \x02\
\x01\xa0\xae[!\x07S\x0a\xf3p\x1a\xec\xc1\xcf:\xfd\
F\xdeH\xda\xb7\x5c\x99`s\x08\xb1\x0a\xf3q\xcd\x1e\
1\x8f\xec\xa8PH\xda\x07,R\xe0\xc2.\xe2\xfe1\
\x19\xd8\x90\xc0B\x1f}\xe89\x8b\xfe\xf4\xb9\xe4f\xdb\
\xc0;\xb2\xb7\x1e6\x1d\x8a,|n\x00>\xb5\xee\x08\
x$\x9cF\x92\xc8O\xb8\x80\x9d\x15\x9buj\xca\x18\
Q\xd8\x07\x105wz\xef\x1b\x82\xc2e\xc7\x03\xb2\x86\
\xc4\xe3\xad\x0f\x1a\xd5F\xc2.\xe0M\xa2\x81\x01\x87'\
x\xc8\x22\x8dw\x03\xc0\xa8fU\xbe`\xc6LD\xdb\
\xa0\xe2f^n\x10f\xcb\xe6*7\xda\xa0YR\xa1\
\x12\xae\x14\x9bj:\xc26\xf3\xa1@\xd0`\x00\xd8l\
LL\x08\xeb\xd0\xc9\xff\x00\xf5\xbc@\xc8\xa7\x83\x9c\x08\
3\xa1\x9e\xd3|{\xd85\x15\xca\xa7\x8f\x86\xd16\x80\
n\x15\xf9\x10lO\xbb\x87\x9e Zm\xd1O\xd6\x95\
\xc4=B~\xa1\x97\x1d\x87G \xbe&,;\x14,\
h! \x1a*\x0f\xddW0w*u\x073\xb1S\
m\x9d\x07\xe2(\xe6\xcd\xb4q\x9d\xd9\x88\x0b\xe2\xf8\xc1\
\x05\x9a\x1f_\x1a\xfb\x80\x01\xc0\xd0\xf1(\xde\xa0s2\
6\xde`\xd0\x8b\x81@7\xa8\xddf\xfb\x1cT\xbek\
[2\xa5@\xb2\xa5B\x07d\x01\xdc#\xfa\x86Q0\
\x09\xb4\x1e\xc7\x1a\x84\x0aK\x0eH\xad\x08\x95+C\xd7\
\x0f\xcf\x13\xd7\x068\x00\xe8\xc2,Q\x86T1\x89\x06\
_\xf6ulnX\x11\xa1\x13\x22W*\xca\xc3\x982\
\x1e\x8bd\x04\xc0L\xdbpa#\xabq\x10\xb5\xf3\xa5\
\xea!\xe7[\xf8\x7f\xbd.^\x8a\xfb\xac\x1a\x8c\x81\xc5\
\x11\xcfp)\xff\x00\xe8\xbe\xe3K@\xc1\xc7\x04\xf2\x22\
\xc2\xa1\xabC\xc7@\xde\xb9\x1e\xa6\x5c\xb7\xcc\xf1\xb13\
6\xe8\x05\x0f\x806,A\x7fump\x8b\x83B.\
\x0b\xfb\x04\xdf1T(\xa0w\x16\xbf\x89`;\x87\xfd\
+Y\x22\x5c\x0e\x08\xb0w_\x1aV\x97\xad\xe9\xd6\xb7\
\xa0<\xd6\x97.\x5c\xbeju\x0e\x87^.T\x22P\
\xef\xe4Ms\x1f\xf2\xe6\x14\xfa\x9b\x7f\xa3\x9f\xe8.{\
\xefx?\xe3\xa0\x86\x8fehpQg\xadI\xb9\xb2\
z\x85@+\xe6%N\xb9\x81\x83u\xa5\xc3\xcc<\xcb\
\xa8Ms\x0c\xba\x1c\xee\x17Pj\x04\xdd]\x12nz\
\x992\x02\x82\xe5\x02l\xdcK\xbb*x\x81\xa7f\x80\
7\xd4\xc8\xc1D\xcb\x92\xf8\x8ew6\xd9\xe2\xa6\xd1z\
\xde\xa0\x5c\x1f\xecb\x09eF\x80\xde\x84\x90\xc0\x06p\
\x0d\x10b\xdds\xa5\x0b\xbd\x00\x03\xa6\xc6\xacl\x83c\
\xe0\x14\x0e5#\x9b\xf9\x10o\x81\x7f`\xd4\xb16\xdf\
G\x8e\xec\x0e?\x82\xfe\x15\xf2\x0e\x09 hH\x11\x9a\
\xcc\x00\xca\x81`\xc3\xccU\xae P:\xd6\xbe\xf5\xa9\
\xb4\x7f\x15\xe8\x05h/\xee\xb4&\xa15B\x0ey\x96\
\x0c\x03\x9eH\x00\xdc\xdc \xe7\xaf\xf14I\x80\xf3P\
\x9e.pE\x97*\x86\xa06.\x03\xc7%\x80\x81\xb9\
\x83\x88\x0dw\xa6f\xb8\xc6\xcc\xc2\x0b5\x8cb\x96\x13\
R\xf4\xad\x01\xbe\x8bm\x1b\x9a\xc1\x83A\xa5\xc2L\xeb\
\x98n\xbf\x14\xba\xfc\xaf\xe0q\xb1\xc9\xba+\xd8\xb0\xb9\
\x03\x1a\x97\x0f\xc3\xfe\xc8\xbd\x06\xa6\x94p\xad\xb8X\xd4\
\xfe\x5c\x1aV\x85H\xf8\x86b\xdbt\xaf\x80pI\x03\
\xe0\xce\x04V\xb8\xec\x10Yg\xe2\x13sm\xc1\xc4\x10\
\x08\x99\xf9\xa6\x06\xfa'K\xfeqw\xc9\xff\x00jl\
\x5c\xaa\xd3\xfd\xca\xd2\xaf^#0\x02d\xf2A\xe6/\
\x9a\x0b\x05Le\xaa\xdbu\xcb\x1d@o\x90x\x8d\x98\
\xad^BB\x931\xe4}\xc1`R\xa3\x9a\xe6Q-\
D?\xf7\xf5p\xe5\x03\xb0\xe1\x87\x19\x8f\xf5\x95\xa9\x0b\
\x0f\x0e\xb7T\xf6\x00B\xc18\xeci`\xd8\x9bx\xa1\
\x95\x0b\x8a\x88\x08\x1c\x98:\xe7K\xe6\xa1\xff\x00E\x82\
\x8b5f\xf5\x22\xa5\xc2k\xbb\xfb\xd0`\x01\xf7\xc5\xdd\
f\xcf\x13\x99\x972\xa1\x00\x8c\x80\x9a\xd0\x1b\xe6dM\
\xe2\xa2\xd0;~\x00|NE\x10\xe4\x1b\x85u\x02\xd8\
\x83\xfa\xf9\x83b\xe1[\x1c]j\xef\xb2\x16\xdeyA\
\x0c\x7f\xea\x5c\x00\xe8 \x9e\xa2\xdc\xcd\xb91\x1b\x0b\xe4\
\x06\xff\x00 \xea\xdc\x0f\x80\xf8\x88>#K\xe6\xbe|\
\xd8\x83\x98\xd1\xc9Y\xe5x\xfe\xda\x98\xb0\xed6W\x8e\
\xf6\xc7\x05\xb8\x98\xea\x80\x04\xc2\x07\xd9Z\xe4P\x9b\x81\
\x15\x13s\xe50c*8E\x04\xf2V\xb9\x8c\x85\x88\
\xbbP\x0e\xdc\xedBy<aq?K\xff\x00\x7f\x82\
\xff\x00\x90\xd6\xe1\xd7\xa9\xcd\xe8E\x8a\x98\xd1\xd7\xbd\x08\
\xbe\xc0\xa9\x94\xb0S\xb2\xda\x86\xbd\xea\x00\xfa\xd1\xdfh\
\xb8\xbbr\x0b\x95\x1d\xb6\xd7\xc4\xfc\xb2dR**\x06\
h\x8d\x8c6\xd0\x05\x9d8\x83\xfd\x91Z\x0d\xc1\xb4\xbe\
kR\x96A2\xf8\xe1\xd8\xb4AF\x06\x8d\xf9q\x19\
I\x80@*T\x03A\x85\xba\x8f\x8e\x8f\x1c\x8e\x22\xb1\
\x07\x81\x99\xc7k\x9b\x8b*\xe1\xc5\x8d+\xe45\x1a_\
\xd7\xc0\x93b\xb5:\x18k\xa2\xcb\x00\x80N\xa5\x83\x19\
Kp\x07\x02+\x7fc\x88E\xcd\x87\xeb\x1a\xb0sf\
\xa8\x98\x00\x1d\x06\xb2T\x88\xd8\xc7-<\x92\x01 y\
+\xff\x00\x1b\xcf\xd3\x06\xd3\x02\x86<\xea\x0d\xfc+\xe0\
\xa6\xa83\x10 7vH[ir\xe2\xb3_ \x9f\
\xbd.]\xfc*\xe5T\xe8\xdc\x22\xfe\x19\x1c\xaa\xd8\x1e\
A\x9f\xb9\xe7\x91\x9e\xf9\x81\xaf\xa9\x91\xe8B\xe3\xe9G\
\xf6\x9b\x80%B1\xe5\x80\xa8W\xf2\xbd,\xd5\x15\x0a\
\x0e\xe8\xec\x02\x8a\x5c\x88\xddu\x0bM\xe2\x17\x88\xed\xc9\
 \x0e\xa1\xc7]m\x95*05\xc0\x12\xa5k\x5c\xdc\
\x22\xe6\xc5\x87\x0a\x9e\x97\x10\x02\x8b\xe1\x07\xafYC\xc2\
e\xfa0|n+n\xf8\x0dN\xa7Km\xd5\xadB\
>\xe1\x1cM\xb7\x07\x1cG]\xe4\x08\xa0\x93\x08\xbe\x08\
7\x00\xd4\xf7\x07\xfb\x86\xbe\xb8\xec7\xb3\xd8(\x8d\xa2\
\xe7\x94\xa1\x9a\xe3\x7f\xc8\x94\x7fLb\x0c_\xecht\
&\xf9\xf8+\x06\x165#p\xa8e\xd9\xad\x1c\xf1\x10\
\x92~5\x03\xab\x12\xa0\x92*\x8e\x82\x11\xa5\xcb\xd1\xf3\
(\x8f\x94\xb7@\x131\x82\xa6\xe0k\xd1\xb1\x5c\x5ca\
L\x0b]\xd5\xfcl\xee\xad\x00%\xb7GU\xc8?,\
\xb8\x1d\x07\xfc/\xe5\xe4\xc5\xc6E\xf37\xd0\x03\xc9R\
h\xa6K\x8a\xd0B.\x01\xfc\x07\x9d+\xe2T\x1e\xf6\
\xd7@\x11\xd0\xd6\xa10\xb8\x13}\x9a\x95\xa5\xcb\x83\x8d\
*\x0f\x91\xe7\x88\x05\x0a\x86\xc7@\x99\xb6\xf9\x95+\x9b\
\x86\xfe\x98q\xc0\x8ae\x81\xddA\xfe\xf4\x02\xba\x8e'\
\x95\xc0\x83\xa9\x8d\xc6<\xe5N&\xb0%\xff\x00Z\x0f\
\x88\x02\x1e!'\x8a#\x9b\x9c\x0e\xbf+\xe6\x19\x95\xa6\
\x1ey\xf9V\x83\x81\xce\x9b\xaa\x11\xf7\xa5L\xcaOE\
LT\x1fc\x17\xf61\x81\x00\xf8U\xc0~\xc6\x83\x9d\
+\x9b\x8eo\xf1\x88\xa1F\xdd\x18\x81\xdeLA\xa6O\
\x0fg8\xb2\xe4\x05i\xfcO/\x22\xbe\xd7\xc7\x90\x11\
\x15\x87\xcc\xf28\x1dK\x97r\xf4\xa8a5\xc9\x07\xfb\
\xf9\x5cu\xdc*?\x8c\x1f\x1f\xae *\x22\xb0n\x05\
K\xf8\x03\xf0\xb8[\xe8kW\xd8\x97\xce\x84\x5c\xab\x95\
\x0c\x1f\xed\x82\x97\x00\xce\xa2\x82-H6.\x16`\xdc\
#\x16PI\xe6y\x0b\xb9*\x0f\xf7\xe6%2\xe5\x1e\
\x16P\xca\x22\x9b\xfe+\x1dhI\x03\x86\xba\xa9_p\
\xb5L\xb9,\xd0\xc2\x06\xde \xf8\x85\xa2N\x84^\xa0\
\xd4*;\x04q6\x89D\xcfX\x95/K\xd4\xe9r\
\xe5\xc1\xf0\xb8c\x01\x5c\xe4\xa8S\xfb\x5c`t\xab\x00\
\x97\x07\xc4B\xc1{|\x8c\xac\x00\x95\x18\xd0\xb9w\x0f\
\xfa\xa3\xc1\xd0\x0a\xf9\xe6-\xb4\xed\xc3\xed)\xf9\x03C\
\xf2\x15\xf5Z\x16\x0a,\xdc\xbf\x85D+\xbb\xf2`\xbb\
\x8du\x07\x00\x09\xdc<B/C\xc1\xb8MK\x99w\
pW\x98\xc2\xc5J\xd2\xe0\x07\xee\xea]\xc0\xd5\x00\xb8\
\xc4:\xda\xb8)\x92\x8b\xe3\x0e\xa5\x0f\x85\x9c\xe2}\x8d\
\x89\xf7\x09\xcf\xca\xb50B@\xd73\xd0\x98W{\x5c\
\x0bGO\xfb0\x8b\x95/Vb*\xa1\x86\x06\x84j\
5\xa9Zw\xdcG\x08\x7f)R\xa5\xc2M\xc3\x91G\
a\xd4\xcb\x85\x80\x84\xd9\x84J\x81`\x15\x09\xfe\x81\xbd\
\x04\xa9\xb8\x03R\xe0\x99\x19w(=\xea\x7f\xd4\xe3\xa9\
R\xafA\xa7]\xdc\xeeUJ\x80F\xae\xca\xd5p\xbb\
\x87\xf9\x5c\xa9\xdc\x03R\x08\x1cT\xa9ZT\xa1|K\
\xd0\x08N\xb7\x00\xae\x8cPD\x04}1\x80\xd9\xdaH\
\xa8\xbc\xf6\x04\xd8\x17\xaf3\x177\x11\xb7\x0a\x9ef2\
?\xe5_\x03\xcc,)\x95\xb7\x0b\xd3\x9f\xa6\x17\x00\xae\
\xb7\x0b\xdb\xa9\xebB\xdbeB\xc0v\xce\x00\x99\x5c\xb1\
\xa1\x87\x10U\xa8E\xc05?\xeb\xe0H\x1d\xfcJ\xd0\
\x04ip4\xbb\xd4\xf0\x09\x9fPpe\x7fB\xf9\xb2\
j_\xf5\x9b1\x1c\x00\xe6b\xca\x01\xe4\xb5\xf6\x0f\x15\
6WU\x0f\x13p\x9b\xa6\xe8\xa4A\xaf\x04\xe8\xd7\x5c\
\x01\xa87\x04'h\x87\xa8\xbcq\x011w\x03P7\
\x1c\xd9\x95\xf7\xa0\xf8U\xc0\x00\x97Sx\xab#\x98u\
\xea\x5c\x10\xf1:\x96:'\x9e \xd0\x8b\x15*\x18!\
0\xdc\xba\x80\x8f\xa8!\x87B@\xefi\x10\x0ec\x11\
2\xe3.&dlM\xbdK\x0c\x83r\xbe3\x85\xb7\
/\x89\xe5\xd8\x162\x06\x1c\x031\xa8A\xb4M\x83v\
\xef\x871\xf1\xab\x90[\xa9\x94\x0a\xe5\xf3\xee\x17<l\
D\x9d\xcd\xd0\x96\x07}\xe9b\x10~\xa1\xd5\x907z\
\x1b\xfa,\x00\xb8\x0d\xcb\xa8<\xaao[\x12\xc4\xf1\x95\
\xf6\x8e0;8\xb2 64k\xfa\x17\xf6`\xd1\xde\
\x9a\xc1\xcfC\x87m\xc7E\x04\xc08\xa8\x0f\xf5p\x88\
D\x22\xb4\x1c\xc0j#A6\xf3p\xa0\xdd\xbbK\x83\
@G\xd0\x01E\x08\xaa\x0d\xee\xb8\xcc\x17\xbf\xcb\xeb\x93\
\xdc\xeaw\xfc\x19:\xe3\x067\x09\xb7)`\xbci\xf5\
1\xb1k\xbb\xd2\xa5\x81\xd14,\xa3\x87P\xea~\x01\
\x83\x1a\x12\xf5\x22\xf8*\x81M\x83\xd6\x85\x82\xc3\x94B\
hX\x22\xe1?r\xe5\xdf\x10L\xf8\x89SD>\x03\
\xb8\x95W]\xcb\x91[\x17\xe4\xbe?\x99\xf4\xd8\xb3\x06\
\x80\x89b^\xa4_wP\xb8\x13/\x94\x04\xc9\x98\xbc\
\xf1\xbcRN\xf6T\x00K\x9ftN\x96%\xcb\xd0\x8d\
/M\xbf\x9e\xf9p\xb0\x1d\xab\x03\x09\xe2f\xc2rS\
\xae\x02\xc5?'\xc4\x1b\xb5M\xbd\x0f\x80`y\x17\xa6\
L\x87\xa0\x5c\xdc\xb8\x16\xcc(\xd7\xc2\xad\xf4\xabp-\
j\x05\xc2\x90\xa4\xda`C\x15*\x01.\xb4\xb9\xdc6\
:\x10\x0a\xd1\x98(\xb22n4\xbbM\xf2\x16\xba\xfb\
\xb9\xdc\xbec.\xe1\x00\xd2\xe5\xfckM\xaa\xc6\xc8:\
)?m_ax\xe4\x9f\xeb@'\xfd\xdc\x07J\xfe\
\xaaW\xca\xe7]\xb0\x1f\xe5.\x03]\x83pw\x08\x82\
P\x22y\x1e>\xe1\x026\x16%C\x87\xeb'\x88\xae\
\x09U\xcd\x9b\xc5?\x96/\xd4A_\xcf\x1f\x96\xad\x17\
*\x98\x1cO`\x11\xfc\x90&O4\x012\xf9\xf7\xc0\
\xc6\x992\x9f\xcb\xc7\xf1\x02\xf6)e\xc2@\xfc\x88#\
A\xdc\xb8N\xb6l|^\xfe\x95w\x80J\xa0Sq\
\xaf\xeaV\x97\x07:_\xd6\x80T=B[\xed\xa1S\
\x00\xbe\xd5n.0&\xc0es\xc0\x95\x0aY\x06\x08\
MN\x0c* \xe3B\x1d\xa3\xa9f\x00\xee\x00\xd4<\
\xc1\x0c\x06\x1c\xc1j\x0d\xef\xd8A\xf7F\xe2\xb0<B\
9\x99\x09\x03\xf1\x0d\x5ckzT\xea\x5c\x1f\x0a\x80\x01\
\xd5\xd1\x97\xcd\xc2,\x83\x02\xd0\xb2\xc4\x98\x85\xc8\xfc\x80\
\xae4\xb8+N\xa1\xff\x00\x7f\x0b\x84\xc6$\x0e\x0b\x19\
\xbb\x9ern\xae\x03\xb0\xe2\x17$\x19\xcdq\x808\x14\
\xcc\x0dqM\xb4\x90\xa3\x8d\x18n\xed\xf1\x03\xd6O\x14\
\x83`\x82\x07\xe4v\x95\xa8\xf8\x17\xa9\xfbl\xa3\xff\x00\
\x1e\xef)8\x07/\x98O\x01\xfc\xd6\x10x\x9ec\x1b\
\x98\xbc\x02\xa7\x9c>\x05\x1b8\xf1 \x14\xb7CK\x9b\
\x80\xbb\x0cI\x10@+\xa5\xca\xac\xc5A\x87\xfb\x12\x80\
7\x08\x95\xa5\xc2j\x1a\xbd\xa7\xbe\x22!]\x09:s\
:\x86\x1e\x1a2\xee \xe8\xacM\x82\xe2\x1e8\x9b`\
O\xed\x17\x8ekZ\xb1D\x0a\xe0_5\x09\x80\xd9\xa3\
\x5c\xc3\x04\xbf\xedM\x8b\x9b\x87S\xf7[\x94\x9ckd\
Nb3\x1b\xdc\x17\x9b\x9b}T\xd1\xd8\xd7\x0aMY\
G\x0d\xd0Q\xdc\x14M\xc3\xccbG T\x1cpM\
\x9e\xefA\xa5iZ^\xb5\x0d'w|\x99p\x81\x00\
\xae%^\xa3\xe1pB~\x85P\x82T7\x5c\x7f\xde\
W\x0a.\x0b'\x92\x97\x10q;\x84W\x12\xbe\xa02\
\xe5\xff\x00u|L\x98\x03\xf6<Z0x\xe4\xf6<\
s?lD\x1e+\x13\x07\x88\x07k\xe3\xa7P \x1c\
,0\xf1\xccg\x0a9%\x9e\x22\x9b\x07C\x01\x87\x9e\
\x22\xb1&\xa0\xe3\x80\x0c,\xc1\xe8\x13\xadC\x0f\xf7\x14\
\xdfr\xb5\xefB\xc4\x0b\x88\xdb\xd6\xcdF\xeac\xc9\x90\
\xbb+\x18\x16\xe6\xd1\x00\x83\x8dk]\xb7\xd9\x1f\xd2\x91\
B]w\xba\xf8*\xbbE\x0c\xb9\xce4,\xc8C\x0e\
[\x18#\x84\xc4\x16\xc0%\x85\x98\x1b\x8b-\x96\xa7\xb0\
\x93s\x18\xa1\xb6p;\x027\xe0\x0e\xc5k\x1c\x83Q\
\xbf1\xc1\x00rQ\xc3\xf1*\x11(\xe9Q\x9bh\xe5\
X0\xb1\x04\xbd.\x0ef\xed\xbc\x0a\x9dC+[0\
8&\xb5\xbdI\x84\xff\x00Z\x93P\x1b\x16\x0fS!\
\xfb)\xe4\xa30Y|\xc1\xccW\x07\x91\xdc\xaa\x95g\
\x99P\x0dJ\x89\xb4M\xb3h\x1a\xdd\x1a&\x7f\xd01\
Mq\x09\x15*\xe5\x1b\xbd7Bk\xa5^9\xbf_\
,*\xe1\xe2T?\x01\xd7\x22u;\xd0\x90;\xb9p\
\x7f\xb3\xc4/\xb6U\xcd\xa0@.W\xc2\xf5\x11\xc1a\
\xf8\x93C\x95m\xed\xb8\x02\xfb\xaa:\x07\x15\x15\x94\x8e\
.2\xd9\x10\x0a\xd0\xc6 v\xee\x0c\xb9\x8c\x0e\xc8\xab\
\xe0\xa8n\xceB\xb0\x1d\xdc\xc1{\xa3u\xc1v\x11Y\
[\xa5`\xa4\x92\x08=\x00\xc2\xec\xc2\xdb\xba\xdd3\x86\
$\x15A\xb4\x00*\x5c&n\x9f\xec\xad\xca\xd4\x89r\
\xea\x08\xddLj\xe3!,\xa0\xfd\xfc*\xba\xa8\x0d\xe9\
va\x1cT\x02\xb8\x11\xba\xa8Qp\x12\xc5\x1c0\x04\
@\xb2\xf9\xa8D\xbd6($\x81\xa7\xd6\xa0\x83\xc6\x87\
^\xa0\x10\x0en\x1e``z\xa8\xb4x5\x1b\x8e\x84\
\x06=\x13\xca\x93vjte\xc0oN\x8d\x17m\xa3\
t\x06\xf9\x86\x04\xa7\xde;\xe6e\xda\x14\xefP+\x86\
49c\xb4n7q\xf3\xb2\xe4\x08\x10\xdc1\x9b \
`\x22y\x0a\xccV>E\xc670\xe7\x98\xcc\x14Y\
\x07\x89\xbb\x8eU\x80\xe0q\xde\x8e\xa1\x96\xa7\x89\xe1\xaf\
\x8c\xa5Tq\x09\x88\xac\x18\xd9_\xeb\xfe\xc6\x85\xaa8\
\xb3d\xd0\x80\x9f\xa0\xa5\xbb\xea\x032mn\xf7T\xe6\
\xee\x13\xc5\x16\xc2\xcf{\xb0\xf8\xa7\x1f\x02\x94\xad\x11C\
\x88\xcc@\x81\xc3\x8b\x0ay\x94#\x01\xc4\xe6\xf8$\xfd\
K\x82\x87d}\xc1\xa1\xd4\x0d\x08\xb1Pq\x00\xfe\xf4\
`OP\x80{\xa8L\x04\xd6\xa2\xab\x88\x89\xb6\xe1P\
x\x99\x9d*\x9b\x1e%U\x01H6)l\xf6\x08R\
\x010\x0b5\x05\xde\x84\xfdO\xbb\x9c\xee\x82\x0f\x91\xee\
X=\x01Q\x87:(\x02\xcc$EstH\x0d7\
(0\x9e.\x7f\x90\xa6F\x15\x17u\xfeV:\xd6\xbe\
\xe0\x94nX^ 7\x0c\xb9\x91FQ\x07\x02\x83(\
aL\x00\x22.5S\xc1Qp'\xe5\xbbJ\x136\
\x0d\xc3p\xa1TY\xf6\xf1\x08\x0c(\x81\xfd3\x95\xb3\
\x07<\xeaM\x0b-\x94/\x13\xf7\x22n\x0e\xe1\xa0 \
\xf5\xa7Sx\xeedrz\xb2{\x08L\x09\xfd\xe3A\
w\x09\x97\x18\xdc#t\x0b\xb8T\xc6\xbbN\xd9_\xd3\
c\xb3q\x1f\xf2\xd8h\xdd\xcb\xb3P\x8en \x04p\
T\xd7\x03\xa8\x04'C\xf8\xf4\x8b\xf6G\xc4\x0d;\xd1\
\x89\x02\xd5\x0d\x8b0\xc3\x00\xa8\xb6{\xa9Z\x19\xb9\x83\
Q\xba\x89\x941\xa9\xd9\x87\x8e&\x5cC1\xe6\x9c\x0f\
\xc4\x01\xd4'h\x96~\x89\x03\xb0\x00\x14:\x9b\x88j\
\x88\xfb\xc0a\xadje\xea\x04\x02\x1d*\xa1\xe6w\x03\
\x0eD\x18\xc4uS\xf8\x95]\xa3hK#i\x8eU\
?\x229\xd0\x18`\x14#\xa0qEr/P\xd1\x86\
\x0e\xe5Y\xb0\xcdB\xe1M\xd5\x08\xc8\x18\x11pJ\xa8\
(\x18X\x8b3\x18\xdcw\xc6\xc6\xa4\x860\x0a\x87\x98\
\xa2\x85hLl\x80\x0e\x19\xcb\x1et\xc6\xf4xW\x06\
\x13\xa1PaAu\x19@\x10!n\xc6.yP\x07\
[\xa5\x7fl\xa2T\x10\x11u\x08\xe3\x87p\x95k\xb5\
\x89\x81h\x01(\x03(\x13\x07\x1c@\xc6n\x85\xaeU\
\x8a\x85\x8f\xf8\xa0\x15\x07\xf0\x0b\xd2\xe7\xdc\xdc:\xd2\xfe\
\x17\x0e\xb5\x02\xa87\x0d\x08\xef\xc1\x98\x9bx\xb8]D\
\xb0M\x8c\xbb\x99iq\xd8\x1c\xd8\xbb\xd5\x96\xd4\x80\xa2\
\x85K\x95\x08\xb1R\xb8\x84\xfdC@Y\x84\x5c\x1au\
\x09\xad.\x5c\xfb\xa8S\x99\xb6\x0e\x07*w\x08!\x14\
x.U\x85\xf0uk\xea\x0a\x1c\x12\xc0L\xb9OJ\
\x01\x06+X\x9b\xaf\xa17N\x0fP\x88\x06\x97\xcc&\
\xcc\xa3\xf6\xcd\xb6\xcc\x0dq\xba\xe1\xad\xb8\x0b\x1b(\x10\
\xf9?\xd3;1\xb3\xbc\xc0&\xc8\xb8\xb9\xb81_0\
.\xd1\x05h\x1c\x98\x0d\xe85(>\xc1\xb3B\x11\x10\
B\x04\xe6\xa3\xe2\x0d\xcc\xe0q\x09\xb1\xc1\x9dK\x97?\
\xdc\x1c\xf46\x91`\x00\x05\x08>}\xce\xa1\xd4T\xa0\
:\x10[/\xe4,\x8ez\x97,\xcf\xa84\xaa\x84\x98\
M\x8a\x8c6\x9b\x0d\xb4\xf0^\xf3\xa6\xd5,R\x81W\
c\x01\xe2_\xc2\xbeW\xf1<\x8a\x821\x07\xb0~\xa7\
\x1fu\x01\x80\x01\xd7P\x1a\xee\xc1\x84\x06\x14y\x07\x88\
D/\xb7\xfc\x9b;\x02c9~f\xd3\xdc\x5cV,\
\xed\xdb\xc4\x14%\xe9u,\x1d/J\xfa\x96>\xcbC\
6\x80\xdb\xa1\xe6\x02\x09\xa8\xfc\x0e2)&m\x95\xcd\
EZ\x8a\x97\x061\x02\x81*\xb9\x1b\x87`n=\x85\
\xadI\x83J\x95r\xa07\x08\x80\xf3\x0c\x1a\x00\x0f\x13\
\xa8a\xd2\xe5\xfd\x9f\xfc\xc2\xa7\xd0\x12\xa8\x5c\x07\xe4z\
\x97,\x01.\xf5\xbd/C\x01\x84\x9d\xc2\xa1\x22T\xa8\
*w\x1aP\xbb\x8e\xc1G\xe4\xe07\xe3<l\x01\x09\
\xa3\x8c9\xb6M\xcaH%\xd8d\x0a\x02\x81\xd3\x03\x5c\
-\xd7<\xe8O\xcf\xad:\x99w\x8f\xf1\x1c\x88\x06\xdb\
2\xa3@l\x5cc\xf8\xdc\xc6I\x1c\x90;\x99\x13p\
\xe1C\x03\xc9&\xc5\x19\x91\xf6\xf4\xd9\xe8\xf0\xd9\x09\x8b\
lc1\x0c)\xb3\x7f\xf2\x17+q\x1b)&\x1c\x81\
y\x1e\xe6\x88\xcct\x07\xea3\x0b\xa02l!]\xdd\
q\xa6\xe9\x8b(\xc8\xa1\x976=\xe2\x0c\xa1x\x9e\xd6\
&9 Z\xb6@\xa2o,x\xdc~\xea\xe3*\xc0\
\xa2l\xfe\x82\xc5\x14eOX\xec\x91sq\x06\x8d\xf3\
P\x8b\x83\x8d@\xd3\xa8A\x8a\xa0uSl\xe0C`\
pNN\xe0P\x0e\xe8y\x87\x88XC\x94v2\xf9\
+\x8cs\x89\x9f\xc96\xcb\xc0\xa9U.\x0f\x8dV\x9b\
\x19\x9bs@\x007\xa5\xcb\xf8w\xd8\xba\xfc\x88\x84\x92\
8\xef\x98\xb31+\xc2bB\xab\xcb\xab0\xa5a\xf7\
\x09\xe3\x9e\x1b\x83\x9b\x0e\xea\x11V\xa1\xb2xW\xdcH\
\x8e\xc5\x5c\x01s7\x901.\xe2\x8d\xb8k\xc5\xe8\x0d\
\xe8`\xe6\x16\xa1f\x1b\xae>\xa5\x83\xc4\x02\xb8\xd0\x13\
\xf6g]\x91sl\xff\x00>!\x12\xccL\xd7\xda\xb8\
3!\x1b\xb8\xc6\x09\xef\xd6*\x0c$\x1b\x0db\xe1Y\
\x8dA\x12\x8d\xc0\x97=P(^\xae(\xa9\xfeC\x94\
\xf2Q\xf2\x1cl\xdf\x97\x11\x12\x87\x14O{\x01\x9bj\
\x1f\xeal\x15\xce\xd0:+f\xe1\x1fP$\xdb\x00\xd5\
\xc9\x1d1\xa1r\xf8\x95b\x1d7\x08>\x00\xdc\xb8\xed\
\xf4\x17\xf1\x1c\xd4U\xadN\x869\x03\x99\x931bW\
\x1e<\x0d\x91\xed\xf1 Q@h\x05J\x84\x1f\xa2\xcc\
;\x0e\x0c\x06_\xc4\xc0\x00<k@\x9d\xd2\xe1\xd0\x81\
+C\x01\xd0\xc6\xeb\x95$\xf6l\xf5\xfe\xa2\x9a\x11\x08\
\xfa\xdb\xf9n\x9b\x8a\xc6\xb2,\x0e\xa1\x17\xa5\xc3\x04\xbd\
.\x15\x0c)\xb5\xe8\x89\xf7.\x8e\x80P\xad\x04\xea\x08\
H\x84\x0f\xb2\x95\xf9@\x19\x8c\x18\xd4M\xa0Oh\xbf\
\xc4\x9b\x83\x12\xf7\x1b\x1c\x0a>\xb6\x8f\xbe\xb4\xddFw\
\xa0\x9eG\x8a2~C\x0e}\xa4#\x03.\xf4$\x08\
\x8d\xba\xe1\xe3\xa2e\xcb\x97\x16\xfe\xe5\xc2._1\xb8\
\x13\x1b\x96$\x18f\xea\x96\xdb\xe6R\xcb\xca\xef\xda&\
\xe3\xba\xa5\xca\xfc\xaa\x5c\xa5\x10/2\xaa_\xc0\xc6\xea\
y\xb9\x5c\xb7\xa7\x16\x16\xc8\xf8\xc2\x0cx\xaa\x01\x06\x97\
.^\x85A\xec\xa9\x1dY\xfb\xdc\xd3t\xb6\xdd\xcd\x9f\
\x8d\xc0e\xc0e\xeaj\xe1\x82\x0c\x81\xb8\x9b\xbf\xb0*\
\x0a\x1d\xed\xeel%\xae_\xf4W$\x19+\xb4\xcd\xbd\
\xaa1(\x09\x80\x13\xf9\x80\xc6\xf9Vby\xd1x\xec\
\xb8\x1f\xe5\xa5\xf1*\xc80\x0a\xe3J\xe2\x08E\xc39\
\xa8\xb9\x0f6\x00\xbb\x97\x07\x12\xea0\x0c9c\xc4\xc6\
\xe4\x9eo\xfa\x1c\xc6Z\x1cc$\x02\x0a\xba\xdd\x02`\
\x00up\x99\xdc\xa9tj\x08n\xeam\xfa\x99\xbcD\
\xcaA+uD\x03\xf6f\xd9\xd4&\x1a<J\xe2\xa0\
\x1fq\x8d\x0b\x8al\x5c\xb9\xb7\x9b\xd0\x83|\x13\x16\xcf\
&\xe1\x95\xa9\x96\x15I+\xf9\x0b\x81\xc85\xab\x12\xbc\
\xc6\xba\xe3\xe0De'\x81\x8b\xc7Lm\xba6%\x06\
\xc0\x15\xa92\xe5\xfc/@I\xee\xa5\x0f\x8d\xc3u\xc2\
\x02\x00\x0c\x8cX\x02\xd7\x06\xa4\x5c\xba\x97b\xe2\xa0S\
b\xe1\x16 R\x1a\xcb\x92E\x05\xba\xb8\x0c\xdc\x07l\
,L8J]\x98I\xe9reup\xa3\x1b\xdf\x13\
\x9eh\x5c[\x8c\xa1\xb8?3\xc3qz\xdf\xde\x97\x09\
\xa9\xd5\x99d\xc3\xc4R\x0c\xa8,B\xc7\xe8\x01\xd8\x1d\
is\xfd\xceO\x10\x8a\xd2\xb4\x06\xb4\xa0y\x80hO\
\x17\x01\xb9\x91\xb6\x82`6\x22\xa9\x04\x98E\xc0 \x10\
F\x1a\x83\xa157\x93\xd0\x0d\xf6 S\xf4\x0f5\x0a\
\xee\x13n\xd1gx\xc6!\x00\xf7\xa0\x87@\x0e\x97\x07\
2\x84'\x88M\xe84\xb9r\xe5\xcb\x84\xe9z\x5c\x07\
K\xd2\xf4\xb8O\xd4\x12\xf5\x04\x19\xb8t.o\x16\x14\
\xde\x84\xce\xe5s\x0b\x1e\xa2\x10a\xa3\xc4&\xa5\xcb\x9c\
\x03s&\xd0,\xe0\xd8\x9f\x82\xba\x86\xab7w\x14\xf7\
.\x5c&\x5c\xb9r\xe6\xe9\xdc\xbd9\xb8H\x02\xcd\x8f\
\xab\xa9\x90\x06\x1bJ\xe3\xdb@n\xa8\x01k\xb5\x1ba\
\xfe\xe1r\x08\x84\x0e-\x8d\x0b\x04\xfe4>\xe1\xfc\xc5\
\x19\x7f\x13\x04\x1ad\x0cG\xe2\xa0\xf5\xa1\x17\xa0\x86V\
\x83\x88a5/B\xd7\xd0S\xf6\x05K\x02\x03z\x11\
b\xa7\x02\x03|\xc6@\xdd\x80\xeaM\x06\xfa:7\x10\
@a^`\x12\xa10\xff\x00_\xc3p\xebr\xe5\xcb\
\xd2\xe5\xce\xb4\x03L\x95Q\x1c\x88\x0d\x88W\x88\xa9R\
\xebK\xf8\x5c\xaeeT\xbdn\x08\xc5@\xfc\x85v>\
\xa5\xc0;\x83\xe5z\xdc\xb8\x0e\x84\xee\x86\xfe\x8f\xfb,\
>\xd3!n\xc1\xb3\x01\x95\x18\x7f@\x829\x84\xb0\xaa\
\x1ciz\xdc\xb9z\x0f\x80Z$\xcb\xd6\xf4\xb8\x0c\xb9\
gN\x06\x82\x09||\x80\x00P\xdc.\xa0r\x7f\x17\
\xc8\x8c\x7f%-F\x8e\xff\x00\xec\xfe]\x01\x00\x95\xa1\
3t\xa8Ere\xcb\x97.\x5c\xbd\x08%\xafK\x97\
\xa5\xe9\xfe\xe5\xe8MF<\xc0\xe5e\xf1q\xac\xf3\x10\
}\xc2\xc0E`f\xdeoBD\xb8y\x80W\x12\xe5\
\xcb\x97/W\x0cT\x85[\x00\x03W\xdd\xe8\xd7\xf4H\
\x02\xc8 \xf2\x00#\xb0h^\x97\xa9p'\xb3\x91\x0b\
\x03\x06\x87\x98!\x84\xc1\xf9DQ\x5cEP\xa6\xc1[\
7\x1a\x11\x5c\x80lq_\xc2gPir\xe5\xcb\x13\
w0\x98\x18\xcb\xd2\xf4\xaeoK\x97.Y\x12\xe0k\
\xe3A.\x03s&1\x90S\x15\x04\xde\x95b\x14\x15\
(\x88\x0d\xe8L\x04C\x1a\x07\x22\x16\x97\xad\xe9\xc4\xb8\
\xc4\x93\xc5\xcb\x97.u/\xe1q[{\x5ce\x85j\
l\x81k\xa2.\x05\x13\x81.\x12`\xff\x00w.\x5c\
\x07\xe3r\xf4\xdc\x01\xa8j\x08\x00\x02\x81`!!\x85\
\x15\x01E\x08y\x80\x1b\xb8@<@\xc0q\x15\xb7\x0b\
\x97\x1b R\x01\xbf\xea\xcf\xd1&\xb8\x17\x5c\xce\xa1\x94\
~\xd5B\x8e+G\xca\x14\x12S(u\xdc.\xc5\xcf\
\xcb\x18\xb8\x0d\xf3\xf0\xb8t\xbf\xe1\xa1:\x944\xb9p\
\x1f\xefBg_\x00k\x89zY0\x0a\x17/\x9f\x91\
5\x08\xe7\x91\x1e\xcfJ\xf4yf!n\x1c\x977i\
z\x5c\xb9r\xe5\xcb\x97.\x5c\xb9r\xe5\xe9r\xe0\x97\
.^\x9cu.P&\xe5\xcb\x97\xfd\xdc\x1c\xc2e\xcb\
\x97\xa8\x8c\xd5\x0eC\xd06b\xb5\x0a!\x81\x85\xeb\x89\
f\xe0\x02\x5c\xee\x03q\xb2*\x0b3\xf6\xeb\xec\xf6N\
\xc5O\xaa\x95\x14\x05\x14.^\x97.\xf4&\x5c\x1a\x15\
\xb8\x05K\x8a\x1bu\x91\xf8\xd2\x8b\xd4\xf3\xfc7.\x5c\
&\xb9\x8aA\x1c\x17\x12\xec\x5c\xba\x12\xe5\xcb\x97\x09\x80\
\xcb\x97\x01\x86\x8f\x04\x13\xf6\x01=\x01R\x81\x80\x01\xd6\
\x83\xe0\x0d\xe8\xa6\xe1P\xdd\xe4#\xe8K\xd7\xa9u\xa0\
:\x5c\xb9z\x85\xa3z\xdc\xbdA\x97\xfd\xe8Mw\xd7\
\xf1\x7f\xd4\xbd.\x19Sh\x95.2\xdcU\xa9r\xf9\
\xad\x07\x10\x1e~?w/K\xf8\x1d\x00\xd4\xb5\x0b\x1d\
K\x97\x0d0\xa2?\xdd\xcb\x97.\x5c\xdd7K\x97.\
\x5c\xb9z\x5c&\xb4\x0cD\xde\x04\xb9r\xe0\x97\xa5\xea\
b\x83\xdc\x0b]J\x9dhE\xe8o\xea\xacSj\xe9\
\xb8\x1a?\x83qz^\xb7\x0e\x97\xa5\xcb\x97\x0e\x9f\xf7\
\xad\xcb\x97.^\x97\x01\xbeu\x06\xcf\x16t\xb9p3\
_7\xa0:\x5c\xb9\x7f\x15R\x09\x80\x86\x16\x19\x9a\xc0\
\x17+P\xdd\xcb\xe4\xcb\xd2\xf4&_\xf0\xdc\xb9r\xe1\
3t\x06\x5c\xb9r\xe5\xe9r\xe5\xcb\x97\x071\xd7j\
\xc0`7\x18\xfc\x01\x9b\xa004\xb9s\xb9u\xc4\xb8\
\xb4{\xe1E\xc7z\x1c{\x0cBY\xb9\x17\xf6Mi\
\x97&\xc1\xc2g!\xb6\xe4SpB`3#\x84\xef\
#\xee7/K\xfecG\x8doK\xd2\xe5\xcb\x07\x89\
w\xad\xc2\xcd\xb8\x01\x7f\x0b\x97\xa9\xbf\xado\xe0\x06\x9b\
\x9b}J\xd2\xe5\xcb\xa6\x9cir\xe7\xdd\xc0j\x5c\xbf\
\x8d\xff\x00\x0d\xe8\x0d\x7f\x0a\x8b3  ER\xd1q\
\xd2\xd4`/\x88D\xaf\x8d\xcb\x80\xcb\x9c\x88\x18\xcd\xd2\
\xe5\xc5z\x9e\xe1\xd0L\x94v\x99C\xb8E\x9b\x89\x8c\
%\xd4`OV\x07~F\xea\x83\xe1s\x89\xc0\x97.\
\x5c\xb9r\xe5\xcb\x9b\xa5\xcb\x97\xa82\xe5\xe8Mq\x01\
\x00T\xb3r\xe5\xc0\xdfR\xe2\xbe\xe89\x84\xde\x977\
K\x86\xce\x97.\x5c\xbf\x85\xc1.^\x97\xa3\xa9,\x08\
\xf8\x11\xf2\xb9r\xe5\xcb\x97.\x5c\xb9r\xe5\xe9z\x5c\
\xbf\x8e2\xbfb\xb8\x01\x85\x8a*\x81E@Z\xad\x98\
\xfeDBe\xc0j\x5c\xefZ\xd2\xe7\xd6\x80\xfcp\xae\
\xe3g0\xaf\xcf\xe2\x0d\xf2\x0d\x83q\xf3*\xb5D\xc8\
\xb9\x05\x1c\xeb\xf9\x5c\xda%|\x00\xb8G\xf3\x13.\x5c\
\xb9w\xdd\xcd\xc2\xea\x16\xae4\x1c@y\xd0p!\x04\
\x8e%\xcd\xa0\x9b$\xcb\xe6\xbe\x03[\x97.\x13._\
\xc2\xe6\xe9r\xe5\xcb\x84\xcd\xd3t\x07\xean\x97.\x5c\
=iz\x5c\xb8e\xe9r\xe5\xca$\x5c\xb9r\xe0\xe6\
.2l\x0chA\xb8:\xe6\x5cU \x10\xccw\x1b\
\xf9U|\xae\x7f\xb8\x1a\xe6\xe8LP\x5c\xd0\xc0+\x88\
\x5c/`\xdfD\xd4<s\x11\xc3\x80\xc0\x90\x90C\x89\
j\xd1m[\x82}\x9cL\xca\xaa\xc0\x0d\x14\x5c)R\
\xeaw\xa0\x17+N\xa5\xebz\x5c&\x13\x09\x97\xadJ\
\xb9_\x02kN\xf4\x07B\xdc\xd7\xc4s\xa9\xd2\xe5\xcb\
\x97\xcc\xdd.\x5c\xb9r\xe5\xcb\x9c\xc0j\x19p\xceD\
\xb9fY\x9b\xa6\xe9\xba\xa6\xf9\xbe\x06\x81\xa6\xe9r\xe5\
\xcb\x82c\xda\xc0\x89D\x1a$\x11\xdc\x04\x83c\x1eE\
~\x08\xca\xaa\xc6\xd2\xeb\x98\xc0\x12-\xe8\xa9\xb6;\x8d\
\x8d.^\x97.^\x97.\x5c&7<\x8d\xd3\xc7!\
\x97l*\x05\xb4D\xa6\x0c\x18\x06\xe0\xe4\xf2(\xec@\
w(\xdc\x1a\xcd\x82\xa0\x9b\x8a\xa4\x0a,YG\x19\x9b\
\xd6\x01\x5co\xb7\x92\xb9\x01\x11\xdc\x15\xe4]\xf0P\xc5\
;{\xdd}\xc0~\xa0[\x86\x96\x19U\xa0\xe6\x13.\
\x5c'\xe5Z\x0d7s_\x0a\x80WU*sz\x15\
\x95\xf0\xad\x0f\xc6\xb4\xa9ZW\xde\x95+J\xd3\xbf\x89\
\xd3\xfdJ\x82u\xc6\xa4\xcb\xd2\xe5\xcb\x97<b\xca\xfb\
Iw5\xb4\xe0]\xdb\x8e\x5c`r\x7flO x\
\xedtUq\x86\xa1\xde\x8d\xb4Y931\x14o\xe1\
z\x5c\xb9st\xdd7\x5c\xb9w.\x03\xcd\xc4\xce\xeb\
L\xab\xe53=\x0a=J\xfb\x19\xb1\x96#6,\xee\
\x11\x09>6_\xc7aV\x04^\x81\x9a\xc8w\xc4\xb9\
\x0d\x9c\xb8B\x00\xd1\x1a\x8d\x93\x94\x01\x0ef\x22\x86\xe2\
y\xf8z\xdez\x86\xdb\x8f\x86\x81 \xe2#\xb7@\x10\
\x18\x14\x93@\xf1\xc0#C*U\xca\x95*T\xa84\
\xa8\x05h!\x8a\x09 \x029\xd6\xff\x00\x8a\xb4\xff\x00\
zW\xcf\x83*T\xad,\x0eH\xa2,i_#\xc7\
2\xe1\xd6\xbe\x18\xb1\x87\x99\x95\xb2\x00\xb0(\x00\x00k\
\xfce\x03\xc4\xdb]5\x80B\xe0\xc6\xc9\xcb!bM\
\xff\x00\xa0E\xf13\xe0f%\xc5\xcd\xd2\xe5\xcb\x97\x09\
\x97/J\xf8\x5c&\x11f\xe7\x84-\xc3EpI\x00\
8 \x11\xe2\xd8\x05\x0e|m\x91i\x7fjA\xa2\x89\
\xb1@\x06\xc0\x8b\x90\x1b\x98\xfc\xaf`\x05\x01\x0e9l\
 \xa9`EJ\x9bf\xd9\xb6\x05\xe8\x9d\xc4\xd6\xd3\xd9\
\x05i\x97\x827\x09\x95\xb8\xda\x18l\x1bEJ\x95*\
\xe5M\xb2\xa0\x10\x09R\xa7_\x01\xa8q{t\xad\x08\
\x95\xf1\x02\xe5iR\xa5J\x95;\x95*T\xa9R\xa5\
J\x95+B\xb7\xc1P\xc3\xbd\x082\xa1\xf8\xdd\x1d*\
V\xa0V\x80\xff\x00X\x98\x14\xb5\xee( T6z\
$\xd8\xa5\xb7\xb0\xd8\x85-\x1d\xea\xcdA\x8d\x09\x8e\xc8\
\xb9\xe4d\xa1\xeb\x89\x80\x93Y\x17\xc6\xc6\x18\x13\xe4`\
\x18\x80\xaf\x8d\xcb\x97\xf2\xc1\x8c\xe4}\xa0* \x02\x15\
$\xf0\xa3\xf1\xa3\x87q\xb6`\xc7q\xddz6`\xbd\
\xf9\xad\xef`\xaa\xa3h\xe0da=\xc2\xa8\xbe\xdd\xc7\
mJ\x9bD\xa9\x8dmj&-\xa6\x1f\xf4(i\xb4\
/#\xd4\x8b\xcbdQ\xd8\xdb6M\x93d\xdb6\xcd\
\xb3l\xdb6\xca\x95*T\xa9Q\xc9\x14\x06\x1cE\x0b\
]J\xd2\xa5iR\xa0\x12\xa5iR\xa5iR\xa5J\
\x86T\x02T\xa9R\xa5J\x95*V\x95r\xa7\xfb\xd2\
\xb5\x22\xe2\x9b\xd2\xb5\xa9P\x02O\x1e6:V\x07\xf0\
\xc2 \xe7K\x03\x89\xcd\xc7\x04\x82\x02\xb3`je\xcf\
\xb97\xcc\xf9\xc7\xac\xedV+\xf9L\x99\xdf!\xb8\x1c\
\x82\x0c$\x93gJ\x95\xa7\xfa\xd2\xa5J\x95\xa5O\x1d\
\xb68$\xe6\x0e\xb6\x9e\xe0\x07\xe4N\xd11)U\xa6\
\xf2\xc14\x06\xec\x89\xcc\x5c\xec\x0e\xe9\x93\x22\xb0\xa1R\
\xa5@\xa6T\xa9Sl\x02-\x88 \x95?\xdc\x020\
\xb9\xb6m\x9bf\xc9\xb2\x15\x9bf\xd9\xb2m\x9bf\xd9\
\xb6m\x9beM\xb3&\x22\xc4R\xa0P\x00\xdb*T\
\xa9Sl\xdb(\x5c\xa9\xb6\x11\xf5*T\x02T\xa9R\
\xaaT\xa9Sl\xdb*m\x95*T\xdb\xf7*m\x95\
+J\xd2\xa5J\x94nU\xc6\x15\xf9\x0a\x95*T\x22\
\x223p\x17\x1b7\xf8\xae\xdcj\x03\x0c\x87#\x1bA\
@m\xa9\x958\xfcw3U\x86\xde-sn\xdew\
x\xc7n\x22I\x1f\xb8\xc9\xf8\xbe\x13\xd9\xee\x03z\x7f\
\xddJ\x95\x00\xb9R\xa6\xd9\xb6T\xdb\x13\xc5\xdc\xbb\x8e\
?\x1d\x11\xaem@H\x98\xd1TTN\x05\xc6R\xda\
:\x9661\xa2\xb06\xe9\xcd\x07\xc7\xdc\x10\x08\x22\x83\
\x0a\x88\xa0}\x94\xe2\xc6\xd9\xb3\x89\xb4J\xf8\x816@\
\x956\xcd\x90\xadM\x93d\xd96O\x5c\xd96M\x93\
d\xd96\xcd\x93l\xdb6\xcd\xb3l\xdb\x0a\x99\xb6m\
\x9beG_\xa9\xb6T\xdb6\xc0\xb0\x0b\x81f\xd9\xb6\
m\x95\x5cM\xb3l\xdb6\xcd\x93l\xdb\xcdM\xb3o\
3l\xdb6\xcd\xb2\xa6\xd9\xb6m\x9ba\x15\xde\xd8V\
\x05\xa3\xb6m\x8c\x97*\xa6\xd8\xb4\x0d\x9fhE\xb4|\
\x8c\xf4Y2*\xe2\xda\xde\xc7)\xb8ob\x05m\xcb\
|\xb6=\xc4\x18\xc0\x90D\xcb\x97w\xe2\xbe;\x11\x8d\
\xb6\x92S\xf1\x0e\xc5\xdbq\xa8G\xd8Q\xc4\xdb6\xcd\
\xb3l\xd96OY\x9e\xa6\x9b&\xd9\xb6b{\xe0\xb5\
\xbf3\x1d7\xe7;k\x81\x86L\x9b\x9b\x22\xe58\xc0\
\x12\xb4`n\xe3w\x0a\x0f\xb6\xc7B\xc0X\xbdi\xb2\
\x052\x8c\xa8EJ\xf8\x81\xf7\x17\x99\xb6m\x9bf\xd9\
\xb6m\x9b&\xd9\xb6l\x9bf\xc9\xb2m\x9bf\xd9\xb6\
m\x9bf\xda\x9bf\xd9\xb6m\x9bf\xd9\xb2U\xcd\xb3\
l\xdb6M\x93l\xdb6\xcd\x93l\xdb6\xcd\x82l\
\x9b&\xd9\xb6\x143d(~\xb6\x19\xb2l\x85?\xbd\
\xb3l\xdb6\xcd\xb0\xac\xdb6\xc6BG\x0a,M\xb3\
l\x02\xe6\xda\x9bf\xd9\x8fh\x14\xcd\x98\x05\xda\xa5\x9d\
M\x0cj\xc3\x83\x91\xc2\xad\x8cm\xf8\x82r\xe0\xb6\xdc\
\xb8q\x94\xb9\x97\x08\xa2\xd3d\xd96F\xc7\xb7\xf2\x0a\
\xbb\xa6\xcf\xb9\xeb\x9b&\xc9\xeb\xb8\x16Tla\xb9,\
\x95\x0a\x18\xcbQ\x89\xeax\xf9k\xf0\x0f\x99P\x1b\xfc\
\x7f\xca\x15\xe2\x87\xc0\xaf7\x17\xf3\x8d\xc0\x85j\x01\x04\
\x02\x01\x02\xff\x00EhY`>\xa8\x81qWq\xa8\
\x010_`\xd87=%\xc0\x98\xb1\x9b\xe7d\xdb\x02\
M\xb3l\xdb6\xcd\xb3l\xdb6M\x93l\xdb6\xca\
\xfa\x9bf\xd9\xb6m\x9bf\xd9\xb6m\x9bf\xc8q\x93\
=sd\xd9=fl3\xd6f\xc9\xb2l\x9b\x0c\xd9\
\xf56}O\x5c\xf5\xcd\x93d\xd96O\x5c\xf5\xcf\x5c\
(f\xc9\xb2\x15\x9bf\xd8Vm\x9bf\xd9Sg7\
\x0a\xf3\x0a\xed76\xcd\xb3d\xdb6\xcd\xb3dPA\
\xb0\xbf\x8c\x17\xc9\x9bI\x9b\x22nX\x00\xbd\xd0\x86<\
A\x8e\x0cs\xd7=p\xe3\xf5\xf41\xd8\xb001\x9e\
\xa3\x07\x8e\xc6zJ\xf7\xb4B40\x80c\x01\x1f\x19\
\xbe1\xe2enr\xf0\x04\xc6\xdb\xff\x001t9\xad\
\x01\x0c,F\xea\x05\xa3p\xaf\x1c\xf2E\xc1\xc8\xb8\xa2\
\xe2\xaco\xc4Dz<\xbe\xd1\xda\x046Y\x10?Y\
\xb0\xec]\xd0)[$\x0b\x14\x08\x02x\xea\x07\xe5=\
\x96x\x18\xc9\x17=S\xd7=W=S\xd5=s\xd7\
=Fz\xa7\xa8\xcd\x9f\xd7\xae\x1cu=S\xd7=s\
\xd6g\xaez\xe7\xaaz\xe7\xaaz\xa7\xaez\xe7\xaez\
\xe7\xaez\xa7\xaaz\xa7\xaaz\xa7\xaaz\xe1@;\x0a\
\x0c\x18\xe7\xaaz\xaaz\xa7\xaaz\xe7\xaaz\x8c\xf5\x18\
q5\xc3\x8ez\xe1\xc5\x0e9\xeb\x87\x1c8\xe6\xc9\xb2\
l\x85&\xc9\xb6z\xe0_\xa3\xb2\xfb\xf5\xcf\x5c\xf5O\
T\xf5OL\xf4\xcfT\xf5A\x8a\x14\x0b\xdc\x5cV.\
\x0c'\xecb\xb80\x09\xea\x10\xe2C\xda\xe3U\xe0e\
\xa4\x22m#\x90w\x08T\x98T\xc6$\x1a&\x13\xc4\
\xfa\x84\xd4`\x07~\xc2\x17\x8aj\xa2:\x99:\xbdj\
\xba\xd5\x97t\x00\xf5\x00\xa88\x80\xf1\x09\xbd\x15\xc8R\
\x22)&\xa6&R\xb4<\x92}\x04\xccy\x7f\x11\x8c\
\xaf\x8asc\x19`\xf0\x8b#8\xf1B\xe2\xc9Nq\
b\xc47\x15Te\xde\x11\x17\x22\xeeOD\xfd\xbc\xfd\
\xbdO\xdb\xcf\xdb\xc3\xe3\xcf\xdb\xc7\xc0@\xa00\xe6c\
\xb4\xe2\xf1][\x96\xf1\xe8\x5c<\xe4\xfc\xbfo\xc4\xca\
\x13\x1a\xee\x98\x80\xc8KE\xc4\x1cZ\xfe\xdc\xcf\xdb\xcf\
\xdb\xcf\xdb\xcf\xdb\xcf\xdb\xc1\xe3\xc1\xe3\xc1\xe3\xcf\xdbO\
\xdb\xd4\xf4O\xdb\xcf\xdb\xcfD\xf4\x09\xe8\x9e\x89\x9b\x01\
\xad\xc3\x1a\x96`\x02c\x0e\xa1\xa3\x84\xc7\xfeJ\xe8M\
\xba*?\xf8\xfa\xa7\xa7\x99\xe9\x13\xd2'\xa4\x09\xe9\x03\
\x98qC\x8a\x1cP\xe1\x87\x048~\xa1\xc3\x0e)\xea\
\x9e\x99\xe9\x87\x09\x9e\x99\xea\xe6\xa3`\xfb\x83\x15\xcfL\
\xf4\xcfL\xf4\x5c\xf4OD\xfd\xbc\xf4\x08p\xed\x17\x13\
\x1a\xb0\xb0\xde(n\xf3x\xa3\x1e6#\xc6\xdcVz\
\xe6\xc36\x98T\xc3\x8e:pDr\xc5\xbf0\xe2\x81\
%\x84c\x1d\xc8\x85\x84c\x08\xe3\x95QS\x22\x02\x04\
\xf4\x82\xa1O\xdd\xc1\x0bQ\xa9\xc7\xf0\x0d\x01#\xab0\
\x10!\xa2.\x5c\x16:\xf1r\xae+%\xbc\x9d\xd8\x8a\
\x87\xdaE\x1f\x00\x91x\xcb\xe4O\x1dny\x01s\xe5\
\x0d\x8b\xc7_~=\xb9|\xacO\xea\xd9\x87\xf4\x9f)\
H8I!Af\xdb*62\xe3lO\x11q\xb1\
e\xc8\xe4\x9d\xa3\x0a\x1b\xe7h\x81\x14Ka2\x8c\x94\
I\xc8H;f\x1c\xe5?\x19\x94\x00*'\x1c\x9f\x13\
\x16\xcc`\x1d\xa2m\x13l\xa0 u<J\x13\x81\x03\
\xa9;@ \x1d\xa6\xa5M\xb3d\xd8'\xacO\x5c\xf5\
\xcf]\xcf3'>\xb1\x88\xa8p[7\x96*\xb1\x9e\
y\xd2\xeb\x91\x89\xbc\x8a\x89\xbc\x9f\xcbl\xdb6\x88V\
\x14\x85aXW\x88R2\x81\xc98\xe7\xae\x1c\x7f\xd0\
\xc4\x013\xd7=s\xd7=s\xd5\x06:5\x069\xeb\
\x83\x1c\xf5\xcf]\xc1\x8b\xe8z\xea!`@90o\
\x14\x060\xa2\x86\xd9\xe6\xa8\x18\x18\xcf\xd3\x8f\xfcU*\
\xa5B!\x11\x85O%\x82\xacb\x1c\xdc.n\xe2\x83\
\xb6\xe3?\xf6Z\x1eeh\x05\x0a\x95\xff\x00\xad\xedm\
\xa1b\xe5\x0c\x0e\xef\x1b&1\x92\xd7\xcdQ\xff\x00\x92\
d4\xa0`_\xd41\xb2\xedW\xfdC&u(X\
\xed#fO1\xce!~\x07\x96\x99\xd6{V;\xd7\
\x08\xcc\xdby\xc5\x83w%Sh\x86\xec\x88q\x954\
Z\xbf\xf9\xcf\xe2\xfb\x8d\xcf#\xc78\xedP\x0b[\x0e\
\xa4\xa7\xb0\xf88\xd3&_^@+\x81\x1c\xb7\xff\x00\
-\xe4\x9cGk\xfe\xf5H\xb9x\xd8o?\xb8\xc4\xbc\
C\xe4c\xfb\xd8\x99AlC\x06[\xac\xd8\xf1\xed6\
eJ\x95*T\xa8\xec\x11K\x16%\x89c\x8b\x09\xca\
\xdbFO\x15\xf1\x82\xc5|F-G\x0e\x1ch?\x1c\
\xb8\x13(\xa3\x87\x06\x5c<\x02jT1T\xd0\xddR\
\xa1Y\xb6U\xf5\xb6l\x9b&\xcb\xebd8\xe7\xac\xcf\
]\xf7\xeb\x83\x1c\xd9\x0e!\x11 \xc7|A\x83\x99\x97\
\xc7\xf2\x07\xf82\xf9)\xcbf\xf1rm\xbc\x89\xe0\xe4\
\x06\xd5\xcb\xe3M\xcd\x8b8\xc8\xdbH\xc7}\xb6\xf1\xc0\
\xf37\x9c$\xcf\xd2\x88!\xd4\xe3\xf2\xb11\xa0\xce\xab\
\xc1\xcb\xe4\xa9\xb4\x18r\xe4pwfs\xba;1\xe1\
\xb4g'\xb3\xcf\xf3W\xf2T0h\xceML\xbec\
2\x05A\x09'\xba\xa1s\x1bm\x16y\xbe1y\xc3\
\x0bo\x5c_\xa8\xb3\xad\xb6?(\xbeM\xd1\xb2c \
\x12\x18m\xff\x00\x8c9\x02\xa1wO\xcae\xf3\xb1Y\
\xdd\x8f\xc9\xde\xc4@\xacz\xf2\xff\x00O\xb0]sx\
\xdeB\xee\xc8\xc3\x19\x1e* \xf1\xbcU\x0b\xff\x00\x0e\
\x14\xcc\xa4\x8c\x9b%\x18\xa1op\xf2\x14\x95$b\xf1\
2\xe5\xe4\x1f\x1b.\x17\x991\xe6\x0d\xbd\xb1yY\xb0\
\x93K\xe7>QK\x852\xb3m\x7fI\xec\xba\x94\x97\
7B\xdf\xd6\xf17\x89\xe6\xe6\x15\xb0L\x19=n\x09\
\xf2HldL\x03\xff\x00\xb6\xde'\xb0M\xe2o\x13\
\xd8\x0fF\x94[\x87RiNM\xa6\x8a\xb6\xf1h\xb9\
\xd5\x9a\x94rh\x10G\x05T\xb1\xa8q\x181\x11\xcc\
8\x99\xf9P\x83\xfcX\xb8\x11\xd8q7-\xdc\xf6\x08\
3)4\x11K\x0d\xd0\x0b<l,o\x18\xf72\xda\
\xf8\xb8\xf1\x96\x0f\x01\xe2\xe1es\xb6\x1f!\xceO[\
/\x8e\xaa,feT\xdc\xd92b 2\x1c\xb9@\
\xe37\x99\x99I\xc4\xcd\xe4\xb3b*|\x7f!\xb0\x12\
W\xdb\xf9o\x07'\xe4\x5c>F~\xec@n\x12O\
\x7f\xc2t\xaf\xe0\xbdoS\xad|/Q\xf0\xb9s\x1e\
B\x90\xe7b\xb63y\xef\x95\x15`\xfdE\x99\x95P\
\xf9\x0a\xabq<\xac\xfeS\xfa\xe3\xe4\xc9\x83\x1a\xb60\
|\x92\xa2\xb0\xe4\xce\x9c?\xbd?\xfa|\xc8G\x08\xab\
\x9b\xc9\xac\x15\x13\xf10\x9d\xc2\xe1\xc8\xcaxL\xdc\xd9\
\xcb\xe5bR\x11\xd9\xb7/\xe21\xfe3\xd4\xc0\x122\
\x91{rx\xeb\x8bw\xe1\x91QWy\xc7\x95O\xf9\
\xe4\xf3A\xc4\xcep\x80\xeb\xbd\xb2\xfe\x04\x11\xed\xa9\xed\
\x9e\xd8\xe5\x5c~D\x0b\xa0\xaa\x1b\xbfa\xaa\x89\x97j\
\xd4\xf7\x1e\x82o\x0c7\xb6\xd2?\xe39\x5cLY\x9f\
#P\xf2\x5ccb\x14\xf9\x8d\x5cb\xf2\x9b9\xd9\x99\
N\x16Z\x81\xc6\x03\xff\x00\x16?+j\xeeW\xfdI\
\x17\x8c\x836\xe3K\x9f\xccP\x0aLY2l\xdc\x07\
\xeaj\xa0\xc7\xcf\x99\xbf\xe4\xc8|\xe6\xdb\xc0\xc9\x9cb\
\xdc\xdf\xba\xc8\xe5o\x17\x88r\xe0\xde\x98P\xb30\x99\
\xfc|\xb8\x8d\xb6o7\x18|b\x1f\xd5\x833(\xfd\
\xd0d\xf5\x94\xf33)\xda\xa7\xcd\x04\x0ao7\x12\xb0\
a\x8f\xc9+\xf9\x0c~b\xe6\xa5\xcb\x9b:\xbb\x9a>\
A\x14\x14y\x0e\x081\x8d\xcd\xdcT\x1a\x96\xfe\xab\xff\
\x00B\xbeU\xadkR\xbew\xfc\x03PfO'&\
E\x0ap\xe58\xcd\xcc\x9e^l\x8a\x10\xf8\xff\x00\xab\
\xe7\xc4\xbb\x0e_\xd52gR\xad\xe2~\xa0\xce\xfb2\
\xe2\xca\x99\xaff\x1c\xf8[\xc9g\x83\xcbF\xcaQs\
y\x0a\x14\xac\x5c\xaf\x98n\x0d\xe4\xb2~#\xc2\xf2\x9d\
\x18c\x1ec2\xfey1\xfb\x08\x0c\xa7\xccqS\x17\
\xea\x991\x9ag\xf2\xcb\x8d\xe4y(\x0dF\xf2p\x94\
\x0d\x95=91\x86\x0f\x90\xab\x90\xbe\xe2F\xc6]\x80\
\xdc\xca\xe9\xc3\x1b\x15cp'\xf1\xec\x19\xb4Y\x13z\
\x9f\xc4\x7f@#\xab(q\x87\xc9p\xccN?4\x22\
\xee\x09\xe7\xa3d;\x87\xea\x0az\xcf\xfa\xb2V\xd5\xf2\
<\xac\x8bL\xb8|\xe7\xc6\xb5\x06\x7f\x19\x87\xe7\xe0g\
\xc1\xf9\x17\xcf\xfa\x8996c\xcd\xe6\x07\xe5\x7fp\x09\
W9|\xe4D\xd92y\x0d\xe4\xae\xdcx<\x92\xae\
/\xf79s)-\x9a\xf2\x81\x93\x1e0\xbb\xc1|\x99\
p\x0f\x18\x8cJT\x89\xe6\xf9\x0b\x93j\xaby\x19\x17\
\x08\xc6\x1f;9\xb6\xcd\x90dr\xc1X\x8e\x83\x95\xea\
\xe7\xb4\xf7\x0eB\xc7\x9b\x97\xa3\x1b7\xf0\xaf\x81\xfeZ\
\xf8\x7f\xd6\x83\xe1_\xfa\x17\xf1\x1a\x03\x06\xa0\xd4\xb2e\
\xcfsn\xdd7\x1b\xb9\xbc\x8e\xbd\xach\x9c~vL\
|&_#\xd8\xa0E*\x07?\xb8\xc9\xb7`\x19\xf2\
\x01P\xe46Zn?e\xc9\xef\x07\x96\xf8\x9c9\xcd\
\xe6\xe5\xcbq|\xec\x89\x8c\x22\x1f\xd4[b\xba\xbf\xea\
Y\x5c\xdb~\xeb.\xd0\xb3/\x92\xd9\x8f\xe4|\xa7\xe0\
)\xf3\x09\x1cf\xf2\xbd\xa2\x9b'\x97\xf8ps1m\
\xf0y\x0e{\x19J\x93wB\xc6L\xc7\x22\x80\x19\xef\
\xa5\xca\xcb\xc0\xben\x5c\xeb\xa2\xddP#\x9b-}\x86\
\xe6\xe5\xcb\x9e\xd6\x06\xe1\xc8\xcd\xfeA\xb9\x04\x93b\xa0\
b\xbc\xad\xcb\x8d\x95\x9cQ\x97.\x5c\xb9z\xde\x97\xfc\
\x17\xfcCB`\xfej\x95\xa5J\x95*W\xc6\xa5|\
\x07\xf2\xdf\xf0\xdc\xb9r\xe5\xebp\x9b\xee\x5cg,m\
\xaeX\xd2\xce\x87\xf8j\x15#\xb9]\x13\x5cK\xf8T\
\xdav\xee\x95Z\x95\x22T\xad*W\xca\xe5\xff\x00\xea\
w\xfcw/\xe5_\xc5_\xc2\x11\x88\xb0\xd8v\xd8\x8b\
\x8a\xc1%\xf0\xec\x00\x9c~9z3\xd4\xddM\x8d{\
a\xc4\xd3i&\x80\x04\xf4A\x1d\x8ee\x1e\xe6\xd3W\
\x00$\x5c \x8e\x0d\x1a\xb8D\x18\xd8\x82B\xe1wR\
\xcaP\x81eQ\x9b\xfcv\x93\xd5P\x10)1\x02\x93\
ly\x9e\xa6\xd9\xbe.&<M\x8d=N\x0d\x1fK\
\xd5\xc2\x94\x22`\xdc\xdbH\xf1\xff\x00*-\xe32U\
\x94 \xd4e\x0a\x059\xc6\xca\x02#\x10\x0a\x00\xaa\xb7\
\xb8\x83\xb6\xa6\xcb\xff\x00\x10\xacG\x1b\x0d\xd4\xaf\xebd\
$\xd92\xa0\x04hM\xcb5Z\xdc\xbf\x89\xfek\xf8\
\xdf\xc2\xa1\xf8\xdf\xcc\xfc\x04\xb9zW\xf0\x00I\xa0<\
g8\xfd\x83\x1e=\xec\x167\xe9\xf9\x80,\xb8?L\
\xcd\x93\xfc\x9f\xf4\xa6@L\xc3\xe12\xb0l\x8d\xe1\xa9\
m\xecq\xa6<\xca\x15\xb0!m\xca0cQ\xb8\xaf\
\x8d\x90\x0b\x0f\xe2;\x02\xc3\x17\x8b\xbd\x8a\xcc\xfe)S\
\xcax\xee\x7f\xc0\xf89>\xb1~\x98\xee@l\xbf\xa7\
\xaa\xa8\xb5\xf1\xd1\xca\x89\xe5xL1\x1d\xcd\xe0>\xeb\
C\xfaF\xf1\xec\x5c\x1f\xa6n\xc7\xf9\xe4\xfd5\x0bX\
\xc1\xe27\x8c\xc4\x9f#\xc2\x5c\xd9\x03\xb7\x91\xfaq<\
b\xc9\xfaqT\xfc\x0e\x1c\x8dJ\xab\xe3\x16b`\xf0\
\xd6\x818\xfc:\xc9\xb9O\x8a\x0eP\xd0\xf8\x08T\xd0\
\xf1\xd400\xf8\xca\xc6\xe3x\xf8\x9f\x91\xe4\xe2\xe3\xd6\
0\xe0Ca\xff\x00\xe1E\x9e;\xa7\xb7p\xf2<_\
u\x1cYp7&6#\x8dJ\x95\xc4\x99P\x06\x1e\
8\xc2\x80\x8c~.\xfaf\xcb\xe3z\xd9\x88\xcd\x87&\
,u8\x04)\xc3\x8d2\xe3\xb4\xfcl\xc3\xe33a\
W\x5c~6WF\x01\xbcv\x15yq\x84\xaaT\xdd\
\xd6\xc2\x0f;k\x821\xc3\x8e\xa1\x12\xa5B%J\xd1\
\x98/`\x13\xd5J\xd0\xca\xfe\x1b\xfeK\xd2\xe0\x95\xa5\
kr\xb4\xad+J\xd0\x02eT\x22\x8d\x15K\x9e\xaa\
\x06\x97\xc3'\x18a\x8b\xf4\xf3\x97\x18e\xfd\x91\x0bD\
\xfe\x9f\x99\x5c:\x8cL\xe8q\x8f\x1f\xc3\xceP\xae4\
\xf0s\x93y\x17\xc4\xc7`\xb2\xe3\xc4\xa3\xf1\xf3\x06!\
\x98e\xc21\x1e RO8\x98\xaf37\x88\x5c\xee\
#\xc4\xe6\x8b\xe1\xc4Wi\xc2\xaaW\xfe2\x9f\xd9\xc4\
H\x22d\xc6\xa3\x87\xc0\xfe-\x83\x0eLl6\x94\xc6\
\x98\x14\xb2\x1f\x1d,\x91\x89\x0e3A\xc1n\x03`\xbe\
'\xa2\x848\xc8\xe9\x8a\xe3[|\xce\x1d\xc1\x5cmO\
\xbc!\xde\xa1\xa7\x8a\x9b\x90\x91\xe9;\xa2\xe1\x22\x1cK\
\xc1\x0b\xe3W\xf8\xfe\xcc\xee\x0f<\xa4,*/\x82Z\
\xe2~\x98\xcaC6-\x85\x8c\x07\x1en\x9b\xc2Z+\
\x1f\xf4\xf5\xa2\x1f\xf6\xa8@\xda|Eq\xb9\xb1x\xce\
\x0d\x91\xe0bf;\xff\x00\xfc\xdfA;\x7f\xfc\xf0\x09\
'\xc7\xf0\x9b\x18*\xcd\xfanE]\xd3\xc6\xbc8B\
\x85\x04\xe4\xde\xcf\xefD\x01[\xc4\xc6q\x0b\x7f\x07\x1e\
\x5c\xa1\xd0~\x9ey\x8b\xe0\xe6r@_\x00\xec\xfc\x9b\
\xc6\xc6\xbf\x8b7\x8bY6&?\x0a\x80s\xe4\xf8\xe0\
\x92\xc8q\x06\x1b\x94\xf8\xec\x00'&&\xc6v\xb6\xd9\
\xc6\xbbt\xa9_\xfaC\xe1ZW\xc2\xa5J\x95\xa5\x5c\
\xd8H\xb0\xbe\x19lB\x82\x1b\x8c\xa4v:\x88\x84\xfe\
$\xad\xd9\x5c^6\xff\x00\xc4b\xfd?o*\xde\x03\
+~+\x80.1x\xf0\xa9\xe5\x7fnXQ>#\
\xddF\xf0\xd6\xbf%\xf0\xd1X0T\x03\x89\xe6yX\
\xf1^0\xfeN]\xd5\x8b\xc4\xca\x0f\x87\x95\x0f\x89\xe7\
b$\xd2.w\xc9\xbf(\xda`1\xdf\xc7\xc4\xd4\xfe\
fL\x14v\xe2\xcc\xf8\x9b\xfe'\xf2\xb2\xe7`\x1f*\
eCC\x0f\x8b\x97+l\x98\xff\x00Md[\x98q\
f\x1c\xe5/\xf77\x928\xeem\x02\x15$q\xb6\x10\
'\x9b\x87~;\x05\xec\xdc\xc27\xb8Q\xb4*X\xf0\
\x98\xe3\x0a\xad\x04\x15.\xe5\x18\xca\x08\xe7\xd6\xa3\xa2\xb7\
\xd8P:l8\xd9\xac\xff\x00\xdbQ\xedN\xde\x99\xb7\
Ez\x8e\xcc\xa6\xd3\x1eV\xaf\xcc\xb5\x9b\x8c\xed\xb4\xd6\
\xef\xa2\x08\xeaZ\x92 \xc9]5\x12\x1adQ\xba\xd7\
\xd5\x90]!\xc9\x89\xb6\xb6\xd2!\xc4\x00,2x\xcd\
\x94\x83\x11\xb7\x0b\x5c\xf8\xcd\x1d\xb9\x91\x07\x0a0e\xd9\
2x9\x0f\xf9/\x8c\xe6\xc9\xc3\x8c\xe5}\xa3&/\
[\x15/\x8bc\x05/\x89\x93\x93\xc1\x83\x8eAZ\xee\
T\xa8G\xc6\xbf\x82\xbe#\xe1R\xa5J\xd0\x0b5\x06\
;B\xd11/S\x0a\xe1f\x0b<\x91H\x22\x84|\
a\x17\xc6\xf0C\x0d\xe5\xbfG\xca-\x83P\x1bg\x8f\
\xe02\xe0\x1e\xcf\xd3\xbcE\xc6\xa3 *>\x9dw\x0a\
\x1e\xa7\xaeS!C\x13&\xeeIq=\x97\x0b\x8f\xaf\
#>Lt1\xf9\xbeq\xce\xc5\xa2WG\xf3\xc7\x8b\
i\xf1r*e\x19ra\xce\xb9\x90dM\xff\x00\xdb\
6\xe1J|V\xc9\xff\x00\x95\x7fL\xc0;b\xbe2\
\xec_V\x1c\x8b\xf9\xb7\x83\xe3\x1e\x86_\x1f\x01\x0b\x88\
\xe5\xf2\x12\x9f\xc8\xc7\x931i\xbc\xcd\xf12\xb1\xbb\xf6\
Oi\x87!\x9e\xd3=\xb3\xca\xc3\xea\xcaTcw\xc6\
\xc1\x95\xbc\xec\xcfw\x8f>E\xaa\xc1\xe7c~\x1b'\
\x99\x8b\x1a\xd9\xc3\xe5\xe7\xf2\x0d\xa9bG;\xe6\xf1\x03\
We\xae\x16\x85\xa6\xf9\xbf\x99\xbc\xcd\xf3\xd9=\x93\xd9\
=\x93\xd9=\x87\xe8e\xbe`\xcao\x9fl9\xc0\xe2\
&O\xb0\x1c\xc1\x99\x81\x99rgn\x11\xb1g\x7f\xf2\
l\x99\xf1\xae\xd8<\xac\xc6\x80\xb7d!\xd3\xc6T7\
,\x89\x97\x13\xe47\x1f\x16UF#\xf4\xe5\x07/'\
\x06=\xdb\x8b(<\x17\xf1\xd4\xb0i\x8f\x16U\xe4\xe6\
G<\xc7\xc6\xc0Y\xd3\xd6\xc4X*Gu*T\xaf\
\x85\x7f%M\xa4\x9a\x85`\x03\xa3`\x08\x00\xfb[b\
\x14x\xca\xae\xdbY<K\xddJWm\xe4\xf0\x14\xe4\
c\x14\xa6KA\xfa\x8a&\x0aT\xf0\xbf\x0cg>V\
\xc9\xef\xc2O\x8f\xfa^\x05|\xcd\x94\xd0\x82\x80\xa0\x0d\
Fm\xa0\x90\xbea.\x10\xe7\xc4\x0f\xe41\x16\x07\x93\
\x90\x0e\xced\x06\x17\x99\x1b'i\xe5\xab\xe4\xca\xc4`\
\xf0\x9f/'65\xc7i\x14_#\xf4\xdc\xa8\x10\xa0\
\xf7\xa8\x9e\xf5\x9e\xe5\x9e\xe0{\xdd\x8c\x9b\x870\x9e\xd0\
f\xf5\x9b\xf9\x9e\xc82A\x96{\xa7\xb4\xcfq\x9e\xe3\
=\xa6{'\x99\x8b\xdc\xa1\x82\x80H\xbc\x9e6\x0c\xab\
h\xf8\xdb\x19\xa6\x83\x93C\x0e\x0c\xf5Q\x15\x97\xb3\x92\
{g\xb6{!\xc9\x0eH^\x1c\x93}B\xf3}p\
\x0eHrq\xc7\xbb\x99\xef\x13\xdd=\xd3\xdd=\xd0\xe6\
\xdej{L\xf6\x182\x19\xed3\xda`\xcds\xdb6\
\x92Ll\x85V\xc6<\xe1\xc4\xdc&g\x1b\x18O\xd2\
G,f\xd5'\x92\x14\xc6[\x80\x19\x90L\xa02\xf2\
\xc0'\x10\x82y\x88\x08\x15\x0aB\x8a#w\xc1\xe3\xe1\
R\xa5k_\x22`:(\xbe R!\xc6@\xb3\xd4\
\xc7\x8c\xb71I\x07\xf1\xf1\x0a2\xee\x19\x05\xe3a1\
`9\x15\x9ac\xf2\x9f\x02\xd2\xaf\x9a\xd8\x89\xdb\x85\xd5\
\xb2~_\xbb\xc5\xfe\x052*\x8f\xc1r\x84\x14\xbe\xf9\
\xef\x9f\xb8\x9f\xb8\x9f\xb9\x87\xc8\x9f\xb9\x8d\x9c\x91\x0b\xe7\
\xdd\xba'\x95\x95\x9e\xa3g\x99\xd0\xb3\x03\x13:\x80\x00\
|\x8a\xc0\x82\x81qd\xdc\x83*\xaf_\xb8\x13\xf7\x22\
~\xea~\xea~\xea~\xe6~\xe6\x0f \xc1\xe4O\xdc\
\x19\xef3\xdeg\xbc\xcf\xdcO\xdc\x88<\x85\x13\xf7\x22\
\x0f&f\xf2\x8a\xaf\xe2\x18\x8e\xb1\xe4\xd8\x0d\xb6P\xc2\
\x8e\xc4F\xb2\xac\x89\xfe>\xe1=\xd5=\xe2{\xa7\xba\
{\x849\x84\xf7C\x9a\x1c\xf0\xe7\x874\xf7Oh\x9e\
\xd1=\xb0\xe6\x22{L\x19X\x8e}\xb7\xcc\xc9\x9d\x80\
\xe1r\x108\xf6\xcf|\xf7\xc1\x9e\x0f \xcfy\x9f\xb8\
\xa83\xdc\xf7\x03\xd2dT\x14\x1f\xca\x08.7\x9e\xac\
\x19g\x88\x97d\x8c\xa6{&\xe9p\x98\xc4W9q\
\xb0\xa6|h6\xc0\xb0\xa4d\x8c\x00\xed\x80\x94%\x88\
[\x89\xbcU\xc0A\xd0\x8b\xec\xebC\xea\x19r\xe0\x80\
D\xe2+TbXT\x18\x89j$\xa8P\x182\xae\
I\x89\x82\x8ff<\xbeF\xe5eP\xc4<\x03e\xcb\
\xe2\xa7\x8cX\x1a\x0d\x86\xf9\x086\x8a\x9b\xa6\xe17\x81\
=\xab=\xab=\xcb=\xeb\x0eq=\xe2\x1f#\xfa9\
\xbf\xa3\x9e\x1c\xc6{\x8f@\xe5c\x0b\xb4,L\xb9b\
n\x13x\x9e\xc1=\xb3\xdfS\xf73\xf73\xf7\x13\xdf\
=\xf3\xdag\xb0\xcd\xf3|\x19'\xb2{\x01\x14T\xaa\
\x9b\x9e\xd1=\xb3\xdb\x06Y\xed\x9e\xd8sOt\xf7F\
\xca\xc4\x8a\xf6\x1f\xbfeB\xf0\xbc\xdf=\x82{\x049\
\x04\xde'\xb2\x17\x1f~\xc1\x0b\x83\x0e`;\x19,\xee\
>\xe9\xef\x9e\xe9\xee3\xdag\xb8\xcfsOi\x9e\xd6\
\x9e\xd6\x9e\xc2c\x1d\xdd\xb5v16\xd5\xa2\x1csc\
*\x88<\x81=\xc2{\x84\x5c\xe1\xf8\x19IqP]\
m\x14\xf1\xb7,,\xd0\x82{2\xa5B'\xd4\xab\x80\
\x1a\xe5G\x1c\x1e\xa5J\x95*\x1e \x1f\x94=@ \
\x15\x04\x06\x03\xcc\x06\x03|G\x01E,^\x08!\x98\
\x8c\x84\x80h\xf1d\x89\x8f+&+\x18\xf21\xcaZ\
n0\x93\xa5J\x9bD\xda&\xdea\x12\xb4\xb3\x092\
\xe5\x98L\xdcf\xe37\x19\xbc\xcd\xc6Y\x83\x99R\xa5\
F4\xa4\x8dnn01\x96e\x98\x09\x9b\x8c\xdcn\
n3y\x81\xcc\xf6\x19\xeci\xechr4\xdef\xf3\
7\x18\xccjY\x86\x19R\xa0\x12\xabP43)\xe0\
\x08\x00\x1c\x0b\x97.\xe5\xcb\x97\xa5\xc1\xdc\xb9pis\
q\x9b\xcc\x0ef\xf32\xb9jB\xac@\x9e\xc6\x9b\xd8\
\xc5\xc8\xc3\x81\xedc\xc1&\x13\x09\x86\x18\xd3&B\xa6\
\x82eb\xc0G\xca\xc3\x1818\xe63\x10'\xff\xc4\
\x002\x11\x00\x01\x02\x02\x07\x07\x04\x02\x03\x01\x01\x01\x00\
\x00\x00\x00\x01\x00\x11!1\x02\x10 0AQ\xf0@\
aq\x81\x91\xa1\xc1\xb1\xd1\xe1\xf1P`\x03\x12\x222\
Bb\xff\xda\x00\x08\x01\x03\x01\x09?\x00\xacVm\x87\
@\xd1\x180\x7f!R\x86\xb8\xaaG\xb0Q<N\xcd\
\x8da\xaa\xc0\xddM\x1b\xf9l\xa6\xa0\xef\x92\xf2\x8a;\
L\xee\x8b\xda;\x10\x96\xc4n\x0e1\xb2\x1a\xbf\x84\x22\
\x1dA\xecCc5\x1d\x8aW3\xbd\xc2\xa1+\xc8G\
\xb5\x99\xa1P\xacT\x18aQ\x85\xc8\x8d\xf1\x87\x851\
\x8a\x85B\x1736\x05\xc8u\x00v\xc2\x8a\x0dX\xac\
B\xf4\xdd\xe2\xb1Xm\x86\xc4v\xe9\x9d\x9c\xc2\xf0\xec\
b\xd1\xb3\x86\xc0new/\xc4\x8d\xbc\xc6\xdb1\x9d\
FWXk\x5cnq\xb2\x16;4\xb6\x8c?\x17;\
3\x95\xde\xb2\xec\xd7\x12\xb83\xaavL2B\x0aw\
\x82\xf0B\xd6\x1f\x8e\x08?\xa5\xa14\x15\x16\x1a\xc1J\
\xa9W\x0a\xf2{\x98#\xb0MJ\xbcM\x82\xd7F\xb3\
\xb3\x9a\xa6\x8e\xd3+\x05\x94}lJ\xb1\x5c\xac\x08U\
\x92\xc8\xdf\x17\xb2\x1c\xdd\xe3\xb3J\xc9\xbf\x1b0\xd8\xe5\
Y\x8d\x8c\x8d\xf1\xac\xc3Z\xc7d\x08Z\x8a\x826`\
\x83\xf0\xf6Gc\x1bH\x83O~M\xd2/\x8d\xcc\xae\
\xff\x00\xe6\xbcG\xa8\xda\x8cD\xf9\xa1s\x1b\xe1Q\x82\
\x0e\xa9r:\x87EGZ\xcc\xa1\xf91}\x08\xfa\xc6\
\xf8)~\x0f\x1b0\xf4\xe9(\xf0T\x18\x8cD; \
[\x86\xbdv\xb3V\x1b@\x8dr\xaa]\xfd\x90cc\
\x87\xb7\x9b\xf1w\x8e\xde.\xc5\xa3u;\xc9)]\x0b\
\xb2\xf5c\xb1a\xb5\x0d\x9cl\x87o\x15\xcf\x1fu;\
\xf9\x9d\x84\xdc\x07\xfc\x14\x94\xff\x00\x18\x14\xb5\x0foy\
\xa3s\x85Gd\x9a\x97\xe1\x0bTP\xd6\xb8#x\x5c\
\xd8\x16\xa2\x0e\xc1\x1f6\xc2\x88*Z\x9f\xbf\x5c\xee\xce\
\xc1\xc3u\x99\xeb[\x8a\x11\xbd\x15\x8d\x8c\xa0\xe8\xec\x18\
m\x02\xc0\xb5\x02\x8b\x1dt\xd4\x10\xa8\xd95C\xd7\x5c\
zX\xd6\xfa\xcd\x91\xf8H[\x04\xa8p\xf7\xf8\xb3?\
\xc1\x04.\x0d\xc6\xb5\xb9\x91\x07\xb7\xbf\xaa\xa3\xe9\xee\x81\
@\xf6\xf8T\x98*D\x9e\x1fj\x1e\xbdP\xb1\x04k\
1\x17\x86\xd8F\xc0\xa8\x5c\x8bqk1S\xb46\x09\
\xec\xc2\xa1w\xae\x8c\x8a\xa5\xdb\xe5\x15\x15\x0a\xc5B\xe6\
W\xe2\xb1\x0c/\xc5\x80\x82\xc2\xa1Qv\xb8\x9e\xccc\
\x7f\x8dgc\x15\x9b&\xe4l\xa6\xa2\xa5T\xaf\xa5Q\
\x85A\xbc\xdb\x17\xf2\xc2\xd6\x16\xa5\x5c\x85\xc0\x9e\xc4,\
IJ\xd8\xac\xd5*\x8b#\x0a\x83\xbfj\xf9\xac.\xb1\
\xac\xdf\x155\x8a\xa4T\xb6\x92\xd7Y\xd7\x00\xa5Q\x9d\
\xb9]\x9bFWR\xbe\x98\xb2\x1d\xad\x04Hm\x93Z\
\xf3s5=\x94U:\xe0\xcaU\xcc\xf1hk\x9d\x81\
\x0c\xf6@\xb5\xd0\x9a\xa7rl\x1a\x8a\x95\x90\xa0P\x88\
\xd8C\xdd\x98\x9b\xa9\xfam\x22\xa0\x83VX\xa3w\x85\
\xf4+\x95\x9cv\x0c+5\x84nE\xe8\xa8[:\xdc\
\x86\xc2\x1a\xef\x9a\x92\xa4\xcd\x92(m\x91\xda\x0cn\xe1\
\xb3\xff\x00\xc7\xaf\xc6\xb7l\xa6\x17&\xa1:\xc46P\
\xa1Ydl=f\x16\x22m\x18\xa9\x05\x22\x8b_G\
g+\xfer\xcf_Y\x9b\xa9\x09_\x88\x954Z\xc1\
F\xa1$'P-tl\x1b\x89V\x1a\xe2w\x13\x1a\
\xd7\xdbK`\x17\x85\x1b\x90\xfa\xe8\x11\xd7\xb7\xae9\x0b\
B\xf6{\x16(]\x07\xd8\x05s\x16E\xb8\x1dkN\
\x8c|\xeaG\x1e\xc2\xc0k\xc0\xcdbH=B\xf4=\
&'\xa6\xa4\x87\xf5\x18\xef\xe2}\xa0%+\xb8W-\
\x93\x14j8\xa0\x825\xca\xbd\xfe\xb7\xa2\xd8\xb0\x5c\xde\
Oj\x10z\xc5\xc0\x8e\xcc\x5c\xa0\xc6\xe0F\xe4\xbdt\
\x5cb\x8b\xd7\x9e\xc2_o6O\xe4\xa6mJ\xe0.\
;@\xd8'\xfat\xb6al_\x1f\xd2\xcb\x1b\x83n\
W\x06\xd6\xb5\xdeYl\xa3a\xfaCo\x96\xdel\xe3\
bw\x18W\x11\x8e\xb7z~,\xd4*\x1f\x906w\
o\xaal\xdb\x11\x82\x96\xb5\xa1\xf9\xd3\xf9q\xf8\xb1h\
\xfe<\xd5/\xd0&\x7f\x0dF\x19\xe5\xb1\x88~vv\
1\xa8\xb5R\xfdr\x11\xbd\xd6\xb5\xbe\xf2U\xcb\xf5\x19\
Y\x11_v#\xb5\x89\xac\x10\xea\xa1\xfa\x80\x11\xb2\x10\
\xe9`\xa9l\x01\x08\xfd\xa1\x03\xf6\xb0Q*\x04\xa9)\
\xd5\xec\xba<\x8a\x95A\x0f\xd3\xe0\xe8u\xca\xa8\x9c\x11\
F\x0b\x0b\x10;\x09\xf6B}u\xe2\xbcu\xf7Qj\
\xe8\xc3\x04.B\x81\xcbY\xa1Pa\xe7\xf4R\xcaY\
\xf9\xd4\x16\x16 \xa6\xa5Y\xd9\x22\xeb\x0f(\xaaU\xcd\
\x03>\xb5N\xdcP\x82\x95s\xc7c\x9f\xe4\x87\x8b\x12\
\xaaj\x93s\x9dF}\x94\xceJ\x08\xbe\xedj\x1b\x04\
\x07\xb6\xf5-?\xd5SR\xc2\xc1\x80\xa8\xd5+&\xcc\
\xea\xc7a\x99E\xf7\xe7\xa3\xf9)\xcajV\x82\x0d\x1d\
sF2\xaa\x1a\xd6\xe5\x85\xf9dr\xee\xa7\x95SC\
{\xa2\x83\xfe\x0c\xb3~D \xb0A\x80\xd0\x8eEJ\
\xa1\x88A\xb5\xc5}qE\xea\x0c\xa0\x04\xaf\xcb.K\
\x19\xeft\x1bwd\x19j^\x95\x84?T\x08\x00\xe8\
\xc9Gr\xfa\x94\x14\xf1\xc5o\x8a\x9dP\x1d\xd6\x0b\x0f\
U;\xa0\x85\x99o\x87\xb2\xfa\xa8\x18K\x97\x95\xff\x00\
Z\x8f/V\xfdNw\x07\xe1\x05:\x8cj\x91\xaa\x06\
\xc6\xb7\xdf\x07F#\x0eO\xb1\x0bX~\x8eQ\x8d\xd0\
\x86\xa1\xacaPB\xe8pBI\xee\x0d\xc1_\xf2;\
\xac\xd6\x08D\x22\x8c\xf0\xe0\x82\x1f\xa6\x8d\x80B\xa0\xfa\
\xe3V\x17\xc6\xa9\x84\x14\x95\x22w\x0e<\x93\xb8\xc1\xb8\
w\xf6L#3\xdcn=\x93\x04`\x8b\x8b\x89\xd4 \
\x82\x80\xd6UE@\x0b\xa1u\x85\x82\x8b\xed\xe2\xc0\x86\
v\xe7r6\x11`9\xee\x8e\x8a\x11\xccn\xf1\x87\x9c\
\x10y\x19\xe7\xedP\xe7\xf1\xa7\xf5\x0e\xd0yh\xe6\x80\
lg\x83\x184\xe4\x80\xa2\xd2\xdf\xad\xdfp\x15\xc3\x82\
\x99\xb0\x10L\x06\xb7#\x08\xeb\x9a\x0f\xcd\x06x\xa9*\
-pb\x8cn\xc4,\xd1p\xa8\xb7=\x93Y{\x1e\
V\xc2\x06h\xb5{\xbdV~\xd6\xe0\x8e\xdd \x84\xe6\
\xd0\xd3 \x5c\xe3\xac\x15\x07lA\x8fF\x92\x13\xc5\xe3\
\xbb\x84\x9d\x7f\x92\x04%\x1c\xa7\xa2\xa0\xf9w\x1aty\
\xe3\x8cN\xf0\xbf\xac_\xff\x00\xa0\xe2Ys\xde\xd0\x98\
Ra\xf29K\xa1\xc4 \x8a3\xb5H\x8e\x0a\x8c\x06\
0xc\xa6\xce\xacL=\x96\xb5\x8da\x10\x82\xa5\x0d\
c5I\xfb\xa7\xe8Q\x8f\x0fvA\xf2!\xb4\x17\xad\
\xdc\x91A\x05J\x16'\xb0\x85\xadc[6\xb3A\x87\
eI\xbd\x15.\xe8:\x0cj\xa1\xdc)q\xde\x86^\
Q\xdd&F*m?db\x11\xfc\x19G\x08\xd6T\
\xa2;p\xdf\xe9\xc5\x14\x5c\x02g2\x0ey\xc5\xbae\
\x14\xc3\x8c\xfa\x09wP\x19}\xa9 \x8cx&F(\
0\xc2\xaa\x0e{\xf2\xd1T`1,q\x18\xf1\xcfz\
o\xf4|>\xedf\x87\xf5i\x92#\x8e{\xfd\x11\x04\
`e\xd9\x18\xd4U\x07\xdf\x0f\xbe\xca\x037eG\xca\
\x04.\xf1L)ofM\xc4\x14aw;E\x91\xae\
&\xa1b\x08\xc7\xbdE\xac@fu\x1eH\x86\xcf\x0e\
\xbe\x10v\xc8\x83\xc7\x5c\xd0\x11\x80\xcf\xd5R\x04\xa3\xdd\
i\x93\x1a'\x016\xcc\xe4\x15\x22\x00\xe9\xaej\x90\x01\
\x1d\xfe\x22\xa9\x17\x93b\xff\x003\xfa*\x07\xd3]V\
?k\x14\x22\xa6Q\xfciE\x8e\xb4_\x92\x80\x1d\xf7\
\xe3\xed\xe8\xa3\xe6\x1dy\xe5<\xcd\x0en}\xfd\x94w\
\x01\xaeH\x16\xa4p\x1b\xa1\x0c`\xeb\x1c\xe0\x87G\xf7\
eE\xd0n\xbf\x08\xb5\x11\x1ca'\x0cu\x1c\xa1Q\
eK\xc2\x0c\xa2\x13\x8dq\xf0\x8b\x81\x96\x99\x12\x0dA\
\xc2\xa2\xc7\x97\xda\x07\x93\x9ft\x08l\xf5\xdah0\xdf\
\x8f~\x88\xb0T\x81\x06\xe8A\x00P\x03\x92+\x0d\xe3\
\xd1k\xd3\xd1R\x81l{\xe5\xe7|\xd1%\xf1p\x07\
\xa0\xf4\xe6\xd1T!'\xfaT\x5c\x9c0\xeb/(4\
c\xfe\xb5\xd3.\x087\x04X\xf0>Pq\xd3\xdd\xd0\
s\xbbC\xca\xa2\xce\xfd\x07\x154\x0ce\xee\x8c\x939\
\x0f?>p\xde\x81\xa4\xd2\x948\xbcA\x06\x04G'\
\xcc\x82@v\xc5\x87v\x1c\xfc #\x13\x01\x96q\xe3\
\xbbz\xa0?\xab@\x0cc\xc0a\xa7\x90g\x99\xc5\xf5\
\xec\x8c\xcf\xca\x0f\xc4\xfa*\x1d\xdct9/\xae\x1fH\
\xb0\x1d\xca\x10\xd7\x19F3R\x1a\xf4S\x12\xe1\x97\xe5\
\xcc\x04\x90}v;\xd5(\x0c%\xbfY`\xbf\xd7\x19\
\xeb\x8a$c\x02\xcd\xe7\xbcw#\x06\xc7ve\x17i\
\xebN\xa90\x14G<O9wT\x81\x13\xc7\xb6\xf1\
\xdf\x94f\xce\x01p\xec\x87\xf6\xa3\xd3\xddR\x96\xb3\xe8\
\x84\x0e\xb5\x87r\x84\x10F>\xc9\x8fc\xaeJ\x8c\x11\
c\x0c\xb1\x8ej\x90}\xd8t_\xe8a\x16\x87h'\
\x03'\xd7\xaa%\xba\xfa\x94\xef\xd7\xc8\x08\x00\x82\x96\xb7\
#\xaf\x9a\xa9En\xa8\x7f\x9e\xf0F/-jh\xb3\
\x22\xe3z\x9a0<5\xccI7G~?j{\xa1\
\xf1\xdf\xe5\x98\x1cKR\x96LA\xc7\x15I\xa8\x9d\xde\
\x01\x12\x94I\xcd\x12\xf8\xc6\x1c\xa4[y\xe0\xc8\x91I\
\xc7!\xbb3\xd3&E\xe94\xc3\x8eb|\xdd\xb7d\
\xa63\x87\xa7\xaa\xa7!<$\xed\xe3'_\xc8\xc06\
\x11\x9e\xe1\xc0\xf9E\xf73\xc8\x01\xbf\x8fS\x82\x80-\
\xd0\xe3&\xdf\x86\xe5N\x10\x0c\xde\x0b\x1e\xed\x9b\xe3>\
\xca\x99,1\xf1\xc7\x94\x95(M\xbe5\xb93\xf0\xd7\
o%\x06|\x11\xfd\x18\xd6]\xb4\xdfI\x80f\x94\xf7\
\x9d\xe8G4>9b\x8b\x0c\x91S\xac\x9f\x85H\xb1\
\xc1\x16\xd6\xb56w\xcb^\xbc\xd4u\xafd}\xd0\x82\
\x80\x0b\x5c\x97\xaa\x81\xdf\xdf\xa21D\x9ej((6\
]\xe4\xa4\x8d\xd1\x89E\xd0t\x11j\xf5\xca_\xb0\x17\
;\x14\xbfP\x0f\xf2\x88x\xf6>DGFD\x0ec\
L\x07\xb2\xa4\x22\xf8\xe5\xef e\xbdR\x01\xf7\x8c\x9f\
\xe3\x8a\x05\xf1\x84\xb5\xd9\x08\xaduc\xe1\xe15;\xa1\
$\x14\x10{RA\x04\x10\x85E\xb5\xa9\x22\xda\xd6?\
:\xf3V3\xe3\xafiN\x0c2\xc6g=\xf9A\x82\
\x13\xf6<\xe1\x84y'\x7f/\xc7\xde+Z\xf7Ny\
}\xa1`~\x87\xf3\xd1\x16A\xc0\xeb\xd3]\x8a\x0c>\
\xbd\xf4\xca<\x1bZ\x92\x86\xed:\x10=\xfd\xf1\xe0\xa8\
\x8cCCY\xa0:\x0di\xd0\xf7F\x06e\xe7\xe1\x07\
\xe3\xf7\xea\x8b7\x8db\xa5\xc0p\xf1$\x10T\x99R\
\x8f\xca\xc2\x5c\xd5\x19\x82`\xde[\x99\x9bAP\xa5\xfd\
pp3\xe2\x1c\xc6\x0e\xd9H(\x83\xb9\x9b\xd4k5\
Fd\xe1.\x0c[\x09\x80\x1d\x06\x1b\x99\xbaOPQ\
\xc8\xc7\xb8\x8fe\xff\x00!\xe1\xbfN\xe8\x00\xf9\xbe_\
\x1b\xe2\xb1\x9cc\xde\x1a\x92r\xe1\xa3\xd3\x98\xcb#\x10\
\xa6#.\xd9)\xb6\xa6\x8c\xa0\x8c2\xd6\xb0@\x87\xe4\
\x86\x0c\x82bQ\x03Z\xe6\x88\x07\x7f\xbf\xca\x89\x96\xa0\
\x9cC\x8e8@tL\xda|\xfbt\x82\x1f\xe8\xcf.\
\x19\xf3w\xcd\x08\xfaE\x01\xb9\xa3\x0e\xac\xfcC\xf6h\
R\xd6\xe5E\xdb\xa1\xe2\x9b\x18K[\xbbEQg\x9f\
p\xd19G\xd9\x17\x0a\x86\xe2|b|pC\xe1\x7f\
\x1cNQ\xed\xae\xea\x89\x86\xbc\xf2X\xcbS\xc6\x0e#\
\x82\xcb\xbf\xc4\x8e\xff\x00\xcf\x979n~\xfd\x94\xf9\xe7\
<p\xf9\xc9\x0a]\x1dG\xd5k\xac#?\xb4a\xb8\
\xeb5H7\x04!\xcd\x02\xdc\xd0p'\x91%\xbd\x1f\
\xc0l\x07\x14$\x88r\xa9ER\x1d\xd4\xb5\x91Xn\
\xae\x98nO\xd1Sf\xce\x1f\x08;\xaa\x05\xda\x01\xfb\
nX\xa9&\x02\xb1Pe4\x19\xd6f\xa2\x8b\x22\x88\
p\x84u\x98PR\xe5\xe9\xf1\xc9\x7f\x19\xe4s\x93\xff\
\x00\x95\x03\x96\x99G\xa7c\x16\xe4\x89==\x93\xf4*\
\x88'Z\x92-\xd7\xb3\x98tQ\xe7\xa1\xd9\x12An\
\xdc\x19L\xa2\xa2\x87(O[\xd3\x8c\xcb\xc5\xe6d;\
`\x17\xfc\x8c[\xc8\x97\x17\x18\xaaNDq8\xca\x1a\
r\xa9\xb8\xc4c/8\xc32\xb0\xd3K\xdb3\x08\xa1\
,\xd8\x1c\xc4\x1d\x02\xfa\xcd\xbdS\x93\xd3\xef\x923,\
5\xb9Gv\xee\xeaZx\xcb/L\xdb\xe7\x8e\xbe\x16\
2\xd6Z\x08G\xf1A\x7f\xd5\x88qB\x0a\x06\x03{\
\x98\x9e\x10}\xf0d{?\x90{\xa0\xfd\xbc\x95\xef\xea\
\xa7\xca\xb0\xee\xa5\x94O\x9a\x8f\xfa\x86\x07\xd9\x83\xc5\x95\
3\xd9\xe5\x88\xa22\x84c\x9e\x0dO\xfeb8\xbb\x88\
\xef<\xd0\x03\xf9 #\x00e#\x16\xdc;*@Q\
\xc8G\x83\x93\xe1\xb9\xa6L\x88\x04\xaaLwDi\xb7\
\x84}\x15%\x11\x98\x92\x87\x15H\x7fm`\xbf\x93\xa5\
^\xab\xd6\xcc\xc2\xf2\xb1R\x01\x7f\xeb\xdc\xda\x08V#\
\xad\xe8\xa3`\xd7\x1a\x8ds\x08\xb1\xdc\xc3\xc6\x86k\xf9\
\x0b\x1dM\xd0\xe7\x9fj\xc8\xfe\xba\xc5Qz9\xbe\xb5\
#P\xc7\x0fm\x047|pXgY\x8a\xc7\x14\x14\
\xff\x00\x04d\x8b\x9d\xdd\xf9\xa7\x07\xd7\xe9\x13\x1c\xb1\xe7\
\x82,\xda;\xfc*/O\x11\xadsQ3\xef'\xc7\
\x8c\x10\xfe\xad\x06>\xb9\xf2\x12F\x13\x22\x0d\xbeY\xe2\
ry\x98\xa2\xee\xf2p\xe5\xe7\xe3\xaev=*\xf0\x8f\
\xa5T\x7f\xb1<%\xc5\xf5\x14\xf4Hg\x11\xc3#\x9f\
!\x08\xbe\x0a\x01\x7f\xc9\xf5\x1a\xd4PqG[\x94\x8d\
T\x88\xe9\xe4*N8?\xb7\xb6\xe4\xe7\x8f\xc0\x1e\xab\
\xf8\xdcE\xc9\x18d\x1az}\xdf\xc6\x06\xb7{\xaa-\
\xc1Q\x0ea\x97p\xbf\x91\xa8\xe0\x03\xb9>\xbe\xbeS\
\x81\xbd\xbc\x1f\x09\xd0@\xcfY\xeb\x0bR\xc1L#\x0c\
\x99\x19n_\xe4\xf6\xea\xa9\x0eQL(\xf3\xf7\x0b]\
\xeb5\x14j7\x93Z\xfb\xf4\xae\x90\x1dU7\xeb\xe5\
1\x03/h*=\x93G\xb2/Q\xd7U\xeb\xecQ\
\xc1\x00\xe6\xa9\x8e+\xca\x0aU\x8d\xb4n\xd4u\xc2\x08\
\xe8C\xc69\xa2Ce\xbd\xf3\xa8\x10u\x17\x7f\x08\xc0\
\xb4\x8b\xfcO\x0c:\xaaLF\xe7\xd3\xaaND\xc6\xb8\
o\xf6\xae%P \x954\x11E\x15K]\x10\x13\x10\
\x1c2\xc7\x14\x0bp\xf9D\xc30\xdcq\xaa\x91\x81\xed\
\xcd\x12\x8db<\xbd\x91\xb5\xea\xbdW\xaa=\xd1E\x15\
0\xa4\x80\x08 \x82\xa4h\x8e>\x17\xf2\x13\xd3\xda\xe8\
\xd4Q\xa8\xd7\xae\xd5k\xee\x5c\x1e\xe0\xf7\xaaud}\
\x16\xef(V\x10\x1bP\xb0\x14\xd4\xd1h\x22\xcd\xe9\x9a\
\xa2?\xd1\xcf1\xc8\xea\x08;\x86\x8c\xc6\x8a-\x0cb\
\xe4K$G\x0dA\x06B\xc1\xb4N\xb9U\x10\xf5b\
\xa5*\xca(\xa3h\xd6l\x98\xd52I\xebPz'\
\xb7\xc2\x0c\xbc\xdf\x9a\x8d\x89\xda5\x14k\x18)k*\
\xbc\xaf61\xec\x82\x1bV\x088P\x18\x8f(\xbe\x1d\
W\x0eJcZ(*3\xb6Q\xa8\xda\x15\x9b\xf2\x8d\
\xd9\xa8\xa2\x8df\xfcZ(\xd8/rQF\xd9G`\
\x87\xd5Y\xa3^\xa2\x8f\xeaR\x9fJ\x8a(\xde\xff\x00\
\xff\xd9\
"

qt_resource_name = b"\
\x00\x07\
\x0b\x0b+g\
\x00t\
\x00i\x00t\x00l\x00e\x00b\x00g\
\x00\x0f\
\x04)z\x87\
\x00s\
\x00c\x00r\x00o\x00l\x00l\x00_\x00d\x00o\x00w\x00n\x00.\x00p\x00n\x00g\
\x00\x05\
\x00O\xa6S\
\x00I\
\x00c\x00o\x00n\x00s\
\x00\x0f\
\x05\xf6\xa6g\
\x00i\
\x00m\x00p\x00o\x00r\x00t\x00T\x00i\x00t\x00l\x00e\x00.\x00j\x00p\x00g\
"

qt_resource_struct = b"\
\x00\x00\x00\x00\x00\x02\x00\x00\x00\x01\x00\x00\x00\x01\
\x00\x00\x00\x00\x00\x00\x00\x00\
\x00\x00\x00\x00\x00\x02\x00\x00\x00\x02\x00\x00\x00\x02\
\x00\x00\x00\x00\x00\x00\x00\x00\
\x00\x00\x008\x00\x02\x00\x00\x00\x01\x00\x00\x00\x04\
\x00\x00\x00\x00\x00\x00\x00\x00\
\x00\x00\x00\x14\x00\x00\x00\x00\x00\x01\x00\x00\x00\x00\
\x00\x00\x01\x93Dd5X\
\x00\x00\x00H\x00\x00\x00\x00\x00\x01\x00\x00[\xff\
\x00\x00\x01\x93Dd5U\
"

def qInitResources():
    QtCore.qRegisterResourceData(0x03, qt_resource_struct, qt_resource_name, qt_resource_data)

def qCleanupResources():
    QtCore.qUnregisterResourceData(0x03, qt_resource_struct, qt_resource_name, qt_resource_data)

qInitResources()
